Element	logFC	pval	fdr	bonferroni
9-Sep_wgs	-0.0394913609436046	0.619904543869733	0.830472412358427	1
ABCB5_wgs	-0.158413202776203	0.121568912589006	0.383901829228441	1
ABHD2_ssc	-0.037153941818361	0.70181791744152	0.880338022253863	1
ABL2_wgs	-0.186641257028667	0.538804989299299	0.778226622271284	1
AC010536.1_wgs	0.0997477635502929	0.19259027037094	0.479485488457972	1
AC010547.9_wgs	-0.0835093868597632	0.236423504371675	0.531947282744653	1
ACAD11_ssc	0.375696908708548	0.023329863019359	0.167205399368528	1
AGFG2_wgs	0.00888741457858008	0.884315689564497	0.955875789665109	1
AGO4_wgs	-0.0505126966601549	0.543488159851597	0.780984163744344	1
AKAP10_wgs	-0.449225594599007	0.142518307114122	0.413325676733506	1
AKR1B1_ssc	0.157431917101841	0.0234662003668645	0.167589603362955	1
AKR1C1_wgs	-0.0161414229815877	0.84622921998049	0.939561670993733	1
AL117190.3_wgs	0.0231269934124037	0.732211492986334	0.893351375258887	1
ALDH3A2_ssc	-0.556956720274492	0.0138273750218144	0.126837575388072	1
ALG14_wgs	-0.306789786303591	0.00157912260659598	0.0336022601171005	1
ALX4.1_wgs	-0.209702050450885	0.00022660312301104	0.0101142369539074	0.829367430220405
ALX4_wgs	0.0793283425937548	0.304765959343242	0.59777246044816	1
AMPD2_wgs	0.171375421576099	0.387752193134883	0.664245003455608	1
AMZ1.1_wgs	0.0918902768203769	0.250630894666563	0.548301897477358	1
AMZ1_wgs	0.0783823034538867	0.456127294174854	0.722169140144616	1
ANGPTL4_wgs	-0.174872019704837	0.0388656501244839	0.215160836113544	1
ANO8_wgs	-0.000981645301781999	0.980954520244806	0.992392355177214	1
ANTXR2_wgs	-0.00822609857187998	0.977391320367231	0.991036952717862	1
AP3S2_wgs	0.0762630557062713	0.122534349481914	0.386283995782777	1
APOBEC3C_wgs	-0.122749855104911	0.0447111370527291	0.228870995262921	1
ARFGAP2_wgs	-0.0975594640794528	0.331691144756605	0.622427595071146	1
ARHGEF12_wgs	-0.147472447009227	0.287812999786962	0.58166514589745	1
ARL3_wgs	0.0285442471538514	0.813440375875997	0.929397653748858	1
ARPC4_wgs	-0.165324756986981	0.453371390690137	0.719886893677181	1
ASPH_wgs	0.156493377200083	0.335910297565859	0.623444061405195	1
ATP2B2_wgs	0.0976594081686775	0.0117926873848278	0.115404373872914	1
ATP6V1A_wgs	-0.0714662105025834	0.464250841596153	0.727379315172055	1
ATP8B4_wgs	0.209583526939007	0.457217120906719	0.722342871507248	1
ATP9A_wgs	0.184040824586687	0.422814534518655	0.693120517373737	1
ATXN7L3_wgs	0.155843894090237	0.00115846519173413	0.0283141997678432	1
BAG2_wgs	-0.0422086606162871	0.569341933507529	0.797715269287199	1
BARX1_wgs	-0.0245027293756427	0.758315612772557	0.906398004403686	1
BAZ1B_wgs	0.621680629630195	0.0760470300473369	0.299932596354562	1
BAZ2A_wgs	-0.060888899349617	0.767904639889592	0.907225497048441	1
BCAS1_wgs	0.401234285502487	0.143645338472381	0.414950227947051	1
BCL2_wgs	0.1653504293654	0.230153881408576	0.526397606366984	1
BEND7_wgs	0.244928861385717	0.0130287641490853	0.122269940476031	1
BMP3_wgs	0.492475726002942	0.0149322033148081	0.132650155660674	1
BRD1_wgs	0.0677248731061495	0.603065595266994	0.820222994677517	1
BRI3_ssc	-0.136554691403538	0.0145479071506242	0.130721541336379	1
BRI3_wgs	-0.211732663548201	0.00507175214577518	0.0690059957380563	1
BTBD6_wgs	-0.123053375538344	0.173579242663537	0.452807711763396	1
C10orf54_wgs	0.111987559810748	0.0297863977127617	0.189142792097862	1
C10orf71_wgs	0.0856766403510173	0.138155035573525	0.408370267203922	1
C11orf45_wgs	0.0223187395570727	0.757522129340203	0.906365119327393	1
C11orf68_wgs	0.0542475417986239	0.397973887862305	0.674059200774119	1
C16orf54_wgs	-0.060884704202255	0.345820095589961	0.628466654547885	1
C17orf102_wgs	-0.0641553062047084	0.456629533529977	0.722169140144616	1
C19orf44.1_ssc	-0.0343896840318351	0.447479076553671	0.715184899644732	1
C19orf44_ssc	0.137288640070405	0.0779132084237241	0.302066990340391	1
C1orf116_ssc	-0.138385981963894	0.144456738324492	0.415169673597199	1
C1orf116_wgs	-0.047919325555193	0.730205278293173	0.89285965612949	1
C1orf233_wgs	-0.0598352806485325	0.152208892283086	0.42590561602148	1
C21orf33_wgs	0.0298352929138205	0.689941535884344	0.874371891044564	1
C21orf37_wgs	-0.137760307415514	0.16170218877875	0.437420555011252	1
C21orf49_wgs	0.0156424022004018	0.844694121544329	0.939561670993733	1
C22orf34_wgs	-0.1539418453949	0.0896452085296176	0.327120102909671	1
C2CD4A_wgs	0.000272764296048719	0.997699241795572	0.99858893979487	1
C2orf68_wgs	-0.359365440045056	0.232309592343604	0.52876437063283	1
C2orf88_wgs	0.0767197631477642	0.773325008405409	0.91079371217982	1
C3orf52_wgs	0.316505420746907	0.00458686653398098	0.0648182683952524	1
C4orf22_wgs	0.0371108876734313	0.538668736821191	0.778226622271284	1
C5orf28_wgs	0.00166867664978207	0.997400944287383	0.99858893979487	1
C9orf139_wgs	-0.0336300795325411	0.657151148726032	0.853806604308583	1
CACNA2D3_ssc	0.102021946452428	0.267412773609267	0.564024715417117	1
CACNG8_wgs	0.160156724199896	0.407463108584578	0.682778638409163	1
CCDC90B_wgs	0.047724744293498	0.731850189573082	0.893351375258887	1
CCNT1_wgs	0.0460866224943282	0.830199161963199	0.935980208530786	1
CD7_wgs	0.104384511806026	0.134949094015747	0.404874549447496	1
CD96_wgs	-0.285447159225181	0.473161454485807	0.734880572614882	1
CDC42EP4_wgs	0.0429364233171644	0.429098235351857	0.69864257190992	1
CDH5_wgs	-0.0572924715603154	0.512393296759818	0.759652514643249	1
CDS2_wgs	0.16097596186228	0.444601126937469	0.712940435572274	1
CDYL2.1_wgs	-0.19494147166955	0.0144674291217541	0.130420666467044	1
CDYL2_wgs	-0.0477997799890961	0.648393881492063	0.847846233033566	1
CELF6_asc	-0.107871679480791	0.34597891334588	0.628466654547885	1
CENPN.1_wgs	0.217380094685364	0.0233447975621087	0.167205399368528	1
CHD5_wgs	-0.0176220285944902	0.938509942881177	0.973624260471969	1
CLIP2_wgs	-0.196428185020289	0.0832427105190327	0.312657393843609	1
CMTR1_wgs	-0.0752040866941941	0.275114712346739	0.570492831268591	1
CNGB1_wgs	-0.502545844950803	0.000206695810854713	0.00933958849047222	0.75650666772825
CNKSR3_wgs	0.160369146829318	0.0260373559029848	0.176685262575351	1
CNNM2_wgs	0.0132964942161926	0.81365038840051	0.929397653748858	1
CNTF_wgs	-0.203140698175882	0.0484814105083699	0.234696830539734	1
CNTLN_wgs	-0.154519060366732	0.0770235738819888	0.300860491364012	1
COCH_ssc	0.235751253757094	0.120767649441136	0.382361243040274	1
CPEB4_wgs	0.210776356551508	0.451472726451402	0.718240609019004	1
CRTC1_wgs	0.0304250997320125	0.703138409915329	0.880338022253863	1
CSK_wgs	-0.0234995050020037	0.635934375844012	0.840259861223496	1
CTD-2132N18.3_wgs	0.206258975591503	0.226669589941973	0.523083669096861	1
CUX1_wgs	0.0561804385294974	0.441940845269744	0.71064508704107	1
DACT2_wgs	0.0532644264646511	0.207426853929542	0.500779871624092	1
DCAF4_wgs	0.169542784892341	0.00612734198109932	0.0773312815545639	1
DCTN5_ssc	0.0729560099935269	0.270003706303831	0.565731577700247	1
DHRS7B_wgs	-0.0160998881924399	0.830783386374806	0.935980208530786	1
DIDO1_wgs	0.152926554754639	0.391496020874056	0.666296081680002	1
DNAJC10.1_wgs	-0.805945223280663	0.00131833457615153	0.0303241225727377	1
DNAJC8_wgs	-0.236897149132706	0.0389430719921154	0.215160836113544	1
DNM3_wgs	-0.438625328037077	0.1401089843369	0.41204052573	1
DPY19L3_wgs	0.187371191837106	0.0218463275360627	0.162929393045865	1
DSE_wgs	-0.218215784553898	0.150280011157691	0.423437798151766	1
DSTYK_wgs	-0.0220627034732965	0.922373207839228	0.969524968607575	1
ECE2_wgs	-0.0810126881874537	0.415460197992176	0.688670436889204	1
ELOVL6.1_wgs	-0.120680418125169	0.430616491522797	0.699847406293711	1
ELOVL6_wgs	-0.170494852554758	0.540366801184119	0.779088148754825	1
EMILIN2_wgs	0.0191135879153458	0.90199050356801	0.962720550357414	1
EPB41L1_wgs	0.0802187845674235	0.262194173372085	0.560243689777535	1
EPM2AIP1_wgs	-0.185643289678737	0.0669377917287949	0.278595903873558	1
EPX_wgs	0.108284281751779	0.166611002753998	0.443660374413926	1
ERICH1_wgs	0.0186602816173854	0.819866934422736	0.931319981374057	1
ETF1_wgs	0.0835637367438636	0.571558158389714	0.798873859511458	1
ETV3_wgs	0.0504002493693486	0.83831737786758	0.936562384792864	1
F2RL3_wgs	-0.0454870377866395	0.681018903469996	0.871130717061646	1
FAM101B_wgs	-0.201837396557553	0.00747221882498877	0.0882203899982545	1
FAM127A_ssc	-0.0771833137992226	0.306475408379992	0.599839569342657	1
FAM83F_wgs	-0.294492677342176	0.0065210553294205	0.081180484713194	1
FANCC_wgs	-0.190283535399463	0.211061493012505	0.50478099392894	1
FANCM_wgs	-0.0151134426483521	0.81265022740231	0.929397653748858	1
FARP2_wgs	0.00201361887112365	0.97211092791511	0.990164931152945	1
FAXC_wgs	-0.393687883549814	6.24435964643274e-07	0.00020776687550858	0.00228543563059438
FBXO31_wgs	-0.121222115598304	0.0697626226548003	0.284333183648741	1
FIGN_wgs	0.0854267183880876	0.451825288231901	0.718366878770095	1
FKTN_wgs	0.0112702518964299	0.915056970264034	0.966553682876295	1
FLI1_wgs	1.02530347063491	0.00862481690751246	0.0956570602469564	1
FLJ14816_wgs	0.321945650563434	0.0113760353983993	0.114072026186689	1
FLVCR1_wgs	-0.281196578866677	0.224410809489198	0.519837697930673	1
FNBP1L_wgs	0.622380920972799	0.0358312148137639	0.204349270244309	1
FOSL2_wgs	0.0461321181652806	0.592010704980889	0.812650164872124	1
FRAS1_wgs	-0.0187777375451287	0.906958100635391	0.964605845382108	1
FRK.1_wgs	-0.0445224569860344	0.628613549163773	0.836199720927263	1
FST_wgs	-0.101433465360161	0.227951724315646	0.524059868715619	1
FTO_wgs	-0.0505848032762796	0.330208757382937	0.620968913175617	1
FXYD3_wgs	-0.0406038991924727	0.356703788056961	0.637780099798963	1
GABPB2_wgs	-0.0920142344965506	0.720531038620138	0.887686467725514	1
GALNT11_wgs	0.114672956404081	0.313873031933729	0.606458329991088	1
GET4_wgs	-0.038637149260087	0.612477596702358	0.825660406604284	1
GFOD1_wgs	0.176437671110419	0.0204609120785512	0.158995622521226	1
GJA3_wgs	0.322067464261598	0.22772373103523	0.523864774097388	1
GLCCI1_wgs	-0.244900476417791	0.461193855784228	0.725270507076048	1
GLYAT_wgs	-0.549358849311509	0.00704072492209175	0.0850673167260511	1
GMPS_wgs	0.00509442772582182	0.953380897156217	0.983732610841414	1
GNB1L_wgs	0.226133770417132	0.219254747589217	0.51280369076923	1
GNB4_wgs	-0.207244367983233	0.0942829437632794	0.337265202131761	1
GPR132_wgs	0.0149558738344063	0.845481679605589	0.939561670993733	1
GPR88_wgs	0.0453173070338571	0.735041143586429	0.894966072270116	1
GRAMD2_ssc	-0.326771078619895	3.51343387218733e-06	0.000720083694560803	0.0128591679722056
GRK4_wgs	-0.341153129123602	0.00196001843762783	0.0377561446406202	1
GRM6_wgs	0.203484261569113	0.318146858611098	0.610271938194962	1
GSG1L_wgs	-0.156396223333971	0.0466140763165666	0.233318286149472	1
GSKIP_wgs	-0.139314326116007	0.495280000447826	0.751264491848074	1
GSPT1_wgs	0.107144396013339	0.0867768577913144	0.321786524332534	1
GSTA1_ssc	-0.507096132340853	0.00795076050636826	0.0912218917031593	1
GSTA2_wgs	0.200592975834732	0.430265442427173	0.699765427189462	1
GTF2H1_wgs	0.223431211220596	0.0402121638975786	0.216754815707125	1
GTPBP2_wgs	-0.205923338815485	0.10814360078979	0.362127702553185	1
GTPBP6_ssc	0.0727759330592149	0.45084662741459	0.717978296383047	1
GXYLT1.1_wgs	0.0536979003600774	0.295911553520446	0.590095239956076	1
HAP1_wgs	0.141674965141538	0.0334215709798689	0.198642043311446	1
HDGFRP3_wgs	-0.0458643381859013	0.914901852886842	0.966553682876295	1
HECA_wgs	-0.0164490203987061	0.931973289616692	0.972632517820671	1
HELLS_wgs	-0.166433145274891	0.0401163076399321	0.216754815707125	1
HERC3_wgs	-0.238079418055461	0.569975960207732	0.797715269287199	1
HHAT_wgs	-0.140038983066604	0.113104308643643	0.37327481482032	1
HIST1H2BJ_wgs	0.0936275041132157	0.494930639911337	0.751264491848074	1
HIST1H2BN_wgs	0.260873109868162	0.0178541500667094	0.147508327864913	1
HK2_wgs	0.0210171773004464	0.828777811956882	0.935634420654593	1
HLF_wgs	-0.201401285921298	0.0701687174917391	0.285670195795067	1
HNRNPUL1_wgs	0.156591059422037	0.34018263308182	0.625348285825947	1
HOXC11_wgs	-0.356173189491669	0.103704734420215	0.353736559159353	1
HS3ST1_wgs	0.0618420569154636	0.681031881328668	0.871130717061646	1
ICMT_wgs	-0.250944609776363	0.118001151620219	0.379136598701892	1
ICOSLG_wgs	-0.0747487062538125	0.280499257423904	0.575786473455687	1
IDE_wgs	0.0504224153778286	0.523225780005308	0.76846161910892	1
IFNLR1_wgs	0.24705889935681	0.000142378608424084	0.00744436724045926	0.521105706832148
IGF1_wgs	0.103127558951531	0.04929921201229	0.23589946213135	1
IGFBP4_wgs	0.0198937631881428	0.837811798016602	0.936562384792864	1
IKBKB_wgs	-0.260494320264495	0.000783850421383771	0.0217340344110955	1
IL10_wgs	-0.370176094503459	0.256921063712045	0.555751237107614	1
IL17A_wgs	0.116493260671735	0.443141667010036	0.711671128239023	1
IL17RA_wgs	-0.428674055185887	0.068532976089112	0.281200327899271	1
IL20RB_wgs	-0.119438286457081	0.0992012716246144	0.344632309474048	1
INHBA_wgs	-0.0723805806548489	0.542073227109673	0.779960260811826	1
INO80C_wgs	-0.180160687792278	0.324244567547114	0.616485775180487	1
INPP4A_wgs	-0.0637356057827544	0.0761415056887389	0.299932596354562	1
INPP5F_wgs	-0.373126650367819	0.00565777988241407	0.073955265605841	1
INSL4_wgs	-0.00827645345125185	0.926873068320908	0.970944309732154	1
IP6K1_wgs	-0.067030936041075	0.15687095213741	0.432014811755394	1
IRGQ.1_wgs	-0.520709724620074	0.0667003664102824	0.278571719745178	1
IRGQ_wgs	0.0899197377716662	0.109517876615881	0.364727414389558	1
IRS1_wgs	-0.0258550482186504	0.628016263129978	0.836090203904081	1
ITGA9_wgs	0.115502397841809	0.267687927442659	0.564024715417117	1
ITGAV_wgs	-0.300999734461342	0.359910877941443	0.641946302761053	1
KCNC4_ssc	0.0556196209338295	0.41859011273247	0.691353706047311	1
KCNJ12_wgs	0.028919800273432	0.740783657463817	0.897176765823154	1
KCNK3_wgs	0.141714534459489	0.101484074028118	0.349418354602929	1
KCNMA1.1_wgs	-0.0143811247780051	0.758465358461798	0.906398004403686	1
KCNS1_wgs	-0.0283220010641476	0.824423563509787	0.933260324478713	1
KCTD20_wgs	0.554904261997382	0.0726391219494942	0.291512265718365	1
KIAA0226_ssc	0.106048731929774	0.0207946581665587	0.159769650195072	1
KIAA0247_wgs	-0.145627768355773	0.0485207382394735	0.234696830539734	1
KIAA0319L_wgs	-0.0669379694245958	0.437195369446749	0.704905309328238	1
KIAA0930_wgs	0.178867808907299	0.362896491904898	0.645070986096127	1
KIAA1377_wgs	-0.175643565431091	0.162236734661154	0.438218781446364	1
KIAA1456_wgs	-0.422490685098561	0.00704245818797636	0.0850673167260511	1
KIAA1751.1_ssc	0.00970796957340389	0.849800473475568	0.940795442504712	1
KIAA1751.2_ssc	0.0109894781110277	0.805666518476901	0.926402594290121	1
KIAA1751.3_ssc	0.0305577902002812	0.529416341381002	0.772901399862173	1
KIAA1751_ssc	-0.0070352832417965	0.883463265812582	0.955872823517991	1
KIAA1755_wgs	-0.000778841055197752	0.993156685164767	0.996970232502207	1
KIT_wgs	0.114634355820037	0.303859305840668	0.596953869767496	1
KLHL3_wgs	0.190504520130226	0.119802706835246	0.381519025837897	1
KNCN_ssc	-0.0409200170705162	0.493451449638634	0.750335750305581	1
KNDC1_wgs	-0.0206055494750955	0.744688329466777	0.900118654507398	1
L1TD1_wgs	0.205315043115508	0.17039680492782	0.449749309722196	1
LAMB3_wgs	0.119029336962795	0.237899344253878	0.532681107738667	1
LAPTM5_wgs	-0.0868805581485194	0.471623146066674	0.734527963661287	1
LASP1_wgs	-0.175962529121313	0.0117327981143915	0.115404373872914	1
LENG8.1_wgs	-0.0292312810373181	0.754503659803116	0.905998489133663	1
LENG8_wgs	0.0804143362757413	0.142429262062815	0.413325676733506	1
LGSN_wgs	0.0475561726664458	0.503758193335199	0.753475679447008	1
LHFPL2_wgs	0.0190793724437365	0.919972884851502	0.969228773332325	1
LHX3_wgs	-0.164404412547829	0.0137273181312691	0.12655411677694	1
LILRA6_wgs	-0.214971856512695	0.0274567818433449	0.182183665310401	1
LIN7C_wgs	0.220648153743578	0.501401779052598	0.752444076316066	1
LMX1B_wgs	0.266193836612073	0.00167197072741494	0.0346886695696189	1
LONP2_wgs	-0.311612395582467	1.70821638346181e-05	0.00192752700725215	0.0625207196347021
LPGAT1_wgs	-0.255378087747134	0.000502647445917679	0.0164258004648099	1
LPXN_wgs	-0.173460891405285	0.470327292717102	0.733758691962743	1
LRRC15_wgs	-0.0719933187052901	0.302833027153249	0.595760860702673	1
LRRC8C_wgs	-0.245254760601035	0.299988143010757	0.59472817494361	1
LSMEM2_wgs	0.00756814490644187	0.922351544999473	0.969524968607575	1
LTN1_wgs	-0.164357132752811	0.373103292631134	0.655258181876176	1
LYRM2_wgs	0.167511309324442	0.166724675249339	0.443660374413926	1
MAK_ssc	-0.139140155133169	0.190956994617843	0.477776750703598	1
MAP1B_wgs	-0.0350745022704385	0.700585784987228	0.880338022253863	1
MAP2K3_wgs	-0.168196647714138	0.296800581081284	0.590696099378737	1
MAP4_wgs	-0.23824556314076	0.00337721040666225	0.0525982556952504	1
MAPKAP1.1_wgs	0.0478141420399842	0.502384215607113	0.752444076316066	1
MARVELD2_wgs	0.0177664072576925	0.91875728786586	0.968611429602845	1
MAVS_wgs	-0.0625387879891596	0.454973045055634	0.721803790595414	1
MCF2L_wgs	-0.0127409622211673	0.942987013090751	0.976607942250183	1
MEGF9_wgs	0.102575306656696	0.165335933501613	0.442346137877122	1
MFN2_wgs	-0.00558392255589223	0.889089237544381	0.95666176331234	1
MGAT1_wgs	-0.173699841289531	0.0816012556105245	0.308533673072851	1
MGAT3_wgs	0.0963288115580431	0.261623136564781	0.560243689777535	1
MICB_wgs	-0.0983678642567934	0.0753098465225699	0.299201467434398	1
MINK1_ssc	0.0784863473792828	0.382096489416151	0.661216619982559	1
MLXIP_wgs	-0.604396821598673	3.18009759429815e-06	0.000720083694560803	0.0116391571951312
MPV17L_wgs	0.0673302305938665	0.601386452489708	0.819229402038472	1
MRPL54_ssc	0.117398921293921	0.206682234975317	0.499971566430707	1
MTMR6_wgs	0.107100989853289	0.259761356559776	0.559526438301601	1
MTR_wgs	-0.704861849544309	0.0157333225095517	0.136454882428813	1
MUC2_ssc	-0.116042856627583	0.154036069624632	0.428072904196015	1
MUC2_wgs	-0.139336325017508	0.071447749208376	0.289268542148956	1
MYO9B_wgs	-0.0450714431236622	0.607708497328489	0.821349003036289	1
MYRF_wgs	-0.00302920126372863	0.984171476734705	0.993673822027317	1
MYT1_wgs	-0.0855349076117056	0.138243377340344	0.408370267203922	1
NFAM1_wgs	0.245835419527599	0.00390305876505475	0.0578347978951433	1
NHLRC2_wgs	-0.219712464437024	0.0352826402275676	0.202722862218049	1
NINJ2_wgs	0.23725884279815	0.238105544333459	0.532681107738667	1
NIPA1_wgs	-0.012968108833514	0.896123147395824	0.960131943638382	1
NME9_wgs	0.156037610535563	0.0952374802139859	0.338284653821464	1
NRARP_wgs	0.429891661531221	0.120335306494355	0.381652705172738	1
NSL1_wgs	-0.141002280664358	0.700646601852008	0.880338022253863	1
NT5DC3_wgs	0.120592512138166	0.0847867603657978	0.316565513556536	1
NTN1_wgs	-0.0754941287936696	0.16736289004174	0.444519722462096	1
NUDT14_ssc	0.00353347180907172	0.935555714617799	0.972919610112468	1
NUDT3_wgs	0.0559934458738751	0.116392248975814	0.377990799690753	1
NXN_wgs	-0.263054659021085	0.0156036227236069	0.135759140959882	1
OLFML2A_wgs	-0.0608748373400996	0.42135460671562	0.692495543212798	1
OR2H1_wgs	-0.122538036059646	0.160635346621707	0.437250676754159	1
ORMDL1_wgs	0.146026798629828	0.49711631877705	0.752444076316066	1
OSCAR.1_wgs	0.0306270640853851	0.337041297676757	0.624435392141353	1
OSCAR_wgs	0.0350405766800198	0.456470005389166	0.722169140144616	1
OTUB2_wgs	-0.0149267795109634	0.897517109061161	0.961062790861278	1
P2RX3_ssc	0.0633536777005967	0.485818835848138	0.74614000174429	1
P2RX7_wgs	-0.178526278711483	0.157410633462572	0.432524713568329	1
PAEP_wgs	-0.191347635860658	0.0477070940002945	0.233776768635752	1
PALM2-AKAP2_wgs	0.085330619211516	0.313826389353205	0.606458329991088	1
PAQR9_wgs	0.0242908196992295	0.842512783786188	0.938404378775852	1
PARK7_wgs	0.111742869807661	0.0498335993934722	0.237488247109516	1
PARVB_wgs	-0.186239059891523	0.132044130196924	0.400730942388676	1
PAX5.1_wgs	-0.0937560460885193	0.0971495877135626	0.342220876835071	1
PAX5_wgs	-0.0396498012924453	0.702173482201402	0.880338022253863	1
PCBP3_wgs	-0.14214281089739	0.073946156429356	0.295461716737383	1
PCDH17_wgs	-0.496397557856406	0.17898332964446	0.46132322992868	1
PCDH7_wgs	0.221192635310666	0.319356961953367	0.611641277210531	1
PCDHA6_ssc	0.14264178871186	0.372980404809749	0.655258181876176	1
PCMT1_ssc	0.133858489047757	0.354007148283248	0.635130471919946	1
PDCD1_wgs	0.0883538609423266	0.314546094188806	0.606596707700553	1
PDE7A_wgs	0.189179127741922	0.0291403517859968	0.187379922894129	1
PDE9A_ssc	-0.176469710096092	0.0510633288750273	0.241652776871941	1
PEX2_wgs	-0.172235443647222	0.501326957856303	0.752444076316066	1
PHF12_wgs	0.210229419361888	0.315721687184451	0.607859744921143	1
PHF17_wgs	-0.00170621255830564	0.985835861455415	0.994257165314637	1
PHF21B_wgs	-0.240897149384144	0.0225213770604883	0.165186853790355	1
PIRT_wgs	0.0134431530086724	0.901442961867854	0.962450770255643	1
PKD1L2_wgs	-0.0251699545652825	0.621394790915556	0.831859888350744	1
PLA2R1_wgs	-0.0657200907838681	0.777333951332883	0.911896170705741	1
PLEKHG3_wgs	1.1244195943362	0.0169837645993043	0.142243886575409	1
PLEKHG4B_wgs	0.0130985476365324	0.836957461854698	0.936562384792864	1
PLIN4_wgs	0.21792104336217	0.0571972641619466	0.256353695235997	1
PLK5_wgs	0.0242487015797551	0.816360799754496	0.929934804575616	1
POLR3D_ssc	0.01639630925739	0.809893456635363	0.928637234111976	1
POLR3D_wgs	-0.0316290901400053	0.76321823880103	0.906646788059646	1
PPA2.1_ssc	-0.0362665799818899	0.717643437604195	0.88590295764941	1
PPA2_ssc	-0.0953285243300916	0.349411769862004	0.631217708635209	1
PPARGC1A_wgs	-0.220953861581974	0.0478915788967641	0.234022935597005	1
PPHLN1_wgs	-0.1783214561246	0.0582897244989847	0.25942727689557	1
PPP1R3B_wgs	0.00685020538089867	0.953157774656669	0.983732610841414	1
PPP2R2B_wgs	-0.160893560098026	0.00900738149760318	0.0984090038245602	1
PRKAR1A.1_wgs	-0.296044730334452	0.0990216407174842	0.344632309474048	1
PRKAR1A_wgs	0.840681776432135	0.000170365697104364	0.00831384601869296	0.623538451401972
PSAPL1_wgs	-0.0612821972078893	0.635663195072432	0.840259861223496	1
PTGDR2_wgs	-0.0584710461982903	0.426981896142995	0.696724806011308	1
PTPLAD1.1_wgs	0.00935227923275546	0.819564826543689	0.93126583829553	1
PTPLAD1_wgs	0.146001000229124	0.0414509020974954	0.220203214291534	1
QSOX1_wgs	0.0660711392926644	0.386914556959137	0.664245003455608	1
RAB6B_wgs	0.114028317447105	0.253247137898897	0.551716978994026	1
RABGAP1L_wgs	0.345394632703109	0.0341786979306694	0.199484794378085	1
RAET1G_wgs	0.0444489404009371	0.345118900525235	0.628139902838744	1
RANBP10.1_wgs	-0.0972370258899298	0.418041555696259	0.690759410315264	1
RANBP10_wgs	0.1011079027399	0.340412789905998	0.625357537714366	1
RAP1A_wgs	-0.0927999466050457	0.15093523523125	0.424287988438075	1
RBFOX1_wgs	0.32660883631045	0.12441142266124	0.388449370905409	1
RBFOX2_wgs	0.0252539031501377	0.879693624273215	0.953826473242398	1
RBM28_wgs	0.0107769311428783	0.884037464301777	0.955875789665109	1
RBM4_wgs	0.187294020725519	0.040156445310776	0.216754815707125	1
REEP1_wgs	-0.378104688164549	0.0712261275609481	0.288781079530048	1
REM2_wgs	-0.137519741940713	0.572307994436897	0.798873859511458	1
RFX7_wgs	-0.0356784581716808	0.72165376478464	0.888413312852937	1
RIMS3_wgs	-0.139605814437239	0.0660435303687835	0.277286730425006	1
RNF130_wgs	0.0633671194701948	0.378018372256141	0.658205158162454	1
RNF219_wgs	0.103764422853226	0.383285865456988	0.661398523136529	1
RNF44_wgs	0.203462053533063	0.00495420550560395	0.0682147071864224	1
RYR3_wgs	0.0139650958718523	0.92205142131266	0.969524968607575	1
SAMD5_wgs	-0.35138118201022	0.159501966321218	0.435931788371949	1
SAR1B_wgs	-0.0191370878768665	0.814704986463731	0.929397653748858	1
SBF1_wgs	0.0152564163947622	0.8466260911729	0.939561670993733	1
SCAI_wgs	0.0454409262928112	0.711901757685932	0.884440065556861	1
SCARB2_wgs	-0.0318420419921395	0.743679737056827	0.899791020703467	1
SCN9A_wgs	0.713180786659333	0.00983321673325139	0.104034150115491	1
SCUBE1_wgs	-0.0429320531603792	0.338731225746346	0.624859390407741	1
SERAC1_wgs	0.0954911082241756	0.189033051561504	0.475832853311627	1
SF3B3_wgs	-0.317644052347608	2.73569010245472e-05	0.00270611507432008	0.100126257749843
SFXN2_wgs	-0.0576571131370564	0.637423497039957	0.840709909609457	1
SH2B3_wgs	-0.0551340980862627	0.310522724033615	0.603244782358296	1
SH3PXD2A_wgs	0.0327197741692849	0.661689218786872	0.857356548588131	1
SH3RF3_wgs	-0.0593397048341693	0.783590460383461	0.915397729014831	1
SHISA6_wgs	0.157506152830121	0.00347162131536794	0.0528928765021685	1
SHISA9_wgs	0.597386016762388	0.00065523851369634	0.0201527139506606	1
SLC2A13_wgs	0.210460969113929	0.247527154913939	0.544440737370803	1
SLC34A2_wgs	-0.118059602105932	0.0221360856459347	0.162929393045865	1
SLC36A2_wgs	-0.0762497186411839	0.294483277230412	0.588002615746486	1
SLC39A9_ssc	-0.000637169282391006	0.99158646874736	0.996347246293779	1
SLC4A4_wgs	0.0557305558179106	0.614851264679264	0.826121743291523	1
SLC6A1_asc	0.333609694783728	0.0149789270668894	0.132743034055242	1
SLCO2A1_wgs	-0.0558174164719283	0.56262689827327	0.792920465028944	1
SMYD5_wgs	-0.161721236555517	0.00105573391636481	0.0268064740419847	1
SNX29.1_wgs	-0.0793015510337131	0.116953775461213	0.379136598701892	1
SNX29.2_wgs	-0.0619556754825793	0.399117590709423	0.675344605638691	1
SNX29_wgs	-0.0574597398115818	0.231233915899796	0.527113234818504	1
SORCS2_wgs	0.10668007057421	0.279035441658608	0.573604555142339	1
SORD_ssc	0.15408820452675	0.00150954056672905	0.0329637862066443	1
SOX21_wgs	0.0498214607373876	0.5358502281078	0.777025291154734	1
SP7_wgs	0.196734160491389	0.0228887784859635	0.166440385353451	1
SPATS2_wgs	-0.145642325558015	0.219408587475032	0.51280369076923	1
SPOCK1_wgs	0.162426565572917	0.456781846840106	0.722169140144616	1
SPRED3_wgs	0.381703933778435	0.0117287439243067	0.115404373872914	1
SPRR3_wgs	0.0922165480559036	0.166379759820299	0.443536706662636	1
SPRR4_wgs	-0.0179112819765044	0.856045452097802	0.943753799825761	1
SRRM4_wgs	0.0326916670044274	0.422879266474195	0.693120517373737	1
STK24_wgs	-0.0876569198731909	0.661806675322767	0.857356548588131	1
STMN1_wgs	-0.111885424281583	0.636999031934999	0.840709909609457	1
STON1_ssc	-0.0136847013575634	0.838558595456874	0.936562384792864	1
STON1_wgs	0.23364010479333	0.00337230311712929	0.0525982556952504	1
SURF4_wgs	-0.0529886222200473	0.220315122374933	0.514584140326902	1
SYNGR3_wgs	-0.0506418199371388	0.330473872263398	0.620968913175617	1
SYNJ1_wgs	-0.0684466491420127	0.417333170603523	0.690733306734173	1
SYT3_wgs	0.227732352482597	0.0936055777625574	0.33566149803251	1
TACR2_wgs	0.0224778428776658	0.904394426009403	0.963749696638626	1
TDRP_wgs	-0.193052510220239	0.0362373480588565	0.205307575689497	1
TEKT1_wgs	0.00935102608516167	0.793773592761947	0.920630426631876	1
TIMP3_wgs	0.0811984772903417	0.474208611423694	0.735841178899926	1
TIRAP_ssc	0.192262704979072	0.0255541753482653	0.174903986235049	1
TLK1.1_wgs	-0.109390526253745	0.756641113105736	0.906365119327393	1
TMEM106B_wgs	-0.214993723996705	0.526170129296096	0.771547545362063	1
TMEM55A_wgs	-0.409191674411707	0.0572013120251841	0.256353695235997	1
TMEM63B_wgs	0.103533124557182	0.125892802934149	0.390729732427916	1
TMEM86A_wgs	-0.366953735265284	0.209938902974042	0.503193441313028	1
TMEM95_wgs	0.0438637377467667	0.57814293263127	0.802787980643637	1
TMEM98_wgs	0.0494130058085318	0.666337832241608	0.859588640868715	1
TMTC2_wgs	0.0884168060024669	0.511764248694607	0.759652514643249	1
TNRC6B_wgs	0.0443434242660765	0.361603374772084	0.643397351320285	1
TOLLIP_wgs	0.0863983689174923	0.259889329265771	0.559526438301601	1
TPGS1_wgs	0.422159355183153	0.000129290621257637	0.00719426465401139	0.473203673802952
TPGS2_wgs	0.0643754730107729	0.192704307286778	0.479485488457972	1
TRAF3_wgs	-0.0860731339091177	0.353183957349573	0.635130471919946	1
TRAK1_wgs	0.268721516731242	0.44165935984668	0.71064508704107	1
TRAM2_wgs	0.0328273157857046	0.644984330507773	0.846411850003029	1
TRIM2_wgs	-0.164685157984206	0.126896792211046	0.391858644908466	1
TSPAN14_wgs	0.0735907739181751	0.439762157654339	0.708186020193755	1
TSSC1_wgs	-0.78565349767252	0.0446240310035501	0.228870995262921	1
TTC39C_wgs	0.213646762397298	0.0263719447763459	0.178083612327354	1
TTL_wgs	0.0239493194836647	0.776853326533841	0.911896170705741	1
U2SURP_wgs	0.461580776517906	0.109447073330158	0.364727414389558	1
UBAP2L_wgs	-0.202117768776666	0.0416796298419961	0.220444285002465	1
UBE2QL1_wgs	-0.0344963704421276	0.597123848270829	0.816388974475619	1
UBE2V2_wgs	-0.199121915154617	0.068510245697299	0.281200327899271	1
USP46_wgs	-0.584250160315348	0.0383170255051773	0.214024423946333	1
UTP6_wgs	-0.143816517995868	0.27253534118853	0.567394396331069	1
VAV2_wgs	0.00307267368117825	0.967027549370433	0.98949913790517	1
VKORC1L1_wgs	-0.111612796416841	0.686397109562944	0.873205916232317	1
WDFY2_wgs	-0.154627769921158	0.0690341794310821	0.282623150691007	1
WDR52_wgs	0.024071811560039	0.907086248684951	0.964605845382108	1
WSCD1_wgs	-0.193318457009232	0.0446760728360132	0.228870995262921	1
XAF1_wgs	-0.11907461427069	0.551436083330653	0.786537827353932	1
XKR7_wgs	-0.12676797479313	0.154194485482652	0.428188024936651	1
YEATS2_wgs	0.326359164746112	0.143048609401422	0.414207207602219	1
YPEL5_wgs	0.0908255410931232	0.0412532425546446	0.219777100072779	1
ZBTB39_wgs	-0.0440028686783995	0.534863548415786	0.777025291154734	1
ZC3H7B_wgs	-0.274724931856795	0.12597297384288	0.390729732427916	1
ZKSCAN1_wgs	-0.0601799810976754	0.575032895996054	0.800177492786078	1
ZNF208_wgs	0.126090223129172	0.0288733898587204	0.187173778609995	1
ZNF234_wgs	0.00330673718237225	0.963292540306207	0.987639806709623	1
ZNF280D_wgs	0.093060681505435	0.0763456545851921	0.299932596354562	1
ZNF414_wgs	-0.266029146549509	0.0187606007094197	0.151911058841761	1
ZNF544_wgs	0.0259268058600762	0.741363865091391	0.89758244996179	1
ZNF592_wgs	-0.022478804467272	0.617653611235284	0.828670167566399	1
ZNF629_wgs	0.0700721544838506	0.566073073434078	0.796550345547376	1
ZNF691_wgs	0.0300520521542135	0.714858308667932	0.885707992459252	1
ZNF771_wgs	-0.0713208518902782	0.228532583229629	0.524312378229432	1
chr10:100555917;A|AC;Family=14036	0.156427382666051	0.0963545819356859	0.340074995067127	1
chr10:100993505;A|C;Family=11818	-0.35846738141294	1.56039948547604e-05	0.00184227810220719	0.057110621168423
chr10:101785050;A|C;Family=14039	0.0768382047738286	0.355467714355362	0.635880662043317	1
chr10:101786330;T|C;Family=13626	-0.118606042247771	0.23365422845349	0.529847878649179	1
chr10:102673925;T|A;Family=14458	0.141815883024697	0.0906444737324943	0.328852813969706	1
chr10:102674395;C|T;Family=14490	0.0448977552210494	0.491283368430007	0.748583317424574	1
chr10:102738597;C|T;Family=12788	-0.0618530731371365	0.294698552565812	0.588111615262197	1
chr10:103077203;A|G;Family=14217	0.186903559882961	0.046786301131822	0.233318286149472	1
chr10:103084989;C|G;Family=14475	-0.167142083969709	0.151329681288049	0.424418876256139	1
chr10:103599336;G|A;Family=13239	0.00974000667179262	0.914569586967079	0.966553682876295	1
chr10:1040478;C|T;Family=14490	-0.168495489664644	0.332707446535746	0.622427595071146	1
chr10:105264286;A|T;Family=14167	-0.0165972434396858	0.909041038564185	0.965493383965443	1
chr10:110292906;G|A;Family=22087	-0.0495964914457924	0.499800743947589	0.752444076316066	1
chr10:11288488;C|T;Family=14011	-0.00281177774953174	0.975363898264769	0.990519386140137	1
chr10:11335913;G|A;Family=14080	-0.0265596890965068	0.695357284465738	0.876380048603513	1
chr10:113912877;C|T;Family=12613	-0.224448520011239	0.00546076837717741	0.072677862765343	1
chr10:113916527;A|G;Family=11753	-0.372658179863704	0.0473772595811185	0.233776768635752	1
chr10:11454999;C|A;Family=14368	0.126390864148767	0.0418956995599134	0.221267331009067	1
chr10:114863518;G|A;Family=14358	0.176623816859326	0.28834567889182	0.582098833284093	1
chr10:116672228;T|C;Family=12837	0.112092820567856	0.0274768806697654	0.182183665310401	1
chr10:116674330;TG|T;Family=13177	0.046617905452234	0.692963755078474	0.875498126112734	1
chr10:117277554;T|C;Family=13557	0.142423663944828	0.505794850533627	0.754979263031434	1
chr10:118685229;C|T;Family=13462	0.155441796529086	0.0679606796912221	0.280725430120737	1
chr10:119575344;T|C;Family=14361	0.225908587894601	0.336382311492312	0.624003679706976	1
chr10:119828703;T|C;Family=13964	-0.120987355531287	0.174144972256879	0.453321905021464	1
chr10:120906250;C|G;Family=13043	-0.0380837756708683	0.723964631487633	0.889164614511656	1
chr10:122441654;G|A;Family=14234	-0.0363056136053784	0.705569639569455	0.880859083510963	1
chr10:122457129;G|A;Family=14433	-0.162929016828377	0.0592933483002006	0.261047530399379	1
chr10:124007668;T|C;Family=14417	0.000297943374454421	0.996833195722686	0.99858893979487	1
chr10:126504992;A|AG;Family=14563	0.0255553084898794	0.675706907474586	0.868054503810805	1
chr10:128083596;G|A;Family=13867	0.0181455808601112	0.812786125851795	0.929397653748858	1
chr10:12830453;G|A;Family=14412	0.11145709530039	0.142388866953242	0.413325676733506	1
chr10:12831770;A|G;Family=11905	0.0211101175083809	0.711446383165596	0.884438011656613	1
chr10:130067553;C|T;Family=13964	0.313228590772781	0.00289846244293258	0.0487043437905629	1
chr10:132417688;A|G;Family=14265	-0.0170667849095036	0.854360397039017	0.943449641248758	1
chr10:133226372;C|T;Family=11587	-0.101003667480589	0.433322094366955	0.701971763677901	1
chr10:13441561;C|A;Family=14096	0.090492355486075	0.3352213431962	0.623113314422597	1
chr10:18679337;G|A;Family=11412	0.193833462422691	0.329944269633393	0.620968913175617	1
chr10:21742762;G|A;Family=13888	-0.030339241556697	0.727839596091463	0.891445986484585	1
chr10:22536841;C|T;Family=14137	0.0845873124824548	0.55796452907963	0.790752562163087	1
chr10:27673518;TCTAA|T;Family=11679	0.586339298948588	0.000527634334395954	0.0166968815445223	1
chr10:27674431;CA|C;Family=13528	-0.0833540201385037	0.491926405885028	0.749251204968457	1
chr10:28590744;CAA|C;Family=14200	-0.433314893129607	0.0368627745012283	0.207246934983864	1
chr10:28610739;AATTC|A;Family=14204	0.248182750477604	0.0477082418162034	0.233776768635752	1
chr10:32876908;T|A;Family=13188	-0.0798835937480972	0.529699858867564	0.773006971074675	1
chr10:38058596;C|T;Family=14206	-0.197678780057789	0.0712484466709381	0.288781079530048	1
chr10:38064613;C|T;Family=14603	-0.135707406100659	0.146438658213288	0.417743950943597	1
chr10:42589230;T|C;Family=14258	-0.184577565029212	0.108857078227749	0.363187699465415	1
chr10:44936816;G|A;Family=14225	0.0709867604435233	0.446679452481459	0.714530942343593	1
chr10:45454685;A|T;Family=14293	-0.178533109383628	0.140817162915092	0.412427087611426	1
chr10:45455701;G|T;Family=14012	0.158348241066998	0.00879279922283131	0.0966415770437315	1
chr10:46311665;G|A;Family=14070	-0.00802172429954462	0.960424737189738	0.986390069097416	1
chr10:49327099;G|A;Family=13533	0.0375508896229518	0.651399378802352	0.850257391732028	1
chr10:4982907;G|A;Family=13868	-0.0375941081718502	0.730011141367263	0.89285965612949	1
chr10:50306955;T|C;Family=13928	-0.0313092199691246	0.755758817589874	0.906365119327393	1
chr10:51908110;C|A;Family=14132	0.178352507984486	0.0483196897123371	0.234696830539734	1
chr10:52296787;C|T;Family=13237	0.269811104403432	0.202178629660676	0.493644953007389	1
chr10:53821903;G|A;Family=14423	-0.0630879519390528	0.390476944407689	0.66583479130236	1
chr10:53938946;C|T;Family=14400	-0.122466963426569	0.342616785356002	0.627569662864137	1
chr10:58396347;T|C;Family=13801	-0.0803727189799069	0.57228960306089	0.798873859511458	1
chr10:61414817;G|A;Family=12716	-0.0200233016877425	0.937815749098094	0.973179938105763	1
chr10:62195207;A|G;Family=13988	-0.283610469705939	0.134995603929021	0.404874549447496	1
chr10:68343012;T|C;Family=14209	-0.343643882916328	0.0809552751265202	0.307723392832842	1
chr10:68911219;AAC|A;Family=13929	0.170581213384661	0.140968930765545	0.412427087611426	1
chr10:69404819;A|G;Family=14139	-0.195415700161865	0.08314379634316	0.312657393843609	1
chr10:70425648;A|G;Family=14221	0.265010515593921	0.0358448719936738	0.204349270244309	1
chr10:71747722;G|A;Family=14065	0.219436723732685	0.0343718931370817	0.199684331558284	1
chr10:71750800;C|T;Family=14356	0.0655427880037081	0.528994327974268	0.772593471821956	1
chr10:71750965;C|T;Family=14293	0.0487250903821427	0.47878664459813	0.739905102845174	1
chr10:71816558;A|G;Family=14004	-0.17654138361787	0.0429427404971223	0.224717676278012	1
chr10:72335546;C|A;Family=13237	0.151350609148153	0.039714778007276	0.215982299415498	1
chr10:73136826;C|T;Family=13928	0.183121323235087	0.00155712628066909	0.0335240128661698	1
chr10:74101002;A|G;Family=14402	-0.11870146233741	0.301061235980054	0.59472817494361	1
chr10:76875350;G|T;Family=14594	0.123596859029717	0.519525958121906	0.765793397795479	1
chr10:76876859;C|T;Family=14658	-0.00706949073904828	0.900014099352649	0.962328835416505	1
chr10:77001472;G|T;Family=13008	0.0687313751487524	0.213338208424217	0.505487663969642	1
chr10:79316375;C|CTGTA;Family=13567	1.59240394935982	3.22289625155679e-06	0.000720083694560803	0.0117958002806978
chr10:80090866;G|A;Family=12568	0.204357125900814	0.00603508495508258	0.0769631043052343	1
chr10:80529499;G|C;Family=13505	0.122621476791705	0.23808319269468	0.532681107738667	1
chr10:812367;A|G;Family=12318	-0.00930885363858877	0.893020754752316	0.958564068680007	1
chr10:87552910;C|G;Family=14175	-0.0462655872079963	0.779769178842994	0.912098176594873	1
chr10:87751614;GA|G;Family=12661	-0.153296164346075	0.514939946855597	0.760275835364762	1
chr10:87967103;GT|G;Family=11224	-0.393962053631314	0.208048555654981	0.501448947616601	1
chr10:91282878;A|G;Family=14301	-0.166219695773584	0.144940633256175	0.41537406281619	1
chr10:92051693;C|G;Family=11568	-0.0882008849794679	0.311578352880724	0.604013120520894	1
chr10:92558801;G|A;Family=12412	0.116454906019897	0.0468549017267382	0.233318286149472	1
chr10:92901375;T|C;Family=11954	-0.67806051499183	0.0135175779816639	0.125251482057949	1
chr10:93306532;T|TCTAA;Family=11718	0.056577659107808	0.530531402850594	0.773911890965793	1
chr10:93665442;C|T;Family=14017	-0.0151098873905572	0.909893996576613	0.965690426095005	1
chr10:94325123;C|T;Family=22349	0.120881693042799	0.376974991185113	0.657587334475494	1
chr10:94535820;C|G;Family=14160	-0.116908277531286	0.58572805359772	0.808357721028527	1
chr10:95210747;G|A;Family=14484	-0.0173955529996592	0.804500823921046	0.926110823630637	1
chr10:96364842;C|T;Family=13026	0.0399992864904103	0.704162603116313	0.880503972465222	1
chr10:96989266;T|C;Family=12689	-0.0630761624183365	0.355186895939059	0.635880662043317	1
chr10:98247936;T|C;Family=13916	0.0803502897722377	0.532088383539256	0.775564907906681	1
chr11:101033498;C|A;Family=13863	0.66571876216764	0.00402189909458629	0.0588806027447433	1
chr11:101034122;G|A;Family=14161	0.0512598538240185	0.537362792771778	0.777985688902179	1
chr11:101998918;C|T;Family=13001	-0.105984361389922	0.29320064227918	0.58736417665123	1
chr11:102081375;G|C;Family=13956	-0.588155038893031	0.267099937136193	0.564024715417117	1
chr11:102712136;ATTT|A;Family=13154	-0.435816560122958	0.035435234927309	0.202962378456887	1
chr11:102715386;A|G;Family=12653	-0.0200354842256413	0.745912626627126	0.90100337077732	1
chr11:102722552;G|A;Family=12534	0.0332000184155981	0.694237544202104	0.875498126112734	1
chr11:103908523;A|G;Family=11172	-0.30388102419678	0.123453799630269	0.387846271799816	1
chr11:104890491;T|C;Family=11722	-0.1269255900396	0.35936363269245	0.641595558855789	1
chr11:106674176;C|T;Family=14015	-0.106059477631741	0.647452260852199	0.847641682224564	1
chr11:106676736;C|G;Family=14043	0.342786140081001	0.0614717288051452	0.266866699513897	1
chr11:107336571;G|A;Family=14522	0.311499135347756	0.326289077106468	0.617879151188057	1
chr11:107665691;A|G;Family=11471	0.0733383526624715	0.461894846340458	0.725270507076048	1
chr11:107707617;C|T;Family=14296	-0.130489506938752	0.223771682279023	0.519267945008811	1
chr11:108147607;T|A;Family=11028	-0.375617420145024	0.135998923694357	0.404874549447496	1
chr11:108506922;C|T;Family=12351	-0.0305100535201043	0.701572872803966	0.880338022253863	1
chr11:110168323;CCTTT|C;Family=14485	0.18112032276481	0.494073339212888	0.750646916363292	1
chr11:110464436;A|G;Family=11300	-0.133983662477804	0.118091727464524	0.379136598701892	1
chr11:110578017;A|AGGTT;Family=11749	-0.114934470754122	0.177948619906915	0.459627345701701	1
chr11:111755330;G|A;Family=11484	0.00491848622908521	0.972060003668845	0.990164931152945	1
chr11:111759888;C|G;Family=11355	0.0422051173304152	0.583401113362073	0.806211680263768	1
chr11:112020819;G|C;Family=12864	-0.259534380066318	0.028788286590556	0.187173778609995	1
chr11:112082999;G|A;Family=13010	0.217951362967333	0.010202554793945	0.106385614090709	1
chr11:113733596;C|A;Family=14454	-0.0244548111427725	0.701521433992643	0.880338022253863	1
chr11:114313231;C|T;Family=12653	0.0429301090117731	0.587573257082881	0.809073785147985	1
chr11:116776461;G|A;Family=13748	-0.0057441390192495	0.976113430415662	0.990730769639857	1
chr11:116777302;T|A;Family=13853	-0.120175918725421	0.166386857444754	0.443536706662636	1
chr11:117204647;T|C;Family=13694	0.031841554913729	0.641413310668134	0.843420695489104	1
chr11:118000915;T|C;Family=14243	-0.0247768136023151	0.766394821255248	0.907225497048441	1
chr11:118396788;C|T;Family=12655	-0.283074763229096	0.048049202123199	0.234480106361211	1
chr11:118448406;C|G;Family=12695	-0.085974004448713	0.476275923588402	0.738318458421665	1
chr11:118544742;G|A;Family=14525	-0.129800061559473	0.182314800790643	0.464998028497389	1
chr11:119356346;G|A;Family=22106	-0.0111574070507602	0.875663948099954	0.952157620704875	1
chr11:119418127;G|A;Family=13900	-0.208810263929957	0.00818325722319855	0.0930738988832313	1
chr11:11956188;A|C;Family=11094	-0.800958828789518	8.85173296398153e-08	4.62819180688177e-05	0.000323973426481724
chr11:120112232;T|G;Family=14653	0.00728377989230952	0.925405201624973	0.970944309732154	1
chr11:120487883;G|A;Family=12857	0.0211163381823946	0.863853784362405	0.945114785714572	1
chr11:12263478;C|T;Family=12899	-0.0441597710473801	0.414342029057293	0.688375772287649	1
chr11:12263717;A|G;Family=11989	0.00106617929648917	0.990531720273351	0.996046002597224	1
chr11:124188074;C|T;Family=13948	-0.0187285494476058	0.82443555326635	0.933260324478713	1
chr11:124767889;G|A;Family=12019	-0.350188176495276	6.4165728181637e-05	0.00474989265378015	0.234846565144791
chr11:125101218;G|A;Family=12647	-0.143821871080527	0.0175552034074271	0.145696245966402	1
chr11:125583699;A|C;Family=13195	-0.0356533278031483	0.520531493400479	0.766374447829846	1
chr11:125777019;T|C;Family=11452	-0.0346681592815485	0.541534969584741	0.779960260811826	1
chr11:125943602;G|A;Family=11824	-0.0789955780096541	0.369439607070424	0.654426229854109	1
chr11:126291555;C|T;Family=14661	0.19908329962342	0.0772655089432955	0.301483755578317	1
chr11:1275105;C|G;Family=14076	-0.0650549724335194	0.566933800485606	0.797454923050468	1
chr11:128812544;T|TA;Family=12029	0.175740465524475	0.375854462367131	0.6569375989798	1
chr11:128901589;G|C;Family=14230	0.0391219772728323	0.502657313276716	0.752444076316066	1
chr11:128902526;G|A;Family=14209	-0.092634371317098	0.14422303211808	0.415169673597199	1
chr11:128917908;A|G;Family=14187	-0.198021695331904	0.00606881740851017	0.0769990758288477	1
chr11:129452030;GTTTTT|G;Family=13512	-0.262032587281873	0.0026472966851845	0.0459495136972031	1
chr11:129859531;C|CT;Family=11691	-0.15563476520366	0.215575145857808	0.508052178905072	1
chr11:129902006;A|G;Family=14174	-0.0145726974792166	0.858223068178775	0.944265899932406	1
chr11:132416102;T|C;Family=13572	0.289365609812356	0.173436427425048	0.452807711763396	1
chr11:134245909;C|G;Family=11305	-0.0971591922335226	0.193223569303676	0.479587711930073	1
chr11:13729935;A|T;Family=12351	0.0262247272691113	0.846282705776344	0.939561670993733	1
chr11:15246372;A|C;Family=12243	-0.112592057679813	0.370490643336742	0.654438105507951	1
chr11:1555259;G|C;Family=11350	-0.0978385496502132	0.132832317981719	0.402122649969472	1
chr11:17088319;G|A;Family=12440	-0.167290829863784	0.0882871930009094	0.324754900887767	1
chr11:17373816;C|T;Family=14188	-0.0214993970042456	0.778597055655174	0.911896170705741	1
chr11:17427056;A|G;Family=13692	0.0343571361098386	0.70307635685531	0.880338022253863	1
chr11:17429244;G|A;Family=13057	-0.128406714851748	0.126954072640819	0.391858644908466	1
chr11:18020918;G|A;Family=12285	0.0556125640038846	0.296014989223867	0.590095239956076	1
chr11:18279726;G|A;Family=11108	0.0303380565260551	0.642673418285506	0.84398446750088	1
chr11:18366513;A|G;Family=12790	0.125349454693945	0.0973457870239264	0.342222281062313	1
chr11:18366682;A|G;Family=13336	0.113217441215672	0.58849894720219	0.809614111240794	1
chr11:18703455;A|T;Family=12624	-0.0529023410244984	0.404288593268857	0.679695108573273	1
chr11:18703822;A|C;Family=14648	-0.0408615270805866	0.620793976887457	0.831359661693411	1
chr11:18728563;G|A;Family=11060	-0.0169576891026478	0.886337456534591	0.956235689501044	1
chr11:18728740;C|A;Family=13115	0.152093829835277	0.10576359152198	0.35808949580985	1
chr11:22281573;G|C;Family=12243	-0.287003431276021	0.0229196596224425	0.166440385353451	1
chr11:27495352;T|C;Family=11181	0.443959513359983	0.00870210935716529	0.0959328923109185	1
chr11:27657333;T|G;Family=14055	0.030362300522963	0.858869044943626	0.944417538458142	1
chr11:27657533;A|AT;Family=14509	0.10682055268067	0.591471770695208	0.812302694463212	1
chr11:294999;C|T;Family=13546	0.0241053790026845	0.74034952395459	0.897176765823154	1
chr11:31663622;A|T;Family=12810	-0.228402340112472	0.0278766340955122	0.18374528819958	1
chr11:33704138;C|T;Family=12032	-0.232331559237442	0.0788421684977911	0.303430427657114	1
chr11:33710221;C|T;Family=14174	0.125569211195356	0.0415875770940188	0.220275733956742	1
chr11:35190037;C|T;Family=14068	-0.220550722229955	0.0351863034159363	0.202487217770954	1
chr11:35254980;C|G;Family=11552	-0.129200395768594	0.294296291336591	0.588002615746486	1
chr11:35813130;C|CA;Family=13266	-0.0171184795249786	0.863931693277457	0.945114785714572	1
chr11:35813437;T|C;Family=14631	0.123949134337617	0.206027847605549	0.499048260910861	1
chr11:35816752;C|G;Family=11895	0.0757188940619962	0.487924240340255	0.746573043329988	1
chr11:381974;G|T;Family=14292	-0.0191276832679591	0.804263990583074	0.926110823630637	1
chr11:4138349;A|G;Family=14472	-0.113427928334106	0.173700007463335	0.452807711763396	1
chr11:43494116;C|CA;Family=13781	0.21938454621627	0.0617427695211288	0.267332881286952	1
chr11:44261939;C|T;Family=11359	-0.0608143175822317	0.261501185588634	0.560243689777535	1
chr11:44263819;C|G;Family=11942	-0.0222249301412427	0.828711551327602	0.935634420654593	1
chr11:44263856;G|A;Family=14521	-0.176456439920549	0.043881825947509	0.227167585527416	1
chr11:44933723;G|C;Family=11578	0.01189273477751	0.895603938155502	0.959856636500479	1
chr11:45228552;G|A;Family=11575	0.0414280932701985	0.794302900505153	0.920630426631876	1
chr11:45231207;T|G;Family=14285	0.0480725045375585	0.524411403994003	0.769893998643422	1
chr11:4596536;C|T;Family=13054	0.247118533463765	0.253960167561334	0.552517408667184	1
chr11:4600333;G|A;Family=14070	-0.152356330536644	0.102899640926412	0.351974472701559	1
chr11:46672547;G|C;Family=11033	-0.0217581923548608	0.754185682866762	0.905998489133663	1
chr11:46743981;T|C;Family=12052	-0.240338729843309	0.000663654000870779	0.0202414470265587	1
chr11:47165115;T|G;Family=12852	-0.173709598171339	0.00950489328597169	0.101886837244838	1
chr11:47166582;C|A;Family=13215	-0.201751286492215	0.00110702430073551	0.0275626458550475	1
chr11:48132413;C|A;Family=14153	0.297491285761111	0.1375781150873	0.407516737447396	1
chr11:48170486;G|T;Family=13962	-0.0708514291876101	0.462009684005035	0.725270507076048	1
chr11:498026;C|T;Family=13893	0.259525715165794	0.0155040337399369	0.135648604286331	1
chr11:5004713;A|G;Family=12595	0.263622891058536	0.0167581931336693	0.1409513325051	1
chr11:55639482;C|T;Family=12324	-0.133090739235163	0.568349195994795	0.797460171785219	1
chr11:56033816;G|A;Family=12231	0.21014727089272	0.0189507168568007	0.153111752088059	1
chr11:56702320;A|G;Family=11234	-0.0694443468685868	0.574916746787972	0.800177492786078	1
chr11:57370014;C|T;Family=12836	-0.0141730009269922	0.858353182807409	0.944265899932406	1
chr11:57501029;G|A;Family=12691	0.122464756985904	0.267027893524908	0.564024715417117	1
chr11:57737902;C|CT;Family=11642	0.0859093963828438	0.0936367184402165	0.33566149803251	1
chr11:58527350;TA|T;Family=14696	0.0928286147233137	0.353368148245592	0.635130471919946	1
chr11:58625337;G|A;Family=12449	0.0441107798497635	0.559637184908548	0.790752562163087	1
chr11:58709471;G|A;Family=14100	0.0273758285729315	0.676967471246221	0.869004168884894	1
chr11:59367652;G|A;Family=12923	-0.00726711810363469	0.935232095394316	0.972919610112468	1
chr11:59517618;T|C;Family=12894	0.125702390697876	0.156216485661628	0.431185774903135	1
chr11:59518549;T|C;Family=12728	-0.271157153787731	0.0100530382118712	0.105427277522775	1
chr11:59793434;A|G;Family=13795	-0.0403574693605746	0.686218688023435	0.873205916232317	1
chr11:59835969;A|G;Family=11404	0.13639734209598	0.0522041403553076	0.243658403729314	1
chr11:60071017;T|C;Family=12066	-0.195281409774731	0.379514186287521	0.659310523543446	1
chr11:60095790;G|A;Family=14257	0.162860904788351	0.270809214243397	0.565731577700247	1
chr11:6019567;G|A;Family=12832	0.12425080508896	0.249414858953612	0.546793333618165	1
chr11:6021602;G|A;Family=11094	-0.257928785614582	0.147240599214466	0.418726179584264	1
chr11:60308270;C|T;Family=12449	0.00549276536438794	0.95776842203965	0.986041188465032	1
chr11:60404647;C|T;Family=12451	-0.140057554041373	0.07848095542742	0.302617385043973	1
chr11:60852177;T|C;Family=13924	-0.0176979793837307	0.809149779446233	0.928366204631101	1
chr11:61282803;C|G;Family=11074	0.454579771984386	2.35666034389806e-05	0.00246439338819054	0.0862537685866689
chr11:61743803;C|T;Family=12457	0.142504305685884	0.0289638225594642	0.187292562840352	1
chr11:61786465;G|T;Family=13237	-0.044808179479309	0.72007250996509	0.887660958730963	1
chr11:61789183;T|TA;Family=11518	-0.19674134268951	0.0908236644394696	0.329123378067781	1
chr11:618678;T|G;Family=12641	0.178309345347972	0.129653962949631	0.396767144143521	1
chr11:62751389;G|C;Family=13070	-0.255716123998491	0.0437118467066363	0.226929587157857	1
chr11:62790431;GTTTT|G;Family=13920	-0.242670431155128	0.0433237205486833	0.226198027401114	1
chr11:62885204;C|T;Family=13102	0.00242578335100913	0.970726171310668	0.990164931152945	1
chr11:62981062;G|A;Family=14039	-0.15271404473396	0.0295504251687682	0.188422571633609	1
chr11:63409814;C|G;Family=11942	-0.182938765158571	0.261768881981674	0.560243689777535	1
chr11:63409852;C|T;Family=11241	0.0900620821599471	0.155787681596638	0.431092102481868	1
chr11:63409912;T|C;Family=14433	0.100732888773918	0.191385103430669	0.478203150663689	1
chr11:63762350;T|C;Family=12083	0.030188908325716	0.856598394268082	0.943753799825761	1
chr11:6394244;C|T;Family=14240	0.0198411200176227	0.786834682289942	0.917047100035367	1
chr11:64267590;G|A;Family=11377	-0.264860735611793	0.328828210973855	0.620686566356013	1
chr11:64606383;G|A;Family=11407	-0.138047269615347	0.202973944549674	0.494007038875024	1
chr11:64765438;T|C;Family=12673	-0.0126553722049475	0.802375413381361	0.925005849630243	1
chr11:64949800;G|T;Family=14275	0.176537820582026	0.075193960088638	0.299141189048277	1
chr11:65121232;G|C;Family=11723	0.0544254321351825	0.50129076998154	0.752444076316066	1
chr11:65281124;G|A;Family=14101	-0.23237827011226	0.0192078267663641	0.153830735152938	1
chr11:65321589;G|A;Family=12955	-0.189375338526606	0.182272495709026	0.464998028497389	1
chr11:65352130;C|G;Family=13866	-0.0465817181259005	0.688794667561777	0.873968060892784	1
chr11:65411530;G|A;Family=13374	-0.369134367253783	1.5293267813677e-05	0.00184227810220719	0.0559733601980578
chr11:6547555;G|A;Family=12687	0.10466375365515	0.200694169057882	0.491003114138935	1
chr11:65853562;C|T;Family=14169	0.0451742932961433	0.57753313643991	0.802494790952951	1
chr11:65865967;G|A;Family=14284	-0.0198760455804804	0.648207266443613	0.847846233033566	1
chr11:65916856;A|C;Family=14481	0.0546560359031132	0.645444897697763	0.846549716361078	1
chr11:65916912;CTGTG|C;Family=11252	0.128953386449956	0.115857122246401	0.377515160139299	1
chr11:66624490;C|G;Family=14637	-0.031332024258155	0.635792475686308	0.840259861223496	1
chr11:66640573;G|GTC;Family=14658	0.0912162815253802	0.388094037786558	0.664245003455608	1
chr11:6680814;T|G;Family=14594	0.00681193437739754	0.971578542609317	0.990164931152945	1
chr11:6681539;T|G;Family=11740	0.0963543609667283	0.131841964863734	0.400529558491761	1
chr11:67432652;G|T;Family=12939	0.0137265995203079	0.856307612891271	0.943753799825761	1
chr11:67463954;G|A;Family=12788	0.0275080010796263	0.833125178318098	0.935980208530786	1
chr11:68029139;C|T;Family=13264	0.13337286960918	0.0614377829375227	0.266866699513897	1
chr11:68156383;GTTAA|G;Family=13907	-0.135357872968853	0.471061864934579	0.734278716209778	1
chr11:68158808;G|A;Family=11729	-0.108137331515258	0.402173826944674	0.677683371795316	1
chr11:68166240;G|A;Family=12859	0.0471214355422638	0.568462729013016	0.797460171785219	1
chr11:68171572;C|G;Family=11519	-0.244414665040882	0.0389758563779453	0.215160836113544	1
chr11:68413826;C|T;Family=13277	-0.262015782049912	0.0111857826559479	0.113722123668803	1
chr11:68614239;TTG|T;Family=14154	0.0313184571592511	0.832539265498462	0.935980208530786	1
chr11:68911444;G|A;Family=13752	-0.015223204742752	0.860677470605166	0.944756212774342	1
chr11:69772347;G|C;Family=12540	-0.155420983133509	0.0422315282096704	0.222399126974667	1
chr11:72002499;T|G;Family=12956	0.0501582143207144	0.527211886238979	0.771838201453866	1
chr11:72093661;G|A;Family=11417	0.02631125455434	0.694247176005026	0.875498126112734	1
chr11:72685573;G|C;Family=13886	-5.57720451697282e-05	0.999515893881341	0.999515893881341	1
chr11:727113;CCT|C;Family=12906	0.0658311010290084	0.514829250244314	0.760275835364762	1
chr11:73864332;C|T;Family=12340	0.0865662291130633	0.407615116099459	0.682778638409163	1
chr11:74837928;T|C;Family=11207	-0.097524633742837	0.554442681596656	0.788674782216774	1
chr11:75081895;A|G;Family=13611	-0.119344026152918	0.334495850221016	0.622677770252155	1
chr11:76403845;C|T;Family=13853	-0.0603531874960279	0.236231665738455	0.531947282744653	1
chr11:77217266;A|AATCT;Family=12952	0.129510257649576	0.042405070985444	0.222672252233465	1
chr11:77660108;G|A;Family=13093	0.176003678034904	0.302915228817591	0.595760860702673	1
chr11:77664650;A|G;Family=11003	-0.27055798139974	0.0780863455240306	0.302109962598258	1
chr11:801461;C|T;Family=14686	0.0967763460966557	0.326733381823605	0.617879151188057	1
chr11:8102656;T|C;Family=11071	0.0899030302958363	0.466924639698208	0.73094276359942	1
chr11:8105153;C|T;Family=12655	0.0961509006281294	0.160675510901779	0.437250676754159	1
chr11:82977622;C|T;Family=14525	-0.195849149003566	0.0696685247722135	0.284266221478597	1
chr11:831871;G|A;Family=12281	-0.149260708182104	0.114250068119791	0.375027129433573	1
chr11:83261214;G|A;Family=14697	0.0743667095858815	0.48544702750057	0.74614000174429	1
chr11:86808954;G|T;Family=11827	0.178294269394548	0.176677553488751	0.457764849954217	1
chr11:86946390;A|G;Family=12463	-0.165421971802139	0.100393118178603	0.346967717217836	1
chr11:92981626;G|A;Family=12646	0.163914989535376	0.0918483023484684	0.33250720731493	1
chr11:93147909;C|A;Family=13051	-0.19076802852384	0.0962117734057245	0.340074995067127	1
chr11:94377370;T|C;Family=11276	0.126308504591818	0.251712175280268	0.549914804649884	1
chr11:94871680;G|A;Family=12238	0.0944072658755979	0.279122872324728	0.573604555142339	1
chr12:100207757;A|G;Family=13561	-0.0621160011070593	0.697274916305547	0.878192083165279	1
chr12:101396195;C|G;Family=11397	0.0869406851806642	0.121100327762068	0.382752331268711	1
chr12:102396966;G|T;Family=11470	0.0704787689185879	0.347142521122544	0.629916523206997	1
chr12:10324400;C|A;Family=13561	0.0119961452903401	0.910374344812199	0.965690426095005	1
chr12:103268201;C|T;Family=14307	0.0921712466473522	0.538686927925054	0.778226622271284	1
chr12:103772774;G|A;Family=11158	-0.144181472131556	0.0198454452390789	0.156670531783443	1
chr12:103775848;A|G;Family=14257	0.0727535914862485	0.383115710722282	0.661398523136529	1
chr12:103777193;G|A;Family=13146	0.0771177833729914	0.372776700407344	0.655258181876176	1
chr12:103932337;G|T;Family=13167	-0.345886533639713	0.00026835808998926	0.0110358495433786	0.982190609360691
chr12:104350238;AAAAAC|A;Family=13621	-0.164689156124467	0.425333524181358	0.694964597546327	1
chr12:105007091;AT|A;Family=12738	-0.583599635260493	0.000491929616476711	0.0162203819486916	1
chr12:105008304;C|T;Family=13738	0.224069263289743	0.233144797337307	0.529348609339047	1
chr12:106715462;C|A;Family=13874	0.385529321498781	0.000951584951534859	0.0248771494472685	1
chr12:108780125;G|A;Family=14652	-0.0630235426208902	0.256166648007596	0.554711796471174	1
chr12:108784717;T|C;Family=13160	-0.0885487011524181	0.172694677153171	0.452323225112775	1
chr12:109072323;C|T;Family=13375	0.253191207915026	0.495332386329411	0.751264491848074	1
chr12:109110834;GAT|G;Family=11456	0.195960796622745	0.512454114386388	0.759652514643249	1
chr12:111348592;A|G;Family=11415	-0.256782701051123	0.151872505884907	0.425289496204101	1
chr12:111449380;T|C;Family=13617	-0.0314633707017779	0.746990834337107	0.901705512140401	1
chr12:111449493;T|A;Family=12795	-0.169210886717585	0.0113333211431418	0.114072026186689	1
chr12:111453948;C|T;Family=11731	-0.203884424977776	0.266383926041279	0.563475679909497	1
chr12:111816200;C|T;Family=14519	-0.025488879794147	0.753344359814475	0.905795123824237	1
chr12:111816750;A|T;Family=13187	-0.00740872996192877	0.910868853459446	0.965753187619227	1
chr12:111816778;T|C;Family=14260	0.0636408814370364	0.612728676513244	0.825688425837602	1
chr12:112053609;C|T;Family=11033	0.203372221462266	0.104431508299339	0.354563376971782	1
chr12:112508927;G|T;Family=13160	0.998264620614971	0.000180356314507306	0.00849443310238774	0.660104111096738
chr12:112970080;G|A;Family=12296	0.0761809332955599	0.287673185898379	0.58166514589745	1
chr12:116717020;TA|T;Family=14416	-0.206226495106483	0.100750775722915	0.347547445000818	1
chr12:116859326;T|A;Family=13567	0.0677519948556446	0.180998305832485	0.462976876028878	1
chr12:117209070;C|T;Family=14507	-0.081256156363316	0.552818668993293	0.787589072991612	1
chr12:117215112;C|T;Family=14284	-0.0808324369220422	0.0895123370604773	0.327120102909671	1
chr12:119159576;C|T;Family=14522	0.0990108503112387	0.288918135915673	0.582932953391048	1
chr12:120460320;C|T;Family=14095	0.0243993899928965	0.767919286845921	0.907225497048441	1
chr12:120696586;A|C;Family=22349	-0.303713440746464	0.0396468056824964	0.215982299415498	1
chr12:120762897;A|C;Family=11196	0.145962420939814	0.221744437218444	0.516275216424621	1
chr12:120764969;C|T;Family=13996	-0.0227321538515713	0.743013632080665	0.899282372161122	1
chr12:12094817;G|A;Family=14108	0.0200197455035879	0.760532702016433	0.906398004403686	1
chr12:121004021;A|G;Family=11205	-0.0406946197646049	0.558907783928923	0.790752562163087	1
chr12:121020607;A|G;Family=13532	-0.137498348605184	0.0583356964166814	0.25942727689557	1
chr12:121165437;C|T;Family=14257	0.276194904193256	0.017950603969189	0.147580375409131	1
chr12:121185462;G|C;Family=14696	0.124392940453404	0.320525208546181	0.612724807903325	1
chr12:121649034;C|T;Family=11215	-1.00905766884061	7.16042014722462e-09	6.55178443471052e-06	2.62071377388421e-05
chr12:121649978;T|G;Family=12719	-0.0329091807632227	0.652731458628816	0.851050238031105	1
chr12:122142004;G|A;Family=12867	-0.303978909358895	0.00174159893042085	0.0357887127892099	1
chr12:122143154;C|T;Family=11118	-0.432971991962022	5.16962479003738e-05	0.00435499633563842	0.189208267315368
chr12:122145614;C|T;Family=13152	0.140806261220775	0.289853638927949	0.584176386826153	1
chr12:122473224;T|C;Family=14484	-0.0040317254971958	0.967093004997127	0.98949913790517	1
chr12:122985855;C|T;Family=12068	0.152074759127311	0.152910791932812	0.426565166519888	1
chr12:123291583;A|G;Family=14363	-0.0523569986736011	0.649681915850364	0.848923888615613	1
chr12:123295534;G|A;Family=13041	0.124349067135157	0.117344585511177	0.379136598701892	1
chr12:124014248;G|A;Family=12728	0.193465718493292	0.160968820680634	0.437250676754159	1
chr12:125028457;C|T;Family=12512	-0.0865958346019911	0.665334951395707	0.858891525310633	1
chr12:125029809;T|G;Family=13097	-0.0874472375909653	0.276015618795397	0.571389799090019	1
chr12:125143296;G|A;Family=12532	-0.0713601975104274	0.729411107649514	0.892707540527935	1
chr12:125657481;T|C;Family=11233	-0.0140488648997508	0.874788060611106	0.952157620704875	1
chr12:125658027;G|C;Family=11233	-0.185859966065642	0.0191431342580996	0.153648840755799	1
chr12:125658842;A|G;Family=14613	0.102432862867735	0.384883943369185	0.663218094506223	1
chr12:130456610;C|A;Family=11345	0.224012478355553	0.0244987916012081	0.173099570000814	1
chr12:131944583;C|T;Family=14524	0.107660068415496	0.461150514994434	0.725270507076048	1
chr12:132196741;C|T;Family=11673	-0.101403174697574	0.191411916864018	0.478203150663689	1
chr12:132511604;C|T;Family=11470	0.150348621000151	0.0437937349251891	0.227032676807638	1
chr12:132584068;T|C;Family=11142	-0.27408745669929	0.0935106830714652	0.33566149803251	1
chr12:132775108;C|T;Family=11345	-0.128259934160574	0.124123618768036	0.388449370905409	1
chr12:133018678;A|G;Family=13167	0.0873760185708383	0.513570122209265	0.760275835364762	1
chr12:133107244;CAG|C;Family=12206	0.188885449755008	0.180191856838596	0.461836271729174	1
chr12:13551970;G|GA;Family=11121	-0.187520029500267	0.0982621190914391	0.34384225337354	1
chr12:13558545;G|A;Family=11057	-0.0194538591116258	0.723101210822583	0.88870061504723	1
chr12:14981780;C|T;Family=14124	0.0608185310743408	0.774599948097518	0.910935563610206	1
chr12:15596275;G|A;Family=11654	-0.0391639860496959	0.579185238034451	0.80296135272958	1
chr12:16594312;C|T;Family=11003	0.000526845026202178	0.997350098748758	0.99858893979487	1
chr12:190601;C|T;Family=13580	0.135878478056929	0.164460637210729	0.440971378894702	1
chr12:19372221;G|A;Family=12297	0.138335848256832	0.145267431804569	0.41537406281619	1
chr12:19373120;C|A;Family=13835	-0.277992174036356	0.0448038808665434	0.22902542454127	1
chr12:1950195;G|GTC;Family=12950	-0.00487813595419681	0.951312386674731	0.982727444321059	1
chr12:20711418;A|G;Family=13533	0.0644921422398636	0.497620948622272	0.752444076316066	1
chr12:20737256;G|T;Family=12906	-0.101912235346357	0.0195295207208127	0.156065602266757	1
chr12:21531159;A|G;Family=12788	0.733736698874512	0.0064727557218709	0.080854218232244	1
chr12:21924680;C|A;Family=13118	0.431452925236967	0.0331311927815492	0.198642043311446	1
chr12:26079613;T|C;Family=14576	-0.270728932714541	0.0847607046216517	0.316565513556536	1
chr12:26121198;T|C;Family=11356	-0.0318929772404555	0.800813744614782	0.924761493130177	1
chr12:26338385;G|A;Family=11168	0.242432512042047	0.112549074609766	0.371777629126124	1
chr12:26964790;G|C;Family=14554	0.284136513020692	0.0906591500807194	0.328852813969706	1
chr12:26964838;T|C;Family=14545	-0.213878571068177	0.226421148052704	0.523083669096861	1
chr12:30719113;G|A;Family=14474	0.182690028807101	0.0328383786652628	0.198642043311446	1
chr12:30996424;G|A;Family=11578	0.168730002430139	0.0104624201900125	0.108170785015383	1
chr12:31667984;G|A;Family=12603	-0.0107925679383969	0.903138230880366	0.96313692454025	1
chr12:31992971;TTAAG|T;Family=11333	0.290859297145052	0.208186101635178	0.501448947616601	1
chr12:32643133;A|G;Family=14608	-0.418454720306603	0.0331589346740792	0.198642043311446	1
chr12:32645051;C|G;Family=13462	-0.202941709752152	0.120290528617509	0.381652705172738	1
chr12:32791196;A|C;Family=11098	0.0297984672425045	0.887000045315859	0.956235689501044	1
chr12:3283454;C|T;Family=13623	-0.109519867328962	0.231296135278284	0.527113234818504	1
chr12:3593554;A|G;Family=13174	0.27436367465207	0.00560940750092087	0.0738441504616127	1
chr12:39553047;A|G;Family=12314	-0.127328591382893	0.381152322908312	0.66049913521434	1
chr12:39950119;T|C;Family=14692	0.0357152643486464	0.763979693475087	0.906962594264943	1
chr12:39951106;T|C;Family=13895	-0.0797301077316296	0.691145015731448	0.875144260689886	1
chr12:41072332;G|C;Family=12879	-0.513453298255608	0.0948785572001862	0.337797197813892	1
chr12:42084882;A|G;Family=13211	0.0316989708939649	0.833943021863086	0.935980208530786	1
chr12:42085385;C|T;Family=14452	-0.0743200151534674	0.155915956334676	0.431092102481868	1
chr12:42442154;G|A;Family=12799	0.0376530339907694	0.793617156948808	0.920630426631876	1
chr12:42445266;T|G;Family=14061	0.00736904286519144	0.926906944864521	0.970944309732154	1
chr12:4500258;C|T;Family=14402	-0.0593918499453517	0.388185976931145	0.664245003455608	1
chr12:45920025;T|G;Family=12341	0.356900246767123	0.124603183245945	0.388456261226711	1
chr12:47075765;T|C;Family=12845	0.0506298754540636	0.565109012616317	0.795499610067584	1
chr12:47744519;T|G;Family=12300	-0.0900101207758296	0.460388071310925	0.724739931612037	1
chr12:47780985;C|T;Family=13645	0.13702020402574	0.151215806921514	0.424418876256139	1
chr12:47788073;A|C;Family=11918	-0.151742593128584	0.163715905778986	0.4408620602886	1
chr12:48134794;G|A;Family=13471	-0.0235353014814326	0.724590464684889	0.889634720143138	1
chr12:48338099;G|A;Family=13447	-0.0120744669661764	0.89308838092864	0.958564068680007	1
chr12:48692215;T|C;Family=12529	-0.221191296403009	0.0142686997511753	0.12926594329035	1
chr12:48827626;C|A;Family=12457	-0.129377011540968	0.189756449103721	0.476670283953068	1
chr12:48914552;C|A;Family=14412	0.19106089381156	0.0265801192940531	0.179158815131186	1
chr12:48966507;G|A;Family=12346	0.0602470210742027	0.58920997801289	0.810108384495559	1
chr12:49019250;C|A;Family=14095	-0.0664572034236014	0.586183549931472	0.808681414530414	1
chr12:49020756;A|G;Family=12804	0.118144934119	0.270532323691529	0.565731577700247	1
chr12:49463191;G|C;Family=13116	-0.105573565420861	0.388088573069303	0.664245003455608	1
chr12:49867275;G|A;Family=11208	-0.0426963378188836	0.773180371575788	0.91079371217982	1
chr12:49957401;C|T;Family=14675	0.0128706902658349	0.794250691431496	0.920630426631876	1
chr12:50477022;T|A;Family=12641	-0.443036020416021	0.0146725827945015	0.130979641531404	1
chr12:50746032;A|T;Family=13364	0.0194162692542676	0.78450161523618	0.915917286203202	1
chr12:51196813;T|G;Family=11194	0.09622160026175	0.411480854247617	0.685365673423319	1
chr12:51352434;C|T;Family=13815	0.311117899231685	0.0621697151564025	0.267695479379333	1
chr12:51507933;C|T;Family=14017	0.104176515088052	0.12274732259247	0.386622375807608	1
chr12:51722551;T|C;Family=13210	0.0836603140733687	0.474275776236318	0.735841178899926	1
chr12:53025344;G|A;Family=13335	-0.107847436295109	0.36958989538482	0.654426229854109	1
chr12:53064322;A|G;Family=13617	0.290030675308388	0.0524289976809378	0.243658742680669	1
chr12:53327895;G|A;Family=12585	0.0482922205860425	0.567726742733704	0.797460171785219	1
chr12:53977028;G|A;Family=12498	0.29123398724702	0.00337041719288257	0.0525982556952504	1
chr12:54532250;G|C;Family=13764	0.252059859584691	0.134254945721707	0.404695636452166	1
chr12:55367547;A|C;Family=11575	-0.0867509408879608	0.139495647092234	0.411405373374356	1
chr12:55367558;A|C;Family=11575	-0.202044671639116	0.0523880479854085	0.243658742680669	1
chr12:55555603;C|A;Family=14077	-0.0898241858991904	0.477767905041282	0.739378660655852	1
chr12:55751470;G|A;Family=14668	-0.0813176448558038	0.374191767958156	0.655910857627801	1
chr12:55757313;A|C;Family=11573	-0.20422498575661	0.422076434662181	0.692495543212798	1
chr12:55821637;C|T;Family=11843	0.22259939867252	0.00947853206346251	0.101886837244838	1
chr12:56037956;A|C;Family=11198	-0.152120417890082	0.276346862260442	0.571429105013116	1
chr12:56712871;A|G;Family=11198	0.0403406338884241	0.495143889970023	0.751264491848074	1
chr12:57001546;T|C;Family=11933	-0.0630573718872906	0.343853762904323	0.627569662864137	1
chr12:57028607;G|A;Family=12325	0.0623354671731036	0.348694117143061	0.630875522180631	1
chr12:57028838;C|T;Family=13187	-0.0635097855986137	0.547006344670368	0.782965671291961	1
chr12:57235470;C|A;Family=11671	-0.214259383455354	0.0562698462411093	0.253942832604759	1
chr12:57823411;G|T;Family=14158	0.0726538895765027	0.559792319279934	0.790752562163087	1
chr12:59779592;C|A;Family=14475	-0.0904080509277408	0.219002689592514	0.51280369076923	1
chr12:6122766;C|T;Family=14609	0.0450718802749117	0.570170258047899	0.797715269287199	1
chr12:61709191;T|A;Family=11552	0.0675205419999068	0.729532309759305	0.892707540527935	1
chr12:62335564;A|G;Family=13929	0.126841669781503	0.415121276947986	0.688670436889204	1
chr12:62405485;C|G;Family=11556	-0.195607051803099	0.284789983748174	0.579394852984055	1
chr12:62405921;T|G;Family=11653	0.346821248192711	0.0873339970331615	0.322545337175955	1
chr12:62414589;G|A;Family=12550	-0.238316476039228	0.0124980252692472	0.119661418460593	1
chr12:62501626;A|G;Family=11905	-0.132222624810276	0.0386278299846751	0.214930622442706	1
chr12:62561094;C|A;Family=12220	0.195159506118388	0.335427521631325	0.623180065568857	1
chr12:62645630;T|A;Family=13616	-0.312378769314068	0.0025729519556978	0.0456087606428677	1
chr12:63146591;C|G;Family=14570	0.0340295954174566	0.847373576431187	0.93981433022368	1
chr12:6329869;G|T;Family=14152	0.153643684785826	0.0164588179234419	0.139120724248955	1
chr12:64714808;G|C;Family=12929	0.114587139002989	0.554183360256784	0.78861240223166	1
chr12:64715064;G|C;Family=11931	-0.0407744715979357	0.761806796988044	0.906646788059646	1
chr12:65466681;C|T;Family=11216	0.388728243005928	0.0302884241836102	0.189296760882015	1
chr12:6570170;T|C;Family=12891	-0.116987364396573	0.374652070175472	0.656089271216376	1
chr12:66345813;C|T;Family=11781	0.222501714989259	0.162054533777921	0.438049921438102	1
chr12:67311074;C|T;Family=13314	-0.14362883591641	0.246842450886704	0.54330375704791	1
chr12:67659038;C|T;Family=13010	-0.000622344725661393	0.994648354640331	0.997920224227964	1
chr12:68661243;G|GA;Family=14188	-0.143662695297178	0.443956094066752	0.712474927103142	1
chr12:68667799;A|C;Family=14619	-0.263322290241777	0.161400454725374	0.437250676754159	1
chr12:68765817;A|T;Family=12108	0.0735631158828082	0.498647312671797	0.752444076316066	1
chr12:68773240;T|C;Family=13694	0.273228993310573	0.00561992053700309	0.0738441504616127	1
chr12:68777610;C|A;Family=13565	0.561590596700692	5.19945965256779e-06	0.000906191539447529	0.0190300223283981
chr12:68839652;G|A;Family=11947	0.0611645433601401	0.422049012336645	0.692495543212798	1
chr12:68845263;G|A;Family=13560	0.278400904057883	0.178540404438072	0.460505905738792	1
chr12:68851407;C|T;Family=14123	0.019620306897932	0.841570504696162	0.937925714734456	1
chr12:69353396;A|T;Family=14551	-0.202258422407141	0.193448071066344	0.479587711930073	1
chr12:69575266;T|G;Family=11424	-0.359247651802715	0.01422217689935	0.129164187224866	1
chr12:69683242;T|C;Family=13012	-0.511382764786291	0.000150894130517637	0.00777848616471197	0.55227251769455
chr12:69683587;A|T;Family=13012	-0.120898518892999	0.233393480050699	0.529584709848456	1
chr12:6976750;A|G;Family=11892	0.0816751851934759	0.276897941429667	0.5719223846685	1
chr12:6977262;C|G;Family=14036	-0.0456197724297918	0.553630909662412	0.788132683533422	1
chr12:6981145;C|T;Family=12669	0.0130890646588183	0.876720947183796	0.952664223651976	1
chr12:70432230;C|T;Family=14346	0.0229542472166659	0.817742982485999	0.93067365138859	1
chr12:70433211;A|C;Family=11644	0.143757995140563	0.455182674413967	0.721823478490086	1
chr12:71786240;A|G;Family=13216	-0.0695584017826185	0.507098699265392	0.756308573476501	1
chr12:71791230;A|G;Family=12290	-0.00829126763010461	0.911695066392113	0.966069468151457	1
chr12:74540835;C|T;Family=11678	-0.16408209136841	0.0681871331632063	0.280725430120737	1
chr12:75277651;G|C;Family=13057	-0.120016927755261	0.261000692854851	0.560243689777535	1
chr12:75432182;T|C;Family=11981	0.109173050893426	0.557327134059401	0.790752562163087	1
chr12:75500348;A|C;Family=11167	0.0333229992336825	0.859838638253544	0.944756212774342	1
chr12:76044822;T|C;Family=11042	0.0677081058324577	0.678317459041084	0.869576847667379	1
chr12:76047956;A|AT;Family=11520	-0.0420372482604978	0.835898899479733	0.936562384792864	1
chr12:79451261;G|A;Family=13537	0.252334105649747	0.213493489699717	0.505487663969642	1
chr12:79592274;C|T;Family=14561	0.353478468946085	0.0717384199168501	0.28975404151722	1
chr12:79774887;C|G;Family=12645	-0.259874738969492	0.102734188687561	0.351974472701559	1
chr12:80679096;C|T;Family=11086	0.27434266887473	0.0217346130723108	0.162929393045865	1
chr12:83132643;A|G;Family=14022	-0.0348314507474777	0.705890626212474	0.880859083510963	1
chr12:85958506;T|C;Family=12201	0.00834665752338911	0.960446955036877	0.986390069097416	1
chr12:85960376;A|G;Family=13874	-0.0369381717923664	0.731763449916568	0.893351375258887	1
chr12:85964312;T|G;Family=12682	0.583043743780249	0.0226094385869576	0.16520973729671	1
chr12:85968103;G|T;Family=11056	0.0243967400552014	0.857520994028372	0.943917846058299	1
chr12:88093626;TTTTA|T;Family=12238	-0.288585646853071	0.0981992360231642	0.34384225337354	1
chr12:89421060;G|A;Family=13903	0.394427834311355	0.000181028902182034	0.00849443310238774	0.662565781986244
chr12:916707;C|CA;Family=11201	-0.000835978233475462	0.992569205433148	0.996653852369087	1
chr12:926902;AAGAG|A;Family=14501	0.0101105202135399	0.926481796761141	0.970944309732154	1
chr12:927165;G|A;Family=13965	0.0855501211967138	0.3332177094827	0.622427595071146	1
chr12:92775906;A|G;Family=13998	0.115436797985136	0.532689544719838	0.775823212763473	1
chr12:93512803;G|A;Family=11946	-0.166746968306601	0.301266192617002	0.59472817494361	1
chr12:95934176;A|G;Family=14386	0.185557186662873	0.240352418968165	0.536069380514005	1
chr12:9716586;T|C;Family=11417	-0.0568718200372203	0.404479809969946	0.679704363861341	1
chr12:9754370;A|G;Family=12494	-0.220611210415661	0.232748748651056	0.529331913353825	1
chr13:101719060;A|C;Family=13578	0.122006979242065	0.703649746155801	0.880338022253863	1
chr13:101722669;G|A;Family=12972	-0.00255052534188188	0.963353581954468	0.987639806709623	1
chr13:108307449;CT|C;Family=14603	0.262635163714648	0.291898084221024	0.586110584495952	1
chr13:109207141;C|T;Family=14456	0.116126700887442	0.325399977295326	0.617079749689581	1
chr13:110687748;G|A;Family=13687	0.0755099584388976	0.761214984192837	0.906398004403686	1
chr13:112910075;T|C;Family=11305	0.170152116470724	0.130680298873181	0.399335685219256	1
chr13:112917269;C|T;Family=12869	0.0698757530372948	0.424623067666613	0.694964597546327	1
chr13:112956885;A|G;Family=14165	-0.322012339663115	0.00307866225643797	0.050276859460409	1
chr13:113090030;C|T;Family=11099	0.157125459926682	0.0271051136855272	0.180700757903515	1
chr13:113816042;G|T;Family=14358	0.0278227200232511	0.780138315516837	0.912238413671445	1
chr13:113816271;A|C;Family=12964	0.0156407632400738	0.889322421636683	0.95666176331234	1
chr13:113816283;G|T;Family=12964	0.348518094200462	0.0234900181762831	0.167589603362955	1
chr13:20138542;C|T;Family=14370	-0.0569826580560576	0.671473488204942	0.864132548111845	1
chr13:20141428;G|A;Family=14484	0.137011016600784	0.104423046976718	0.354563376971782	1
chr13:20780589;G|C;Family=11089	-0.204419817368429	0.346057591058776	0.628466654547885	1
chr13:21154518;C|G;Family=13869	0.0766870018495246	0.149847504805565	0.423180453386087	1
chr13:21158043;T|C;Family=14097	-0.200582832527924	0.0198620564883928	0.156670531783443	1
chr13:21492794;T|C;Family=13070	-0.188957434259043	0.173674246672502	0.452807711763396	1
chr13:25249228;G|A;Family=14315	0.0295911783769555	0.720820814776018	0.887686467725514	1
chr13:25335555;G|A;Family=13218	0.0330925683994224	0.902499534452499	0.962736314805055	1
chr13:25341928;C|T;Family=11497	0.257288010926772	0.263556818137088	0.56029156732812	1
chr13:29509496;G|A;Family=14577	-0.0143283840062785	0.8465833830548	0.939561670993733	1
chr13:30459362;G|C;Family=11509	-0.379137745166221	0.00353198272134337	0.0531977644449249	1
chr13:32517549;A|T;Family=11114	-0.258928868384154	0.249638478243046	0.546793333618165	1
chr13:32776757;A|G;Family=14687	0.035729996655026	0.823043949733312	0.932706506056866	1
chr13:36847210;G|A;Family=13034	-0.157246823050468	0.269914703511763	0.565731577700247	1
chr13:39789275;A|G;Family=11194	-0.171738221222483	0.344172152540435	0.627569662864137	1
chr13:41129088;C|A;Family=13524	0.192369487412412	0.0504948427662114	0.240243229499174	1
chr13:41252566;G|C;Family=13876	0.0164776551374344	0.877171420092371	0.952664223651976	1
chr13:42166660;A|T;Family=12680	-0.221352496692798	0.183658916928075	0.467448981889258	1
chr13:42233480;C|T;Family=14586	-0.0500033371144962	0.652433273884003	0.850999922457395	1
chr13:42235436;T|TA;Family=13163	-0.320133754866896	0.255612129344392	0.553901949911471	1
chr13:44022567;G|A;Family=11360	0.13229129789552	0.053087215355257	0.245327283081112	1
chr13:44434270;C|T;Family=13608	0.0689506950741787	0.317639265185124	0.609947382254751	1
chr13:45782571;C|T;Family=13162	0.186366046101891	0.0848499368303173	0.316565513556536	1
chr13:48263554;C|G;Family=12184	-0.117726517917881	0.105199490591793	0.356509384783298	1
chr13:48267396;G|T;Family=14084	-0.1554246653491	0.117840616010658	0.379136598701892	1
chr13:49699807;G|A;Family=13621	-0.0949960858035555	0.254841231264204	0.553150340054224	1
chr13:50955833;A|G;Family=14633	-0.118009307681709	0.179213332724673	0.461331055205993	1
chr13:51374698;G|A;Family=14687	-0.0601839172770474	0.646329943843767	0.846962976895162	1
chr13:51760323;C|G;Family=13649	-0.12873041966293	0.0319329942625416	0.195442740804185	1
chr13:57726742;T|G;Family=12837	-0.10206700331035	0.395650373968594	0.6709503973354	1
chr13:66302882;G|A;Family=14681	-0.0426641125609643	0.739697277498238	0.896751253939567	1
chr13:67224268;A|T;Family=11152	0.0336902356384009	0.763093082461271	0.906646788059646	1
chr13:71440244;T|TGTAA;Family=14023	-0.0792238069874504	0.106091285777143	0.358867011039135	1
chr13:72756094;T|TAAC;Family=14237	0.129242102355669	0.575035810000897	0.800177492786078	1
chr13:73077466;A|C;Family=13324	-0.320096454984469	0.135957583906407	0.404874549447496	1
chr13:76880244;ATT|A;Family=11083	0.0477512937964798	0.716961470600537	0.88590295764941	1
chr13:77001351;C|T;Family=14432	0.129164278823585	0.662691755694506	0.857356548588131	1
chr13:77045036;G|A;Family=11010	0.125148424968851	0.342103935731138	0.626990688420614	1
chr13:78600311;T|TA;Family=13534	0.0105596104473741	0.961664584987968	0.987014128170488	1
chr13:78614347;A|C;Family=11544	-0.2150322510527	0.11741653598055	0.379136598701892	1
chr13:87683876;A|C;Family=13580	-0.1333449415276	0.500189368822805	0.752444076316066	1
chr13:94436896;G|T;Family=14007	0.166611461314539	0.375460685329138	0.656876724811016	1
chr13:94711191;C|T;Family=12014	0.0937440814649333	0.371704405478473	0.655256430250627	1
chr13:95207885;T|C;Family=13023	-0.279756887221868	0.00157337307693321	0.0336022601171005	1
chr13:95793362;G|A;Family=13932	0.0123056519385982	0.827279602142148	0.935634420654593	1
chr13:97464506;A|G;Family=11433	-0.0460017510225184	0.436020963877177	0.704765501286968	1
chr13:98024108;C|T;Family=14291	-0.22093134504833	0.0593828391802352	0.261047530399379	1
chr13:98400083;C|T;Family=22161	-0.108570957717458	0.428143590687427	0.697998014216474	1
chr13:98404385;C|A;Family=12686	0.100641780879099	0.285250251904394	0.580005375071842	1
chr13:98452189;C|T;Family=11115	0.0770000111613056	0.48310396104145	0.743862220198446	1
chr13:98856517;C|T;Family=12375	0.0564886090213702	0.276325613314697	0.571429105013116	1
chr13:99892578;C|T;Family=12308	-0.0513334196982581	0.561486758535628	0.792743047575609	1
chr14:100132753;GAGA|G;Family=14566	0.144050968084809	0.0129030918836799	0.122206351439673	1
chr14:100139286;A|G;Family=14195	0.19677400857857	0.0588062593285935	0.26025502919305	1
chr14:100292534;C|T;Family=12851	0.286867519069363	0.00147386372024928	0.0326929770673477	1
chr14:101562759;G|A;Family=14305	-0.09102844200665	0.311463179480275	0.604013120520894	1
chr14:101927185;C|T;Family=14537	-0.144742789273048	0.244229770714641	0.53945742958092	1
chr14:102047898;A|C;Family=13094	0.132582623118559	0.172701492578678	0.452323225112775	1
chr14:102086072;G|C;Family=11812	-0.155826963131334	0.0395179811428609	0.215982299415498	1
chr14:102195033;T|C;Family=14215	-0.000850522928330738	0.989717747430353	0.995702846507722	1
chr14:102210028;T|G;Family=13106	-0.15508413532551	0.394390679887417	0.670203624366495	1
chr14:102213013;C|T;Family=14115	-0.0634196590827122	0.371849072576654	0.655256430250627	1
chr14:102213969;G|C;Family=13375	0.0803213703092506	0.412568131068529	0.686363345323097	1
chr14:102229211;T|C;Family=13206	-0.222858428390539	0.12781042143486	0.393428210640527	1
chr14:102506416;G|C;Family=12749	-0.355538647021678	0.00028889768773989	0.0116884440529683	1
chr14:102906678;T|C;Family=13968	-0.0491023929702299	0.62180044523306	0.832098584845703	1
chr14:102907234;C|T;Family=11333	-0.148433608793309	0.240855410209079	0.53621094973554	1
chr14:102910062;C|G;Family=12048	-0.103503744845431	0.118798728543358	0.379740913946453	1
chr14:102911499;C|T;Family=14450	0.231177841730604	0.0278130995717646	0.18374528819958	1
chr14:102932637;G|A;Family=13552	0.132555348378491	0.145254150986942	0.41537406281619	1
chr14:103342934;A|G;Family=12858	-0.0364960677286269	0.813977920713366	0.929397653748858	1
chr14:103704906;G|A;Family=14133	-0.107014787324666	0.214790996212071	0.507131039107606	1
chr14:103705880;C|T;Family=13267	0.00119029831108526	0.989267200828624	0.995523221070323	1
chr14:103734576;C|T;Family=14066	0.141400928489109	0.0559889578296313	0.253866250243704	1
chr14:104112623;G|T;Family=12536	0.120005061373501	0.246861789063026	0.54330375704791	1
chr14:104721982;C|G;Family=12301	-0.0687154885630014	0.468871496851783	0.732556337233895	1
chr14:104747250;G|GT;Family=13316	0.0313431760001988	0.818403576443952	0.93110260795302	1
chr14:105049685;G|A;Family=11792	-0.125750059698034	0.234288424842999	0.530571690284158	1
chr14:105173014;TGGA|T;Family=14535	0.12151161123129	0.0550736751733093	0.250788798354504	1
chr14:105470468;G|A;Family=14042	0.062591875784508	0.290844289944849	0.585850358391936	1
chr14:19782641;G|A;Family=11730	0.124294704384858	0.0483149781885058	0.234696830539734	1
chr14:19880987;T|G;Family=22364	0.063665649291252	0.715602143813664	0.88590295764941	1
chr14:20031416;G|T;Family=11498	-0.0994199849573816	0.520146078151856	0.766374447829846	1
chr14:20425908;T|C;Family=13050	0.0113872498257367	0.920924567498638	0.969524968607575	1
chr14:20700952;C|T;Family=13309	-0.151106707962142	0.0279489925005397	0.18374528819958	1
chr14:20994001;G|A;Family=11494	0.248766865658546	0.210903602738732	0.50478099392894	1
chr14:20996199;G|A;Family=13621	-0.0190710322155838	0.830146081457924	0.935980208530786	1
chr14:22774371;G|A;Family=12300	0.290901393389196	0.102282292409777	0.351175600581411	1
chr14:22887622;G|A;Family=13750	-0.228412616038063	0.0180752280882626	0.147668158042502	1
chr14:22900579;T|C;Family=13250	-0.0116898891941117	0.943604969243094	0.976971481592567	1
chr14:22901745;A|C;Family=12955	0.141079533029735	0.0549194045761935	0.250788798354504	1
chr14:22972415;T|C;Family=12775	-0.255379918642881	0.00299188697695543	0.0497741197075313	1
chr14:23043475;C|T;Family=14348	-0.0718949060960318	0.304520925112035	0.59777246044816	1
chr14:23300858;C|T;Family=13508	-0.169404268005592	0.0681796261564246	0.280725430120737	1
chr14:23530131;G|A;Family=11328	0.349584581251966	9.63650488811154e-05	0.00629814426615862	0.352696078904883
chr14:24075435;C|T;Family=14339	0.137374122820948	0.213498714632798	0.505487663969642	1
chr14:24119799;G|A;Family=12501	0.116886468272334	0.201163622181063	0.491494564207404	1
chr14:24123924;G|A;Family=14349	0.154475638551982	0.000529190781192509	0.0166968815445223	1
chr14:24187426;C|T;Family=11028	0.0299153833864241	0.625870938632062	0.834798700945097	1
chr14:30619431;CAT|C;Family=13412	-0.507880388686541	0.00730960547242169	0.0868608961982578	1
chr14:30889794;G|A;Family=14587	0.215869813928477	0.0451096199978684	0.22994597380529	1
chr14:31073045;A|G;Family=11645	-0.125202888283651	0.33050476581041	0.620968913175617	1
chr14:31446717;C|T;Family=12014	0.214989335588448	0.073462901328363	0.294173105975721	1
chr14:33680780;A|C;Family=11800	-0.0984322155015249	0.324485614501116	0.61652946980887	1
chr14:33803547;G|A;Family=12697	0.223067339070145	0.00834431915824062	0.0936012695790838	1
chr14:35050255;C|T;Family=14675	-0.117409355221941	0.127321605311458	0.392253430504997	1
chr14:35099374;T|C;Family=13600	-0.0896583847360402	0.535336346003749	0.777025291154734	1
chr14:35871556;G|A;Family=14376	0.0111295908678526	0.921025086209442	0.969524968607575	1
chr14:36677286;A|G;Family=11303	0.0298148868646208	0.801831096572817	0.924898144801926	1
chr14:39182369;T|A;Family=14270	0.258796895746387	0.0870135627182823	0.322030183891276	1
chr14:45200776;A|C;Family=14568	-0.119558886071852	0.121894581738215	0.384598421691265	1
chr14:49783018;G|A;Family=12692	-0.0783875119102335	0.538227193889596	0.778226622271284	1
chr14:49786048;G|A;Family=12681	0.0728619954004333	0.332569532693587	0.622427595071146	1
chr14:50330962;C|T;Family=13023	0.282204226964327	0.0339958961469044	0.199484794378085	1
chr14:51254398;C|T;Family=12020	-0.152874529826396	0.0680426322062237	0.280725430120737	1
chr14:52005391;C|T;Family=13718	0.0436566764362238	0.638862309466713	0.841394765256628	1
chr14:52009877;C|T;Family=11089	0.181843697142052	0.282151604634075	0.577329863082615	1
chr14:52707428;C|G;Family=13903	0.236178420505275	0.000777585100012025	0.0217248966873589	1
chr14:52771440;T|G;Family=14081	0.0777990384292874	0.717753746775859	0.88590295764941	1
chr14:53040793;G|A;Family=14412	-0.0151169442399091	0.918857618464776	0.968611429602845	1
chr14:54424277;A|G;Family=11721	0.259065322933747	0.0184143215617078	0.149769815368556	1
chr14:54789343;G|A;Family=12225	0.0347879865487184	0.739190817286859	0.896434191938338	1
chr14:54790002;G|C;Family=11107	-0.0951419734666097	0.159109543514443	0.435232383604529	1
chr14:54792246;G|A;Family=14110	-0.340030418007096	0.000122180577829192	0.00719426465401139	0.447180914854842
chr14:55046970;C|T;Family=14640	0.113108169638097	0.647542662158438	0.847641682224564	1
chr14:55066791;A|G;Family=14210	0.0312352867465894	0.778076143087433	0.911896170705741	1
chr14:55069842;TC|T;Family=12396	0.0520083909574023	0.688831014318154	0.873968060892784	1
chr14:55368655;T|A;Family=13047	-0.0079662398241083	0.946014383120977	0.978407073378437	1
chr14:56609267;A|G;Family=12161	-0.152790440649688	0.0318179142438778	0.195408241396635	1
chr14:57206134;G|A;Family=12132	0.0607402938184827	0.752102884613119	0.904896961763319	1
chr14:59369246;C|CA;Family=14606	0.0482446394093239	0.735287970842647	0.894966072270116	1
chr14:60644825;T|G;Family=13007	-0.252573778231197	0.00672467703946534	0.0821330074043823	1
chr14:60710671;G|A;Family=13305	0.215842831475054	0.00178136594697823	0.0358230734392326	1
chr14:61550781;A|G;Family=13005	0.0206483462930041	0.907739086682448	0.964652224279526	1
chr14:62081161;C|T;Family=13012	-0.084712608761255	0.235526288433327	0.531526578964961	1
chr14:63373754;G|A;Family=11897	0.00220821254651922	0.98576542442461	0.994257165314637	1
chr14:64471001;G|C;Family=12346	0.262277835067772	0.0462495766944432	0.232518476238547	1
chr14:64481638;C|G;Family=13630	-0.163324506788752	0.0745517838535658	0.297232602291995	1
chr14:64587318;G|A;Family=11804	0.0942929042469182	0.221359612419164	0.515707308373101	1
chr14:64744664;G|A;Family=11520	0.508898327949964	0.00012962946530118	0.00719426465401139	0.47444384300232
chr14:64947292;C|T;Family=12073	0.189347852791611	0.0475112774837108	0.233776768635752	1
chr14:67333928;G|A;Family=13884	0.265551302503583	0.134787379085175	0.404874549447496	1
chr14:67471834;G|A;Family=12481	0.0162413015468357	0.774883200609611	0.910935563610206	1
chr14:67471937;C|T;Family=11505	-0.00101751865541319	0.988411298241268	0.994935465226359	1
chr14:67588167;C|T;Family=12780	0.0942342745964165	0.323048369478297	0.615490386408416	1
chr14:67762324;C|T;Family=12451	0.181633948070485	0.0272122219963232	0.181084968193714	1
chr14:67783324;C|T;Family=11933	0.0583680446637158	0.510444529795229	0.758824930564801	1
chr14:69349262;G|T;Family=12507	0.012529453859341	0.857207554916441	0.943873597310412	1
chr14:69458622;C|T;Family=11117	-0.110618529014903	0.125660336693067	0.390421759165218	1
chr14:69528683;G|A;Family=11775	-0.193961025003211	0.16134146906506	0.437250676754159	1
chr14:69714507;C|T;Family=13961	-0.141067615901498	0.0465046291521014	0.233318286149472	1
chr14:69714839;G|C;Family=13709	0.126189373418062	0.0596150921704806	0.261047530399379	1
chr14:70051018;G|A;Family=13618	0.0846554656430525	0.434100182348348	0.702390215470803	1
chr14:70672191;A|G;Family=13271	-0.0914752198538394	0.203001051604144	0.494007038875024	1
chr14:70672279;A|G;Family=14165	-0.0733535031819198	0.511842268641097	0.759652514643249	1
chr14:71741218;T|C;Family=14463	-0.00925984507955666	0.931003605239178	0.972174948694833	1
chr14:72951816;C|T;Family=14216	-0.0923316425374736	0.307611384749007	0.600890058007793	1
chr14:72957270;A|G;Family=11775	0.0695879082703117	0.807479421819847	0.927612147451319	1
chr14:72970085;C|T;Family=11051	0.0414483576762822	0.604170950636941	0.820811313782926	1
chr14:73219147;C|T;Family=12304	0.181281129378654	0.186423707584172	0.47146002287452	1
chr14:73219800;A|G;Family=14084	0.0877729209611031	0.439810607623062	0.708186020193755	1
chr14:73264024;T|C;Family=14378	-0.000168079550947572	0.997700902796573	0.99858893979487	1
chr14:74199900;A|G;Family=14234	-0.0765419552364857	0.460280695299036	0.724739931612037	1
chr14:74675817;G|A;Family=11462	-0.0338342650380152	0.673359161024574	0.8656604690381	1
chr14:74905829;C|T;Family=14342	0.0133848224024125	0.84101198373945	0.937588748244406	1
chr14:75014738;C|G;Family=11382	0.167173739523181	0.228409420006443	0.524312378229432	1
chr14:76501674;T|C;Family=13568	0.0125861410735298	0.926839965064835	0.970944309732154	1
chr14:76780525;A|G;Family=12674	-0.00581632819460656	0.962696221421848	0.987519106054923	1
chr14:76788186;G|C;Family=11924	-0.085067666547804	0.175189433669379	0.455354255273083	1
chr14:77131926;A|G;Family=11366	-0.17110384807205	0.00835335199284435	0.0936012695790838	1
chr14:77275778;G|A;Family=11110	0.0406624842950813	0.632798082201141	0.837800179347674	1
chr14:77331556;C|T;Family=13621	-0.143287140514181	0.0514385307680401	0.24170273767924	1
chr14:77672418;A|G;Family=12015	0.0574872336639709	0.80159706787234	0.924898144801926	1
chr14:80198034;C|T;Family=11108	-0.0268733770858005	0.850966825667526	0.941517104577734	1
chr14:81260740;T|C;Family=11033	0.567155964811164	0.00181553048541359	0.0360270612618871	1
chr14:81472756;T|C;Family=12426	-0.305508618039043	0.039643283563336	0.215982299415498	1
chr14:85638868;A|C;Family=14172	0.742990318556813	1.19422520976543e-05	0.00156102295276481	0.0437086426774147
chr14:85639167;T|A;Family=13705	0.0153107682412004	0.853763212285601	0.943449641248758	1
chr14:85640939;T|C;Family=12407	0.154734503635433	0.0991031539651821	0.344632309474048	1
chr14:85645330;G|A;Family=13901	0.727804287049041	0.044114840731065	0.227429560859591	1
chr14:85645691;A|C;Family=14344	0.149199452381864	0.0864229031093412	0.321124695817451	1
chr14:87941540;C|T;Family=11107	-0.079700459807521	0.592612920776967	0.812650164872124	1
chr14:88465931;AATT|A;Family=11366	-0.0978892923498442	0.507707163198965	0.756599437014745	1
chr14:88467813;C|G;Family=14590	-0.0684480206339493	0.682895170079475	0.871173343496298	1
chr14:90043800;G|A;Family=13335	0.0900662492064652	0.464115252050892	0.727379315172055	1
chr14:90533760;G|C;Family=14268	0.064241617699253	0.354568081494294	0.635513799348245	1
chr14:90538579;G|A;Family=14394	0.151712832905347	0.0783255722882597	0.302617385043973	1
chr14:92045541;A|C;Family=12892	-0.0811062714448291	0.359577961636664	0.641665207016182	1
chr14:92047191;C|T;Family=14135	0.0275327263901361	0.767643769111216	0.907225497048441	1
chr14:92053999;A|G;Family=11164	-0.0828336082770548	0.457286457180954	0.722342871507248	1
chr14:92054370;G|C;Family=12099	-0.259730450491855	0.0294802534085828	0.188303189311367	1
chr14:93227678;G|C;Family=14006	0.286104948975535	0.0338115544430786	0.199275828118628	1
chr14:93720913;C|A;Family=14227	-0.0113295083141698	0.876620177809856	0.952664223651976	1
chr14:94039397;GACAA|G;Family=14096	-0.143492772050415	0.0260664554426755	0.176685262575351	1
chr14:94569714;G|A;Family=11310	0.0192376582870843	0.861294358330381	0.944756212774342	1
chr14:95185595;A|G;Family=11201	0.17964429899281	0.000927025948065056	0.0244195478282512	1
chr14:96243117;G|GA;Family=14404	0.00792988003845899	0.945704859089777	0.978407073378437	1
chr14:96385707;G|A;Family=11526	-0.294789249962629	0.0109827189600129	0.112125618636642	1
chr14:99501572;T|C;Family=14618	-0.16145225812639	0.0975239997672111	0.342222281062313	1
chr14:99508667;G|C;Family=14525	-0.20765665257286	0.00633192527800866	0.0793659127312044	1
chr14:99940981;T|G;Family=11575	-0.216425244788835	0.150934947430173	0.424287988438075	1
chr15:100567287;C|T;Family=14290	0.0260048737741313	0.756376888672265	0.906365119327393	1
chr15:100915213;C|G;Family=14525	-0.0351955799413199	0.65914351758009	0.855484139837989	1
chr15:101027693;G|A;Family=12036	-0.289103691278994	0.0540439825442211	0.248181902273336	1
chr15:101029230;C|T;Family=13822	0.580941737687514	4.24815428696116e-07	0.000155482446902778	0.00155482446902778
chr15:101068817;G|A;Family=12550	0.139736046558693	0.0643222398142884	0.27247615476886	1
chr15:101069279;G|T;Family=14260	-0.130257918769339	0.0921732463914205	0.33280432730625	1
chr15:101177327;C|T;Family=14043	0.0808363683323941	0.770328695163617	0.908898460444499	1
chr15:101270931;G|C;Family=12796	0.0663508276436586	0.632618165701031	0.837800179347674	1
chr15:101271238;C|T;Family=14047	-0.0599384271595181	0.766459851730643	0.907225497048441	1
chr15:101346652;G|A;Family=13532	0.011754619844004	0.852587281024044	0.94274001466707	1
chr15:22827571;A|G;Family=13624	-0.26252573689782	0.0247536572887114	0.174099902852415	1
chr15:23441288;T|A;Family=14697	-0.163578632453574	0.279741925192394	0.574554122449025	1
chr15:23567590;T|G;Family=12925	0.0440021316649845	0.737002115251948	0.894966072270116	1
chr15:24982024;C|T;Family=14272	0.343570688080086	0.0102885911218633	0.106674910781925	1
chr15:25334715;T|C;Family=12162	-0.0166299257854026	0.835304816253403	0.936360069674565	1
chr15:25677943;G|A;Family=14245	-0.00989035692694128	0.875672828222024	0.952157620704875	1
chr15:25679685;C|T;Family=12132	-0.105139220870276	0.495506142983948	0.751264491848074	1
chr15:25680190;T|C;Family=14465	-0.166643659248436	0.0164372632683914	0.139120724248955	1
chr15:26583387;C|T;Family=12573	0.339776026435441	0.00699928069348019	0.0850673167260511	1
chr15:27535641;C|CA;Family=13634	0.108092424186187	0.13449496164898	0.404812137857949	1
chr15:28260857;G|A;Family=14243	0.0110910857781069	0.899113368638196	0.96220904363035	1
chr15:28269371;A|C;Family=11469	0.00626966909984703	0.928859166131639	0.971407548998798	1
chr15:29121091;G|A;Family=12246	-0.037667313884025	0.628977549648293	0.836199720927263	1
chr15:32638104;T|C;Family=14070	-0.00328256363847221	0.980979152411429	0.992392355177214	1
chr15:32768823;G|A;Family=13673	-0.203291496494547	0.32769731921744	0.618871098212503	1
chr15:32770748;C|A;Family=11380	0.0778554751689004	0.205670930454607	0.498513646002557	1
chr15:34228531;C|G;Family=11484	-0.143779092652368	0.283702445842788	0.578146409679623	1
chr15:34904362;T|G;Family=13050	-0.35022956930447	0.0679273713930748	0.280725430120737	1
chr15:34980804;A|G;Family=14620	0.378265368248472	0.074055528694362	0.295576046915338	1
chr15:40091406;A|G;Family=14446	0.343397893882244	6.02041669638078e-05	0.0046882393848412	0.220347251087536
chr15:40272478;G|A;Family=11368	0.0915850304510837	0.388067885719763	0.664245003455608	1
chr15:40324948;T|G;Family=11014	-0.0415393824223105	0.542186943687349	0.779960260811826	1
chr15:40375689;C|G;Family=13585	-0.00439634219194854	0.933374824079423	0.972795402690104	1
chr15:40663005;G|T;Family=12716	-0.124961753509031	0.47967596034794	0.739905102845174	1
chr15:40736463;C|A;Family=11578	0.223901147369773	0.0561141520347422	0.253866250243704	1
chr15:40765303;A|C;Family=11220	0.0423763117835305	0.784978422208628	0.91614190857257	1
chr15:40767256;C|T;Family=13544	0.103006040919838	0.274980542964209	0.570492831268591	1
chr15:40814773;C|T;Family=13948	-0.120320721064255	0.104585877042865	0.354758396642154	1
chr15:41280038;A|G;Family=12656	-0.177417229523639	0.0618261799582801	0.267332881286952	1
chr15:41898395;T|G;Family=11257	-0.0430815631119419	0.778357366522594	0.911896170705741	1
chr15:42239720;C|T;Family=14118	0.189324957530081	0.0661657272895135	0.277395832622703	1
chr15:42352520;C|T;Family=12510	0.0486856129169294	0.59813515058167	0.817161123974957	1
chr15:42355683;T|C;Family=12858	0.0596832375124926	0.436916099021894	0.704765501286968	1
chr15:42567837;C|T;Family=13888	-0.00422690752019964	0.971045247613657	0.990164931152945	1
chr15:42569418;C|T;Family=14385	-0.136863056968595	0.172772641723404	0.452323225112775	1
chr15:42718825;G|A;Family=11339	-0.110366842873627	0.29400246384515	0.588002615746486	1
chr15:42728672;CT|C;Family=12622	0.0483941631658148	0.369871980055572	0.654438105507951	1
chr15:45691267;A|G;Family=12826	-0.472637672121424	0.0290687617973919	0.187379922894129	1
chr15:48460268;G|A;Family=11018	0.370055280274776	6.88935670172737e-08	4.20250758805369e-05	0.000252150455283222
chr15:48989689;A|G;Family=11364	0.188331093019165	0.384323590961398	0.662876693175645	1
chr15:49859538;T|C;Family=12759	-0.257791627066486	0.063105044049507	0.269503455333951	1
chr15:50499413;T|C;Family=11030	-0.0854175100457107	0.625667136671913	0.834798700945097	1
chr15:50501626;A|G;Family=12161	-0.0361867406745174	0.761275263807905	0.906398004403686	1
chr15:50561366;T|C;Family=13998	-0.0950700839845979	0.408228264462226	0.68341805882805	1
chr15:51208400;C|T;Family=11551	0.245095001626712	0.00914101979934438	0.099571822814287	1
chr15:52121290;C|T;Family=12108	0.115206428320594	0.273803736795095	0.569387316289801	1
chr15:52229152;C|T;Family=11329	-0.159039823688024	0.125400487005382	0.390021651889714	1
chr15:52383145;G|C;Family=14068	-0.0747388658482199	0.379661968570414	0.659310523543446	1
chr15:53514080;G|A;Family=14209	0.0256389874450036	0.870523935380066	0.949662474960072	1
chr15:55359693;G|A;Family=12563	0.0944911694155989	0.330084688587571	0.620968913175617	1
chr15:55539177;C|T;Family=11079	0.237678464148682	0.281529844664453	0.576657156573767	1
chr15:55613938;G|A;Family=12021	-0.096520464163594	0.261226195371011	0.560243689777535	1
chr15:56088533;TTTTG|T;Family=11181	-0.116618177229998	0.654717424239303	0.852763620183576	1
chr15:56093321;G|A;Family=13684	0.151308029032372	0.121091241064122	0.382752331268711	1
chr15:56396701;G|C;Family=12906	0.292923056167189	0.0155291708185717	0.135648604286331	1
chr15:56397396;T|G;Family=12906	-0.309598809335686	0.000250208054285514	0.0107736644551174	0.91576147868498
chr15:56398111;T|A;Family=12906	0.232903604717406	0.158454716847232	0.433765343052259	1
chr15:56653398;A|C;Family=12572	0.061090133362347	0.373705602075503	0.655372546045204	1
chr15:57547895;A|G;Family=12648	-0.0177286367579604	0.765227222591838	0.906972679626337	1
chr15:58590855;AACC|A;Family=14608	-0.342497426440652	0.0599314052192248	0.261129694169479	1
chr15:59132694;T|C;Family=13169	-0.00782731284721686	0.929708667206815	0.971407548998798	1
chr15:59134897;T|G;Family=14109	0.007158762861692	0.932943928465214	0.972795402690104	1
chr15:59137358;A|G;Family=11246	-0.0599382673560339	0.444031505115373	0.712474927103142	1
chr15:60422471;T|A;Family=13916	-0.100783732804135	0.291953893827444	0.586110584495952	1
chr15:60423023;T|C;Family=12246	0.0428679297801013	0.6329282775673	0.837800179347674	1
chr15:60451608;A|G;Family=12802	0.309274694606883	0.0866936596813459	0.321786524332534	1
chr15:62069453;C|T;Family=14228	0.0911939071414264	0.347632767936478	0.630181243510406	1
chr15:63322397;C|T;Family=11546	-0.138517851970251	0.599472356572733	0.818511191733336	1
chr15:63599874;T|G;Family=13258	-0.234820176541694	0.0160355829057782	0.137822261883766	1
chr15:63600869;A|G;Family=13082	-0.127098274097544	0.326431019174654	0.617879151188057	1
chr15:63601973;A|C;Family=14038	0.114645241712444	0.164299412632145	0.4408620602886	1
chr15:64168554;G|T;Family=14004	0.167618381534321	0.335637650981773	0.62325408553693	1
chr15:64424311;G|C;Family=14304	-0.0702625820220385	0.692876261280296	0.875498126112734	1
chr15:64503001;T|C;Family=13026	-0.0333382684957863	0.689368357596087	0.873968060892784	1
chr15:64866999;C|T;Family=11998	-0.0508567507670432	0.556582165153442	0.790489221754598	1
chr15:65577405;C|CG;Family=14244	-0.0209111279047834	0.801131499571037	0.924761493130177	1
chr15:65577406;A|C;Family=14244	0.152726123222889	0.0485424865351308	0.234696830539734	1
chr15:65661399;C|T;Family=13649	0.84106362848767	0.0205931163186767	0.159683910437196	1
chr15:65896118;C|G;Family=12161	-0.121358239315983	0.28293695981982	0.577551184015919	1
chr15:65906121;G|A;Family=12056	0.572362473909874	0.248753559790306	0.546793333618165	1
chr15:66337167;T|C;Family=12238	-0.329262966841004	0.0174499838412331	0.145152138315711	1
chr15:66553131;C|T;Family=14675	0.0583760680386332	0.327096209161979	0.61805478860756	1
chr15:66781212;G|A;Family=14671	0.0165777296525761	0.883315539796956	0.955872823517991	1
chr15:67373445;T|C;Family=14523	0.270703668609394	0.000927409056865276	0.0244195478282512	1
chr15:67373521;GT|G;Family=12548	0.0203446050168592	0.833543049540103	0.935980208530786	1
chr15:67501603;C|A;Family=12532	0.0541693428533525	0.774587042957621	0.910935563610206	1
chr15:67530050;T|C;Family=14596	0.0816063798634047	0.409791449565672	0.684234910343359	1
chr15:68292743;G|T;Family=14006	-0.582916123166723	0.0208568579658238	0.159769650195072	1
chr15:68779354;T|TG;Family=14207	-0.0788134359891779	0.536612422959396	0.777514437067059	1
chr15:69270974;G|A;Family=14464	0.128722832212635	0.378609235267571	0.658791534505422	1
chr15:70049346;C|T;Family=13977	0.102457615272471	0.40026485026575	0.676447252539154	1
chr15:71959179;C|T;Family=11445	0.188336467273456	0.40253651647077	0.677683371795316	1
chr15:72141795;AAGATT|A;Family=13776	0.107848338242186	0.286094617188587	0.580435864140926	1
chr15:72208624;C|T;Family=12795	0.0558789891060049	0.298200269179299	0.59315923108491	1
chr15:72593154;T|A;Family=13763	-0.06972692854422	0.631813850880494	0.837800179347674	1
chr15:72756402;A|C;Family=14428	-0.0933443380355218	0.347482396307506	0.630181243510406	1
chr15:72774997;T|C;Family=12704	-0.297505956678528	5.72750604625795e-05	0.00455710263680524	0.209626721293041
chr15:73739396;G|A;Family=13166	0.164911482596759	0.0394656551060953	0.215982299415498	1
chr15:73946452;T|A;Family=14240	0.0575130156468637	0.507548185984729	0.756599437014745	1
chr15:73981283;G|A;Family=14342	0.207783419604947	0.0197440146909882	0.156670531783443	1
chr15:73981895;G|A;Family=14458	0.0197201215138894	0.823126233487343	0.932706506056866	1
chr15:74630849;G|C;Family=11731	0.0761330603785569	0.397989599145593	0.674059200774119	1
chr15:74803022;T|C;Family=12492	-0.0240967858692416	0.770085912603138	0.908898460444499	1
chr15:74845146;GA|G;Family=14257	-0.0901574604260166	0.200961490288889	0.491328693692274	1
chr15:74901292;G|A;Family=14290	0.107860202870264	0.26917054880247	0.565731577700247	1
chr15:75355796;C|T;Family=13122	0.126874642311086	0.0571059522335817	0.256353695235997	1
chr15:75370263;G|A;Family=11504	0.0993041969024411	0.286054117596454	0.580435864140926	1
chr15:75463370;A|G;Family=14482	0.225006940928201	0.0167909237629027	0.1409513325051	1
chr15:76728599;C|T;Family=14558	0.187389424718067	0.029989229430331	0.189142792097862	1
chr15:77007986;G|A;Family=12279	0.00396682646629694	0.959100172386752	0.986041188465032	1
chr15:77107216;T|C;Family=12618	0.0629287987142229	0.445159862902274	0.713112050709379	1
chr15:78163484;A|G;Family=14436	0.0799766574807049	0.695973593207083	0.876854854092228	1
chr15:78478334;C|T;Family=13364	-0.117047057673162	0.115119849357705	0.376775036319837	1
chr15:78490631;A|G;Family=13557	0.0643343646800384	0.499127293440093	0.752444076316066	1
chr15:78536282;C|G;Family=11303	-0.0279673567953377	0.782366308576253	0.914259479370717	1
chr15:78594137;CTTACT|C;Family=22349	-0.0169014552363086	0.928966082455071	0.971407548998798	1
chr15:78925354;A|G;Family=11963	-0.527001804236284	0.00589453830030653	0.0756982813302523	1
chr15:79295340;G|A;Family=11989	-0.292639491350055	0.0249504411915545	0.174099902852415	1
chr15:79845082;C|T;Family=22249	0.975621526777062	3.40636290585556e-05	0.00311682205885784	0.124672882354314
chr15:81303649;C|T;Family=14369	0.384000081587166	0.0422107763576213	0.222399126974667	1
chr15:82043046;G|A;Family=14351	-0.0471146738011364	0.586956191350339	0.808906436098017	1
chr15:82687129;TGAA|T;Family=13394	-0.130506522162711	0.0520281920869087	0.243507906698319	1
chr15:82842933;T|C;Family=13673	0.201571079250344	0.033252609184907	0.198642043311446	1
chr15:83017414;C|T;Family=12588	-0.0281535910744006	0.874434111478092	0.952157620704875	1
chr15:83138377;T|C;Family=13881	-0.509520047891515	0.0288031669020589	0.187173778609995	1
chr15:83138723;C|T;Family=13191	0.183954801565728	0.150432238141544	0.423524608921576	1
chr15:83139026;G|C;Family=11235	0.552818313659836	0.011256922822028	0.114072026186689	1
chr15:84802623;C|T;Family=11729	-0.00241472995981829	0.965415859713506	0.988923046893767	1
chr15:84804014;A|G;Family=13466	-0.175544361854246	0.0982674855269733	0.34384225337354	1
chr15:84806138;A|G;Family=11203	-0.216314972054138	0.0342830425310971	0.199484794378085	1
chr15:86909044;C|A;Family=13724	-0.0370928075330874	0.555481970372305	0.78923292374326	1
chr15:86910332;A|T;Family=14254	0.174025409167371	0.324604450361118	0.61652946980887	1
chr15:87861035;T|G;Family=14410	0.120330470554528	0.372824717712414	0.655258181876176	1
chr15:87874420;G|A;Family=11458	0.11085240681221	0.0963389560035008	0.340074995067127	1
chr15:88480591;A|T;Family=14635	-0.00744173922138084	0.925358114314803	0.970944309732154	1
chr15:89195431;G|A;Family=14575	-0.120052799719197	0.0926121864168007	0.333951332300976	1
chr15:89202100;G|A;Family=14536	-0.131301849546587	0.367692982879469	0.652646128680337	1
chr15:89326709;ACTCCTC|A;Family=14565	0.143444964463093	0.0952927535764835	0.338284653821464	1
chr15:89681678;C|T;Family=13484	0.0800191277875579	0.597648950722444	0.816801777312974	1
chr15:89682026;G|C;Family=11411	-0.262966099394733	0.0489476009268817	0.2354115892147	1
chr15:89833427;A|T;Family=11456	0.114919802128515	0.0245851113894161	0.173374773960044	1
chr15:89834264;A|T;Family=13666	0.358283407424686	0.00281353876293359	0.0478955901038927	1
chr15:90273069;G|T;Family=14633	0.138500658872511	0.293798399186908	0.588002615746486	1
chr15:90365138;GA|G;Family=13589	0.0291937689664133	0.766246158175859	0.907225497048441	1
chr15:90500172;T|G;Family=11047	0.0863130692446297	0.326658934087294	0.617879151188057	1
chr15:90883330;G|A;Family=Hou-etal:rs4702	0.115969215943501	0.235929685546063	0.531947282744653	1
chr15:91300272;G|A;Family=14344	0.196762806695815	0.0158122034411148	0.136686703259558	1
chr15:92618243;G|A;Family=11089	-0.0564362491998562	0.456596436561492	0.722169140144616	1
chr15:92901779;A|C;Family=12687	0.19739350594709	0.349316416896708	0.631217708635209	1
chr15:92901780;T|A;Family=12687	0.198719126642429	0.125424995703331	0.390021651889714	1
chr15:93045173;G|A;Family=11627	-0.0240808473571506	0.77647198444429	0.911896170705741	1
chr15:93045216;C|T;Family=13333	0.0668665014317301	0.348705240811863	0.630875522180631	1
chr15:94481478;G|C;Family=13732	0.100047867068812	0.115092356641198	0.376775036319837	1
chr15:94481988;A|G;Family=12483	-0.718471802648346	0.00562910327289343	0.0738441504616127	1
chr15:96338680;G|GT;Family=12493	-0.498170410100317	0.021627154630497	0.162929393045865	1
chr15:98961301;G|A;Family=13914	0.16899616439551	0.120521362263145	0.381911849249446	1
chr15:98961330;T|C;Family=14452	0.419771152763382	0.192302339956588	0.479485488457972	1
chr15:99713046;T|C;Family=11045	0.134613232798229	0.0641527437218383	0.272073049851597	1
chr15:99713601;C|T;Family=12372	-0.544503270721666	0.137798304457858	0.407713657490509	1
chr15:99713868;T|C;Family=13628	-0.261590165910817	0.0946147977171941	0.337265202131761	1
chr15:99715933;A|G;Family=13251	-0.148458421389391	0.203477572774292	0.494835824819873	1
chr16:10528610;T|G;Family=12729	0.0196469593306246	0.906707544047951	0.964605845382108	1
chr16:10532068;C|T;Family=13234	-0.101438447631411	0.319586187778504	0.611760171165965	1
chr16:10940794;C|T;Family=13850	0.130745525010802	0.118339921521089	0.379600449401566	1
chr16:11372558;G|C;Family=14393	-0.156544689500478	0.11343428775566	0.373689912858429	1
chr16:11549237;CA|C;Family=11417	-0.156038351754968	0.0359604421057796	0.204689297211747	1
chr16:11871306;C|T;Family=13015	0.246975515570316	0.0172460852023604	0.144111122923834	1
chr16:1213915;A|G;Family=14061	0.164255098503223	0.186253732215921	0.471430608513327	1
chr16:12569002;G|T;Family=14493	-0.00506474483766396	0.940908657855571	0.975007272862794	1
chr16:12569318;T|TGC;Family=12285	0.00887786749633941	0.914802764039907	0.966553682876295	1
chr16:12569804;A|G;Family=14265	-0.0627049218073041	0.350257794823753	0.631810512101988	1
chr16:12573936;CTT|C;Family=11839	-0.19187244179162	0.0586701443716103	0.26025502919305	1
chr16:1321063;C|T;Family=14016	0.0233212927025893	0.831172861056988	0.935980208530786	1
chr16:1321177;C|T;Family=11685	0.00427866179000688	0.958960908310921	0.986041188465032	1
chr16:13237326;G|A;Family=14058	0.0184331074361249	0.848978265883887	0.94045413230479	1
chr16:1324951;G|A;Family=14321	-0.263981825089813	0.394431313356675	0.670203624366495	1
chr16:13948562;T|C;Family=12821	0.263489892685234	0.00304392796162266	0.0499586382938966	1
chr16:13949970;A|AT;Family=11479	0.00325385643060757	0.971651000009382	0.990164931152945	1
chr16:189971;T|C;Family=14122	-0.131646661258395	0.0138245689104274	0.126837575388072	1
chr16:19267192;C|T;Family=14257	-0.0832878697800477	0.291813423114058	0.586110584495952	1
chr16:1938368;C|T;Family=13263	-0.0719936409259358	0.380268316398483	0.659612340293103	1
chr16:1984949;A|T;Family=12864	-0.484675112247116	0.0684136359098675	0.281200327899271	1
chr16:19856813;C|A;Family=11298	-0.527341549702101	0.00478079918736004	0.0667869171670829	1
chr16:1993957;C|T;Family=12014	-0.121461625455857	0.133577733395315	0.403711399031257	1
chr16:20032346;T|C;Family=12325	0.167610765034737	0.0477377144929298	0.233776768635752	1
chr16:2081694;C|T;Family=14601	-0.0490928777675856	0.658256703515334	0.854636230885464	1
chr16:2086268;C|T;Family=12621	-0.0753477125136502	0.446041692403277	0.713822734672494	1
chr16:21179846;G|A;Family=14379	0.162024841567106	0.169053059397205	0.448033452131622	1
chr16:21251033;C|T;Family=12631	0.0803624921462048	0.489472556872615	0.748003990878401	1
chr16:23063202;T|C;Family=13364	-0.208763814848153	0.0457577074259311	0.231057652401506	1
chr16:23464668;G|A;Family=14519	-0.067054465313367	0.111621314459926	0.370384416068296	1
chr16:23667172;T|C;Family=12647	0.048783972855578	0.469703180075317	0.733097500671923	1
chr16:24215158;A|G;Family=13136	0.0318508263601625	0.72356783827628	0.888975591839941	1
chr16:25239158;G|T;Family=11352	0.179962507061975	0.0248705903620832	0.174099902852415	1
chr16:2707660;C|A;Family=14036	0.245699054505161	0.0202384494995883	0.158109347577385	1
chr16:2707663;G|A;Family=14036	0.0215202782336772	0.806286111064062	0.926618749496344	1
chr16:27449743;C|T;Family=14061	-0.0587049956536683	0.291365307811319	0.586110584495952	1
chr16:27788100;C|A;Family=11993	-0.0506712715171091	0.556928933245161	0.790674901348832	1
chr16:28484111;A|G;Family=13368	-0.209867400681831	0.0256143542683022	0.174903986235049	1
chr16:28873529;G|A;Family=13076	-0.0270589166823482	0.864031167486601	0.945114785714572	1
chr16:29743897;C|T;Family=11301	-0.0522368294165779	0.353844686061665	0.635130471919946	1
chr16:29992683;G|C;Family=11003	0.116151779882535	0.145897603725332	0.416850296358092	1
chr16:30095091;C|T;Family=11055	-0.0565005728497679	0.45624344973408	0.722169140144616	1
chr16:30532838;G|A;Family=22030	-0.0301547726276847	0.815832270133688	0.92991158788206	1
chr16:30780397;T|G;Family=12829	0.082566503923627	0.34388185530759	0.627569662864137	1
chr16:30990077;T|A;Family=11540	0.010055246108923	0.89432958281118	0.959333608759941	1
chr16:31193345;A|G;Family=14416	0.0361695574183771	0.497006526044556	0.752444076316066	1
chr16:31332096;C|T;Family=11484	-0.136773118617133	0.216831880451085	0.509701144798311	1
chr16:3140739;C|G;Family=12536	-0.00148807335973192	0.987916100845393	0.994710571965375	1
chr16:3535329;G|T;Family=14149	0.0827222589474009	0.282655357586623	0.577551184015919	1
chr16:3656675;G|A;Family=13424	0.111259982520786	0.14135310983577	0.412890967277669	1
chr16:3704332;A|T;Family=12073	0.255470979982481	0.037389676303677	0.209565413891972	1
chr16:4190888;C|T;Family=11235	-0.243073058683655	0.00670489875990235	0.0821330074043823	1
chr16:46657240;T|A;Family=12719	0.0108213448961254	0.914750514940883	0.966553682876295	1
chr16:4690849;G|A;Family=14653	0.200959830680012	0.0396564878377583	0.215982299415498	1
chr16:46929467;AG|A;Family=12779	-0.179177939701942	0.0471360752685568	0.233764275722111	1
chr16:4752418;C|T;Family=14070	-0.120233952426044	0.551741752190481	0.786565335937757	1
chr16:48352917;C|G;Family=12788	-0.279527283403092	0.000342688477567318	0.0132025245041725	1
chr16:48538924;C|T;Family=14617	0.0505108033624874	0.450526341209141	0.717860865836072	1
chr16:49279058;G|T;Family=13283	-0.0761014759529695	0.528565718848714	0.772275661072373	1
chr16:49490000;C|T;Family=14598	0.05075586271522	0.351662393317384	0.633719527100752	1
chr16:50707935;A|G;Family=13504	-0.115177286819708	0.314568456616298	0.606596707700553	1
chr16:53491584;A|AAGAT;Family=14637	-0.38555502993282	0.0549990189780153	0.250788798354504	1
chr16:53934071;C|T;Family=13882	0.352084369850719	0.000713302116235489	0.020719728138269	1
chr16:54115899;A|G;Family=14641	0.224306322501545	0.0549346682920527	0.250788798354504	1
chr16:54118659;A|G;Family=11587	-0.00648168359079045	0.8988969482376	0.96220904363035	1
chr16:56847265;ATC|A;Family=13856	0.0348906130170604	0.429111612473634	0.69864257190992	1
chr16:56944000;G|A;Family=12020	1.06625763888178	0.000257212300722005	0.0108264923152188	0.941397020642539
chr16:57082663;G|A;Family=14247	0.132883576406623	0.0426153071129008	0.223455621824093	1
chr16:57148331;G|GTACA;Family=11056	-0.217729327042848	0.02670188731	0.179319096430459	1
chr16:57167173;C|A;Family=14042	-0.0340338935318238	0.758599056347603	0.906398004403686	1
chr16:57252813;A|G;Family=12975	-0.0344746036027968	0.686908496380233	0.873530391946053	1
chr16:57252942;G|GA;Family=14423	-0.281448444272912	0.0115639150924146	0.115324057869857	1
chr16:57883767;A|G;Family=13129	-0.088104326644826	0.385225444731542	0.663255685438882	1
chr16:583935;G|A;Family=14161	0.055331721418201	0.68132506149759	0.871130717061646	1
chr16:58512675;T|C;Family=12318	-0.13991927446796	0.0961781946995458	0.340074995067127	1
chr16:58520791;C|T;Family=13143	0.0369086791725912	0.625447684879946	0.834798700945097	1
chr16:59123;A|G;Family=13681	-0.0667379115926012	0.28471316040298	0.579394852984055	1
chr16:61653156;G|T;Family=12469	-0.171304314804247	0.256288974817692	0.554711796471174	1
chr16:62660;C|T;Family=14680	0.0137881030708251	0.904766108647628	0.963749696638626	1
chr16:66400812;C|T;Family=12086	-0.19262681164173	0.0271007375271111	0.180700757903515	1
chr16:66404214;G|A;Family=14152	-0.0283555356856588	0.716918649492143	0.88590295764941	1
chr16:66612716;C|T;Family=12662	-0.111125399702886	0.405050884737351	0.680276239345368	1
chr16:66616749;C|T;Family=11775	0.0988224414020426	0.30056029422164	0.59472817494361	1
chr16:66854047;G|C;Family=13259	-0.124839490292828	0.0489220739487856	0.2354115892147	1
chr16:66911921;C|T;Family=13351	0.0218864624561649	0.837785175078119	0.936562384792864	1
chr16:66942147;A|G;Family=13938	-0.157366872768063	0.0769398732265872	0.300860491364012	1
chr16:67198680;C|G;Family=11276	-0.306174858960379	0.00399745480972429	0.058757769492333	1
chr16:67270740;A|G;Family=14244	-0.150147290918604	0.243834764146615	0.539291063252257	1
chr16:67647175;G|A;Family=11150	0.147948041489134	0.36946695060004	0.654426229854109	1
chr16:67683136;C|G;Family=14645	0.339828005900525	0.0342830373134407	0.199484794378085	1
chr16:67724986;C|G;Family=14645	-0.121552431188108	0.22307628930867	0.518386805631576	1
chr16:67725007;C|G;Family=14645	0.127458728718617	0.211790155565384	0.505314191244659	1
chr16:67843938;T|C;Family=13808	0.1383794621822	0.514289654006053	0.760275835364762	1
chr16:67951940;A|G;Family=14151	-0.0894469712131952	0.176935402214493	0.457979895406679	1
chr16:68300417;G|GTTGA;Family=13929	0.0519620681931887	0.605497741398107	0.821089934611734	1
chr16:68687595;C|G;Family=14402	0.0457234688853942	0.595028970461952	0.81443755867268	1
chr16:69340788;T|C;Family=13143	0.0257141992013061	0.722686773042721	0.888537298826024	1
chr16:69356055;A|C;Family=14454	-0.163564393414305	0.00175952771536215	0.0357887127892099	1
chr16:70247662;G|T;Family=11509	0.142000464084387	0.651392325770874	0.850257391732028	1
chr16:70483943;C|T;Family=14265	0.149195652265293	0.15331849883556	0.427051526436948	1
chr16:70572436;C|T;Family=11753	-0.400158046278791	3.12834932217797e-05	0.00293583551773625	0.114497585191714
chr16:70573035;A|T;Family=14597	-0.171016456981887	0.0581073569859459	0.25942727689557	1
chr16:70662896;C|T;Family=14417	-0.000640929174849231	0.991991629916538	0.996347246293779	1
chr16:70687915;C|T;Family=11168	-0.0922559733065251	0.453046187118941	0.7196827451629	1
chr16:70785746;C|A;Family=11003	-0.0538406504902496	0.488633388054799	0.747345675002326	1
chr16:71282674;A|T;Family=11256	-0.129633369417338	0.582800223819436	0.806211680263768	1
chr16:71456106;G|A;Family=12518	-0.0590483635984518	0.408746206798991	0.68341805882805	1
chr16:71641521;GA|G;Family=14192	-0.344595935306836	0.000477401467301536	0.016030177709391	1
chr16:71645018;G|A;Family=11178	0.110125224943791	0.585062652984109	0.807743987145168	1
chr16:71765565;C|T;Family=11207	0.25599809747337	0.029142381916153	0.187379922894129	1
chr16:718549;C|T;Family=11397	-0.0312058283637203	0.788841096355315	0.917456677638907	1
chr16:71855434;G|A;Family=11307	0.304681210170024	0.00529143908053986	0.0709401722885563	1
chr16:72027420;C|T;Family=11368	-0.0455277360418879	0.642382729379111	0.843905523879234	1
chr16:72086073;A|C;Family=13391	-0.158008041914786	0.278398160762909	0.572758442041734	1
chr16:729185;T|G;Family=14467	-0.0519620018449591	0.466495407682586	0.730583308565796	1
chr16:74448548;G|A;Family=14679	0.142821331747614	0.165322318497717	0.442346137877122	1
chr16:74622513;T|C;Family=11707	-0.0166721644250837	0.940733580076134	0.975007272862794	1
chr16:74672149;T|G;Family=11883	-0.125306662350209	0.0821347835213669	0.309591460029045	1
chr16:75108224;G|GT;Family=14633	-0.0752539803827933	0.59010925963372	0.810735694541822	1
chr16:75114636;C|T;Family=12664	-0.00922703112010782	0.92145854828894	0.969524968607575	1
chr16:75234913;C|T;Family=12154	-0.0691192751083839	0.334117895185561	0.622427595071146	1
chr16:75235814;T|G;Family=14219	-0.0529857748220304	0.637127984232544	0.840709909609457	1
chr16:75538088;C|A;Family=14480	0.35142364477075	0.0180241606032463	0.147580375409131	1
chr16:75568310;G|C;Family=13773	-0.00739137674768733	0.892717478784758	0.958564068680007	1
chr16:77741983;G|C;Family=12739	0.0357106227141797	0.704560642743347	0.880700803429183	1
chr16:785736;G|C;Family=14131	-0.436435919948816	0.000309937757715276	0.0123301325351947	1
chr16:80599464;G|A;Family=12738	-0.260669900778375	0.00187503237430281	0.0366984945986538	1
chr16:80604158;G|A;Family=14321	-0.0980144418807756	0.227657082588577	0.523864774097388	1
chr16:80604272;C|T;Family=12154	-0.0452992005451431	0.483704125291942	0.744278598963973	1
chr16:80968023;GAA|G;Family=14363	-0.185169661123723	0.242515628662609	0.537943758124332	1
chr16:81022785;C|T;Family=12180	0.126432872488283	0.179667099394728	0.46146076055067	1
chr16:81171803;A|G;Family=12937	0.0247779663873253	0.722221883412469	0.888514989341055	1
chr16:81173810;G|A;Family=14666	0.0935398779371662	0.169920282030195	0.449355659126093	1
chr16:81174389;G|A;Family=12180	-0.0687652512728182	0.374469536338071	0.656083534225629	1
chr16:81267919;C|A;Family=12083	0.205765343107799	0.00543866683526687	0.0726478854637838	1
chr16:81388913;C|G;Family=11417	-0.0550452267288528	0.80563312121402	0.926402594290121	1
chr16:81959671;G|A;Family=22280	0.289923209170976	0.0318739672442053	0.195408241396635	1
chr16:81991522;G|A;Family=14521	-0.0834704333772749	0.289478832700441	0.583742439495104	1
chr16:83344870;G|A;Family=11492	-0.248583828736989	0.0987595764342827	0.344575833888918	1
chr16:83670854;A|G;Family=11642	-0.113739433495208	0.193656987594315	0.479587711930073	1
chr16:84054426;C|G;Family=11121	-0.0328231392911125	0.801207293638194	0.924761493130177	1
chr16:84122855;T|C;Family=14363	0.04947961558235	0.583413123789236	0.806211680263768	1
chr16:84159689;G|C;Family=12057	0.162988957818784	0.235212251175889	0.531405456360342	1
chr16:84329819;A|C;Family=13874	-0.0264192228035389	0.747730287527627	0.902008191282503	1
chr16:84779105;G|A;Family=14402	0.110496509510991	0.0505429745121212	0.240243229499174	1
chr16:84907429;G|A;Family=13631	0.11828756468655	0.0801517097844198	0.306856964237423	1
chr16:8648242;C|T;Family=13947	-0.178032407973153	0.13521458424383	0.404874549447496	1
chr16:87330135;C|G;Family=11561	0.000531359449549842	0.994068084249333	0.997611513121074	1
chr16:87409016;G|A;Family=11417	-0.0907699143758427	0.400048427510948	0.676447252539154	1
chr16:87831950;G|A;Family=11078	0.127663751552572	0.179490552626594	0.461331055205993	1
chr16:88863449;C|T;Family=13714	0.0657250038857687	0.765762164622298	0.907225497048441	1
chr16:8898628;C|A;Family=14675	-0.0983033610719876	0.580139762066602	0.803675824815958	1
chr16:8902160;G|C;Family=13855	0.0763172067312629	0.208389029870178	0.501448947616601	1
chr16:89145960;G|A;Family=11404	-0.028559116491991	0.765164576443352	0.906972679626337	1
chr16:8915256;T|C;Family=12211	0.189509106353032	0.0400935625235137	0.216754815707125	1
chr16:89280322;C|A;Family=13875	-0.20116648854787	0.113627276316523	0.373872723098186	1
chr16:89284363;CTTTG|C;Family=12507	0.196660377078621	0.0321849150609215	0.196507344162845	1
chr16:89285006;G|A;Family=13038	-0.196687321507045	0.092930799023559	0.334441223624608	1
chr16:89529318;A|T;Family=11809	-0.165862530569677	0.0512868193979057	0.24170273767924	1
chr16:89537204;G|A;Family=13882	0.216621158833526	0.00812263606716139	0.0929026500181584	1
chr16:89935278;G|A;Family=13371	-0.150361884392255	0.199310691437292	0.489581966886234	1
chr16:90062141;G|A;Family=11726	-0.0835850569445899	0.232952822253416	0.529331913353825	1
chr16:9753839;G|T;Family=14468	0.181387142087377	0.0522600674665331	0.243658403729314	1
chr17:1002576;A|C;Family=11172	-0.353289316286048	0.000392009093282538	0.0140662086413146	1
chr17:10711013;A|G;Family=11027	-0.288539284312269	0.0140303104023271	0.12773864694656	1
chr17:10824130;G|C;Family=13539	0.0219251478270799	0.892260359128901	0.958564068680007	1
chr17:11561421;T|A;Family=11305	0.0699253233414594	0.208289716874249	0.501448947616601	1
chr17:12766872;A|G;Family=13456	-0.209858406872301	0.0922031660897645	0.33280432730625	1
chr17:12984718;A|G;Family=11216	0.0824960156747027	0.181016368742438	0.462976876028878	1
chr17:1495860;C|T;Family=13565	0.102956703296073	0.140920865459423	0.412427087611426	1
chr17:15976942;GCT|G;Family=13006	-0.0134629862957486	0.935829600150635	0.972919610112468	1
chr17:16443567;G|T;Family=13998	0.0525081835503683	0.588629275959495	0.809614111240794	1
chr17:1705283;C|T;Family=14119	-0.112966445940127	0.340043666142208	0.625348285825947	1
chr17:17186364;G|A;Family=11345	-0.387627600761352	6.65039893523423e-06	0.00109611653368538	0.0243404601029573
chr17:17202707;G|A;Family=11013	-0.116222705658813	0.310216574018419	0.602970080142015	1
chr17:17213402;T|C;Family=12923	-0.189329698756677	0.0287435689156822	0.187173778609995	1
chr17:17246958;A|G;Family=13578	-0.020470262127571	0.800734929936248	0.924761493130177	1
chr17:17347119;G|C;Family=13991	0.117134340042696	0.173835656076881	0.452838790919136	1
chr17:17347268;C|T;Family=13147	-0.0191651582027607	0.762821304323075	0.906646788059646	1
chr17:17810691;C|T;Family=14023	-0.0827252469934853	0.441923459229629	0.71064508704107	1
chr17:17844299;C|T;Family=12787	-0.000356636681103945	0.997379664714544	0.99858893979487	1
chr17:18209382;C|T;Family=11277	-0.0544299036552148	0.390586693149226	0.66583479130236	1
chr17:19336672;A|T;Family=14566	0.183499010474181	0.572900487141007	0.799396028568847	1
chr17:19336685;G|A;Family=12368	0.782534064302152	0.00087942825005588	0.0236669661412097	1
chr17:19675582;C|G;Family=12796	-0.208643743238933	0.0881663674144475	0.324754900887767	1
chr17:19675745;C|T;Family=11167	0.00876828242157098	0.937575664319015	0.973179938105763	1
chr17:19774141;T|C;Family=11412	-0.28971608018362	0.0797992567794399	0.305827518128534	1
chr17:19904509;T|C;Family=13239	-0.0856215913142308	0.700627956692481	0.880338022253863	1
chr17:2060730;G|A;Family=14418	-0.083608090293705	0.144742214073778	0.415169673597199	1
chr17:21314581;G|A;Family=14524	-0.0441656716246172	0.587114929920494	0.808906436098017	1
chr17:21418873;T|G;Family=14414	-0.0295484987066265	0.819482037552766	0.93126583829553	1
chr17:21528779;A|G;Family=11963	-0.157233967839834	0.385630628036596	0.663255685438882	1
chr17:2384552;A|T;Family=11266	0.00242915482364568	0.98620732120834	0.994357794937334	1
chr17:2385999;G|A;Family=12647	-0.0372940878403458	0.687389650131526	0.873530391946053	1
chr17:2685270;C|T;Family=11872	0.2018684654468	0.00717421315112536	0.0860905578135043	1
chr17:2689537;C|A;Family=11396	-0.0330249600202198	0.693993321151407	0.875498126112734	1
chr17:27307982;C|T;Family=14662	-0.276274350854469	0.0785249506809543	0.302617385043973	1
chr17:28328570;G|A;Family=11203	0.0310814450423278	0.775031774656367	0.910935563610206	1
chr17:28396592;G|T;Family=22196	-0.634899874451947	1.73793418686669e-05	0.00192752700725215	0.063608391239321
chr17:28493652;G|T;Family=14242	0.0457632808404089	0.605747376838112	0.821122227947602	1
chr17:28592000;G|T;Family=12662	0.0889843709129867	0.337372750413392	0.624435392141353	1
chr17:28907331;C|T;Family=13289	0.106720864132608	0.0992465721818708	0.344632309474048	1
chr17:28912324;T|A;Family=14692	0.211249105029854	0.0534673197978987	0.246461448942455	1
chr17:29561734;C|G;Family=14668	-0.12916899670343	0.0582616049415605	0.25942727689557	1
chr17:29613847;T|TC;Family=11458	0.235914635397019	0.00132616967992676	0.0303241225727377	1
chr17:30316398;C|A;Family=11568	0.151130414640337	0.527882716337341	0.772202534690115	1
chr17:30469229;G|A;Family=13875	0.290805387958547	0.0158347437655882	0.136686703259558	1
chr17:30469801;G|C;Family=13211	0.165218159331437	0.283169687487835	0.577704044707623	1
chr17:30522508;T|G;Family=12784	-0.106883059126159	0.141258479963704	0.412890967277669	1
chr17:30522509;G|A;Family=12784	0.0224714489385426	0.711658454734624	0.884438011656613	1
chr17:30784103;C|CT;Family=14319	0.152124781140412	0.240722428954751	0.53621094973554	1
chr17:31357330;C|T;Family=12061	0.20260497233949	0.0595828285102099	0.261047530399379	1
chr17:31861451;C|CA;Family=13507	0.00598786368813512	0.954261028122312	0.983829679697933	1
chr17:31862034;G|A;Family=13001	-0.131027063309167	0.26783468726638	0.564024715417117	1
chr17:32324631;T|C;Family=12331	0.304109374410293	0.0638584836881898	0.271139269488138	1
chr17:32942652;G|C;Family=13706	0.297764944157779	0.00287488156675937	0.0487043437905629	1
chr17:32944107;A|G;Family=11678	0.0471111645177272	0.531240533951439	0.774637591339548	1
chr17:33013379;T|TG;Family=11156	0.0961135523634338	0.390123243813901	0.665760111337735	1
chr17:34272198;T|A;Family=13981	-0.173989704332534	0.411707255995948	0.685365673423319	1
chr17:35188649;T|A;Family=22004	0.149749957759641	0.282893931196796	0.577551184015919	1
chr17:3610294;C|T;Family=11346	0.196080080430912	0.0309474208440441	0.191978915744409	1
chr17:36504501;C|G;Family=12368	-0.0981463815930637	0.314249919693441	0.606596707700553	1
chr17:36510788;C|T;Family=11714	0.165868876615941	0.0646676706572784	0.273622745208831	1
chr17:36547463;C|T;Family=13302	0.170149562674698	0.21108311192032	0.50478099392894	1
chr17:36943831;A|T;Family=13894	0.0945603580039728	0.157986719598305	0.433300844794904	1
chr17:37087183;C|T;Family=12512	0.291810680131073	0.00785307189503471	0.090669536706079	1
chr17:37516990;C|T;Family=13881	-0.00876382959359255	0.90393459823521	0.963705397477679	1
chr17:37610970;G|A;Family=14691	0.145255593042985	0.164099960915771	0.4408620602886	1
chr17:37687135;C|G;Family=12189	-0.0662130827483091	0.288222989582006	0.582098833284093	1
chr17:3812829;G|A;Family=13593	0.280245404829221	0.0109981139591679	0.112125618636642	1
chr17:38403853;C|T;Family=14017	-0.0372513528434661	0.682623742222077	0.871130717061646	1
chr17:38920410;G|C;Family=11115	-0.203969087543511	0.0241234998600027	0.170830084613086	1
chr17:3897556;C|T;Family=12029	0.025092417534744	0.632502440620828	0.837800179347674	1
chr17:39065232;G|A;Family=13802	0.3318820998307	0.00242511558173097	0.0445348548003208	1
chr17:39532426;C|CA;Family=14127	-0.120567099865076	0.472811877182779	0.734880572614882	1
chr17:39533534;C|A;Family=13296	0.298891978218616	0.0467857014869239	0.233318286149472	1
chr17:40457313;C|T;Family=11456	-0.0294769820896649	0.813182567815414	0.929397653748858	1
chr17:40629233;C|T;Family=12378	-0.364083642023706	0.148869616739037	0.421680984208703	1
chr17:40641579;T|TTG;Family=14632	-0.133472665012612	0.407405033849274	0.682778638409163	1
chr17:40643454;T|C;Family=11714	-0.288459302686256	0.0229758621268601	0.166518129473877	1
chr17:41117259;GC|G;Family=13893	0.165987932898996	0.263250091436221	0.56029156732812	1
chr17:41723692;T|C;Family=14360	0.11994184626763	0.018393986725142	0.149769815368556	1
chr17:4174000;A|G;Family=14350	0.0253006590344848	0.843074429208618	0.938744268604668	1
chr17:42125692;G|A;Family=13681	0.117325540330501	0.293085363767507	0.58736417665123	1
chr17:42544022;C|T;Family=12070	-0.0244840864557796	0.849278026384984	0.940501536026941	1
chr17:42582715;T|C;Family=11118	-0.238211558254586	0.0215930461153299	0.162929393045865	1
chr17:42613932;G|A;Family=13992	0.05413158166021	0.448188517011405	0.71538509108971	1
chr17:43049164;C|G;Family=22105	-0.723705863685607	9.822071516338e-06	0.00134668798467759	0.0359487817497971
chr17:43049165;C|A;Family=22105	0.40539408243519	0.00711137908166002	0.0856172613120911	1
chr17:43076586;T|C;Family=13973	-0.0323494440301069	0.755862667792155	0.906365119327393	1
chr17:44192213;ACT|A;Family=12796	0.068763297668105	0.353250047727996	0.635130471919946	1
chr17:442839;C|A;Family=13251	0.0977219792903947	0.204057363544765	0.495258587913688	1
chr17:44399519;C|T;Family=12250	-0.198168226617019	0.00248406342630507	0.0447865622673723	1
chr17:44775654;G|A;Family=13956	0.217912609152497	0.306458439008055	0.599839569342657	1
chr17:44781583;G|A;Family=14185	0.0727747670590336	0.350011095072834	0.631676828385884	1
chr17:44903598;T|C;Family=12223	-0.00930866732453552	0.93638070033406	0.973070233737268	1
chr17:45024340;G|T;Family=13631	0.153673953950921	0.436300835541046	0.704765501286968	1
chr17:45098660;C|T;Family=11349	0.103396713250073	0.392225375045538	0.667074754956631	1
chr17:45150929;TAAAC|T;Family=14028	-0.20605766090558	0.109734611929366	0.365116981510436	1
chr17:46764427;G|C;Family=14351	0.0568065524939115	0.49891334904346	0.752444076316066	1
chr17:47120685;AG|A;Family=12786	0.229925729588259	0.076361382066355	0.299932596354562	1
chr17:47311174;C|T;Family=11106	-0.0252000430834471	0.7924714016834	0.920484078121627	1
chr17:47441140;T|C;Family=13287	0.153151383726795	0.272472186997922	0.567394396331069	1
chr17:47828659;T|C;Family=14065	0.00471302739298047	0.950455806293231	0.982119777253875	1
chr17:47948532;C|A;Family=13872	0.147649325885732	0.171674414731031	0.451061276321301	1
chr17:48726725;G|A;Family=12184	-0.0823971315807226	0.261126469324026	0.560243689777535	1
chr17:4886482;T|C;Family=14522	0.111570614366229	0.161293668767615	0.437250676754159	1
chr17:48933294;C|T;Family=13852	-0.0189445975674643	0.700437192879906	0.880338022253863	1
chr17:49173339;A|G;Family=11843	-0.190231934448199	0.0666956105343009	0.278571719745178	1
chr17:49711223;C|T;Family=11654	0.142540369672316	0.0404684925114996	0.217176953947344	1
chr17:49718010;C|G;Family=11359	0.00803391036960421	0.958436200847964	0.986041188465032	1
chr17:49830597;C|G;Family=14058	0.0586047933541068	0.491273166962198	0.748583317424574	1
chr17:50184292;C|T;Family=13195	-0.161664514894755	0.027963422275182	0.18374528819958	1
chr17:50550045;G|A;Family=13842	-0.151769830005356	0.0594069776910002	0.261047530399379	1
chr17:5444498;C|A;Family=11414	0.240263444474679	0.00160621526557324	0.0337859073103337	1
chr17:55162413;G|A;Family=14405	0.03617548393504	0.70509524603179	0.880859083510963	1
chr17:55163759;C|T;Family=13111	-0.174379159351585	0.197876475845384	0.487039611024954	1
chr17:55323951;CATT|C;Family=12605	0.0183564676428384	0.804653666433177	0.926110823630637	1
chr17:56595478;T|C;Family=11924	-0.146965387043478	0.261755044682689	0.560243689777535	1
chr17:57862980;G|T;Family=13748	0.0958181921560938	0.503696311989412	0.753475679447008	1
chr17:58599593;T|C;Family=11107	-0.158834324574161	0.0347358828238947	0.200842545237685	1
chr17:59015731;C|T;Family=13784	0.10799763538441	0.38925822605295	0.664808729516471	1
chr17:59119468;AT|A;Family=14247	0.149514176350156	0.326834436256852	0.617879151188057	1
chr17:59399446;A|G;Family=13398	-0.198292152074189	0.0691299134159808	0.282698863801665	1
chr17:59400046;T|C;Family=11986	0.0143608745755576	0.851922762294484	0.942289909337508	1
chr17:6121900;C|T;Family=14502	-0.118188601261078	0.231901732787935	0.528164494090755	1
chr17:61484112;C|T;Family=14216	-0.207908488578665	0.0348017191177558	0.200905823298086	1
chr17:61944501;A|T;Family=11414	0.0411283769353047	0.702143028978489	0.880338022253863	1
chr17:61945223;G|A;Family=14229	0.0574370999775469	0.707966496052732	0.881806645990935	1
chr17:62692794;G|A;Family=13985	-0.0374741800461725	0.706669950790845	0.881230671173592	1
chr17:63697720;G|A;Family=12794	0.217990205661466	0.0331762359908113	0.198642043311446	1
chr17:63831128;C|T;Family=11768	-0.0629698780485304	0.501678175832461	0.752444076316066	1
chr17:63833991;G|A;Family=11678	0.000729567987899218	0.991934145290655	0.996347246293779	1
chr17:63928961;C|T;Family=12902	0.131845793045599	0.209024338621623	0.501987584878701	1
chr17:6454236;C|T;Family=13154	0.14243914878005	0.169573880907491	0.448763849690106	1
chr17:64594082;T|C;Family=13139	0.177413407577969	0.150255729094262	0.423437798151766	1
chr17:6685348;G|A;Family=12891	0.184312036220596	0.0220046300131205	0.162929393045865	1
chr17:6685661;C|T;Family=14472	0.00252406613122973	0.974603054411064	0.990495865212814	1
chr17:67032752;G|A;Family=12430	0.179087857373203	0.0729590628867913	0.292475542350116	1
chr17:67338372;T|A;Family=12766	-0.0658991419246221	0.763467466227516	0.906648580919113	1
chr17:67347395;G|A;Family=11365	0.165608509192356	0.216460521889833	0.509535151883728	1
chr17:6773804;G|T;Family=13951	0.0582709280055613	0.467834416782205	0.731854775944279	1
chr17:6774202;G|T;Family=11359	-0.0220921426712853	0.823796485798543	0.933177077691943	1
chr17:6787629;C|T;Family=11216	0.0267632269324292	0.626790468432651	0.835416283489986	1
chr17:6798690;A|C;Family=12623	-0.084102965554493	0.135371151001505	0.404874549447496	1
chr17:6812943;G|T;Family=12588	-0.0705109882258144	0.269315846876429	0.565731577700247	1
chr17:68267884;T|C;Family=13628	0.275330996145792	0.0324389742033435	0.197548495148482	1
chr17:68531332;ATGTCC|A;Family=12798	0.349219831360352	2.70316763698323e-05	0.00270611507432008	0.0989359355135861
chr17:68531339;T|A;Family=12798	0.0942325921720423	0.0335258988408436	0.198873241098035	1
chr17:68906046;G|A;Family=13882	0.205250696336544	0.132811402307981	0.402122649969472	1
chr17:70178963;C|T;Family=13584	0.218320837232812	0.0339302906739942	0.199484794378085	1
chr17:72124442;G|A;Family=11954	0.0245976227321924	0.811662454174206	0.929397653748858	1
chr17:7221992;C|T;Family=14452	-0.0529260557862587	0.251818910544592	0.549914804649884	1
chr17:73283762;C|A;Family=13383	-0.00737603269871184	0.933801360746531	0.972795402690104	1
chr17:73334918;GC|G;Family=13531	0.0310186567241746	0.703789358774536	0.880338022253863	1
chr17:73337763;C|T;Family=14609	-0.548768728869562	5.61021093982537e-05	0.00455710263680524	0.205333720397609
chr17:7357133;C|A;Family=14236	-0.0309198385717953	0.689384096119526	0.873968060892784	1
chr17:742897;C|CT;Family=11258	0.0881865984034508	0.542129338569328	0.779960260811826	1
chr17:7444181;A|T;Family=14658	-0.0230645639605077	0.833306088258945	0.935980208530786	1
chr17:75165697;C|T;Family=11474	0.0645628531077186	0.379734039243056	0.659310523543446	1
chr17:7577693;C|T;Family=12655	0.108176744085775	0.186780610155206	0.47146002287452	1
chr17:7577700;C|T;Family=12655	-0.0269130849319664	0.70363950927405	0.880338022253863	1
chr17:75777838;A|ATAAAT;Family=12932	0.671981022733576	0.000159194047870591	0.00809236410008835	0.582650215206361
chr17:7586403;C|T;Family=13784	-0.474089489258043	0.286402466432313	0.580738519192391	1
chr17:76543242;C|T;Family=14432	0.0168061515282205	0.778599872528809	0.911896170705741	1
chr17:76714842;T|G;Family=11350	0.00240039549321229	0.987747520597505	0.994710571965375	1
chr17:76947974;C|T;Family=14048	-0.200488193330035	0.0852325373413812	0.317345968127625	1
chr17:77483029;G|A;Family=14215	0.000464083905642004	0.996002280370993	0.99858893979487	1
chr17:78111987;G|A;Family=11918	-0.101116559855564	0.267548022107825	0.564024715417117	1
chr17:78424093;G|A;Family=11587	-0.230873313117555	0.014584168891903	0.130721541336379	1
chr17:7908710;C|T;Family=12630	-0.0986231394043207	0.390179081644656	0.665760111337735	1
chr17:79835251;G|A;Family=13234	-0.0656178702492724	0.665523597207911	0.858891525310633	1
chr17:79933683;G|A;Family=11220	-0.0387337271626735	0.568165849497605	0.797460171785219	1
chr17:800033;T|C;Family=11348	-0.229268813425847	0.0218291379415962	0.162929393045865	1
chr17:80210139;T|C;Family=14224	0.0544627977147653	0.487019872927264	0.746448112327857	1
chr17:80212028;T|C;Family=14157	-0.119373983785986	0.20245259734879	0.493984337531049	1
chr17:80394450;G|A;Family=14658	0.077152340332717	0.21351438465381	0.505487663969642	1
chr17:80398303;G|T;Family=11045	0.0952339901084137	0.158048258962076	0.433300844794904	1
chr17:80730645;A|G;Family=14484	0.0572248938048465	0.545770444488922	0.781808151400961	1
chr17:81106117;C|T;Family=11599	0.181093115735273	0.147710066848783	0.419735127846697	1
chr17:81312831;C|T;Family=13709	-0.0580435156746126	0.558967766589475	0.790752562163087	1
chr17:81511373;C|T;Family=11510	-0.0325454536762588	0.66676834738423	0.859588640868715	1
chr17:81540218;G|A;Family=12997	-0.0262340148204929	0.815615817384079	0.92991158788206	1
chr17:81558391;C|T;Family=22196	-0.0439719243377696	0.558062677588632	0.790752562163087	1
chr17:81562756;T|C;Family=11382	-0.12113717661928	0.106557372398028	0.359856343957797	1
chr17:81843605;C|T;Family=14687	0.133301107101848	0.268792979375007	0.565717253888744	1
chr17:81843632;G|A;Family=14569	0.117223213290899	0.128729971479899	0.395593363237978	1
chr17:8204924;G|A;Family=11499	0.132946356423574	0.0718133592223662	0.28975404151722	1
chr17:82058007;G|T;Family=11345	0.0683435423943779	0.406828277135663	0.682397568431039	1
chr17:82314871;A|G;Family=14364	0.144133406755215	0.0200663691046174	0.157941743920214	1
chr17:82324717;C|T;Family=12675	0.00141635281211621	0.990603128266092	0.996046002597224	1
chr17:82945181;C|G;Family=11258	-0.0736830825876463	0.544620693247583	0.781638806284353	1
chr17:8369111;C|T;Family=11201	0.126849241442419	0.186743687245898	0.47146002287452	1
chr17:8468015;T|C;Family=11572	-0.280707761104794	0.0342249692033374	0.199484794378085	1
chr17:9240239;C|T;Family=14544	0.136023259543377	0.421713604197212	0.692495543212798	1
chr17:9241327;C|T;Family=13034	0.0194647490193956	0.692913035051593	0.875498126112734	1
chr17:9241513;C|T;Family=12053	-0.174326266699911	0.0435743851763676	0.226859530221203	1
chr17:9612389;C|T;Family=14160	-0.0911633008754916	0.349343395723345	0.631217708635209	1
chr18:10485563;C|T;Family=13748	0.0179083241500787	0.859906189205524	0.944756212774342	1
chr18:10714782;G|T;Family=13373	0.321305820893583	0.00495768090480556	0.0682147071864224	1
chr18:21529536;G|A;Family=11225	0.187158224419115	0.115666313286629	0.377307225159593	1
chr18:24020189;A|G;Family=14315	0.00277090698553603	0.972641480950771	0.990164931152945	1
chr18:24132833;C|T;Family=12792	-0.00853068698981802	0.953629317832059	0.983732610841414	1
chr18:26914607;A|G;Family=11924	-0.325034072835841	0.0105626724546227	0.108899665306814	1
chr18:2915670;A|G;Family=14524	-0.196674134798382	0.0901592687263644	0.328014834531306	1
chr18:3066874;G|A;Family=11563	-0.23161542709978	0.00110547043709294	0.0275626458550475	1
chr18:31414171;T|TA;Family=12694	0.0421597881027963	0.773428103129749	0.91079371217982	1
chr18:31624157;A|G;Family=14189	0.0975011655378829	0.423637241976512	0.694052061608788	1
chr18:3498616;C|G;Family=11524	0.148241832591072	0.159603441644375	0.435931788371949	1
chr18:35140698;C|T;Family=11834	-0.140334257812496	0.416677011255504	0.690062380631287	1
chr18:35334598;A|G;Family=14157	-0.00465269937293922	0.933989903019952	0.972795402690104	1
chr18:36796092;T|C;Family=13567	0.232381364899634	0.0637765400285628	0.271105849598769	1
chr18:36796660;C|T;Family=13083	0.111408526603086	0.195591175772976	0.482878558053659	1
chr18:45848704;C|T;Family=12923	-0.0769924707172422	0.572119834522107	0.798873859511458	1
chr18:45899442;C|T;Family=11456	-0.184024273811095	0.606392805847757	0.821209025026	1
chr18:46093213;C|T;Family=14114	0.306622688342176	0.21140222904083	0.505047100711122	1
chr18:46668357;C|G;Family=12115	-0.223026569259205	0.0026490020191557	0.0459495136972031	1
chr18:47115270;C|T;Family=11521	0.0913223890821767	0.160516265542388	0.437250676754159	1
chr18:47816184;C|G;Family=14200	0.125515027763386	0.2612754192511	0.560243689777535	1
chr18:47816216;T|C;Family=13865	0.109367359830845	0.49791205819119	0.752444076316066	1
chr18:49591399;A|G;Family=11310	-0.172204578343889	0.258313488772134	0.557633632916436	1
chr18:50282491;C|A;Family=13300	-0.0652999217398496	0.389057733599351	0.66477651959553	1
chr18:50949666;T|C;Family=11201	-0.335697815874148	0.0217683108847606	0.162929393045865	1
chr18:50952338;T|C;Family=12341	0.316850642893909	0.116154970518812	0.377555232769849	1
chr18:51078306;A|G;Family=11277	-0.223288392883717	0.0268875363713372	0.179905636415163	1
chr18:5398077;G|A;Family=12462	-0.154522434245143	0.0126092304793887	0.120181728006673	1
chr18:5398115;A|G;Family=13884	0.157441784369469	0.12668662594008	0.391858644908466	1
chr18:54154498;C|A;Family=12210	0.368633204394986	0.0364295677682701	0.205725985565748	1
chr18:54296322;C|T;Family=12210	-0.0739737401639232	0.479646244240429	0.739905102845174	1
chr18:54297523;G|T;Family=14202	-0.208756352664382	0.334172192435738	0.622427595071146	1
chr18:55261466;C|T;Family=12358	0.0036049067090238	0.966253812667836	0.989227679542456	1
chr18:56614458;C|T;Family=11014	0.188312637233998	0.113374906460369	0.373689912858429	1
chr18:57028033;C|T;Family=14007	0.13178517666783	0.199478249658514	0.489664918678847	1
chr18:57028951;G|A;Family=14484	0.215465392125741	0.0370593636646909	0.208032624252713	1
chr18:57033380;A|G;Family=13207	-0.0290242303968652	0.709716177759355	0.882623584981053	1
chr18:57034521;T|C;Family=11156	0.0837018263322657	0.160583661266068	0.437250676754159	1
chr18:57035806;A|T;Family=11715	0.0878561142003509	0.382342849949665	0.661217427102903	1
chr18:57149865;C|T;Family=11590	0.0182494834106186	0.917776175787005	0.968587313546839	1
chr18:57487405;G|A;Family=14044	-0.186031311614628	0.24400710402889	0.539291063252257	1
chr18:57487406;G|A;Family=14044	0.0457479267973078	0.785609498989507	0.916294061918927	1
chr18:57606629;T|C;Family=11064	-0.0334615010948683	0.713093553115622	0.884940304166634	1
chr18:58748284;C|T;Family=13484	-0.0770248387884679	0.140499064511213	0.41204052573	1
chr18:58751043;T|A;Family=11488	0.0181846597388217	0.838029739077885	0.936562384792864	1
chr18:5884848;GT|G;Family=14568	-0.573114648915373	0.0113243108726387	0.114072026186689	1
chr18:5884859;C|T;Family=14568	-0.14840997187767	0.398479184114821	0.674576232127774	1
chr18:5884860;T|A;Family=14568	0.233900389149511	0.343707256301029	0.627569662864137	1
chr18:5889282;A|G;Family=14526	-0.144885784276848	0.156449799228579	0.431504344518915	1
chr18:61813756;G|A;Family=13973	0.234275412379991	0.035565066293683	0.203387722867	1
chr18:62088565;A|T;Family=13776	0.149905429360821	0.496583610045803	0.752274839721705	1
chr18:62385817;C|T;Family=13602	-0.0686425138451981	0.313485808121498	0.606458329991088	1
chr18:63124075;C|T;Family=12449	-0.0205666159517888	0.814016968114342	0.929397653748858	1
chr18:63328839;A|G;Family=13891	-0.559697397900276	0.0312745442608685	0.193352756747937	1
chr18:63805290;G|T;Family=14641	0.0609609243393754	0.757190937528788	0.906365119327393	1
chr18:66501913;C|T;Family=13881	0.176820590450317	0.192600188479256	0.479485488457972	1
chr18:68675115;T|C;Family=13776	-0.113456390751885	0.17166480168912	0.451061276321301	1
chr18:69862004;G|A;Family=12938	0.131665935726818	0.589682317930389	0.810453354722202	1
chr18:70329846;A|G;Family=12892	-0.401378865852354	0.31596237695301	0.608003312117779	1
chr18:74506010;C|T;Family=11353	0.248111606925123	0.000329261320362254	0.0128201748141048	1
chr18:74521168;T|G;Family=13944	-0.083365165814216	0.141847669652505	0.413325676733506	1
chr18:74522851;G|A;Family=14231	0.107748754482094	0.311096952305673	0.603719430243246	1
chr18:74920754;T|A;Family=14474	0.0542257372383291	0.66440711379712	0.858661736051363	1
chr18:75417385;C|T;Family=11711	0.235930013048438	0.0301762070070679	0.189142792097862	1
chr18:77013595;G|A;Family=14128	0.204148140921546	0.0334053280017097	0.198642043311446	1
chr18:79756556;G|C;Family=14041	0.292807023460314	0.0306308903762796	0.190661664587046	1
chr18:80158760;G|T;Family=12858	0.324164514974313	0.000357530643428412	0.0133526750504897	1
chr18:8809860;A|G;Family=12643	-0.163358580506033	0.219219872154392	0.51280369076923	1
chr18:911279;T|G;Family=13898	0.154048593778458	0.395298036112193	0.670742147506085	1
chr18:9400089;A|G;Family=14590	-1.15066551236445	0.00227682358284862	0.042954506769206	1
chr19:10114668;A|G;Family=14455	0.0852607477326734	0.371515221423842	0.655256430250627	1
chr19:10118718;TG|T;Family=12803	-0.0593599289813996	0.477756023244463	0.739378660655852	1
chr19:10143955;C|T;Family=13576	0.264700089831494	0.000766548097207751	0.0217248966873589	1
chr19:10154316;G|A;Family=14481	-0.212348189461335	0.0038410540252175	0.05738064380529	1
chr19:10285641;C|T;Family=13913	-0.158918742118491	0.00932822880933529	0.101309547306134	1
chr19:10350591;C|G;Family=13355	0.0980241318637875	0.170437784859204	0.449749309722196	1
chr19:10690815;G|A;Family=14299	0.0143636264454934	0.826364118173947	0.93492818315816	1
chr19:10713003;C|T;Family=14008	0.148841369254578	0.115605108588346	0.377307225159593	1
chr19:11059881;C|T;Family=13551	-0.00649788946618493	0.95413594871588	0.983829679697933	1
chr19:11377614;A|T;Family=12210	0.314065605949267	0.0057757019294609	0.0749354217321876	1
chr19:11378471;G|A;Family=14264	-0.10614518998453	0.338921283249405	0.624859390407741	1
chr19:11466260;T|A;Family=11544	0.13572084554879	0.265633756617994	0.563475679909497	1
chr19:11553400;G|C;Family=11883	0.112790686385256	0.0361325523107556	0.205208262967171	1
chr19:11869154;T|C;Family=11453	0.375253948076772	0.000815676567882521	0.0221138980625928	1
chr19:12078532;C|T;Family=13517	-0.144866560862845	0.321130842752784	0.612724807903325	1
chr19:12080709;CTG|C;Family=14468	-0.192967146497848	0.353654902259565	0.635130471919946	1
chr19:1230053;G|A;Family=11296	-0.422548130341485	0.0025919732824362	0.0456087606428677	1
chr19:12348291;C|T;Family=22161	-0.02238375568761	0.765199267761824	0.906972679626337	1
chr19:1258219;G|A;Family=13333	0.092984353791813	0.270329004760087	0.565731577700247	1
chr19:12679459;T|C;Family=14028	0.35211992753013	0.000803542854805328	0.0220635025369225	1
chr19:12700352;G|A;Family=12803	-0.0741301053845996	0.277205329480844	0.572120406968771	1
chr19:12924715;G|T;Family=14149	0.104438310564331	0.163417991750287	0.440758916585152	1
chr19:12948759;C|T;Family=14264	-0.337337371617031	0.00455419829019084	0.0648182683952524	1
chr19:13884982;G|A;Family=12916	0.0943948575142717	0.299529067320633	0.594669852204871	1
chr19:1388885;C|T;Family=11444	-0.00236245712991878	0.983582097152398	0.993352780236694	1
chr19:1394448;T|TCCTC;Family=13298	-0.16987749535904	0.0254939708539364	0.174903986235049	1
chr19:1472499;C|T;Family=12154	-0.348612175435881	0.000693154937459447	0.0206255859439153	1
chr19:14793055;G|A;Family=12529	0.0800497999076702	0.54483261199738	0.781638806284353	1
chr19:1535410;T|C;Family=11993	0.0789023285994251	0.378985507945058	0.658948674146752	1
chr19:1574146;G|A;Family=13573	0.122131970155792	0.119236834946816	0.380808739882502	1
chr19:16242202;C|T;Family=14107	0.128769883270914	0.170702443896356	0.450123158977422	1
chr19:16327507;TAAA|T;Family=11348	0.0745282292708334	0.794970322518529	0.920988047364232	1
chr19:16550303;G|A;Family=13963	-0.241606704025147	0.0129472353543933	0.122206351439673	1
chr19:16744472;G|A;Family=11494	0.0392259160332662	0.558739055786961	0.790752562163087	1
chr19:16890067;C|A;Family=11047	1.39085896433141	1.18012722045684e-09	1.43975520895734e-06	4.31926562687203e-06
chr19:16891891;C|T;Family=12833	-0.0847770960449054	0.555382382641008	0.78923292374326	1
chr19:17213067;G|A;Family=14261	0.0153749061552743	0.900326482721725	0.962381695899974	1
chr19:17219683;C|T;Family=11092	0.00680162432128334	0.947437280011713	0.979553797978211	1
chr19:17323501;G|A;Family=14150	0.0417469674611538	0.483781089326582	0.744278598963973	1
chr19:17604526;G|T;Family=11062	0.16984009437344	0.0956605210882419	0.338932727185833	1
chr19:17721451;C|T;Family=11622	-0.178137498880765	0.14033470781889	0.41204052573	1
chr19:17829854;G|A;Family=14116	-0.0376643956883219	0.733335752677467	0.894073569220364	1
chr19:17998453;C|T;Family=13042	0.0803028830453104	0.373590268967201	0.655372546045204	1
chr19:18150377;G|A;Family=14100	0.113006762107224	0.158174869686889	0.433323370549412	1
chr19:18208337;G|A;Family=11883	-0.115756480967008	0.00350502383931782	0.0530098646772861	1
chr19:18367064;G|A;Family=13681	0.145779926922899	0.199068428748671	0.489315278186793	1
chr19:1853494;G|A;Family=12011	-0.260218861236609	0.0511696453758891	0.241652776871941	1
chr19:18777792;CTGTT|C;Family=12360	0.179888169316556	0.131856525873664	0.400529558491761	1
chr19:18779780;C|T;Family=14080	-0.0396154659356463	0.569876692400281	0.797715269287199	1
chr19:1918203;C|T;Family=13076	-0.0988210989676838	0.254834666985124	0.553150340054224	1
chr19:19279297;C|T;Family=13913	0.0973772127909441	0.479714434434156	0.739905102845174	1
chr19:2038196;C|T;Family=14458	-0.135735712007231	0.134014383318004	0.404695636452166	1
chr19:20621313;G|C;Family=12804	-0.308509944647914	0.000452690542242961	0.0156306357038607	1
chr19:2099397;A|T;Family=13808	-0.0107511970490305	0.929563751829088	0.971407548998798	1
chr19:21122952;C|T;Family=13618	0.0303081830097411	0.606801056700592	0.821209025026	1
chr19:21291272;ATAT|A;Family=12299	0.229938403774718	0.448144480585326	0.71538509108971	1
chr19:21397466;GTC|G;Family=11201	-0.10356905517204	0.136064397765142	0.404874549447496	1
chr19:21407616;A|G;Family=13409	-0.173496836414061	0.467907151833228	0.731854775944279	1
chr19:22391242;ACT|A;Family=11453	-0.0630657591398749	0.60138118801081	0.819229402038472	1
chr19:23359291;C|T;Family=11399	0.411557881951717	9.9345834935232e-06	0.00134668798467759	0.0363605755862949
chr19:2734559;G|T;Family=14511	-0.0550767190013572	0.601860199187904	0.819497146215672	1
chr19:2755615;T|A;Family=13001	0.0862811348841873	0.153138851257986	0.426876005791492	1
chr19:2834546;A|G;Family=14147	0.0527939670322092	0.64155279132286	0.843420695489104	1
chr19:2881957;T|A;Family=12375	-0.0726800465080983	0.388903587688515	0.66477651959553	1
chr19:3123668;A|G;Family=11031	-0.129849147924757	0.081172838556219	0.307867967995608	1
chr19:31275868;C|T;Family=11472	0.213373037126211	0.176277834097528	0.457572250210605	1
chr19:3146448;C|G;Family=12206	0.135973434512752	0.0903851263464327	0.32850999248058	1
chr19:3207844;C|T;Family=13654	-0.0168872277132879	0.887320124902283	0.956284087694301	1
chr19:32412068;G|T;Family=14303	0.115279152393681	0.0551162258809687	0.250788798354504	1
chr19:32597322;TGTTAA|T;Family=14561	0.0283896258049274	0.788678363041742	0.917456677638907	1
chr19:32597979;T|G;Family=13466	-0.0689697550032386	0.463268787239399	0.726462622663326	1
chr19:3295674;TC|T;Family=14532	0.0356850758264211	0.750669488534386	0.903766555274951	1
chr19:32976941;C|T;Family=11452	0.106160232000024	0.266052061771448	0.563475679909497	1
chr19:33382215;T|G;Family=12189	-0.00527100769718493	0.940116447315939	0.974930118561175	1
chr19:33387249;G|A;Family=14058	0.0233656337785321	0.797741968350883	0.92360525021452	1
chr19:34353858;A|G;Family=22019	-0.0539157999618058	0.528124606338975	0.772204745319243	1
chr19:34505830;G|T;Family=12976	-0.209858099696304	0.0197208941890638	0.156670531783443	1
chr19:3466720;C|T;Family=12184	-0.0184729028923494	0.84855669083518	0.94045413230479	1
chr19:3468506;G|A;Family=12163	-0.00550683084068314	0.955469462456522	0.98479815054657	1
chr19:34685912;T|C;Family=14545	-0.234867414222458	0.129025008351396	0.396167391414521	1
chr19:34743021;A|G;Family=11346	-0.183573411433073	0.292094455224212	0.586110584495952	1
chr19:35066529;CT|C;Family=13381	0.229772688428246	0.0804236383320222	0.307255236216285	1
chr19:35121615;C|T;Family=11888	-0.154854869336654	0.0232116164876886	0.166904747239569	1
chr19:3579044;C|T;Family=12522	-0.511603976674948	0.000130706091808816	0.00719426465401139	0.478384296020266
chr19:36103510;A|ATATC;Family=12552	-0.0139993750003549	0.82865617631396	0.935634420654593	1
chr19:36511520;G|A;Family=13265	0.212888786667236	0.0450239399333565	0.229829316814623	1
chr19:36632666;C|T;Family=14469	0.26624173356373	0.000476848282065221	0.016030177709391	1
chr19:36979879;G|A;Family=13805	-0.074419466210986	0.765107241404934	0.906972679626337	1
chr19:37244076;T|TTTA;Family=13531	0.178070409512881	0.681491341495548	0.871130717061646	1
chr19:37470333;G|A;Family=11193	0.118611143671462	0.140423597170549	0.41204052573	1
chr19:37668818;A|G;Family=14058	0.114818898995469	0.526764504502537	0.77180067513182	1
chr19:38211798;C|T;Family=13159	-0.399606767425627	7.66477234504213e-05	0.00529303146846306	0.280530667828542
chr19:38330214;C|A;Family=12111	-0.0747911332834591	0.50097776556168	0.752444076316066	1
chr19:38365061;G|A;Family=13293	-0.00188922410284741	0.976087439818219	0.990730769639857	1
chr19:38396241;C|T;Family=11508	0.158220704339488	0.189420482465129	0.476153135867014	1
chr19:39178674;C|T;Family=13266	-0.0440901255553205	0.606774475280545	0.821209025026	1
chr19:39179269;A|G;Family=12694	-0.0113579153753831	0.850756572367767	0.941517104577734	1
chr19:39201012;G|T;Family=13266	-0.113988351411343	0.0890070354403249	0.326091841553142	1
chr19:39328516;A|G;Family=11895	0.15036173605516	0.0164154577354976	0.139120724248955	1
chr19:39398321;G|A;Family=22017	-0.0330223370758582	0.757349186396749	0.906365119327393	1
chr19:39520183;C|T;Family=22288	-0.134153428870604	0.562284412979858	0.792743047575609	1
chr19:40030601;C|T;Family=12121	0.102392803898279	0.403488290662073	0.678973399458937	1
chr19:40234708;G|A;Family=12764	0.141648612041624	0.165810261462505	0.443291129987414	1
chr19:4038153;C|T;Family=13602	-0.140230318116997	0.0635117399384878	0.270794796848512	1
chr19:40394770;C|T;Family=12853	-0.258452598292619	0.0489146641699896	0.2354115892147	1
chr19:4047049;C|T;Family=11250	0.0391166075098879	0.86116333083247	0.944756212774342	1
chr19:40557132;C|T;Family=11678	0.0758554030005061	0.333922420050564	0.622427595071146	1
chr19:40605167;C|G;Family=13152	0.0357884187741706	0.750367897268667	0.903700725239658	1
chr19:40691570;C|A;Family=13346	0.303295584498287	0.0120119783482508	0.116514839783541	1
chr19:40765253;C|T;Family=11724	-0.183147459315716	0.0966842358249563	0.340909733255626	1
chr19:40898180;G|A;Family=14363	-0.112259277319323	0.0285266477102079	0.186888688201777	1
chr19:41294573;C|T;Family=12462	-0.151440288549462	0.0332472089911491	0.198642043311446	1
chr19:41424943;G|A;Family=13040	-0.0106132168552755	0.879109456690042	0.953826473242398	1
chr19:42042637;C|T;Family=14452	-0.121827261105442	0.236580339337487	0.531947282744653	1
chr19:42042700;C|T;Family=13628	0.0768174081205302	0.333950485964387	0.622427595071146	1
chr19:42059505;C|A;Family=11301	-0.00404198794871467	0.959096350123931	0.986041188465032	1
chr19:43496094;G|A;Family=11154	0.164692946407808	0.062350053280197	0.267841778175494	1
chr19:43496423;G|A;Family=14153	-0.156342678157277	0.142170466750721	0.413325676733506	1
chr19:4360558;G|A;Family=11935	0.0728467958630492	0.292291211663542	0.586184019007432	1
chr19:4361009;C|T;Family=11083	-0.144511741494329	0.110012295644507	0.365708448736507	1
chr19:44133777;G|A;Family=14357	0.0812628145421173	0.745729249116603	0.90100337077732	1
chr19:44158856;C|T;Family=12938	-0.00410290389844088	0.937598380737811	0.973179938105763	1
chr19:44428981;G|A;Family=13722	0.112386877345479	0.123344153099617	0.387834708199827	1
chr19:44662215;A|G;Family=12498	-0.0141046675669186	0.886824825685118	0.956235689501044	1
chr19:44662421;A|G;Family=13118	0.0181698064990264	0.886851142873826	0.956235689501044	1
chr19:44819769;C|T;Family=12390	0.288358841632631	0.00335084022210557	0.0525982556952504	1
chr19:44903002;C|T;Family=11723	-0.132964681869311	0.249013894086351	0.546793333618165	1
chr19:4502335;G|A;Family=14427	0.195397918656813	0.00818846869956297	0.0930738988832313	1
chr19:45350309;C|T;Family=13572	0.144135096516207	0.510045355742839	0.758824930564801	1
chr19:45485605;G|A;Family=14221	-0.324966034008231	0.0849564437356313	0.316640105980052	1
chr19:45526843;G|A;Family=12231	-0.00167700155867451	0.991884423606285	0.996347246293779	1
chr19:45553149;A|G;Family=14503	-0.125475679216101	0.108507313522606	0.362351065230599	1
chr19:45553435;G|A;Family=13466	0.0145155268663077	0.736506551461549	0.894966072270116	1
chr19:45626789;A|G;Family=14125	0.105615162229182	0.139689430154055	0.411461845140529	1
chr19:45873286;A|T;Family=14453	0.034768675159865	0.656985329841278	0.853806604308583	1
chr19:4675897;G|A;Family=11545	-0.102203460664428	0.499665146398415	0.752444076316066	1
chr19:4676194;C|G;Family=11963	-0.0847717750155493	0.309174539400838	0.601291026810669	1
chr19:47065223;A|G;Family=11172	0.0265819175177298	0.726679917126956	0.891303115510945	1
chr19:47065629;T|C;Family=11264	0.0223047087176657	0.848764900587376	0.94045413230479	1
chr19:47342993;T|C;Family=12036	0.0474169840065482	0.569961672172928	0.797715269287199	1
chr19:4798670;G|A;Family=12301	0.186882040270862	0.252517403673959	0.551111328232969	1
chr19:4801249;G|A;Family=12695	0.0165550531673266	0.941704232998972	0.975555474887132	1
chr19:48382990;A|G;Family=14338	-0.0535045350003834	0.708444814992785	0.881806645990935	1
chr19:48481022;C|A;Family=12341	0.386997648960413	0.00673221372167068	0.0821330074043823	1
chr19:49068615;T|TATC;Family=14095	-0.0950393820743236	0.310872649866516	0.603604190191749	1
chr19:49150245;C|T;Family=12415	0.0173745572992698	0.848054690632818	0.940284813000943	1
chr19:49521773;G|A;Family=14470	-0.0137126991688953	0.886382094291719	0.956235689501044	1
chr19:49865263;C|G;Family=14103	-0.127158576786991	0.136270014764401	0.404921910818055	1
chr19:50048609;C|T;Family=11390	0.272950811278119	0.000486307936882331	0.0161807913544485	1
chr19:50292334;G|A;Family=13968	-0.0351992239351932	0.73778400616785	0.895321439845601	1
chr19:50430640;G|A;Family=11928	-0.422836549198461	0.0293344672667696	0.187699563280379	1
chr19:50480191;C|T;Family=11325	0.124983319194864	0.0796004501129124	0.30542342831058	1
chr19:50624899;C|T;Family=14498	0.103052440316617	0.343041748600528	0.627569662864137	1
chr19:50820232;C|T;Family=14232	-0.216027036308227	0.131705164171126	0.400529558491761	1
chr19:50977229;G|A;Family=22349	-0.10509971883005	0.19963667909045	0.489725365597217	1
chr19:519440;G|A;Family=13808	0.699729608787053	1.36050017042178e-05	0.00171704504267024	0.0497943062374371
chr19:51993635;C|T;Family=12447	0.171740284488858	0.00571836159883991	0.0744811510738579	1
chr19:52291570;A|G;Family=13301	-0.339948762846828	0.000703832420607225	0.020719728138269	1
chr19:52294516;G|A;Family=12707	0.0174873273377306	0.916535133645302	0.967556558737181	1
chr19:52321837;T|G;Family=14113	-0.0173998325150799	0.889446633592153	0.95666176331234	1
chr19:52839554;G|C;Family=12308	-0.0347170683162839	0.672350499649533	0.86495705754562	1
chr19:52839774;A|G;Family=12382	-0.0415525825337417	0.684427200721553	0.872313962265176	1
chr19:53050896;G|A;Family=12550	-0.118905301909389	0.129574564847901	0.396767144143521	1
chr19:53875413;T|C;Family=12804	0.178859754924468	0.0108487723399104	0.111535131359753	1
chr19:53987427;G|A;Family=12377	0.116138202423584	0.334709955227468	0.622677770252155	1
chr19:54095620;G|C;Family=13015	0.0429019574284935	0.643394614837179	0.844628511586827	1
chr19:54459074;C|T;Family=11420	0.0771614298655826	0.317415608565013	0.609837862124907	1
chr19:54459097;T|C;Family=14153	0.132625972508355	0.240098407780901	0.535829373462254	1
chr19:54994369;A|G;Family=13738	-0.00964653740459559	0.889486333484124	0.95666176331234	1
chr19:5559309;G|A;Family=12864	-0.939458885876843	0.00119986304051984	0.0290827730351166	1
chr19:55702673;C|T;Family=14188	-0.143882962770438	0.345713088000462	0.628466654547885	1
chr19:5587029;G|A;Family=11569	-0.124711447823601	0.46157218577389	0.725270507076048	1
chr19:5612196;G|A;Family=14482	0.0700599032566897	0.343677239696978	0.627569662864137	1
chr19:5657345;T|C;Family=11303	-0.62155541246932	8.8094408681908e-05	0.0059708432551071	0.322425535775783
chr19:57218288;C|T;Family=14385	0.0501962186163583	0.840781583015556	0.937588748244406	1
chr19:57219010;A|G;Family=13546	0.192004740104642	0.0221690813488635	0.162929393045865	1
chr19:57220445;A|C;Family=13644	-0.0843125964287691	0.29397217411904	0.588002615746486	1
chr19:57542734;C|T;Family=13996	-0.121307144586628	0.144381247083624	0.415169673597199	1
chr19:57862221;T|C;Family=12565	-0.00945352774838563	0.914039642431146	0.966553682876295	1
chr19:58340391;G|C;Family=12134	-0.238711547808075	0.00556832484842259	0.0738408295116909	1
chr19:58342329;C|T;Family=12861	-1.63763981727412	2.25368819703277e-05	0.0024260290591588	0.0824849880113992
chr19:58498453;C|A;Family=12867	0.0759458874644869	0.341650227351059	0.62647286177599	1
chr19:58555781;G|C;Family=13601	-0.439375625236597	4.96994221193103e-05	0.00433094964182561	0.181899884956676
chr19:6212463;T|C;Family=11625	0.106307448077133	0.382730881249982	0.661217427102903	1
chr19:643682;C|T;Family=12770	-0.0237573693086622	0.811548417744528	0.929397653748858	1
chr19:7112336;C|CA;Family=13028	-0.159686041387097	0.316369687136147	0.608467185979138	1
chr19:7643024;G|T;Family=14452	0.0770320965261206	0.408614203443005	0.68341805882805	1
chr19:831970;C|G;Family=13093	-0.224961786198068	0.0345652162180678	0.200171979997038	1
chr19:8374252;C|G;Family=12662	-0.173132946335819	0.132370132172536	0.401387476181841	1
chr19:8580323;G|C;Family=11892	-0.160594597402487	0.0288943128182096	0.187173778609995	1
chr19:9412868;C|T;Family=12409	-0.13901400999211	0.391585484069312	0.666296081680002	1
chr19:9647926;A|G;Family=11723	-0.128877781220026	0.153821569035759	0.42780162816936	1
chr19:9810940;T|C;Family=14623	0.0442587812149972	0.660248962708995	0.856311553336259	1
chr19:9848601;G|A;Family=11324	-0.14761835378236	0.0759394538473618	0.299932596354562	1
chr20:10057886;C|CTTGT;Family=13221	0.0434210725437197	0.793601096949325	0.920630426631876	1
chr20:10306498;G|A;Family=12953	0.10304207785308	0.209782162242289	0.503193441313028	1
chr20:10306532;A|G;Family=13042	-0.0162179257258076	0.856354695066369	0.943753799825761	1
chr20:1167310;A|G;Family=13358	-0.0632912503703202	0.713850988517185	0.885359070814266	1
chr20:13167426;G|A;Family=14040	0.227144416720151	0.0491539527906093	0.235784360699384	1
chr20:13300465;C|CA;Family=14500	-0.576975870549658	0.00409757848370716	0.0595124494062231	1
chr20:1563946;A|G;Family=12759	-0.232868691587778	0.123165237884763	0.387605133841989	1
chr20:16051769;A|G;Family=13560	-0.266912024794539	0.0301801613620633	0.189142792097862	1
chr20:17609122;T|G;Family=14130	-0.0772930301075574	0.307760962475139	0.600890058007793	1
chr20:17609764;A|G;Family=14526	0.0945433675989401	0.291648089544456	0.586110584495952	1
chr20:17967954;C|A;Family=13815	-0.0571406024809755	0.549601457022496	0.785347151253741	1
chr20:18443421;G|A;Family=11114	-0.130446212311676	0.0250817106117284	0.174211453740298	1
chr20:19722220;G|A;Family=13770	0.0219457424126303	0.694038796316393	0.875498126112734	1
chr20:1979101;A|G;Family=13931	0.110630640666634	0.13973963757095	0.411461845140529	1
chr20:20390331;G|A;Family=11676	0.135955269081683	0.246115589058435	0.542313700152843	1
chr20:22563339;C|A;Family=13513	-0.178380566691197	0.0113658407526541	0.114072026186689	1
chr20:23046871;C|T;Family=13580	0.117684557752501	0.507929928453211	0.756623336645809	1
chr20:23081038;A|G;Family=14416	-0.0897568311861327	0.259148162788037	0.558917074722578	1
chr20:23081535;C|G;Family=11096	0.00266395444370473	0.965176907623857	0.988923046893767	1
chr20:23603144;C|T;Family=12394	0.200164627875333	0.0020093357765219	0.0383029632399487	1
chr20:25006517;C|T;Family=14652	0.0252533563433419	0.736760828344596	0.894966072270116	1
chr20:25297973;G|A;Family=12858	-1.04826211700316	3.05305581248374e-08	2.2348368547381e-05	0.000111741842736905
chr20:25774788;AC|A;Family=14168	0.252449890732355	0.020866090927116	0.159769650195072	1
chr20:31937413;A|G;Family=12006	-0.058721529142911	0.662265964288707	0.857356548588131	1
chr20:31945717;G|A;Family=14019	0.184949199759972	0.0300216791411664	0.189142792097862	1
chr20:31999641;G|A;Family=11495	-0.0166866056705459	0.859007099870808	0.944417538458142	1
chr20:32000279;T|C;Family=12358	0.0609842289287837	0.536514999031189	0.777514437067059	1
chr20:32031392;G|GC;Family=12568	-0.0338163811569973	0.683750595794796	0.87196069010765	1
chr20:33647201;G|A;Family=13053	0.0699578809701753	0.499784633484884	0.752444076316066	1
chr20:33658734;C|T;Family=12782	0.171375015506121	0.0579070760507504	0.259095230251524	1
chr20:354689;C|T;Family=14472	0.04544077887839	0.472902246714186	0.734880572614882	1
chr20:36231225;G|A;Family=14303	0.150030623778557	0.0477773286720062	0.233776768635752	1
chr20:3646918;G|A;Family=13905	-0.0472308583638755	0.703443726863232	0.880338022253863	1
chr20:3648438;A|G;Family=14291	-0.189736219521276	0.00133059408586995	0.0303241225727377	1
chr20:36782751;C|T;Family=14219	-0.118665254144684	0.200387147669165	0.490908273406387	1
chr20:36784635;C|T;Family=13970	0.0603713188741189	0.333669675821187	0.622427595071146	1
chr20:36905503;T|A;Family=14192	-1.00567464135404	0.00301967960126248	0.0499464366139968	1
chr20:38210994;C|T;Family=13383	-0.00702651652489955	0.919748277145038	0.969228773332325	1
chr20:3825394;G|A;Family=11067	0.205790139380511	0.00762566444305476	0.089584041870694	1
chr20:3866241;T|C;Family=13750	-0.0759465559678029	0.308567414429047	0.601041371373237	1
chr20:3874352;T|C;Family=14578	0.0758218433901619	0.185230168511549	0.469801939918651	1
chr20:41175517;G|A;Family=13023	0.190218022386284	0.0231470759110851	0.166904747239569	1
chr20:41402484;C|T;Family=13941	-0.160275356056371	0.378715133497106	0.658791534505422	1
chr20:41402974;T|G;Family=14346	0.0137596348671813	0.893081819947017	0.958564068680007	1
chr20:43716304;TC|T;Family=14282	-0.051148165379431	0.597108455503564	0.816388974475619	1
chr20:44490900;A|AC;Family=13486	-0.0211668724798442	0.753721520433586	0.905950990077807	1
chr20:44904975;G|A;Family=11869	-0.0711858257977573	0.436643108139981	0.704765501286968	1
chr20:45092483;T|C;Family=12759	-0.280358808972372	0.000459129780613899	0.0157048130565128	1
chr20:45373619;C|A;Family=12201	0.0947799414937213	0.212565496114082	0.505487663969642	1
chr20:45648601;G|A;Family=14610	0.0856036293382155	0.568394249690065	0.797460171785219	1
chr20:47188268;GAC|G;Family=13703	0.062401545946412	0.387555359346061	0.664245003455608	1
chr20:4784171;T|C;Family=14394	0.00871316895594284	0.87416085701681	0.952157620704875	1
chr20:49892051;T|C;Family=13324	-0.133971634081687	0.337254544681538	0.624435392141353	1
chr20:50961374;A|G;Family=14219	-0.201060576662378	0.513869204920297	0.760275835364762	1
chr20:51390478;G|A;Family=12617	0.261355029002256	0.00842961595392143	0.0937762747457521	1
chr20:51598823;T|C;Family=14311	0.106035527224581	0.227172410323314	0.523583766866075	1
chr20:51600915;G|A;Family=14455	0.00264937966080597	0.981004246183377	0.992392355177214	1
chr20:5195022;A|C;Family=14547	0.19924402176074	0.0379843907251945	0.212573195801547	1
chr20:53944804;G|T;Family=11526	-0.0407261422652707	0.730388472801009	0.89285965612949	1
chr20:57169515;G|C;Family=12100	-0.0982812791733204	0.42504514782064	0.694964597546327	1
chr20:58364108;T|C;Family=12708	-0.0452511251694579	0.749429501046919	0.903462441973558	1
chr20:58444831;C|G;Family=12394	0.00803382148605327	0.896655276462301	0.960420928256372	1
chr20:58449461;A|G;Family=14231	-0.390842474329471	0.0718843359829606	0.28975404151722	1
chr20:58856372;G|A;Family=12735	0.0750670639534665	0.700372916871753	0.880338022253863	1
chr20:58903684;G|A;Family=14373	-0.0077470205518588	0.913274971112731	0.966553682876295	1
chr20:58909186;C|G;Family=11132	-0.0700693497099213	0.33165170414619	0.622427595071146	1
chr20:59028971;C|T;Family=11181	-0.00150814196713113	0.987909992164581	0.994710571965375	1
chr20:59325214;C|T;Family=14063	-0.00594643147892564	0.929876752250767	0.971407548998798	1
chr20:59947941;CAT|C;Family=11018	0.109306722941039	0.382521896060651	0.661217427102903	1
chr20:61975114;T|C;Family=13718	-0.0337289377483241	0.877179899919989	0.952664223651976	1
chr20:62286187;G|T;Family=14481	0.621110828879985	0.000166757848342295	0.00831384601869296	0.6103337249328
chr20:62668294;C|T;Family=11189	0.0154265063808456	0.838143713402793	0.936562384792864	1
chr20:62671759;G|A;Family=12719	-0.045120346120883	0.333029635511093	0.622427595071146	1
chr20:62877971;A|G;Family=13026	0.0529940061011153	0.755564833822791	0.906365119327393	1
chr20:62878254;G|A;Family=13738	0.0659861370706631	0.653736991641183	0.851789743469822	1
chr20:62968800;G|C;Family=13496	-0.00541833901358639	0.910075073072603	0.965690426095005	1
chr20:63743053;G|A;Family=12578	-0.159770086544203	0.00144626786597058	0.0322764657893434	1
chr20:63746676;G|A;Family=12738	0.00534078422035891	0.973360509548303	0.990164931152945	1
chr20:64240571;G|A;Family=12623	-0.0238098061997458	0.755938196503501	0.906365119327393	1
chr20:64275397;A|T;Family=14209	0.242239404684914	0.172307883584822	0.452076597792437	1
chr20:7978072;A|G;Family=12360	0.0313985254313167	0.83092037278915	0.935980208530786	1
chr20:9480988;G|A;Family=11835	-0.0886353186693306	0.402514297543023	0.677683371795316	1
chr21:17565664;C|T;Family=12680	-0.0619175053188104	0.538495824060348	0.778226622271284	1
chr21:21539712;C|T;Family=13039	-0.0803411574959564	0.391383229869367	0.666296081680002	1
chr21:28929048;T|C;Family=12497	-0.241257501929047	0.0342511423615013	0.199484794378085	1
chr21:30592947;A|T;Family=13524	0.0833865671843803	0.504419653072311	0.753541196018228	1
chr21:32044396;G|T;Family=11246	-0.0891481543917839	0.148734510646844	0.42166406581522	1
chr21:33517446;T|C;Family=12197	0.197230800463336	0.135534720064176	0.404874549447496	1
chr21:34102835;G|T;Family=14531	0.27602005760379	0.0117669896532217	0.115404373872914	1
chr21:34717175;G|A;Family=12480	0.173592723965335	0.0336913704669749	0.199275828118628	1
chr21:34788264;A|G;Family=14223	-0.114887922939579	0.321959345285386	0.613735001950266	1
chr21:36375813;G|C;Family=13129	0.111133622376262	0.500994556846488	0.752444076316066	1
chr21:37516066;C|T;Family=14550	0.000116659136167555	0.998550152772708	0.9990961069295	1
chr21:37608596;G|A;Family=13903	0.126426676561479	0.267304903398277	0.564024715417117	1
chr21:38301666;C|A;Family=13938	0.0674863245307255	0.624966441279424	0.834504624254905	1
chr21:39175161;G|A;Family=12295	-0.0336596965670466	0.72608618607908	0.890887831333768	1
chr21:39196527;GT|G;Family=14292	-0.383713303798321	0.0216217138516251	0.162929393045865	1
chr21:41408906;A|G;Family=14317	-0.209145890419222	0.344519302504921	0.627645916957696	1
chr21:41465356;G|A;Family=14040	0.0138406205089208	0.857222906409784	0.943873597310412	1
chr21:41801553;T|C;Family=14348	-0.152471055698942	0.177255074948719	0.458483091386793	1
chr21:41885311;C|A;Family=12483	-0.0427781871259121	0.542005895442279	0.779960260811826	1
chr21:42775306;G|A;Family=14216	-0.0163582233691673	0.893516487593494	0.958742405333388	1
chr21:43529357;T|G;Family=12445	-0.00297992095873247	0.977303355564332	0.991036952717862	1
chr21:43693482;C|T;Family=13543	0.0678819115639147	0.540397519328642	0.779088148754825	1
chr21:44079633;C|A;Family=12308	-0.228529438771503	0.0328367946138439	0.198642043311446	1
chr21:44087918;C|T;Family=22364	-0.0154474413138839	0.886445623420642	0.956235689501044	1
chr21:44145706;G|A;Family=13942	-0.198624076872183	0.011716225010365	0.115404373872914	1
chr21:44228232;C|T;Family=11299	0.0802855877910445	0.425205313141683	0.694964597546327	1
chr21:44319382;A|G;Family=22252	0.120439908107333	0.241906157947864	0.537243044957027	1
chr21:44459443;T|C;Family=14203	0.23787273258202	0.0214392718980265	0.162929393045865	1
chr21:45223082;C|G;Family=13752	-0.0106136410104478	0.902221717957904	0.962720550357414	1
chr21:45264278;G|A;Family=13620	0.0769337753837588	0.370340885922681	0.654438105507951	1
chr21:45942406;GC|G;Family=12793	-0.244017656395227	0.000616389943632893	0.0191185355397999	1
chr21:46129683;G|A;Family=14375	-0.19039455370417	0.000115689516743418	0.00712806862467525	0.42342363128091
chr22:17114976;A|G;Family=12478	-0.0544494269498088	0.476974246282859	0.73877517621467	1
chr22:17115083;A|G;Family=12437	-0.0224309248404453	0.771953456418821	0.91022862451446	1
chr22:17115310;GA|G;Family=14026	-0.27549393336878	0.0514443805060458	0.24170273767924	1
chr22:17555822;G|A;Family=11169	0.0734725719797756	0.277462765674746	0.572120406968771	1
chr22:17788481;G|C;Family=14587	0.00817580098094453	0.885605822842372	0.956235689501044	1
chr22:17788756;T|TG;Family=13394	0.1208529010479	0.223881097602159	0.519267945008811	1
chr22:17789787;C|T;Family=13195	0.00525470967208952	0.9658333159034	0.989073848966548	1
chr22:17790452;C|T;Family=11305	-0.0995248014622663	0.112193031589838	0.371331873077215	1
chr22:18095494;G|A;Family=12902	-0.0911625792351545	0.10739114680887	0.36017044401509	1
chr22:19783767;C|T;Family=13239	-0.00324836668834551	0.983252761796183	0.993294261157612	1
chr22:19894032;T|A;Family=13942	0.0795816322865025	0.249257271856112	0.546793333618165	1
chr22:20111199;C|T;Family=12942	0.125441383849702	0.168956350550941	0.448033452131622	1
chr22:20987529;G|GT;Family=12907	0.285270217633333	0.00243530301990648	0.0445348548003208	1
chr22:20995791;G|T;Family=13016	0.0426630917365906	0.594534413785883	0.81406507836002	1
chr22:20996054;G|A;Family=14192	0.0568620534108633	0.604756358396458	0.821018672634546	1
chr22:21447279;C|T;Family=12329	-0.110369696010949	0.193399688076898	0.479587711930073	1
chr22:21756331;C|T;Family=12014	0.152368746740465	0.270193281012021	0.565731577700247	1
chr22:21757478;G|A;Family=14523	0.10309740985713	0.271400792823426	0.566616837514491	1
chr22:21763712;T|C;Family=12314	0.118841399726937	0.229317591359021	0.524892047763612	1
chr22:21920263;G|A;Family=13099	-0.0169694858749162	0.775290787061692	0.910935563610206	1
chr22:21958603;A|G;Family=12323	0.235392802810716	0.00138570803194364	0.0313067370179859	1
chr22:23164296;G|A;Family=12964	0.238247941333328	0.019000836553209	0.153178550186663	1
chr22:23739329;G|A;Family=14470	-0.0621295002999113	0.791384356597295	0.91998700242066	1
chr22:23743320;A|G;Family=12197	0.00559727748393707	0.958127214687789	0.986041188465032	1
chr22:24586266;T|C;Family=14185	0.178016443056312	0.059717950323743	0.261129694169479	1
chr22:24588307;G|A;Family=13551	-0.0696968909712626	0.32991740312213	0.620968913175617	1
chr22:25351735;T|G;Family=14290	-0.169544236873411	0.183009022685165	0.466119013937165	1
chr22:25722315;G|C;Family=14539	-0.153352286998263	0.0660639423307665	0.277286730425006	1
chr22:28757200;G|A;Family=12683	0.391176934111851	5.23551472043963e-05	0.00435499633563842	0.19161983876809
chr22:29259151;T|C;Family=13050	0.0978766057156754	0.347884028151969	0.630324526255548	1
chr22:29730488;C|G;Family=13089	0.189574563491307	0.0298580203669915	0.189142792097862	1
chr22:30334131;G|A;Family=14560	0.0361514115689862	0.760581322296731	0.906398004403686	1
chr22:30423991;T|C;Family=11489	-0.137857072759411	0.134345682592727	0.404695636452166	1
chr22:30461448;C|G;Family=11989	-0.0343931356092856	0.662485946894867	0.857356548588131	1
chr22:31683328;G|A;Family=12382	-0.108917584601438	0.131747650708784	0.400529558491761	1
chr22:31906668;C|T;Family=12360	-0.255169149772279	0.00348283695000618	0.0528928765021685	1
chr22:32861747;G|A;Family=12796	0.0872919583442504	0.250478129110964	0.548295426163953	1
chr22:33273439;T|C;Family=12457	-0.0677232338627782	0.321136510989605	0.612724807903325	1
chr22:35294562;C|G;Family=12697	-0.0263482740827085	0.673370315669801	0.8656604690381	1
chr22:35740448;C|T;Family=11415	0.213562203443571	0.0779512873635799	0.302066990340391	1
chr22:36282343;G|A;Family=12976	-0.461576270316149	0.000136798726280916	0.00736299026747283	0.500683338188153
chr22:36467645;C|G;Family=14380	0.14549937135781	0.203669582388362	0.49497388548566	1
chr22:37180478;C|T;Family=13007	0.216182959526381	0.0207389721972207	0.159769650195072	1
chr22:37180625;C|T;Family=11029	-0.139045578781713	0.0412417844891839	0.219777100072779	1
chr22:37697628;G|A;Family=11368	-0.0234365098876643	0.737629668367332	0.895321439845601	1
chr22:37813556;C|T;Family=13576	-0.0192773402548023	0.845897429988165	0.939561670993733	1
chr22:37968182;C|CTCTTA;Family=13071	-0.0449599770807172	0.613774243638674	0.825688425837602	1
chr22:38221428;C|T;Family=11502	0.14717963775382	0.104137891629713	0.35448110204549	1
chr22:38485351;A|G;Family=14649	-0.0880614313629294	0.266200832391621	0.563475679909497	1
chr22:38519103;C|G;Family=14185	0.296071201613806	0.155273497224933	0.430531060487314	1
chr22:38733162;C|T;Family=14467	-0.15892432270344	0.0252127623946525	0.174770284781114	1
chr22:38863175;C|G;Family=12631	0.251139446778747	0.000131698287382176	0.00719426465401139	0.482015731818763
chr22:39018581;T|C;Family=12407	-0.122502074762574	0.104213569890969	0.35448110204549	1
chr22:39020064;G|A;Family=12671	-0.0564411371202076	0.339233772879831	0.624859390407741	1
chr22:39490288;T|A;Family=14249	0.118771647926002	0.186776766238796	0.47146002287452	1
chr22:40036181;C|T;Family=11835	0.0136582261351357	0.921066446278221	0.969524968607575	1
chr22:40329704;C|T;Family=11312	-0.130702077529844	0.023650396055949	0.168405543900337	1
chr22:40331447;G|C;Family=13034	0.182487492618815	0.00969205374916914	0.103289858847247	1
chr22:40332081;T|G;Family=14046	-0.184009987192478	0.0253177466624391	0.174835759970806	1
chr22:40361509;A|T;Family=13203	0.0479579791385437	0.505299894379742	0.754548189893862	1
chr22:40364303;C|T;Family=12738	0.0393814693282491	0.600273768555752	0.818860228443553	1
chr22:40835633;G|C;Family=14515	0.380477765241334	0.00302953795855391	0.0499464366139968	1
chr22:41358553;C|G;Family=13807	0.0559645745334913	0.605027755741913	0.821018672634546	1
chr22:41898660;A|G;Family=11415	0.484656198641204	0.000560447939800865	0.0175319611937707	1
chr22:41898705;C|G;Family=12120	0.0708999815549135	0.424904232206111	0.694964597546327	1
chr22:41903002;G|A;Family=14644	-0.0515781584760589	0.501821773422333	0.752444076316066	1
chr22:42031433;G|A;Family=11159	-0.119072416652805	0.284631571188628	0.579394852984055	1
chr22:42383755;CT|C;Family=11219	0.191343328976677	0.318436159680306	0.610271938194962	1
chr22:42510354;G|A;Family=14458	-0.198921719902615	0.00141968717062423	0.031877638309722	1
chr22:43068521;G|A;Family=12976	-0.171995569789317	0.0139782893807596	0.127582391854315	1
chr22:43163169;G|A;Family=14659	-0.0459708808505022	0.59957062979155	0.818511191733336	1
chr22:43199409;A|G;Family=13146	-0.0844387472227368	0.271594849088674	0.566616837514491	1
chr22:43238370;G|A;Family=11057	-0.139715100591372	0.151053244193855	0.42429384017614	1
chr22:44244437;G|A;Family=11235	-0.134444481770596	0.0214828587148963	0.162929393045865	1
chr22:44247500;C|G;Family=14356	-0.195523312455078	0.0560629795932615	0.253866250243704	1
chr22:44881542;TG|T;Family=14096	-0.183076209219566	0.133272449659441	0.403121624589713	1
chr22:44882646;C|CCATG;Family=11304	-0.209901520421531	0.0288908542673569	0.187173778609995	1
chr22:45190914;TAGAG|T;Family=11942	-0.0398147286176137	0.630312553882385	0.836455383324703	1
chr22:46293891;C|G;Family=14470	0.266335182545792	0.00167756680705534	0.0346886695696189	1
chr22:46361866;G|T;Family=13599	-0.0404412244517542	0.460169188571163	0.724739931612037	1
chr22:47173887;C|T;Family=11424	0.137348964389652	0.241776154243302	0.537243044957027	1
chr22:49773989;G|A;Family=11645	-0.0416560698605022	0.714565079935404	0.885644494603312	1
chr22:49774277;G|A;Family=11301	-0.0593393684761713	0.450992377973941	0.717978296383047	1
chr22:49888231;T|C;Family=14629	-0.125494112840271	0.486418044852971	0.74614000174429	1
chr22:49901548;TTG|T;Family=14486	0.0609420994216239	0.639761594870646	0.842276056556318	1
chr22:50178310;C|T;Family=12201	-0.170820128008213	0.18826041299495	0.474529755587596	1
chr22:50218044;G|A;Family=12463	-0.0518868374784985	0.685630061704685	0.873122702791503	1
chr22:50275338;G|A;Family=13364	-0.12488125206701	0.0534476867226884	0.246461448942455	1
chr22:50445576;G|C;Family=14316	-0.0240142056366918	0.806360851679196	0.926618749496344	1
chr2:100280585;C|T;Family=11810	-0.0680396862504052	0.540100059169717	0.779088148754825	1
chr2:10057444;C|T;Family=13984	0.0553943994475579	0.479725357664371	0.739905102845174	1
chr2:101397685;C|T;Family=12641	-0.110448362957984	0.211152923963171	0.50478099392894	1
chr2:102344264;C|T;Family=12679	0.0181243335020489	0.802429937862301	0.925005849630243	1
chr2:102533057;A|G;Family=13634	-0.110771387742551	0.301191951616179	0.59472817494361	1
chr2:102716264;C|A;Family=11615	0.4052220164985	0.129188067180437	0.396335562347359	1
chr2:102717597;C|A;Family=12681	-0.103563463574995	0.12021814647351	0.381652705172738	1
chr2:105266592;G|A;Family=22027	0.0748539215184483	0.476766930982879	0.738766709313014	1
chr2:106093641;G|A;Family=12289	-0.0099457834917789	0.925595382482642	0.970944309732154	1
chr2:106093764;TA|T;Family=14157	0.388350124164735	0.0116532209938343	0.115404373872914	1
chr2:106805473;G|A;Family=11051	-0.225324686993411	0.318303902110085	0.610271938194962	1
chr2:108785373;A|G;Family=11077	-0.0262736496004325	0.839622051242249	0.936895337666656	1
chr2:108894943;A|C;Family=12313	0.232177295019996	0.0017971704395921	0.0359434087918419	1
chr2:109502878;TTTC|T;Family=13542	0.292697463815091	0.0627748635131596	0.268720468372122	1
chr2:111166684;G|A;Family=13621	-0.26625384000977	0.00501891197002271	0.0685418575010565	1
chr2:112215489;A|AAAAT;Family=13858	-0.122578421008925	0.38820220283922	0.664245003455608	1
chr2:112333897;G|A;Family=12597	0.45254494342079	0.00615427627900643	0.0774042995916273	1
chr2:112533293;G|T;Family=14026	0.0197663749503066	0.854575781189579	0.943449641248758	1
chr2:112536119;A|G;Family=13619	-0.310760393971066	0.0018210399818167	0.0360270612618871	1
chr2:112573587;G|A;Family=11276	0.141965927892496	0.432893679888374	0.701971763677901	1
chr2:112588364;TAC|T;Family=13064	-0.0722342443733545	0.266496284678508	0.563475679909497	1
chr2:113027836;C|A;Family=11545	0.0534512186555235	0.545104343805824	0.781638806284353	1
chr2:113206331;G|A;Family=14375	0.0792314027145999	0.380033012896155	0.659516750687495	1
chr2:113216257;C|T;Family=11933	-0.0910088453088405	0.0668267677421493	0.278571719745178	1
chr2:113742122;T|C;Family=12766	-0.0508439980591701	0.635397767169477	0.840259861223496	1
chr2:113959963;A|G;Family=13736	-0.66040774483639	0.0135634317936647	0.125358990820234	1
chr2:120104264;G|A;Family=12637	0.173153456603295	0.281543941330927	0.576657156573767	1
chr2:120984534;A|T;Family=13071	-0.0233513454326263	0.747233010470447	0.901705512140401	1
chr2:120989430;G|A;Family=13097	0.0958927253134526	0.229188786038861	0.524892047763612	1
chr2:121221318;C|T;Family=11266	0.00844678069522637	0.928236798749118	0.971407548998798	1
chr2:127048247;C|T;Family=13988	0.151678941781376	0.142083938529651	0.413325676733506	1
chr2:127701340;G|C;Family=14613	0.0370883309659682	0.64591627975887	0.846724063007688	1
chr2:127941254;C|G;Family=12907	0.0330655463424661	0.781068178277474	0.913034025070442	1
chr2:128172585;T|C;Family=22026	0.221531788792679	0.157578451583721	0.432661014851026	1
chr2:128190451;CTT|C;Family=14623	0.304993345270303	0.00412712114178722	0.0597045983357361	1
chr2:128190905;G|A;Family=12722	-0.0214067650457095	0.787758492489397	0.917047100035367	1
chr2:128191396;C|A;Family=11800	0.0627389738944007	0.748959591767601	0.903193445097008	1
chr2:130765137;A|T;Family=11810	-0.376318334017675	0.50041022124494	0.752444076316066	1
chr2:131049416;G|A;Family=11883	-0.0316429547797182	0.691482180558258	0.875144260689886	1
chr2:131147540;T|C;Family=13916	0.214531614590448	0.0509217456549065	0.241416566187769	1
chr2:134449703;C|T;Family=12727	0.0915477495631577	0.478454999268831	0.739816348679307	1
chr2:134956020;T|C;Family=12052	-0.423003852056421	0.0202427344874424	0.158109347577385	1
chr2:135224442;A|G;Family=14570	-0.240049111644198	0.217428130872824	0.510774684848868	1
chr2:135839883;C|T;Family=11031	0.128878315590517	0.103365526151703	0.353237932507222	1
chr2:143049382;C|T;Family=14411	-0.0298796371866519	0.592404160986055	0.812650164872124	1
chr2:143050341;C|T;Family=13592	0.282844424295332	0.0410360448513442	0.219258283439299	1
chr2:143053230;A|G;Family=12989	-0.0289150566294088	0.613983571070401	0.825688425837602	1
chr2:143939613;TTTC|T;Family=13881	0.0357107501140098	0.816177012104201	0.929934804575616	1
chr2:144388926;T|C;Family=12001	-0.0704292096221335	0.818696638506442	0.931146580774884	1
chr2:144462320;T|C;Family=13211	-0.650451043821895	0.000351037349104859	0.0133526750504897	1
chr2:147928575;A|ATAAC;Family=11307	0.106589918610175	0.404213904712485	0.679695108573273	1
chr2:148471094;A|T;Family=14363	0.681707441308281	0.0164189138513425	0.139120724248955	1
chr2:151482061;CTT|C;Family=14617	0.0418228410079046	0.717747826723898	0.88590295764941	1
chr2:152654408;T|C;Family=11336	0.108119976511351	0.600165019640714	0.818860228443553	1
chr2:152656191;C|CT;Family=12499	0.455432516072292	0.0414535559144446	0.220203214291534	1
chr2:154857794;T|A;Family=14449	-0.304252968807208	0.00236829687565671	0.0437776089136544	1
chr2:157312188;A|G;Family=13988	-0.0892438535140032	0.307467683763588	0.600890058007793	1
chr2:158338688;G|A;Family=13148	0.381896203371785	0.00326657268120014	0.051981113100837	1
chr2:158625346;G|C;Family=12162	0.150898744589977	0.106678724916451	0.359856343957797	1
chr2:159771089;G|A;Family=13924	-0.0474513260103067	0.735568000903955	0.894966072270116	1
chr2:159946682;A|C;Family=13918	-0.09979116670203	0.15722113247166	0.432328583656104	1
chr2:160101510;T|C;Family=12788	0.167450706266776	0.232992817599184	0.529331913353825	1
chr2:161983203;AG|A;Family=14644	0.0416852928423918	0.613990434169527	0.825688425837602	1
chr2:162008566;G|T;Family=13579	0.122588099998126	0.351352734267869	0.633473402670147	1
chr2:162008659;T|C;Family=13409	-0.00701793452280886	0.94572643639243	0.978407073378437	1
chr2:163606073;T|C;Family=12091	-0.0555936699710774	0.662694446982465	0.857356548588131	1
chr2:163607844;T|C;Family=11285	-0.246374499331318	0.338766081600707	0.624859390407741	1
chr2:165094381;C|T;Family=14595	-0.0274848726658812	0.717224526464256	0.88590295764941	1
chr2:165344801;C|T;Family=14280	0.14466181925621	0.0694321914433615	0.283618103440517	1
chr2:165344869;C|A;Family=11892	0.00619735604018177	0.937471374227918	0.973179938105763	1
chr2:165354309;G|T;Family=11114	-0.0469076039620192	0.684504289515187	0.872313962265176	1
chr2:165374868;T|C;Family=13544	0.356012840559693	0.00344212640384087	0.0528800286611645	1
chr2:165989378;A|G;Family=13752	0.128849102415038	0.420006545657132	0.692495543212798	1
chr2:165989790;AAAAAT|A;Family=14514	-0.181878264686622	0.337468088976939	0.624435392141353	1
chr2:165991496;T|C;Family=12340	-0.0332857317552661	0.685501737581584	0.873122702791503	1
chr2:165991561;G|A;Family=12499	0.0173000458380334	0.798087940863833	0.92360525021452	1
chr2:165998144;A|C;Family=13891	-0.300563689699642	0.00782458214401934	0.090626489389591	1
chr2:166046848;G|C;Family=13988	-0.0235448355595851	0.726097923734598	0.890887831333768	1
chr2:166198309;C|T;Family=12449	0.674634915888314	0.0133732059080178	0.124544360364746	1
chr2:168774857;TG|T;Family=12748	0.143580373771025	0.135124730455991	0.404874549447496	1
chr2:168923786;G|A;Family=11251	0.0243751077948748	0.787633951128919	0.917047100035367	1
chr2:170847738;G|A;Family=12630	0.0855068930068828	0.532601137596318	0.775823212763473	1
chr2:170991658;G|GATCT;Family=12626	-0.0545430069128506	0.761238417149503	0.906398004403686	1
chr2:170992470;C|A;Family=13403	0.17098998289813	0.0809037604834137	0.307723392832842	1
chr2:171319581;C|T;Family=11187	-0.0343728300132765	0.677169293039378	0.869004168884894	1
chr2:171555749;G|A;Family=12396	0.147459814429916	0.124295879153869	0.388449370905409	1
chr2:172081770;G|T;Family=11480	0.0770735343505051	0.150285710327635	0.423437798151766	1
chr2:172100315;A|G;Family=13051	0.00979994886032205	0.915042031010827	0.966553682876295	1
chr2:172504612;A|C;Family=11172	-0.0082833100378526	0.933708525681504	0.972795402690104	1
chr2:172600469;C|T;Family=13508	0.0689143589432155	0.388615293981288	0.664641110267063	1
chr2:172603764;C|T;Family=13556	-0.00611123821455716	0.951913518540269	0.983070958763371	1
chr2:175925325;G|C;Family=14093	-0.0357111079022032	0.662966984996541	0.857406065401886	1
chr2:176124206;G|A;Family=13709	0.0271437018942012	0.679663585549601	0.870692587718425	1
chr2:177615973;G|C;Family=13531	-0.0114577568952946	0.972723457172537	0.990164931152945	1
chr2:177629027;A|T;Family=12925	-0.105493056939837	0.0870185387618775	0.322030183891276	1
chr2:178136552;C|T;Family=22105	-0.132775869340455	0.20642266571891	0.499673913049743	1
chr2:178137904;G|C;Family=14468	-0.138515838135346	0.27803830011135	0.572661889931087	1
chr2:178402055;T|G;Family=12867	0.0885450162184224	0.156163762528918	0.431185774903135	1
chr2:178402563;A|G;Family=11198	-0.178300811911605	0.340856109214841	0.625427768628142	1
chr2:178873393;A|G;Family=14017	-0.279213637527368	0.300274258995553	0.59472817494361	1
chr2:178874946;T|A;Family=14226	-0.00160909515582255	0.985438339079751	0.994257165314637	1
chr2:178875519;C|T;Family=14406	-0.133313738548191	0.360343794969291	0.642092643421425	1
chr2:182142011;G|C;Family=11552	0.0385157333028732	0.709264260941291	0.882361385127507	1
chr2:182142017;C|T;Family=12316	0.172989304684962	0.193669573287609	0.479587711930073	1
chr2:182780190;C|T;Family=13787	0.00413781979531436	0.973088525294294	0.990164931152945	1
chr2:182782843;T|C;Family=13947	-0.175670728535898	0.194128493449849	0.480074517585437	1
chr2:182788544;T|C;Family=11030	0.120411299803621	0.521962323532568	0.767838466289871	1
chr2:182791335;T|C;Family=13981	-0.0638336345798221	0.705878750285677	0.880859083510963	1
chr2:185761040;GA|G;Family=12598	-0.0996822787203761	0.38086201455149	0.660329215186382	1
chr2:186679617;A|G;Family=13214	-0.918570295359287	0.0047991691844106	0.0667869171670829	1
chr2:189034022;C|T;Family=14085	-0.0981024089591669	0.0678082876521354	0.280725430120737	1
chr2:189458825;G|A;Family=12184	0.0548726642951746	0.486256950776926	0.74614000174429	1
chr2:189775364;T|G;Family=12833	-0.0221860330719173	0.817363378376004	0.93067365138859	1
chr2:189854023;A|C;Family=12227	0.0380276641446506	0.808488004745105	0.928188863665961	1
chr2:189864171;T|C;Family=11441	-0.036333124769058	0.838811884522134	0.936562384792864	1
chr2:190202057;T|C;Family=14031	0.0910236610910876	0.633924553467967	0.838815569664772	1
chr2:190204763;A|G;Family=14470	-0.107143094475963	0.418018055575332	0.690759410315264	1
chr2:191692786;C|G;Family=12420	0.257194732320738	0.458362022928759	0.723417422992349	1
chr2:196135862;A|C;Family=14564	0.463538299662327	0.00389597847112452	0.0578347978951433	1
chr2:197392121;C|T;Family=12686	-0.15854784411788	0.287257334336914	0.58166514589745	1
chr2:197551264;G|A;Family=13154	0.0453738858427941	0.808786659240897	0.92824056846086	1
chr2:199933186;G|A;Family=12843	0.168578653666476	0.160806856502004	0.437250676754159	1
chr2:200489752;G|C;Family=12314	-0.0737679498603403	0.377628059427038	0.657838504285082	1
chr2:201163531;C|T;Family=12401	0.0635841714405131	0.408582003625059	0.68341805882805	1
chr2:201623884;G|A;Family=13574	-0.289058308760144	0.0815436278545612	0.308533673072851	1
chr2:201889137;A|C;Family=11164	0.0157377721595899	0.83317323661808	0.935980208530786	1
chr2:20251060;ACT|A;Family=14524	0.371666738144296	0.477995106417252	0.739417620239706	1
chr2:202962073;T|C;Family=13741	0.0801882672480644	0.237641769542864	0.532681107738667	1
chr2:203402659;C|T;Family=13471	0.0271539147275433	0.656178712949876	0.853806604308583	1
chr2:203431051;G|GA;Family=12388	-0.00251169030248427	0.967702529741875	0.989603592862604	1
chr2:20449434;A|G;Family=14575	0.170860280273922	0.468530792352886	0.732517172153593	1
chr2:20618580;G|A;Family=13624	-0.354322653934048	9.16635402310146e-06	0.00134668798467759	0.0335488557245513
chr2:206619891;G|A;Family=14540	0.297904351700267	0.029802473169878	0.189142792097862	1
chr2:207601814;G|C;Family=12478	0.05838693149064	0.374841373676576	0.65610685205943	1
chr2:207763431;C|T;Family=14598	-0.314374802681225	0.00522613954976515	0.0703223189416928	1
chr2:208285776;C|T;Family=11679	-0.0393188722795916	0.555022969780362	0.789193500153894	1
chr2:21024411;A|G;Family=14214	0.0836626397723071	0.239681241329369	0.535551491615073	1
chr2:210678792;A|G;Family=14058	-0.0368222557089478	0.779536844165223	0.912098176594873	1
chr2:211382007;C|G;Family=13929	0.195532350800816	0.265945731206067	0.563475679909497	1
chr2:213930055;G|A;Family=12430	0.166815537743512	0.137329519714812	0.407314458797578	1
chr2:215346766;G|A;Family=14303	0.0685702410007679	0.228510360348466	0.524312378229432	1
chr2:215346790;G|A;Family=11657	0.188988239920211	0.100155022035979	0.346472004396674	1
chr2:216501655;C|T;Family=13869	-0.21852203088533	0.0260683174291502	0.176685262575351	1
chr2:217801751;T|C;Family=11571	0.199560382655099	0.0163461462396812	0.139120724248955	1
chr2:218234999;G|A;Family=12716	0.0417413837008245	0.607934143556994	0.821350670143447	1
chr2:219163441;A|G;Family=12367	-0.0449454971876411	0.681134840038903	0.871130717061646	1
chr2:219180733;A|T;Family=12469	-0.0129923934368873	0.814758815613015	0.929397653748858	1
chr2:219216033;G|A;Family=14124	0.0166647201134747	0.901259179793599	0.962450770255643	1
chr2:219506756;CAAG|C;Family=13197	-0.150803895415957	0.147066042231306	0.418726179584264	1
chr2:221420166;A|G;Family=14653	0.155146310185538	0.0987055963350755	0.344575833888918	1
chr2:223967681;A|G;Family=11401	-0.241917182905271	0.274759964524438	0.570403556528329	1
chr2:224473722;C|T;Family=14303	0.0285791979367735	0.861562120760676	0.944756212774342	1
chr2:224807721;G|A;Family=13843	0.198781325921624	0.0680585761004759	0.280725430120737	1
chr2:226732343;G|A;Family=12636	0.191194018225629	0.0013339299820248	0.0303241225727377	1
chr2:226995818;G|A;Family=11264	0.0857680750803782	0.263205743595935	0.56029156732812	1
chr2:227981684;G|T;Family=11981	0.227940106747575	0.148970905077009	0.421680984208703	1
chr2:230907364;C|T;Family=14147	0.221351114172338	0.00329299874940992	0.0521747853802611	1
chr2:231372229;C|T;Family=12444	0.248458387712922	0.0670609265881433	0.278595903873558	1
chr2:232238540;C|A;Family=11625	0.0513492328573679	0.499752924640142	0.752444076316066	1
chr2:232260352;C|T;Family=13041	0.0510568204970501	0.386914535797298	0.664245003455608	1
chr2:232263310;C|T;Family=11012	-0.129055563585365	0.103556781799576	0.353561400547059	1
chr2:232336039;G|A;Family=13722	0.151246439159826	0.163731786639454	0.4408620602886	1
chr2:232531616;G|A;Family=11729	0.183991634255466	0.0334019605974991	0.198642043311446	1
chr2:232858311;A|G;Family=12289	-0.220136369149955	0.0526174813377048	0.243948133381573	1
chr2:233519539;T|C;Family=11597	-0.161870830978185	0.323356800179093	0.615521687273109	1
chr2:234494895;A|C;Family=14620	-0.11101808724483	0.608596363870789	0.821941952681583	1
chr2:235055422;G|A;Family=12638	-0.00739018009958403	0.901348194950756	0.962450770255643	1
chr2:236120386;G|A;Family=11000	-0.0176614667303645	0.882193750221999	0.955840475373746	1
chr2:236124576;C|T;Family=13611	-0.154442243067856	0.155886289631417	0.431092102481868	1
chr2:237088619;A|G;Family=14632	0.262362514928979	0.294371671173209	0.588002615746486	1
chr2:238099394;T|C;Family=12724	0.489072744304224	6.76867201760733e-05	0.00485751756557703	0.247733395844428
chr2:238152501;TG|T;Family=11540	0.0803818644639553	0.47298887414431	0.734880572614882	1
chr2:239050745;C|T;Family=13272	-0.37065739830797	0.00102855496388925	0.0263252529219206	1
chr2:240482185;C|G;Family=11946	-0.0233603267125817	0.738997165872726	0.896434191938338	1
chr2:240520532;G|A;Family=13398	0.0119529943903006	0.888409868827819	0.95666176331234	1
chr2:241183251;C|T;Family=14202	-0.0478502161291149	0.542349416329535	0.779960260811826	1
chr2:241353409;A|C;Family=13564	0.0958707217910777	0.309188446026688	0.601291026810669	1
chr2:241445606;C|T;Family=13385	0.169896145622028	0.0292617664350969	0.187562285731094	1
chr2:241749408;G|A;Family=14576	0.0858484721570792	0.137620406416662	0.407516737447396	1
chr2:241749817;C|T;Family=14146	0.00579573258627746	0.946060828602811	0.978407073378437	1
chr2:241755178;C|T;Family=13136	0.145566041389347	0.113694082188055	0.373872723098186	1
chr2:24175802;G|T;Family=13930	0.016088440724656	0.82825878551437	0.935634420654593	1
chr2:241850685;G|A;Family=13309	0.108948918288734	0.254067431362533	0.552517408667184	1
chr2:24789958;C|T;Family=11800	-0.582109322486609	9.46797577822426e-05	0.00629814426615862	0.346527913483008
chr2:25145559;G|A;Family=14386	-0.00177964240264032	0.979195752999242	0.991659229656123	1
chr2:25156660;C|T;Family=11353	-0.0430838116522445	0.569634625351805	0.797715269287199	1
chr2:25157831;T|C;Family=13513	0.0522738927147384	0.73447502401032	0.894966072270116	1
chr2:25230242;G|A;Family=11715	-0.399364426691046	0.000187147269151791	0.0086703671531083	0.684959005095556
chr2:25230513;GA|G;Family=14027	0.104862038617885	0.183911416319247	0.467766354224075	1
chr2:25234307;G|A;Family=14336	-0.0422586758683513	0.487751779755052	0.746573043329988	1
chr2:26730402;C|T;Family=14100	0.244414950613073	0.0116762429639104	0.115404373872914	1
chr2:26732705;C|G;Family=11246	0.0357362957432266	0.679478376530638	0.870692587718425	1
chr2:26947441;G|A;Family=11056	0.0830631825679193	0.285407016531254	0.580005375071842	1
chr2:27136929;G|A;Family=14192	-0.0370381031775523	0.62820985266017	0.836090203904081	1
chr2:27243927;C|T;Family=11931	0.0312339441579499	0.619382363854095	0.830380751540654	1
chr2:279906;C|T;Family=13932	0.129153463985455	0.340909398473536	0.625427768628142	1
chr2:28415715;T|C;Family=13946	-0.152691250332292	0.207218323451388	0.500606642793453	1
chr2:28643133;C|T;Family=12281	-0.0515987348428025	0.420149706252872	0.692495543212798	1
chr2:30159423;C|T;Family=14652	-0.00245749063968986	0.960787048178221	0.986390069097416	1
chr2:31267680;A|C;Family=12850	-0.349144437995722	0.000381937912302667	0.0138405223666115	1
chr2:32089567;C|G;Family=14480	0.0281585190919632	0.862851320634552	0.945062154538939	1
chr2:32220466;C|G;Family=13805	-0.0637239835298568	0.630262477311334	0.836455383324703	1
chr2:32307549;T|C;Family=11869	-0.418944895307594	0.0665573491459097	0.278571719745178	1
chr2:32312264;G|A;Family=11981	-0.0735385266569006	0.411124616875192	0.685207694791987	1
chr2:3550465;G|A;Family=12964	0.147039773200637	0.0737072762856963	0.294829105142785	1
chr2:3644481;TA|T;Family=14522	-0.0561411077707168	0.682312031254308	0.871130717061646	1
chr2:36549682;A|G;Family=13954	0.0818119179490497	0.762620325519153	0.906646788059646	1
chr2:36759377;G|T;Family=22105	-0.216606609162205	0.213658050607928	0.505487663969642	1
chr2:37251942;A|C;Family=13905	-0.163172280066658	0.333000512629965	0.622427595071146	1
chr2:38734005;C|T;Family=11773	0.0775132230187208	0.231100951983615	0.527113234818504	1
chr2:38974699;T|C;Family=14680	-0.0598356658312938	0.410952932685424	0.685207694791987	1
chr2:40098122;C|T;Family=12360	-0.106136397188632	0.437908206288745	0.705743740650288	1
chr2:40104941;G|T;Family=11869	-0.295839584630366	0.0754605393742238	0.299225974116641	1
chr2:40110232;G|A;Family=13393	-0.174214908739595	0.141656948272937	0.413325676733506	1
chr2:40110784;A|G;Family=13629	-0.158490703843854	0.148727742602267	0.42166406581522	1
chr2:43565070;T|C;Family=12346	-0.4297721450291	0.0775830805472565	0.301820012995713	1
chr2:44318697;G|A;Family=14343	0.0718868561730295	0.727732275725827	0.891445986484585	1
chr2:46185708;C|T;Family=13166	-0.301442630211412	0.0133712935487222	0.124544360364746	1
chr2:46186250;C|G;Family=13556	-0.0143832886591519	0.827718111610904	0.935634420654593	1
chr2:47074316;G|A;Family=22364	-0.0505014954597191	0.610210057385015	0.823040393300349	1
chr2:47074774;C|T;Family=12302	-0.0769114423818302	0.468956147032518	0.732556337233895	1
chr2:47799713;G|A;Family=13890	0.273162005227701	0.0207123983128394	0.159769650195072	1
chr2:48375630;A|G;Family=14007	-0.192011470239886	0.262976941312904	0.56029156732812	1
chr2:48377199;A|C;Family=14531	0.231513487511495	0.197407818771152	0.486512972076194	1
chr2:48595331;A|G;Family=11456	0.0143242677587102	0.868174015240103	0.947936909505692	1
chr2:50207689;G|C;Family=11679	-0.00896938670958069	0.911511425197715	0.966069468151457	1
chr2:50918317;A|G;Family=12014	-0.0594722123711389	0.707465255531314	0.881746216533308	1
chr2:53887396;G|A;Family=14339	-0.111489228648698	0.240610835769383	0.53621094973554	1
chr2:54065901;T|C;Family=11469	0.102978176243741	0.370436803504916	0.654438105507951	1
chr2:54660185;T|G;Family=14502	-0.507486155869075	0.00116041802327226	0.0283141997678432	1
chr2:5696599;G|A;Family=14153	0.0343640139403277	0.750279003300921	0.903700725239658	1
chr2:5698500;A|G;Family=14479	-0.080901561627851	0.629462471484465	0.836315121581304	1
chr2:60899234;C|T;Family=13589	-0.130300064593775	0.216482830923278	0.509535151883728	1
chr2:61018400;CAGG|C;Family=11018	0.057826026788834	0.498974730782826	0.752444076316066	1
chr2:61482516;G|C;Family=14455	-0.142397169292894	0.445568601938517	0.713377551660094	1
chr2:65083821;A|G;Family=11543	0.382743528918265	0.000179709039467181	0.00849443310238774	0.657735084449881
chr2:65084839;G|A;Family=11505	-0.0858266451792686	0.339212834815467	0.624859390407741	1
chr2:65310885;T|G;Family=11013	-0.563395925049059	0.00244745959830479	0.0445348548003208	1
chr2:67401400;A|G;Family=13895	-0.303133576536431	0.0832898795075187	0.312657393843609	1
chr2:67402535;A|G;Family=11485	0.190207726024531	0.228766463645852	0.524312378229432	1
chr2:68567380;G|A;Family=11459	0.385043580283887	0.224389666357107	0.519837697930673	1
chr2:69325719;A|G;Family=14301	-0.226690697137561	0.117637453857535	0.379136598701892	1
chr2:69461843;C|T;Family=14195	-0.216462187165223	0.0627193271953465	0.268720468372122	1
chr2:69941432;G|C;Family=11429	-0.0126016949915091	0.837994436139048	0.936562384792864	1
chr2:69942862;T|C;Family=11429	-0.319104051513353	0.00258312542756212	0.0456087606428677	1
chr2:70150021;TGCA|T;Family=14618	-0.227855122165195	0.00311826423429312	0.050276859460409	1
chr2:70277199;C|G;Family=13991	-0.121911794857368	0.0488120671637966	0.2354115892147	1
chr2:70660965;G|T;Family=11018	0.0131255912066069	0.845834876723387	0.939561670993733	1
chr2:70986440;AG|A;Family=13001	0.199398208429926	0.00325388712080657	0.051981113100837	1
chr2:72131287;G|A;Family=11063	-0.105217154860154	0.0775990798439797	0.301820012995713	1
chr2:72934343;T|C;Family=12019	0.150701189540762	0.0326448575925067	0.198188017380368	1
chr2:72944993;G|A;Family=13787	-0.0462712324930259	0.754466804447295	0.905998489133663	1
chr2:73226979;G|A;Family=11954	-0.0696752674744664	0.283679032145758	0.578146409679623	1
chr2:74216301;T|G;Family=11121	-0.0106549786592099	0.921589736682471	0.969524968607575	1
chr2:74394294;G|A;Family=11986	0.126829419965314	0.16502136095396	0.442150937841503	1
chr2:74395549;T|C;Family=12621	0.0695275670493505	0.521805355222794	0.767838466289871	1
chr2:74494487;C|T;Family=13358	-0.133517690898579	0.0900450861356893	0.32793080124437	1
chr2:74519915;T|C;Family=11346	-2.44681159791594	2.87113920507649e-10	5.25418474528998e-07	1.050836949058e-06
chr2:74891539;T|C;Family=12628	-0.0628391010067938	0.400683407197321	0.676447252539154	1
chr2:85544374;C|A;Family=12316	-0.0591683192368771	0.573427295919226	0.799626006982104	1
chr2:85606685;G|A;Family=14228	-0.0878511386783061	0.732499310697246	0.893351375258887	1
chr2:85658908;TAC|T;Family=14424	-0.0528942091936871	0.762036452528896	0.906646788059646	1
chr2:86111157;G|C;Family=12613	-0.318324520511935	0.301175444201404	0.59472817494361	1
chr2:8853370;C|T;Family=12867	-0.0425645653894316	0.757103899718725	0.906365119327393	1
chr2:8854433;C|T;Family=11265	-0.129087367654561	0.342984692417929	0.627569662864137	1
chr2:9481403;C|T;Family=12687	-0.104268197468968	0.538518696485555	0.778226622271284	1
chr2:9489450;A|G;Family=11651	-0.171710161325628	0.142209318959081	0.413325676733506	1
chr2:95384419;C|T;Family=12687	-0.142430595839381	0.171206541377362	0.451061160374875	1
chr2:96114264;C|T;Family=12701	-0.0722776305041397	0.484725968449975	0.74541892627181	1
chr2:96329291;C|T;Family=12749	0.0421828809833408	0.799592131026262	0.92406289850209	1
chr2:96702316;C|T;Family=12619	0.047067583269422	0.622508933662543	0.832490854499885	1
chr2:96832748;G|T;Family=12778	0.0294384623961929	0.712576972098089	0.884678330352444	1
chr2:98588361;C|T;Family=13836	0.0661591712580102	0.301426438393551	0.59472817494361	1
chr3:100181264;A|C;Family=13221	0.175679827867342	0.333747043369236	0.622427595071146	1
chr3:100357788;C|T;Family=13037	0.299040001106525	0.000807789437144158	0.0220635025369225	1
chr3:10099443;C|T;Family=11407	-0.148481539305333	0.123948631871299	0.388449370905409	1
chr3:101671350;T|C;Family=12676	-0.490145886395308	0.0207691807913984	0.159769650195072	1
chr3:10325764;C|T;Family=13543	-0.0243807841800426	0.788862340035421	0.917456677638907	1
chr3:10325905;T|C;Family=13925	-0.19641628866451	0.235556314503051	0.531526578964961	1
chr3:105576696;C|T;Family=12335	0.0759716918467151	0.4206237988854	0.692495543212798	1
chr3:105655851;C|T;Family=14051	-0.0799876026455494	0.55332341148784	0.788001434258947	1
chr3:107811324;A|C;Family=11038	-0.146507469364639	0.329803667587269	0.620968913175617	1
chr3:108043546;C|CA;Family=14670	-0.104523703452361	0.376214310359086	0.657252685400599	1
chr3:108191577;G|A;Family=12299	-0.17795517268882	0.0952288823430244	0.338284653821464	1
chr3:111606844;G|T;Family=12859	0.24351848772674	0.0844877351303334	0.316504719116704	1
chr3:111975878;TTGTC|T;Family=12775	-0.500377762964033	0.0291821191392496	0.187379922894129	1
chr3:112117415;G|A;Family=13267	-0.0708626223511534	0.518209617788615	0.764160838479585	1
chr3:113291328;C|T;Family=11214	0.149446022231067	0.0391492019681196	0.215792287956804	1
chr3:113719696;AT|A;Family=13533	0.0425787666556067	0.80416566700562	0.926110823630637	1
chr3:113809668;A|G;Family=14645	0.0433651236722646	0.716519399629732	0.88590295764941	1
chr3:113933626;G|A;Family=13614	0.0896569014354244	0.209906054038308	0.503193441313028	1
chr3:113961731;A|T;Family=13466	0.0200939260948804	0.873133798182518	0.95137532043704	1
chr3:114005793;G|C;Family=14320	0.0203594437855635	0.814873516633903	0.929397653748858	1
chr3:11809017;G|A;Family=13625	-0.240890135956535	0.0123704521751473	0.119146986739576	1
chr3:119211871;T|C;Family=13619	-0.0992222512104951	0.524961542883453	0.770392641120063	1
chr3:119447066;T|C;Family=11888	-0.0367621949567477	0.318475246435076	0.610271938194962	1
chr3:119486870;C|T;Family=13835	0.194506710263689	0.045388955922827	0.230407182631826	1
chr3:120167266;C|T;Family=11721	-0.00715806424120626	0.862081470523082	0.944756212774342	1
chr3:121158446;A|T;Family=13128	0.16840904183337	0.0403571240531449	0.216897318699721	1
chr3:121626977;T|C;Family=13071	-0.0955292648673811	0.0518628447129225	0.243044829256462	1
chr3:121694586;C|A;Family=14637	-0.240363318816909	0.0190656245134006	0.153363045536365	1
chr3:121854701;A|G;Family=14313	0.217513703307362	0.355427604068721	0.635880662043317	1
chr3:122120916;C|T;Family=12681	-0.0636086874016425	0.520548327132513	0.766374447829846	1
chr3:122574927;A|T;Family=14652	-0.0252632004208594	0.905560671359524	0.96403492064452	1
chr3:123274084;T|G;Family=12692	-0.0328055779068239	0.861766531126808	0.944756212774342	1
chr3:123944909;A|G;Family=11094	-0.262327043712188	0.036163751260608	0.205208262967171	1
chr3:124746887;C|T;Family=13787	0.232490601080635	0.00275150823576058	0.047279437290534	1
chr3:125226421;C|T;Family=14534	-0.246869672052134	0.136301583095039	0.404921910818055	1
chr3:125231841;G|T;Family=14687	-0.0604612755540672	0.752913772468676	0.905574895575207	1
chr3:12584278;G|A;Family=11108	-0.034341399294395	0.583263359556045	0.806211680263768	1
chr3:126103832;T|G;Family=13802	-0.160835557453282	0.062297113561344	0.267841778175494	1
chr3:126135218;G|C;Family=11263	0.0698338206209144	0.492617535459145	0.749991755316336	1
chr3:127035373;G|C;Family=11474	-0.158569738044083	0.0459125220765196	0.231459822038652	1
chr3:127615888;C|A;Family=14118	0.0250303294813883	0.75999432685275	0.906398004403686	1
chr3:127676379;T|G;Family=14320	0.111823292232125	0.190384085228306	0.477591331004525	1
chr3:127986875;C|T;Family=12056	-0.139915909895313	0.11731929862387	0.379136598701892	1
chr3:128480896;G|C;Family=11504	-0.0671913740355896	0.462112246585067	0.725270507076048	1
chr3:129040491;G|T;Family=12011	0.0331380737979599	0.779636173827011	0.912098176594873	1
chr3:131165459;C|T;Family=14136	0.102080744183617	0.220981376381907	0.515482369380356	1
chr3:1321790;A|G;Family=12964	0.0403672028967645	0.539758602669941	0.779088148754825	1
chr3:1329859;G|A;Family=12385	-0.0833833227379985	0.479991825064211	0.740004245886694	1
chr3:133826778;G|A;Family=11413	0.359027939867508	0.00234791926682795	0.043621241200966	1
chr3:133827116;G|T;Family=12724	0.185409891813879	0.00394950872971925	0.0582871046402116	1
chr3:133934381;C|A;Family=14482	-0.0582839320549728	0.419528166862004	0.692495543212798	1
chr3:134478503;C|G;Family=22052	0.0234974182887628	0.82276662925859	0.932706506056866	1
chr3:136145938;T|C;Family=14243	0.0402641183376266	0.719012849398741	0.886952149915535	1
chr3:136149821;A|G;Family=12779	0.109463360492451	0.203001799581431	0.494007038875024	1
chr3:136327689;A|G;Family=14211	0.0623376536520687	0.421539527188139	0.692495543212798	1
chr3:136338071;A|G;Family=11236	-0.0625643946220496	0.308244786801065	0.600890058007793	1
chr3:136338441;T|TTGA;Family=13006	0.246903837670399	0.00311663506686888	0.050276859460409	1
chr3:136980530;C|G;Family=13129	-0.0190735738605427	0.77781281210687	0.911896170705741	1
chr3:136989446;C|G;Family=11356	0.0889362174807885	0.14039196915514	0.41204052573	1
chr3:137010732;C|G;Family=13940	0.020399937462795	0.80499654911497	0.926214199861927	1
chr3:138167118;T|C;Family=13798	0.132003770094153	0.10835318063384	0.362198423392657	1
chr3:13818784;A|AT;Family=11453	0.0576695898485727	0.401815333495061	0.677683371795316	1
chr3:138324244;G|A;Family=12759	0.0308121103374657	0.559548336752904	0.790752562163087	1
chr3:138405114;G|A;Family=12324	-0.120230561876708	0.177884276203851	0.459627345701701	1
chr3:139561332;T|C;Family=13555	-0.152374563011507	0.0807250441283398	0.307723392832842	1
chr3:140571367;A|G;Family=14452	-0.213622875632531	0.173487957941261	0.452807711763396	1
chr3:14130863;C|T;Family=13412	0.0427675334083691	0.662492132012957	0.857356548588131	1
chr3:141817086;G|A;Family=11069	-0.0375728029834814	0.692692761477488	0.875498126112734	1
chr3:141946431;CT|C;Family=13375	0.209557538285147	0.0211816493766913	0.161510076497271	1
chr3:141946441;A|C;Family=13375	-0.0720616658203187	0.339764809341133	0.625348285825947	1
chr3:14198632;G|C;Family=12782	-0.0799059135303176	0.376413518062702	0.657286963792696	1
chr3:142961716;T|G;Family=12303	-0.0785610612413194	0.4585900521123	0.723465340832335	1
chr3:143057916;C|T;Family=11580	0.251926175505736	0.00895443196483097	0.0981234161415609	1
chr3:143059102;A|AT;Family=11142	0.118852871424655	0.355433946328686	0.635880662043317	1
chr3:14490580;A|C;Family=11121	-0.0284734496983232	0.775249223869608	0.910935563610206	1
chr3:148742791;T|G;Family=13028	0.0354339398413458	0.880074316978027	0.953826473242398	1
chr3:149965507;CTT|C;Family=11455	-0.0643656851853279	0.498610007735309	0.752444076316066	1
chr3:150464875;AG|A;Family=13023	0.139731355293608	0.533608808851622	0.776622289551633	1
chr3:150543729;T|G;Family=12975	0.0373807301527137	0.760420645177683	0.906398004403686	1
chr3:151435545;T|C;Family=12313	-0.193404923582757	0.0202424290266595	0.158109347577385	1
chr3:153168786;A|G;Family=11919	-0.134144876587358	0.366928534073021	0.651605257014681	1
chr3:154272947;A|T;Family=14536	0.163040069801213	0.0887693286154742	0.325873362821099	1
chr3:155833498;G|A;Family=12929	0.342834583068522	0.00937190995652478	0.101385935676363	1
chr3:155940583;C|T;Family=14200	0.234459962462768	0.0326522881093885	0.198188017380368	1
chr3:155941178;G|A;Family=11046	-0.265168874440733	0.00253075036712115	0.0454046389395266	1
chr3:155942209;C|T;Family=11544	0.0711296100811666	0.493696351813308	0.750385651011922	1
chr3:156537898;T|C;Family=14258	-0.200070151248464	0.246006387915521	0.542313700152843	1
chr3:156538430;A|C;Family=14076	-0.266688184718198	0.17022939316376	0.449749309722196	1
chr3:156925112;G|C;Family=11718	-0.115974162818541	0.702543723331589	0.880338022253863	1
chr3:157148062;G|C;Family=12324	0.400276022857927	0.00939066453395821	0.101385935676363	1
chr3:157152211;A|G;Family=12512	-0.552137090272418	0.00458126692611418	0.0648182683952524	1
chr3:160417783;G|A;Family=13082	-0.0824533256037757	0.270691785596972	0.565731577700247	1
chr3:161071100;G|C;Family=11462	-0.108124436483799	0.213318243449337	0.505487663969642	1
chr3:161252221;T|C;Family=11227	-0.138176249868981	0.257511547457857	0.556370875853457	1
chr3:169779365;C|A;Family=11195	0.092380065017728	0.213608473792266	0.505487663969642	1
chr3:169926859;G|C;Family=13254	-0.111682885348036	0.361163958764479	0.642928058890075	1
chr3:170396591;G|A;Family=12396	-0.0577071739659631	0.731251932471999	0.893351375258887	1
chr3:170890492;G|A;Family=13583	-0.0482845446339865	0.810148655919005	0.928638922851098	1
chr3:171859042;T|A;Family=14011	-0.00413361598954726	0.960465398958045	0.986390069097416	1
chr3:171859268;G|C;Family=14011	-0.0617105278403603	0.682349531092926	0.871130717061646	1
chr3:175808323;G|A;Family=12430	0.00902801682331954	0.958267740529848	0.986041188465032	1
chr3:175808777;T|C;Family=11349	-0.298928549423262	0.058495851313128	0.259823805589865	1
chr3:175808943;A|G;Family=14360	0.0296626443134136	0.839140946794053	0.936644057720718	1
chr3:177024818;A|G;Family=11897	0.0683671263182192	0.425848320876993	0.695443385572918	1
chr3:179397074;A|T;Family=13523	-0.213350022634521	0.360577438895191	0.642196314528662	1
chr3:179399799;A|G;Family=13706	-0.391714388423245	0.03054358464865	0.190442112119351	1
chr3:179626617;G|A;Family=14671	-0.0546355297471438	0.436900243567129	0.704765501286968	1
chr3:179797486;A|G;Family=14155	-0.0420655403703003	0.727557941492726	0.891445986484585	1
chr3:180610162;A|C;Family=14557	-0.273877557777025	0.0558175769575217	0.25346443134557	1
chr3:182944935;C|T;Family=14247	0.149286337999549	0.108362643064197	0.362198423392657	1
chr3:183272134;G|A;Family=14425	0.0721486539096547	0.720678369514106	0.887686467725514	1
chr3:183681295;A|G;Family=11172	0.0280847312896633	0.875654013422272	0.952157620704875	1
chr3:183949843;G|A;Family=11159	0.0876525586729127	0.2694221021097	0.565731577700247	1
chr3:183963531;G|A;Family=11793	-0.167158991389661	0.0511069842956248	0.241652776871941	1
chr3:184292359;C|G;Family=12304	-0.0534999177618037	0.592276014185798	0.812650164872124	1
chr3:184322831;G|C;Family=11265	0.0682102034092367	0.486293418377476	0.74614000174429	1
chr3:184322841;C|T;Family=12523	0.120606673629951	0.15661813874462	0.431643364311226	1
chr3:184325022;A|C;Family=12285	0.0571655451772246	0.332805570177697	0.622427595071146	1
chr3:184353323;C|T;Family=11205	-0.107799078895846	0.116972694238761	0.379136598701892	1
chr3:184371956;G|A;Family=12375	-0.0384664785796729	0.601439727671414	0.819229402038472	1
chr3:185079873;C|G;Family=12794	0.117473474791997	0.187653667677428	0.473337300964429	1
chr3:185081076;G|GT;Family=12210	0.150426438681977	0.271850340199139	0.566616837514491	1
chr3:185484490;A|G;Family=12921	5.713899327002e-05	0.999259165310507	0.999515893881341	1
chr3:185491643;A|G;Family=12573	0.0729859494635895	0.588197718877221	0.809614111240794	1
chr3:185631246;G|A;Family=11263	0.00193340222656319	0.982157304136027	0.992826672316186	1
chr3:186551141;G|A;Family=11380	0.628017536808617	7.27312834617451e-05	0.00511916341288437	0.266196497469987
chr3:186855227;T|A;Family=13383	0.276372688378633	0.000141520437691348	0.00744436724045926	0.517964801950334
chr3:186856850;A|T;Family=11046	0.0545303143086804	0.645551983159499	0.846549716361078	1
chr3:187077425;G|C;Family=12326	0.21211175689476	0.0177447646550534	0.146936286510171	1
chr3:188746522;A|G;Family=11749	0.136223415478051	0.249642530184687	0.546793333618165	1
chr3:188877000;T|C;Family=12055	-0.214201515367332	0.336901664718495	0.624435392141353	1
chr3:190308176;A|G;Family=11101	-0.172481527273983	0.26361258987405	0.56029156732812	1
chr3:190429125;TC|T;Family=14527	0.0572780567425836	0.650262934211344	0.849379849826381	1
chr3:190648856;A|AT;Family=14551	0.0400233553366522	0.62378170332382	0.833835293705325	1
chr3:191263055;G|A;Family=11458	0.228489338275416	0.308325554354819	0.600890058007793	1
chr3:191397225;A|G;Family=12653	-0.246343232359674	0.0820108092051603	0.309442847104007	1
chr3:193274903;G|A;Family=11651	0.358835887902245	0.0470593562890742	0.233700466781563	1
chr3:195741032;C|T;Family=14112	-0.29101451950381	0.000290614319349758	0.0116884440529683	1
chr3:195765065;A|G;Family=11984	-0.399140925914197	0.000434272027397167	0.0154098539290746	1
chr3:195863418;C|T;Family=14007	-0.0935406003947826	0.433363204518586	0.701971763677901	1
chr3:196353313;G|A;Family=14186	-0.202994613010715	0.166796905790591	0.443660374413926	1
chr3:197787323;C|T;Family=13210	-0.104774397891941	0.251136029769486	0.549078774764826	1
chr3:197882964;G|T;Family=12661	0.266722143651453	0.0539151354749591	0.248154871467305	1
chr3:19984533;C|CA;Family=11017	0.273485053771243	0.0125219462487451	0.119661418460593	1
chr3:21419460;T|C;Family=13018	-0.393404479780955	0.00176987896580519	0.0357887127892099	1
chr3:21564628;G|A;Family=14224	0.00683107375514788	0.932947946675426	0.972795402690104	1
chr3:24118529;A|G;Family=12779	-0.410875032624023	0.0423750195621629	0.222672252233465	1
chr3:24144679;T|C;Family=11027	-0.0647902656257945	0.413930318999086	0.688004072450796	1
chr3:28322041;T|C;Family=13165	0.35209208596318	0.146364524451413	0.417743950943597	1
chr3:3057637;A|G;Family=13879	-0.466706755283547	0.0527221239084218	0.243948133381573	1
chr3:3069823;G|A;Family=13601	-0.0521936460599581	0.321052640090003	0.612724807903325	1
chr3:35690133;GACA|G;Family=11944	0.0635121512602274	0.607316481176162	0.821209025026	1
chr3:36987921;A|G;Family=11023	-0.0939968047377783	0.115432270837294	0.377216170771872	1
chr3:37819231;G|C;Family=12255	0.0970602537831804	0.18205695809705	0.464988462411167	1
chr3:37981612;T|C;Family=13636	-0.59713125609055	0.000442085973375092	0.0154098539290746	1
chr3:38141218;G|A;Family=11062	0.0450904806856031	0.533782349782382	0.776622289551633	1
chr3:38230542;C|T;Family=14463	-0.0274377412918572	0.842288311304046	0.938404378775852	1
chr3:38253849;C|T;Family=14603	0.0449927393453687	0.665143450337737	0.858891525310633	1
chr3:38254090;C|T;Family=14603	-0.0955702240525639	0.510284261584558	0.758824930564801	1
chr3:38413212;G|A;Family=11347	-0.251680878481238	0.0029009691110226	0.0487043437905629	1
chr3:39525249;G|A;Family=12303	-0.0181690635110999	0.804637175948423	0.926110823630637	1
chr3:40258343;TCAG|T;Family=12493	-0.111772016803015	0.0389247864645783	0.215160836113544	1
chr3:40464578;G|A;Family=13346	0.0188209519442516	0.823033849424548	0.932706506056866	1
chr3:42203612;G|A;Family=12585	-0.19843423468782	0.0476501769170205	0.233776768635752	1
chr3:42536507;G|A;Family=13724	0.0764363405846495	0.443056032876953	0.711671128239023	1
chr3:42536824;C|T;Family=11324	0.0653969246054698	0.430127938380678	0.699765427189462	1
chr3:42647134;A|C;Family=14617	0.20267029631182	0.0331143991784537	0.198642043311446	1
chr3:43349876;T|G;Family=12518	-0.0861437840850852	0.255271838420464	0.553492256290817	1
chr3:43350246;A|G;Family=12778	-0.214685240639219	0.280969340634076	0.57642813156991	1
chr3:4362061;T|C;Family=12154	-0.00677683232499569	0.926540797767984	0.970944309732154	1
chr3:43717811;G|T;Family=12320	-0.164720394428648	0.0397044278602636	0.215982299415498	1
chr3:44439695;A|C;Family=13856	0.0307458800091478	0.583775009217293	0.80627039008879	1
chr3:45547599;G|A;Family=11184	0.082422881190197	0.287379358646386	0.58166514589745	1
chr3:45679692;C|T;Family=13835	-0.129024446938092	0.213658310426513	0.505487663969642	1
chr3:45680381;C|T;Family=12006	0.0894903944255369	0.20286489822223	0.494007038875024	1
chr3:45756935;G|C;Family=13684	0.03013845410251	0.791540729678322	0.91998700242066	1
chr3:45901659;G|T;Family=14058	-0.0962304481970278	0.237114114535399	0.532681107738667	1
chr3:45919816;A|T;Family=14292	-0.0746513916078168	0.239928446743542	0.53577676331993	1
chr3:46710394;T|C;Family=11472	0.843111913218207	1.9336044202586e-07	7.86332464238495e-05	0.000707699217814646
chr3:47846504;G|A;Family=11356	-0.00514092286216892	0.935969930930601	0.972919610112468	1
chr3:47852360;C|T;Family=13169	-0.178035089054079	0.0648879597245936	0.274237797450361	1
chr3:48270786;C|A;Family=14351	0.129504708895513	0.260175250130519	0.559812707511876	1
chr3:48294675;G|A;Family=13600	0.109277029098167	0.241870255430338	0.537243044957027	1
chr3:48404401;G|T;Family=13973	-0.0942067530025991	0.134272010179769	0.404695636452166	1
chr3:48415712;C|A;Family=12689	0.116414962272116	0.301358480725348	0.59472817494361	1
chr3:48561884;G|A;Family=12108	-0.0228120621405031	0.705172546151034	0.880859083510963	1
chr3:48637346;C|T;Family=13895	0.0384384076833668	0.610289260918514	0.823040393300349	1
chr3:49683365;T|C;Family=12440	0.0458716404373539	0.59350634918242	0.813570501126463	1
chr3:49713972;A|G;Family=13307	-0.17199651416778	0.243624186772323	0.539291063252257	1
chr3:49721483;G|T;Family=12412	0.114376799924941	0.0776947755224516	0.301871420819716	1
chr3:49724909;A|T;Family=11245	0.0190590444994814	0.798925768883478	0.92406289850209	1
chr3:49724965;G|A;Family=13831	-0.0253655554617704	0.750329229624226	0.903700725239658	1
chr3:50101065;G|A;Family=13900	0.0629927321820367	0.490177855966945	0.748144684253135	1
chr3:50287240;G|T;Family=13486	-0.0154870215965546	0.865804603684827	0.946206285305006	1
chr3:50325514;C|T;Family=22280	0.0601708517368584	0.332500508219736	0.622427595071146	1
chr3:50326397;C|T;Family=13833	-0.206985436410109	0.00230150306073949	0.0429770469505436	1
chr3:50584208;G|A;Family=12548	-0.0114453966571174	0.846632347250638	0.939561670993733	1
chr3:50607476;C|T;Family=12162	-0.125385869598161	0.239166733906584	0.534728311605435	1
chr3:51382348;G|A;Family=22308	-0.0734528739525509	0.144366919800401	0.415169673597199	1
chr3:51397631;T|TA;Family=11108	0.0134627739008926	0.901004365246224	0.962450770255643	1
chr3:51981177;A|G;Family=13988	-0.0518427052117543	0.400878166873614	0.676447252539154	1
chr3:52710657;G|C;Family=14404	-0.0608210377160167	0.400752339911114	0.676447252539154	1
chr3:52840077;G|T;Family=11736	0.122847476921389	0.0139076745552002	0.127255222180082	1
chr3:53091713;TC|T;Family=12524	-0.119486633082642	0.577172061291261	0.802297662106348	1
chr3:53815743;G|A;Family=11196	-0.14074323544695	0.343810068357891	0.627569662864137	1
chr3:56570051;G|C;Family=14314	-0.0125203482779819	0.883529443158843	0.955872823517991	1
chr3:57091151;T|C;Family=11888	-0.057983181920454	0.861755419743608	0.944756212774342	1
chr3:57095219;G|C;Family=13584	-0.189471130923836	0.0012934489089104	0.0303241225727377	1
chr3:57627731;CAT|C;Family=11718	-0.0531169813256535	0.624394174351675	0.834329528632033	1
chr3:57897178;G|A;Family=12238	0.129420050836286	0.426006576626908	0.695443385572918	1
chr3:58323856;C|T;Family=11045	0.108973124411175	0.472828645299012	0.734880572614882	1
chr3:59749398;CT|C;Family=12899	0.00266320972432787	0.969809997186214	0.990164931152945	1
chr3:62294279;TA|T;Family=14236	-0.104169598941114	0.708577416901459	0.881806645990935	1
chr3:69029837;T|C;Family=14245	-0.218375327082903	0.0150912364424024	0.133093796094441	1
chr3:69108646;A|G;Family=14446	0.173743602968308	0.11593634972584	0.377515160139299	1
chr3:71675490;C|A;Family=11753	-0.0663029146583056	0.567481828707124	0.797460171785219	1
chr3:71684633;G|A;Family=11000	0.0630558431828072	0.395787406515609	0.6709503973354	1
chr3:73067881;TAACTC|T;Family=13965	-0.285574733565803	0.677395872630766	0.869004168884894	1
chr3:73068369;GAT|G;Family=13298	-0.916905937959698	0.00212636777407833	0.0403238655602418	1
chr3:8890175;C|T;Family=13026	-0.21567324157933	0.185353552252058	0.469801939918651	1
chr3:8981576;G|A;Family=12907	-0.0625647528943836	0.422119551067692	0.692495543212798	1
chr3:9047394;C|T;Family=12657	-0.106404378391127	0.432388489952026	0.701481326783872	1
chr3:9384861;T|C;Family=11325	-0.223882051444829	0.00132876518319382	0.0303241225727377	1
chr3:9447908;G|A;Family=13576	0.095993643992661	0.198583648636828	0.488451716405101	1
chr3:9476186;G|A;Family=13306	0.0403771579045553	0.534299159860932	0.776622289551633	1
chr3:9499170;C|G;Family=11229	-0.107858745947078	0.102095507865214	0.350863435480454	1
chr3:9499781;G|T;Family=11229	-0.034855033121733	0.764404864272204	0.906972679626337	1
chr3:98134403;G|T;Family=11396	-0.555948934070433	0.00150066523401823	0.0329637862066443	1
chr3:98154572;T|C;Family=13167	0.104680385194452	0.237753155683712	0.532681107738667	1
chr3:98797515;T|C;Family=13160	-0.00525818921104067	0.971265167842955	0.990164931152945	1
chr3:9962571;C|A;Family=12271	-0.22138076615698	0.226197939256171	0.522984496321912	1
chr3:9963806;T|C;Family=14017	-0.0109389237501975	0.935891416749697	0.972919610112468	1
chr3:99799179;T|C;Family=11115	0.355346412180973	0.104142808599893	0.35448110204549	1
chr4:102723006;G|C;Family=14542	-0.224248265721294	0.0620401709983827	0.26745232727218	1
chr4:10442850;T|C;Family=12055	0.0594988516213665	0.417950857851169	0.690759410315264	1
chr4:104469009;G|A;Family=12162	-0.198377031697783	0.226543157678511	0.523083669096861	1
chr4:105275518;C|T;Family=11348	-0.703974377926739	2.93549356080483e-05	0.00282734379803833	0.107439064325457
chr4:106247280;G|C;Family=14493	0.193587052651183	0.117525488240765	0.379136598701892	1
chr4:107912006;A|C;Family=14147	-0.286682019400626	0.0334326499125275	0.198642043311446	1
chr4:108005229;A|G;Family=12748	0.16623186741609	0.233874057974322	0.53001798896967	1
chr4:109688545;T|TAAAC;Family=12838	0.115031091400722	0.504095150385654	0.753541196018228	1
chr4:109713597;T|C;Family=14006	-0.0993917768790513	0.669540674944408	0.861948248433533	1
chr4:109844314;A|G;Family=12456	0.00895291227288229	0.883437273874081	0.955872823517991	1
chr4:110046164;G|A;Family=14414	-0.353977711967694	0.000527361123156471	0.0166968815445223	1
chr4:110047183;T|A;Family=14414	-0.143303760524982	0.262393801950745	0.56029156732812	1
chr4:110049519;T|C;Family=14424	-0.41289093632515	0.0316787566663619	0.195192339055361	1
chr4:112187019;C|T;Family=12689	0.147618773601315	0.282493604475865	0.577551184015919	1
chr4:112190766;C|G;Family=11383	0.29992878268207	0.0444331171496681	0.228727438491962	1
chr4:112539345;G|GA;Family=13870	0.26578213109636	0.190163943791067	0.477366278652472	1
chr4:113901005;G|C;Family=14175	0.00661912483038696	0.97279590376042	0.990164931152945	1
chr4:113901299;T|G;Family=14175	-0.470266204711345	0.016260932428845	0.139053767966291	1
chr4:11394410;A|C;Family=13066	-0.206091845867649	0.0209263460653067	0.159896506469776	1
chr4:118714922;G|A;Family=14127	-0.193230528528343	0.0303081699117106	0.189296760882015	1
chr4:118797718;C|T;Family=12150	0.276451722203104	0.237912706815874	0.532681107738667	1
chr4:118817391;G|T;Family=12638	0.0886070759595331	0.302254097527409	0.595398276076598	1
chr4:119294495;T|C;Family=13277	-0.101939532566225	0.719709746934109	0.887512693321712	1
chr4:120693224;C|T;Family=14233	0.0484806995045305	0.71413735070768	0.885414194983099	1
chr4:120837941;C|T;Family=12613	0.319241810036294	0.0220060108943047	0.162929393045865	1
chr4:121668004;G|A;Family=11356	-0.0760963088122344	0.822666264132448	0.932706506056866	1
chr4:122922243;T|G;Family=11775	0.172337893844426	0.0119973195315035	0.116514839783541	1
chr4:127724380;A|C;Family=11215	0.257379952582113	0.193275301144427	0.479587711930073	1
chr4:128017501;C|T;Family=14395	0.357193709101928	0.0250845453882888	0.174211453740298	1
chr4:128862284;C|T;Family=13660	-0.00273695005532662	0.977254265798328	0.991036952717862	1
chr4:128874168;A|AT;Family=12507	0.205761550826031	0.218728971642	0.51280369076923	1
chr4:129039751;C|T;Family=14514	0.111572417162582	0.542714848988169	0.78017924088637	1
chr4:133193466;C|A;Family=12637	-0.102035986221563	0.655499290386805	0.853478264964677	1
chr4:133194330;A|G;Family=13504	-0.145323328421316	0.30292649228625	0.595760860702673	1
chr4:134197149;C|T;Family=14288	0.0776053183684305	0.549659835200383	0.785347151253741	1
chr4:13568956;G|A;Family=11245	0.428087569354957	0.00738913271354133	0.0875217661215574	1
chr4:13614601;C|T;Family=22364	0.332445983035148	6.88816400949831e-06	0.00109611653368538	0.0252106802747638
chr4:138164683;C|T;Family=13732	0.363222389808707	0.0618663799043848	0.267332881286952	1
chr4:1387646;AT|A;Family=13916	-0.0344624790963038	0.707565201627958	0.881746216533308	1
chr4:1389494;C|T;Family=12782	0.0154366967079676	0.862154576684782	0.944756212774342	1
chr4:139045662;G|A;Family=13415	-0.328586200099974	0.00186323286412731	0.0366636144231503	1
chr4:1391008;T|G;Family=14198	-0.0182440400021634	0.895100486352187	0.959598060939954	1
chr4:139388551;G|A;Family=14016	0.0609781022232042	0.572283800353327	0.798873859511458	1
chr4:139476470;C|T;Family=13620	-0.0768656338663238	0.482779363260572	0.743862220198446	1
chr4:139533260;C|T;Family=14081	0.0243122376004522	0.744525479053787	0.900118654507398	1
chr4:139599880;C|A;Family=11266	-0.0821201571724608	0.490571193091185	0.748432916512605	1
chr4:139600680;G|A;Family=11422	0.0935327581079538	0.513479766222188	0.760275835364762	1
chr4:140859934;C|T;Family=12130	0.443463313350465	0.00781710401401729	0.090626489389591	1
chr4:140865880;T|C;Family=13523	-0.13559277602968	0.45292329359238	0.7196827451629	1
chr4:140866639;T|TA;Family=13683	0.115380896201226	0.212798201658722	0.505487663969642	1
chr4:141234067;A|G;Family=11172	0.175344891867822	0.062710916231375	0.268720468372122	1
chr4:142314758;C|T;Family=12424	0.701665697555504	0.0180089122008264	0.147580375409131	1
chr4:144109810;C|T;Family=11573	0.1564080004465	0.340529391438451	0.625357537714366	1
chr4:145123027;G|A;Family=13548	-0.120278234817685	0.559514756655845	0.790752562163087	1
chr4:146514083;G|A;Family=13296	-0.0278227756221406	0.717400958021026	0.88590295764941	1
chr4:146641146;CAAGT|C;Family=12340	0.841330693398928	3.54139521915149e-06	0.000720083694560803	0.0129615065020945
chr4:15069288;GCTGA|G;Family=12738	0.169192073233869	0.0587881382880289	0.26025502919305	1
chr4:151120728;T|C;Family=14314	-0.0196325458890931	0.907410878115371	0.964605845382108	1
chr4:152628346;T|C;Family=11798	-0.207161564105486	0.00770496399915849	0.0899229500770736	1
chr4:153336200;G|A;Family=11198	-0.110344283732793	0.214996146285105	0.507131039107606	1
chr4:15444954;A|T;Family=11307	-0.211089667705704	0.00841537647954585	0.0937762747457521	1
chr4:154535187;CACA|C;Family=14351	-0.166962127177793	0.405191858407897	0.680276239345368	1
chr4:155713102;T|A;Family=14523	0.146391472804223	0.200622078197087	0.491003114138935	1
chr4:155919994;C|T;Family=12396	-0.201142515490655	0.225920173591262	0.522672462290782	1
chr4:158905380;T|G;Family=14047	0.0350258600338932	0.829484834733452	0.935980208530786	1
chr4:158905911;A|C;Family=11979	0.116787590802837	0.372700817259777	0.655258181876176	1
chr4:16161394;C|T;Family=11018	-0.0198913905428646	0.87752967257976	0.952761376933231	1
chr4:1641396;C|T;Family=14112	0.100861874854693	0.381320948827295	0.66049913521434	1
chr4:165079061;A|G;Family=14208	-0.111695081656715	0.089416402548384	0.327120102909671	1
chr4:166074932;C|T;Family=13092	-0.0266617577634302	0.708252870507339	0.881806645990935	1
chr4:166734175;A|T;Family=11447	0.260032507422975	0.126106948192842	0.390754740967531	1
chr4:167000419;G|C;Family=14373	0.0606488890819279	0.640146321700962	0.842479517233197	1
chr4:1692863;TAAC|T;Family=14411	0.105016778551578	0.547504111500062	0.783371793624014	1
chr4:1717219;G|A;Family=14292	-0.157692620008586	0.117235165406156	0.379136598701892	1
chr4:173331978;A|C;Family=11280	0.251131064014301	0.125153169606831	0.389838809158298	1
chr4:174637083;T|A;Family=13898	0.119362257928362	0.550229590616031	0.785735583946419	1
chr4:17629337;A|G;Family=13131	-0.170619945485643	0.0148763449373217	0.132475480463741	1
chr4:176328690;T|C;Family=14137	-0.281092933291868	0.194103447993201	0.480074517585437	1
chr4:17802844;T|C;Family=11107	-0.0113043452884953	0.840056590456556	0.937094520289849	1
chr4:17817327;T|C;Family=11086	-0.131049069868765	0.0582230509447497	0.25942727689557	1
chr4:1805617;G|A;Family=11966	-0.0510424344256265	0.485825880221544	0.74614000174429	1
chr4:183253800;G|C;Family=14285	1.21755159951521	0.000899809651590452	0.0240387104001537	1
chr4:184089729;G|A;Family=14560	0.0411209443130897	0.693567076224033	0.875498126112734	1
chr4:185366907;T|TA;Family=11412	0.00151308288619256	0.982518635827657	0.992826672316186	1
chr4:186274383;A|G;Family=13742	-0.359873712398891	0.0491144337112718	0.235784360699384	1
chr4:1942178;A|T;Family=11057	0.346517824980009	0.14328145896757	0.41455347021447	1
chr4:1942314;T|C;Family=12346	-0.0740171972943761	0.527120428288623	0.771838201453866	1
chr4:1947391;C|T;Family=11537	-0.0410098049535805	0.693275668679203	0.875498126112734	1
chr4:2065821;G|A;Family=13928	0.0976387338853215	0.434940852721306	0.703439470154653	1
chr4:23883160;G|T;Family=13692	-0.193013103912423	0.00126013691320601	0.0299487084567142	1
chr4:2512438;AAAG|A;Family=13927	-0.189831640754693	0.0123487129675862	0.119146986739576	1
chr4:25677688;C|T;Family=13409	0.0591663766694671	0.409793148489793	0.684234910343359	1
chr4:25678077;A|G;Family=11256	-0.0602088206646984	0.2089988472863	0.501987584878701	1
chr4:26432168;G|T;Family=13336	0.375986131853078	0.0445483681890453	0.228870995262921	1
chr4:2833952;G|A;Family=12343	0.0131620443640226	0.865296690628685	0.946068004177522	1
chr4:2838715;A|G;Family=13152	0.0040240639800723	0.937311341260907	0.973179938105763	1
chr4:2938451;T|C;Family=14379	0.155343326900683	0.217958338843946	0.511691802545761	1
chr4:2965551;A|C;Family=14022	-0.161057673627354	0.0473509344022329	0.233776768635752	1
chr4:2966118;A|G;Family=12719	-0.206837375200429	0.0129885985546538	0.122206351439673	1
chr4:3255979;G|A;Family=12802	0.0229161822071643	0.814362415798017	0.929397653748858	1
chr4:3256094;C|G;Family=11346	0.147926002559598	0.234950695124078	0.531142399106935	1
chr4:3493275;C|T;Family=12749	0.0842114267844937	0.461854780240699	0.725270507076048	1
chr4:3493768;G|C;Family=14485	0.0571899630444527	0.602168063363525	0.819611421312941	1
chr4:38690744;C|T;Family=11067	-0.00267777884719903	0.953115291579703	0.983732610841414	1
chr4:39547814;A|G;Family=14460	-0.0394788345957223	0.747107237525526	0.901705512140401	1
chr4:39898284;A|G;Family=12108	-0.0559092359829452	0.731781434901254	0.893351375258887	1
chr4:40157562;C|T;Family=11413	0.130067888366016	0.249441046078963	0.546793333618165	1
chr4:42412029;T|C;Family=13822	-0.0822599437771222	0.487026801158175	0.746448112327857	1
chr4:4321136;C|T;Family=11946	0.0346545373441983	0.685854582110812	0.873122702791503	1
chr4:44699882;C|T;Family=13543	0.509951711354056	0.00787977020723054	0.0906916948379364	1
chr4:44706524;T|C;Family=12778	-0.362728101839993	0.0254525784321841	0.174903986235049	1
chr4:51994125;T|G;Family=14044	-0.123416889299451	0.171427889093293	0.451061160374875	1
chr4:52592741;A|C;Family=11491	0.0266458467417815	0.703752944213795	0.880338022253863	1
chr4:52596840;C|T;Family=14670	-0.0713028485238352	0.376740062991745	0.657543457582159	1
chr4:54296702;G|A;Family=11096	-0.243650123033292	0.0928735557945271	0.334441223624608	1
chr4:54740149;T|G;Family=14541	0.22181701602098	0.107460689853683	0.36017044401509	1
chr4:56393831;T|C;Family=14535	0.00952525577015513	0.884226869968461	0.955875789665109	1
chr4:5897783;G|T;Family=11498	0.124536880348889	0.0677934579947668	0.280725430120737	1
chr4:6322500;G|A;Family=13341	0.0752049822828414	0.462588905336097	0.725707412571845	1
chr4:6323061;C|G;Family=13737	0.233149522207727	0.0497462582535229	0.237488247109516	1
chr4:67606634;T|C;Family=12662	-0.0709824431420799	0.613235980494009	0.825688425837602	1
chr4:67821539;G|C;Family=22016	-0.325896686249537	0.207151535730547	0.500606642793453	1
chr4:68227184;G|A;Family=13592	0.264072353757679	0.301181916407075	0.59472817494361	1
chr4:68311189;G|C;Family=14134	-0.290764497964257	0.000125011427395905	0.00719426465401139	0.457541824269012
chr4:68497139;A|G;Family=11101	0.00752102365551941	0.962098421651043	0.987182568893417	1
chr4:6881297;A|T;Family=13005	0.0539500976051836	0.44939591961522	0.716371544334366	1
chr4:6883369;A|C;Family=14686	0.738255524812965	0.000734973301517932	0.0210156428402784	1
chr4:69480687;G|T;Family=12113	-0.195390510298274	0.0750848090471914	0.299031992505681	1
chr4:70158581;C|T;Family=11075	-0.11319323874088	0.169331434780691	0.448446491532076	1
chr4:7032861;G|A;Family=11489	-0.0816817451675397	0.526460115260669	0.771663605067701	1
chr4:70815920;A|G;Family=11263	-0.0377803417615341	0.682046382886385	0.871130717061646	1
chr4:70817047;AG|A;Family=13265	0.143615173298972	0.493458511198234	0.750335750305581	1
chr4:70817164;CAAGTTT|C;Family=12175	0.245621510494638	0.107369915760971	0.36017044401509	1
chr4:71568932;C|T;Family=11916	0.206213350549859	0.0102856017193623	0.106674910781925	1
chr4:7431400;G|A;Family=14681	-0.0991138766584526	0.444711206123361	0.712940435572274	1
chr4:75655166;A|G;Family=12523	0.194391443264473	0.0387963830107915	0.215160836113544	1
chr4:76159602;G|A;Family=11381	0.117992146438934	0.308272440970477	0.600890058007793	1
chr4:76159718;C|CA;Family=14329	-0.178602473853969	0.161248998974831	0.437250676754159	1
chr4:76179611;A|G;Family=13195	0.13888511015382	0.0318446557210746	0.195408241396635	1
chr4:76263795;A|G;Family=11497	0.0403558627296796	0.697843556901798	0.878605923034255	1
chr4:767899;C|T;Family=13879	0.223115582417484	0.227151019022236	0.523583766866075	1
chr4:7741984;G|A;Family=11258	0.00213465256531958	0.975299023549711	0.990519386140137	1
chr4:7742481;T|C;Family=13628	-0.0873110231528542	0.583448451010235	0.806211680263768	1
chr4:77717094;A|C;Family=12972	-0.236955354989622	0.106842155024105	0.360075771075714	1
chr4:77718086;T|G;Family=14346	-0.255228254519526	0.222929763368048	0.518375434515282	1
chr4:78071689;C|T;Family=11325	-0.0282411953248263	0.833467752444106	0.935980208530786	1
chr4:78446141;A|G;Family=11933	-0.166363902525771	0.166372952666531	0.443536706662636	1
chr4:78912468;T|C;Family=11673	-0.302163012325261	0.161628021209109	0.437420555011252	1
chr4:78919845;C|T;Family=11450	0.362072868325382	0.00313700805356024	0.0503572345439933	1
chr4:78920280;CGTT|C;Family=13034	0.132429595805216	0.190980160185618	0.477776750703598	1
chr4:78926636;G|A;Family=13748	0.162105970485791	0.0596272501130823	0.261047530399379	1
chr4:7966592;A|G;Family=11407	-0.00508228092931845	0.969652020304331	0.990164931152945	1
chr4:79903699;G|A;Family=13578	0.030792060700619	0.84411775562289	0.939561670993733	1
chr4:8007268;G|A;Family=11031	0.163815270071292	0.220719730023837	0.515200390234211	1
chr4:80870473;A|G;Family=13997	0.118137758154357	0.028543928061419	0.186888688201777	1
chr4:81054276;T|A;Family=14419	0.293183595140752	0.179417110423343	0.461331055205993	1
chr4:82355303;C|T;Family=11041	1.14032619869547	6.26337809433562e-05	0.00474989265378015	0.229239638252684
chr4:82423553;G|C;Family=12673	0.134631530523237	0.410244897309025	0.6846768463981	1
chr4:82918607;C|A;Family=11568	-0.00766810221287429	0.968289691894048	0.989651011542087	1
chr4:82931083;C|T;Family=13916	-0.313081364449548	0.0198249615613749	0.156670531783443	1
chr4:83459557;C|T;Family=14608	-0.131288992784238	0.648137543031965	0.847846233033566	1
chr4:83462178;C|T;Family=13054	0.145541967921119	0.190815046610684	0.477776750703598	1
chr4:84649853;GAAA|G;Family=12867	-0.463823915950641	0.000257351046837168	0.0108264923152188	0.941904831424035
chr4:849961;G|A;Family=11798	-0.163676915431236	0.214844703520017	0.507131039107606	1
chr4:8606838;G|A;Family=12529	-0.0589167512500456	0.578530467363123	0.802787980643637	1
chr4:8618435;C|T;Family=12656	0.0766375143304044	0.49118820584124	0.748583317424574	1
chr4:87812148;T|C;Family=11310	-0.0683049329520063	0.629876859616207	0.836455383324703	1
chr4:88707192;T|G;Family=13568	-0.130259667764644	0.241691044383443	0.537243044957027	1
chr4:95156901;A|G;Family=11368	1.94719982879838	2.22325359271928e-10	5.25418474528998e-07	8.13710814935256e-07
chr4:95167823;A|G;Family=13344	-0.0885153081010491	0.126194563886235	0.390754740967531	1
chr4:95169196;T|C;Family=13654	0.058800111099334	0.549743005877619	0.785347151253741	1
chr4:98471525;A|G;Family=13089	0.20835382664289	0.0405986578179065	0.217556497237976	1
chr4:98874417;GCAC|G;Family=12860	-0.0514669192331173	0.717920265679823	0.88590295764941	1
chr5:103277917;C|A;Family=11490	-0.121925140008159	0.451549628784899	0.718240609019004	1
chr5:103549489;T|C;Family=13651	-0.408181842072324	0.0298975227210839	0.189142792097862	1
chr5:1038589;G|A;Family=14036	-0.00623913463487889	0.930003292811964	0.971407548998798	1
chr5:10651985;A|G;Family=12572	-0.184117374341514	0.0441188492377894	0.227429560859591	1
chr5:10655067;C|T;Family=11954	0.0226742654192394	0.641552493786391	0.843420695489104	1
chr5:107878371;G|A;Family=12645	0.324022594436356	0.0561836415043821	0.253866824575356	1
chr5:107880810;T|C;Family=12071	0.233423753309035	0.176727249449538	0.457764849954217	1
chr5:109194136;G|C;Family=14596	0.0475540739621868	0.563958243305241	0.794185136782294	1
chr5:109195086;A|G;Family=13894	-0.146022603967753	0.131868338246604	0.400529558491761	1
chr5:109196078;A|G;Family=12969	-0.0349428800190187	0.62254848873393	0.832490854499885	1
chr5:11017999;C|T;Family=12467	-0.265090329454906	0.26306430663043	0.56029156732812	1
chr5:111473367;G|A;Family=11933	0.00730685840380827	0.958153710353528	0.986041188465032	1
chr5:112164264;A|G;Family=12758	-0.201902826891053	0.287532338281457	0.58166514589745	1
chr5:113018686;G|C;Family=13160	0.0970914416654249	0.2766501265255	0.571733180735929	1
chr5:113532927;C|T;Family=11788	0.215831659619366	0.0396167982879565	0.215982299415498	1
chr5:115126066;G|C;Family=14291	0.0588978284642662	0.791815906735192	0.920014672587557	1
chr5:115206875;G|A;Family=12206	0.271694833851415	0.0399597613079255	0.216670705758529	1
chr5:115522383;T|C;Family=11957	-0.255684583694709	0.160692775208031	0.437250676754159	1
chr5:115805085;TC|T;Family=14481	-0.0952873539592188	0.391467618907964	0.666296081680002	1
chr5:123193715;A|G;Family=13843	-0.250784344442083	0.0804029578918898	0.307255236216285	1
chr5:124637274;C|A;Family=13876	0.00032667816300036	0.997770424270448	0.99858893979487	1
chr5:126543387;C|T;Family=14129	0.0365030241136158	0.799576558591302	0.92406289850209	1
chr5:127051416;G|A;Family=11524	-0.123923330815866	0.237547821685372	0.532681107738667	1
chr5:128259231;A|G;Family=13947	-0.959059665783755	0.0150439475649219	0.132997217602933	1
chr5:131200111;T|G;Family=13486	-0.0669450062212512	0.713271556637041	0.884940304166634	1
chr5:132483133;G|A;Family=13575	-0.18671434373167	0.38191176254642	0.661209579432306	1
chr5:132861482;T|C;Family=14463	-0.309353642434627	0.0704299872981649	0.286415281679204	1
chr5:134579061;G|T;Family=22231	-0.178833806377151	0.0591027734741246	0.260936249596256	1
chr5:134602714;C|T;Family=13064	0.370370023863638	0.0151990236699765	0.13372217940412	1
chr5:134603713;C|G;Family=12175	0.0932031265914166	0.32569176290218	0.617313232636965	1
chr5:134751145;T|C;Family=14206	0.404015803212494	0.0124440930775183	0.119541681532065	1
chr5:134751653;A|C;Family=12705	-0.187116547724857	0.135862774631863	0.404874549447496	1
chr5:134900029;ACT|A;Family=14032	-0.0126851293555802	0.912971093270348	0.966553682876295	1
chr5:135446401;G|A;Family=13053	-0.215615074384673	0.0226147755152054	0.16520973729671	1
chr5:135826564;C|T;Family=13620	0.110968277011304	0.130711516637341	0.399335685219256	1
chr5:135872456;C|T;Family=12162	0.0791099542719927	0.408930477823341	0.68341805882805	1
chr5:135947137;G|A;Family=14686	0.0101967761431714	0.96058534102235	0.986390069097416	1
chr5:136247596;C|T;Family=14339	0.171382003734841	0.00986417672957726	0.104042901528106	1
chr5:136977317;C|T;Family=11388	0.0614760499296007	0.537185967562094	0.777985688902179	1
chr5:136978143;T|C;Family=12997	-0.0577161392905294	0.736051937668053	0.894966072270116	1
chr5:137620150;C|T;Family=13812	0.159959887503789	0.0785482283584082	0.302617385043973	1
chr5:138160986;G|T;Family=12837	0.0520179425453419	0.42470381535625	0.694964597546327	1
chr5:138468105;A|G;Family=11721	0.0840295449010971	0.411781179196142	0.685365673423319	1
chr5:138506911;AG|A;Family=14015	0.234208639706721	0.0465466275533615	0.233318286149472	1
chr5:139412675;C|A;Family=11254	0.052615010599363	0.214075482995567	0.50614745979572	1
chr5:139448778;C|T;Family=11696	-0.119995687484876	0.315263258114707	0.607296591947277	1
chr5:139473349;C|T;Family=13750	0.0365818847607571	0.663752244255589	0.858118408327607	1
chr5:139844466;A|G;Family=13985	0.0732316625012342	0.25284133072159	0.551489434112647	1
chr5:140116673;C|T;Family=12118	0.232097678897686	0.517677498775661	0.76368385550944	1
chr5:140566826;G|A;Family=12456	0.166261275721785	0.0101594341856315	0.106238654626889	1
chr5:140668697;C|T;Family=13589	-0.208122354787889	0.0439900103326058	0.227405985617708	1
chr5:141011417;G|A;Family=12494	0.518524362204394	0.000321054569754605	0.0126350508096973	1
chr5:141098268;T|G;Family=14118	0.488640482077245	0.0220111834604725	0.162929393045865	1
chr5:141124503;C|T;Family=13577	0.101482931620014	0.534087040831789	0.776622289551633	1
chr5:141218712;C|T;Family=13612	-0.0847763038083628	0.270130687627712	0.565731577700247	1
chr5:141511592;C|T;Family=12261	0.0606071168494907	0.331860656968766	0.622427595071146	1
chr5:141574181;C|T;Family=11265	0.153869392161388	0.030059779718572	0.189142792097862	1
chr5:141944620;C|T;Family=13064	0.184803066384075	0.051746834087758	0.242812067642557	1
chr5:144485013;G|A;Family=11918	0.0348785503388594	0.722725556995922	0.888537298826024	1
chr5:146063236;G|A;Family=12628	0.473544921650112	0.00096671065694297	0.0250933404568175	1
chr5:146510584;G|A;Family=14540	-0.0847101562350582	0.157057704018584	0.432203907299262	1
chr5:14708976;T|TCTGC;Family=11700	-0.301786293244358	0.0993563363704198	0.344686437076527	1
chr5:148286243;G|A;Family=12932	0.0289314562269374	0.92659456246268	0.970944309732154	1
chr5:149042833;G|A;Family=12497	-0.0475376003945123	0.337938102993962	0.62467346311005	1
chr5:149369334;G|A;Family=13586	-0.00893472995733097	0.879765458791398	0.953826473242398	1
chr5:149632765;G|A;Family=12908	0.0709006826625589	0.618976275063024	0.8301404055444	1
chr5:149852282;CCT|C;Family=12053	-0.126818906485306	0.0761794914450845	0.299932596354562	1
chr5:150114767;G|A;Family=14044	0.0906910969719222	0.101839099521089	0.350311188202243	1
chr5:150132781;C|T;Family=14058	0.0293745780221303	0.735792766673368	0.894966072270116	1
chr5:150296819;C|G;Family=12802	-0.00221477492739272	0.974534133383616	0.990495865212814	1
chr5:150405353;G|T;Family=12790	-0.0285933231654284	0.767340914195128	0.907225497048441	1
chr5:150651253;G|A;Family=12972	0.0519637961319801	0.638089826851504	0.84098263099622	1
chr5:150653430;C|A;Family=11118	0.117126845605567	0.190662316050745	0.477776750703598	1
chr5:150715573;G|A;Family=11250	0.0844034459648825	0.442114443495223	0.71064508704107	1
chr5:151181061;G|A;Family=12681	-0.461963748884922	0.000692972711743354	0.0206255859439153	1
chr5:151315542;G|A;Family=13503	-0.0254034685524994	0.652936903932061	0.851050238031105	1
chr5:151794181;A|G;Family=14642	0.133055706969268	0.329941876598938	0.620968913175617	1
chr5:153991515;CA|C;Family=11676	-0.122977315461534	0.421942362146035	0.692495543212798	1
chr5:153992232;T|C;Family=11519	-0.0117393729182374	0.870273638994708	0.949662474960072	1
chr5:154417976;C|T;Family=14214	-0.0564963957868851	0.594389879903069	0.81406507836002	1
chr5:154968991;A|T;Family=11634	0.207076744048441	0.221965998489357	0.516462526682167	1
chr5:157086815;CCCA|C;Family=14307	0.151157474941509	0.223386594727677	0.51877851313661	1
chr5:157502848;G|A;Family=14455	0.0183546634765932	0.89971418927978	0.962328835416505	1
chr5:157759964;G|A;Family=11055	-0.0838025372244226	0.571672792340243	0.798873859511458	1
chr5:158698174;C|T;Family=14456	0.0129744045433316	0.831773331769122	0.935980208530786	1
chr5:160259707;C|A;Family=14681	0.0209857831933821	0.854705392951936	0.943449641248758	1
chr5:161289036;T|A;Family=11931	0.0581172198291307	0.448371878233663	0.71538509108971	1
chr5:161897364;A|G;Family=14046	-0.0501705568702526	0.269310473080725	0.565731577700247	1
chr5:162153429;T|A;Family=14317	0.281595965227173	0.0774848943945516	0.301820012995713	1
chr5:162159552;G|A;Family=11827	0.240723866233358	0.0457696169374568	0.231057652401506	1
chr5:169598511;C|T;Family=11336	-0.0808210470798913	0.545314545831167	0.781638806284353	1
chr5:170047567;T|TA;Family=12916	-0.079467283714138	0.325030986032254	0.617019402945047	1
chr5:171028985;T|G;Family=14333	0.55922690676202	0.0451848441495301	0.230009081484395	1
chr5:172044771;G|A;Family=14563	-0.0314270051639396	0.691507432217254	0.875144260689886	1
chr5:172044784;C|T;Family=11298	0.0880169459565941	0.119876196643055	0.381519025837897	1
chr5:172334322;C|G;Family=13151	0.108672482888144	0.0707195259147442	0.287273545891192	1
chr5:172690788;T|A;Family=11159	0.0822044580792903	0.34430597897027	0.627569662864137	1
chr5:172950895;A|C;Family=11895	-0.0739474729279825	0.307975797157576	0.600890058007793	1
chr5:173092121;A|C;Family=14185	0.265238232291164	0.291673195367869	0.586110584495952	1
chr5:173958259;G|A;Family=13290	0.294332885665364	0.0338018461215784	0.199275828118628	1
chr5:175709168;A|G;Family=11079	-0.0842835832815501	0.148026518342735	0.420308035015059	1
chr5:175883914;C|T;Family=11707	-0.143894242166403	0.107082128878967	0.36017044401509	1
chr5:176378052;G|A;Family=13582	0.0924465251635672	0.37570558197543	0.6569375989798	1
chr5:176508338;GT|G;Family=13975	-0.153206386664991	0.186229306403158	0.471430608513327	1
chr5:176508958;G|A;Family=11671	0.283379446559795	0.0722612878825432	0.290392375016396	1
chr5:176526703;G|A;Family=13629	-0.180114941850207	0.0945632669119882	0.337265202131761	1
chr5:177307387;G|C;Family=12817	0.049822349477748	0.587230710577167	0.808906436098017	1
chr5:177490390;G|A;Family=14124	0.0665283275196027	0.37089117845981	0.654829577020215	1
chr5:177524227;G|A;Family=11781	0.143010500806588	0.124475172169007	0.388449370905409	1
chr5:178123185;G|A;Family=12858	-0.00772806318657254	0.899784290785536	0.962328835416505	1
chr5:178123307;G|A;Family=12563	0.0150102527781236	0.853610354590903	0.943449641248758	1
chr5:178619898;T|C;Family=12618	-0.0369406656563736	0.609855083465134	0.823040393300349	1
chr5:178620162;A|G;Family=14288	-0.0229580134482948	0.799431166987272	0.92406289850209	1
chr5:178979903;C|G;Family=12739	0.151662595035062	0.200241694131836	0.490880509392178	1
chr5:179917699;TA|T;Family=12795	0.215550968849272	0.00673127469162257	0.0821330074043823	1
chr5:180241066;T|C;Family=11563	-0.125386232254305	0.212488463975031	0.505487663969642	1
chr5:180791412;T|C;Family=14263	-0.355784681928063	0.0349305190683968	0.201331810693437	1
chr5:180950161;G|A;Family=14696	0.107968526044049	0.155177136148072	0.430531060487314	1
chr5:181006559;C|T;Family=12899	0.050685383073905	0.759919059949329	0.906398004403686	1
chr5:188554;TGAC|T;Family=13874	0.196705138043485	0.0179143298952704	0.147580375409131	1
chr5:24492863;GA|G;Family=12329	0.238266286782715	0.0635553908450469	0.270794796848512	1
chr5:2754211;C|T;Family=12498	-0.202652786917139	0.0203036593883528	0.158109347577385	1
chr5:32787669;G|A;Family=12888	-0.109246193860733	0.368561480183626	0.653553787534917	1
chr5:33947127;G|A;Family=13885	-0.0229303783794394	0.717817104902905	0.88590295764941	1
chr5:35060331;G|A;Family=14513	0.0265336390016857	0.774645392040584	0.910935563610206	1
chr5:35876241;G|A;Family=14310	-0.332802219017388	0.00151309182587876	0.0329637862066443	1
chr5:36100376;T|C;Family=12415	-0.135049139386183	0.298911887802906	0.594251770428374	1
chr5:36103518;G|GT;Family=11348	0.216371799387829	0.0589741643632989	0.260682900446466	1
chr5:36194589;A|G;Family=12858	0.292565620946997	0.287668964976216	0.58166514589745	1
chr5:38947440;A|T;Family=14188	0.0307935859575717	0.878416508170408	0.95344140566539	1
chr5:40760134;C|T;Family=14336	0.387184439441011	0.0599021276718094	0.261129694169479	1
chr5:40981661;C|T;Family=13148	0.0357073594562519	0.502199264194984	0.752444076316066	1
chr5:41310859;C|T;Family=11055	0.243834692940719	0.00122258942625797	0.0294386664480538	1
chr5:42721448;G|C;Family=11931	0.265470772420703	0.0564946427112229	0.254431324828941	1
chr5:43380844;A|G;Family=11348	0.845667620650144	0.0161427372513508	0.138366319297293	1
chr5:43444768;T|C;Family=12605	0.00588044014542859	0.98250360926135	0.992826672316186	1
chr5:52952473;A|G;Family=12415	0.0654292263428226	0.603721608252304	0.82081021032817	1
chr5:52954074;C|A;Family=14285	0.0299307413943218	0.514209512264472	0.760275835364762	1
chr5:53045071;C|T;Family=12430	0.200651099842636	0.0220574901070176	0.162929393045865	1
chr5:5319376;CAG|C;Family=14124	-0.0409849403739765	0.721997452307944	0.888514989341055	1
chr5:53486850;G|A;Family=11325	0.235041046001448	0.0811494065442829	0.307867967995608	1
chr5:53573684;G|A;Family=12313	0.107645838589379	0.0763762786345496	0.299932596354562	1
chr5:55350930;A|G;Family=22349	-0.265274650090707	0.197495675624485	0.486512972076194	1
chr5:55936960;T|C;Family=14472	-0.0670549771780621	0.667474185254651	0.860195604940853	1
chr5:56894370;G|GA;Family=13298	0.324705499134494	0.377468190022621	0.657838504285082	1
chr5:56895756;A|G;Family=12233	-0.303410925801835	0.0267937838276947	0.179606682801031	1
chr5:58454338;G|A;Family=11654	0.225196804962676	0.242232369693576	0.537641281430252	1
chr5:58970567;A|G;Family=13645	0.01019095667544	0.958080109832609	0.986041188465032	1
chr5:58973604;T|TATC;Family=14653	-0.167882594463974	0.0847820383998867	0.316565513556536	1
chr5:64721648;A|C;Family=13736	-0.00534280783093999	0.931274382681816	0.972180331036921	1
chr5:6491759;G|A;Family=11694	-0.0565705419090259	0.152870881036978	0.426565166519888	1
chr5:6493758;C|T;Family=14303	-0.12052542412536	0.245657129448787	0.54218716156186	1
chr5:6494271;A|G;Family=13042	0.186380585784595	0.00264064732337442	0.0459495136972031	1
chr5:65297209;C|T;Family=12792	0.135559846528504	0.254056733909599	0.552517408667184	1
chr5:65591350;T|A;Family=11834	0.123597563603593	0.219412726706179	0.51280369076923	1
chr5:66180575;CTCT|C;Family=12237	-0.124194215150362	0.259578585046363	0.559515678015128	1
chr5:662515;C|T;Family=14264	-0.226827405990693	0.0524598604460021	0.243658742680669	1
chr5:663304;C|T;Family=13287	0.0493286105573498	0.508232273196455	0.756765711919864	1
chr5:72205719;G|A;Family=12834	0.266840451554372	0.00270382782946357	0.0466792917728144	1
chr5:72366272;T|G;Family=13547	1.04783864890882	0.00258879140293862	0.0456087606428677	1
chr5:74779164;CAAGAAT|C;Family=11060	0.315448732382533	0.179849845201094	0.461501169618342	1
chr5:76617391;G|A;Family=14336	-0.0252383293566548	0.767569999234936	0.907225497048441	1
chr5:76627438;G|A;Family=12324	0.286937765682121	0.00309490336237161	0.050276859460409	1
chr5:76834865;T|C;Family=13823	-0.270683143811982	0.100608030331679	0.347382444352779	1
chr5:78485842;C|T;Family=12582	0.041009419609081	0.834513190962684	0.936046055446958	1
chr5:79373237;A|C;Family=12055	-0.271363228938476	0.117887688824099	0.379136598701892	1
chr5:80113607;C|T;Family=14534	0.0472398054023453	0.778371248574051	0.911896170705741	1
chr5:80113608;A|G;Family=14534	-0.0756128165360933	0.48305463112759	0.743862220198446	1
chr5:80142876;A|C;Family=11245	0.225099480338671	0.0649907996722701	0.274355624914081	1
chr5:82273768;G|T;Family=14424	-0.475080928629953	0.000128414260735834	0.00719426465401139	0.469996194293154
chr5:9041297;G|GT;Family=11455	0.394592179099341	0.00869127422051534	0.0959328923109185	1
chr5:91369300;A|G;Family=11590	-0.417276243299953	0.228777832795739	0.524312378229432	1
chr5:94705821;CATT|C;Family=12396	-0.0594297033922783	0.632329630619435	0.837800179347674	1
chr5:96774034;T|G;Family=14328	-0.223951074593592	0.045349578526438	0.230407182631826	1
chr5:98855389;T|C;Family=12952	-0.138225458060829	0.218781095147517	0.51280369076923	1
chr5:98858989;C|CA;Family=14559	0.511478337100895	0.0688727867947043	0.282278163122752	1
chr6:100655708;CT|C;Family=13234	0.0537087297255829	0.769087274050004	0.908173457894189	1
chr6:101745058;T|C;Family=11572	0.194261195624349	0.301596332295118	0.594742767349209	1
chr6:104728706;C|T;Family=14506	-0.0651684678959858	0.605078600933724	0.821018672634546	1
chr6:104729279;G|A;Family=11115	0.498106016071111	0.0109424543647306	0.112125618636642	1
chr6:105079279;G|C;Family=11413	0.331470607765173	0.144290888084158	0.415169673597199	1
chr6:105081775;A|G;Family=12007	-0.149002448611054	0.24576188552763	0.54218716156186	1
chr6:106185755;T|C;Family=13333	-0.234510200622429	0.0248083020738097	0.174099902852415	1
chr6:109980371;G|A;Family=11437	0.340413534227707	0.188385719909502	0.474529755587596	1
chr6:110612870;A|G;Family=11004	-0.0189330164003955	0.86295019684949	0.945062154538939	1
chr6:113935667;C|G;Family=14185	-0.116388423340439	0.687606846775022	0.873530391946053	1
chr6:115936149;G|A;Family=14571	-0.0442769221793634	0.624607352036003	0.834329528632033	1
chr6:115939250;C|T;Family=14292	-0.188370961172158	0.230498272338446	0.526397606366984	1
chr6:115940637;AAAAC|A;Family=14568	-0.249262976864805	0.216678851116526	0.509668762909052	1
chr6:116119997;A|G;Family=13165	-0.0937341773284703	0.658225930490541	0.854636230885464	1
chr6:116439914;C|T;Family=12626	-0.0459451822050529	0.787618790033576	0.917047100035367	1
chr6:116523303;G|A;Family=12285	0.417988243358415	0.0156160104765329	0.135759140959882	1
chr6:118908858;T|C;Family=13579	-0.155824016431099	0.152640730536217	0.426565166519888	1
chr6:121449531;T|C;Family=12795	-0.0190777599057442	0.892675287328921	0.958564068680007	1
chr6:122445018;T|C;Family=14189	-0.0178760746951404	0.913075334383619	0.966553682876295	1
chr6:122781941;G|A;Family=11031	0.130880475890568	0.0368213079833982	0.207246934983864	1
chr6:123218361;T|C;Family=12853	-0.0963656296649995	0.35756193788312	0.639002291334092	1
chr6:125931978;C|T;Family=13776	-0.214869801381879	0.0231928431262433	0.166904747239569	1
chr6:125979905;G|A;Family=13867	1.19067980659777	0.0779927065223141	0.302066990340391	1
chr6:128005227;C|T;Family=13629	0.305676833404193	0.00160520623836359	0.0337859073103337	1
chr6:130882353;T|C;Family=11189	0.0258217379327819	0.767106012613325	0.907225497048441	1
chr6:132447822;T|C;Family=13872	0.295548839738618	0.0766206374905412	0.300247894234883	1
chr6:132682546;G|A;Family=13951	-0.400675981466398	4.81965235239959e-05	0.00430242136823964	0.176399276097825
chr6:13360189;A|G;Family=13028	0.0222379208272416	0.760918594573514	0.906398004403686	1
chr6:13363690;G|A;Family=12821	-0.113002895703984	0.11409816726825	0.374864714723336	1
chr6:133988725;C|CT;Family=14482	0.138927162042902	0.574761399053474	0.800177492786078	1
chr6:133989378;A|G;Family=14554	0.106334451131971	0.458823576539632	0.723521882867321	1
chr6:135283717;TCTTA|T;Family=13335	-0.0632653623258587	0.60597025619849	0.821122227947602	1
chr6:13613509;T|C;Family=13317	-0.152335036815274	0.0857194859137541	0.318834673215793	1
chr6:13786805;CAAAA|C;Family=14453	-0.313782801030732	0.215045730244537	0.507131039107606	1
chr6:138337102;C|T;Family=14416	0.113612363665073	0.576621428347496	0.801836788659512	1
chr6:138382950;A|G;Family=13880	0.0756019187069982	0.453976732773522	0.720535490872112	1
chr6:139178259;G|T;Family=12011	0.0520547867014203	0.688984898698168	0.873968060892784	1
chr6:139179044;A|G;Family=13992	-0.188276925448273	0.101459076982242	0.349418354602929	1
chr6:145793967;T|G;Family=11471	-0.350697789160892	0.0598118203159153	0.261129694169479	1
chr6:145799581;G|A;Family=13518	-0.101061459538693	0.682456244042546	0.871130717061646	1
chr6:145935370;A|T;Family=12689	-0.0247049599471917	0.668694503604709	0.861464936006066	1
chr6:147386774;C|T;Family=14271	0.0738239838763218	0.372104893957344	0.655258181876176	1
chr6:147569681;A|G;Family=12738	-0.236806276217707	0.0249237856175387	0.174099902852415	1
chr6:149594921;T|TA;Family=13773	0.0464796408661437	0.872026656578139	0.950735050067319	1
chr6:149683103;T|G;Family=14692	-0.0294737062970742	0.785559203428795	0.916294061918927	1
chr6:149802392;CTCTT|C;Family=11355	0.178202344703449	0.135670629413753	0.404874549447496	1
chr6:149918854;G|T;Family=13982	0.139567705206267	0.0809665648355265	0.307723392832842	1
chr6:149918900;C|A;Family=12891	0.171026529237949	0.0249733467206333	0.174099902852415	1
chr6:150401114;T|A;Family=14256	-0.00548083509157936	0.974134886909456	0.990495865212814	1
chr6:150842843;A|G;Family=14595	-0.0322062934621215	0.535754402177534	0.777025291154734	1
chr6:151423542;T|C;Family=12749	-0.197384660311454	0.024130916323761	0.170830084613086	1
chr6:151436379;G|A;Family=13493	0.287748134348203	0.149116594818969	0.421767184727532	1
chr6:151619649;G|A;Family=14168	0.274813894644249	0.000720291295232373	0.0207580011066967	1
chr6:151619677;C|T;Family=14315	-0.511276980954782	1.05292815212308e-07	4.81714629596308e-05	0.000385371703677046
chr6:152435311;A|T;Family=12931	0.0323175049485867	0.88545032239852	0.956235689501044	1
chr6:153007752;C|T;Family=13529	-0.422914114357388	0.000235757738790875	0.0102723014758881	0.862873323974603
chr6:154402214;C|T;Family=13940	0.0381849042024062	0.578686215053352	0.802787980643637	1
chr6:15523068;G|A;Family=11918	-0.0522816263857315	0.637295224199755	0.840709909609457	1
chr6:156936541;G|C;Family=12522	-0.611256288898215	0.0715356718221589	0.289304484938234	1
chr6:157673793;C|T;Family=14241	0.114559007102605	0.395172544002303	0.670742147506085	1
chr6:158111188;G|A;Family=11615	-0.0528585199464262	0.471435397427652	0.734527963661287	1
chr6:158117740;A|T;Family=12723	-0.0600760454997789	0.559689434537834	0.790752562163087	1
chr6:158506980;G|A;Family=14040	-0.0336714663416617	0.649503654453731	0.848923888615613	1
chr6:158977496;G|C;Family=11360	-0.0951263495839623	0.469227021627513	0.732666765851834	1
chr6:159908666;C|T;Family=13166	-0.409502042994153	0.000170187269815892	0.00831384601869296	0.622885407526163
chr6:160108261;G|A;Family=13057	-0.163810255991621	0.0462399871746738	0.232518476238547	1
chr6:160109275;G|A;Family=14005	-0.0459921312435825	0.57406433590428	0.800104900765296	1
chr6:160216821;A|G;Family=11432	0.223377493538245	0.192072841256861	0.479485488457972	1
chr6:160711605;C|G;Family=13863	-0.0144826490934743	0.932310410418515	0.972706984644175	1
chr6:161154268;T|C;Family=12552	-0.26551119149051	0.134651192904857	0.404874549447496	1
chr6:161349561;A|AT;Family=12030	0.29037537867976	0.0477674911259279	0.233776768635752	1
chr6:16300875;A|G;Family=11798	-0.118711394723554	0.271852231332089	0.566616837514491	1
chr6:163573752;A|G;Family=13012	-0.852814848181144	0.000377206031667146	0.0138405223666115	1
chr6:163576481;A|G;Family=12101	-0.38166936346463	0.0407127352707584	0.217848846624234	1
chr6:167040897;A|T;Family=11024	-0.0303505771654102	0.836111198573939	0.936562384792864	1
chr6:167042285;T|C;Family=11184	-0.364734130105269	0.0793002437501266	0.304872785846075	1
chr6:167050007;A|G;Family=11800	-0.0193779793387091	0.812643773397236	0.929397653748858	1
chr6:167357627;G|C;Family=14524	0.220980127474496	0.00153034862605975	0.0331424613691046	1
chr6:168055897;A|G;Family=14418	0.0297264111101525	0.744025104015262	0.899911394810264	1
chr6:168307277;C|T;Family=12255	-0.0841786609592498	0.0541143290691066	0.248193539339511	1
chr6:169217039;A|G;Family=12908	0.21911891041401	0.00278730863768901	0.047670792588513	1
chr6:170581376;A|T;Family=13581	0.0857985826966058	0.525845701213246	0.771380868312818	1
chr6:18225949;G|C;Family=12643	-0.0162763486782295	0.88003323475061	0.953826473242398	1
chr6:18468711;C|T;Family=12575	-0.201189437514764	0.0654916991082656	0.275516803145117	1
chr6:25986227;T|C;Family=14633	0.069443614970891	0.243928587010847	0.539291063252257	1
chr6:26253077;C|T;Family=12894	-0.260615991193181	0.340176001968271	0.625348285825947	1
chr6:26270346;A|C;Family=11524	0.146085565937118	0.047315976278559	0.233776768635752	1
chr6:26270657;G|A;Family=13277	-0.122013140349862	0.546545327077037	0.782611853326274	1
chr6:26285173;C|G;Family=22140	0.0231465469617913	0.728014222295744	0.891445986484585	1
chr6:27810585;T|C;Family=11018	-0.111917647980337	0.0809344946568325	0.307723392832842	1
chr6:27854874;A|G;Family=11868	0.018495982587826	0.882721296010879	0.955872823517991	1
chr6:28367141;C|T;Family=14307	-0.695588998966423	0.0354133798069361	0.202962378456887	1
chr6:28534462;G|C;Family=14026	-0.0606421203159483	0.394869976605734	0.670637640082128	1
chr6:2889864;C|T;Family=13703	-0.0983990957299384	0.514951856794876	0.760275835364762	1
chr6:29310806;C|T;Family=12686	-0.127915898811648	0.34831296598291	0.630789438642974	1
chr6:29463903;T|G;Family=12832	-0.0881649222402885	0.301006207445725	0.59472817494361	1
chr6:29831116;G|C;Family=11048	-0.0734692591997219	0.550567289388511	0.785911185320573	1
chr6:30676626;G|C;Family=14577	-0.00270476969764481	0.97782317288386	0.991036952717862	1
chr6:30724523;G|T;Family=14076	-0.0892323082360576	0.495895050937221	0.751542810116037	1
chr6:30893309;C|T;Family=14181	-0.144917374638913	0.179354100622717	0.461331055205993	1
chr6:30899025;C|T;Family=13073	-0.110993490105677	0.421484690111695	0.692495543212798	1
chr6:31510632;G|A;Family=11341	0.0961889826710166	0.118608991756889	0.379740913946453	1
chr6:31557662;C|CTG;Family=11808	-0.0468902116325183	0.304731160179465	0.59777246044816	1
chr6:31558799;G|A;Family=14662	0.0150831481246514	0.81902432438774	0.93122989352567	1
chr6:31661476;G|A;Family=14603	0.0095453780060718	0.910545808867175	0.965690426095005	1
chr6:31673158;C|T;Family=11905	-0.0511954815166866	0.627507491452277	0.835763252807617	1
chr6:31689640;C|T;Family=11575	-0.0874990240200435	0.316673104574472	0.608730862784961	1
chr6:31859316;A|C;Family=14186	0.102166866482516	0.306468242005861	0.599839569342657	1
chr6:31935940;C|G;Family=11721	0.0149739667565547	0.770892347005676	0.909270380290291	1
chr6:31945211;T|A;Family=11818	0.321206099189287	0.00296035950847353	0.0494745013744892	1
chr6:31964099;C|T;Family=12532	0.034645787519775	0.694418322433133	0.875498126112734	1
chr6:32069105;C|T;Family=12788	-0.0471275486764348	0.535540265530103	0.777025291154734	1
chr6:33440873;CTT|C;Family=13073	0.158969849369441	0.0615397525654997	0.266866699513897	1
chr6:34019696;C|T;Family=14554	-0.344293950668569	0.000441337491776834	0.0154098539290746	1
chr6:34036305;G|A;Family=13531	0.0566682949359911	0.575209558338845	0.800177492786078	1
chr6:34281276;T|C;Family=11216	0.100200424255489	0.0719649781192431	0.289759977905863	1
chr6:34287657;A|G;Family=13741	-0.199411385755666	0.00510970744467156	0.0692649231388811	1
chr6:34537880;C|T;Family=14359	0.0424474368497079	0.414590005111556	0.688475235348591	1
chr6:349000;C|T;Family=12100	-0.328518576155548	0.00437927746236778	0.0628555118128081	1
chr6:35090681;GTTA|G;Family=11496	-0.213606373152065	0.490174136095643	0.748144684253135	1
chr6:35248773;C|T;Family=11718	0.277049055889662	0.00340545488923071	0.0528134105702729	1
chr6:35291567;C|T;Family=13195	-0.116399515398857	0.0539702944502663	0.248154871467305	1
chr6:35575305;G|A;Family=11453	-0.10959260522734	0.16636918668005	0.443536706662636	1
chr6:35795046;A|C;Family=12624	-0.0133025855200208	0.831960062065786	0.935980208530786	1
chr6:36138971;C|T;Family=13153	-0.0276247552282723	0.473255057282316	0.734880572614882	1
chr6:36142734;C|T;Family=14433	-0.0654138765448799	0.23055064563013	0.526397606366984	1
chr6:36490070;G|A;Family=14594	0.222281197720448	0.0485007927388784	0.234696830539734	1
chr6:36741419;G|A;Family=12613	-0.0139881393036111	0.863727379352423	0.945114785714572	1
chr6:36925904;C|T;Family=11201	0.196617354916295	0.0315337938483412	0.194626788338834	1
chr6:37392924;G|GA;Family=13581	0.143545598653019	0.0667925097486882	0.278571719745178	1
chr6:37630704;C|T;Family=12467	0.23289212925181	0.0565171221546255	0.254431324828941	1
chr6:38152744;G|C;Family=14632	-0.0374551939633846	0.619718842342391	0.830472412358427	1
chr6:38170191;A|G;Family=14384	-0.168517607441997	0.123809015140357	0.388449370905409	1
chr6:38170360;T|A;Family=13531	0.31540482567921	0.00367441151204209	0.0551161726806314	1
chr6:38173519;G|A;Family=12361	-0.256080569749502	0.0397000405275137	0.215982299415498	1
chr6:39861263;G|T;Family=11280	-0.0414464700217395	0.500322613756959	0.752444076316066	1
chr6:411271;C|T;Family=12316	0.067042674669446	0.807732216920042	0.927612147451319	1
chr6:4116006;T|A;Family=13293	0.144153893472515	0.303333452536936	0.596240835813742	1
chr6:43007441;CT|C;Family=14550	-0.0345484645642634	0.641821545703026	0.843471043904156	1
chr6:43132030;G|A;Family=13808	0.0509250277920471	0.586745292116074	0.808906436098017	1
chr6:43141734;G|A;Family=11726	0.0169266884490114	0.847031646973315	0.939719862965242	1
chr6:43450471;G|A;Family=14486	0.281451243066852	0.0255862035236478	0.174903986235049	1
chr6:44003235;C|G;Family=14525	-0.203638434613455	0.176529220715998	0.457764849954217	1
chr6:44155232;T|TG;Family=14303	-0.03876211544112	0.593769731577749	0.813626813019304	1
chr6:44447702;G|A;Family=14188	-0.0473054163799013	0.703053090276679	0.880338022253863	1
chr6:46160238;A|AT;Family=14640	-0.12900481463562	0.436700257241647	0.704765501286968	1
chr6:47019974;C|A;Family=14131	0.210189449021042	0.0454863093407624	0.23054774163078	1
chr6:49728384;A|G;Family=13589	0.173819157529645	0.386663366457574	0.664245003455608	1
chr6:5104495;G|A;Family=12170	-0.13664158082028	0.1465999694975	0.41787841772652	1
chr6:52189690;C|T;Family=11897	-0.0376744215005881	0.875494402460921	0.952157620704875	1
chr6:52190217;T|C;Family=12001	-0.220685400975175	0.0796103690186594	0.30542342831058	1
chr6:52452690;A|G;Family=14163	-0.21558094916364	0.0943096713516892	0.337265202131761	1
chr6:52497823;C|T;Family=11788	0.00242741013370959	0.97339164543396	0.990164931152945	1
chr6:52502624;A|G;Family=13496	0.0417294066436958	0.456354424994929	0.722169140144616	1
chr6:52750221;G|A;Family=11845	-0.269969442194742	0.0758752203260269	0.299932596354562	1
chr6:52791844;C|T;Family=13714	0.303068465476336	0.0364798264022324	0.205725985565748	1
chr6:55499251;C|A;Family=13300	-0.192815413608969	0.124494839363947	0.388449370905409	1
chr6:57026903;A|T;Family=14618	-0.102611511222387	0.354533569744845	0.635513799348245	1
chr6:57105244;G|T;Family=12585	0.398530465055007	0.0230342403132605	0.166611303451647	1
chr6:57168724;G|A;Family=14682	0.045535750374012	0.855920869351193	0.943753799825761	1
chr6:57184477;C|T;Family=13692	0.0129892899597886	0.870836799259047	0.949720704793835	1
chr6:57185120;G|A;Family=13349	0.0123028183224179	0.925707102054909	0.970944309732154	1
chr6:57188047;G|A;Family=12180	0.0032509487294588	0.9778899230842	0.991036952717862	1
chr6:63277102;T|C;Family=14214	-0.294849216360069	0.0134982900788506	0.125251482057949	1
chr6:63277177;G|A;Family=12956	-0.125653715667981	0.296463103819307	0.590666826335691	1
chr6:63703543;CCG|C;Family=14133	-0.116469965138128	0.234614293285679	0.530709711635097	1
chr6:63703547;C|A;Family=14133	-0.112801825260957	0.163977391472836	0.4408620602886	1
chr6:63713212;C|T;Family=13931	-0.00979093650337326	0.918205488442588	0.968611429602845	1
chr6:63713346;C|T;Family=14110	-0.17407521913076	0.0946369843140215	0.337265202131761	1
chr6:69699046;T|C;Family=14152	-0.20053870619701	0.51478412672364	0.760275835364762	1
chr6:70525823;A|G;Family=11490	0.131976983749983	0.631543796053632	0.83778553590297	1
chr6:7417611;C|G;Family=11190	-0.169009167171029	0.117699250142746	0.379136598701892	1
chr6:75085289;T|C;Family=12211	-0.196286216618028	0.0172960041714043	0.144199032499635	1
chr6:75717110;G|T;Family=14452	0.290881771939231	0.0769492337435353	0.300860491364012	1
chr6:75915105;G|C;Family=14613	-0.150471671748961	0.471841279074065	0.734555117571705	1
chr6:7882227;C|T;Family=11940	-0.0276455358839168	0.677956743029715	0.869418948664595	1
chr6:79488659;T|C;Family=14643	-0.120428082080501	0.257511022490305	0.556370875853457	1
chr6:79700984;C|T;Family=14467	0.177000209771789	0.0551598313320698	0.250788798354504	1
chr6:83553760;AC|A;Family=14233	-0.131094864972977	0.528306197344094	0.772204745319243	1
chr6:83656787;CA|C;Family=12661	0.0214738123012677	0.76105973463564	0.906398004403686	1
chr6:83665562;G|T;Family=11543	0.34479567598565	0.0403128234114729	0.216897318699721	1
chr6:84732935;T|C;Family=13424	0.0195935128208945	0.88756749887911	0.956284087694301	1
chr6:87169739;C|G;Family=14492	-0.109777781534139	0.0669894382977793	0.278595903873558	1
chr6:88141988;A|G;Family=12396	0.307730265142497	0.087201567088454	0.322381551054284	1
chr6:88142066;A|C;Family=12541	-0.228189826935829	0.00176720680086254	0.0357887127892099	1
chr6:89634132;A|T;Family=12708	-0.0498973099371563	0.447350105967927	0.715184899644732	1
chr6:96795444;T|C;Family=11031	0.148937632763735	0.366507094344949	0.65117279869054	1
chr6:98837882;C|T;Family=14413	-0.829461688067772	0.000771845175524053	0.0217248966873589	1
chr6:98873421;T|C;Family=14344	-0.281278711417305	0.131293907709837	0.400529558491761	1
chr6:99280481;C|T;Family=14658	-0.279493173402913	0.00836273638042635	0.0936012695790838	1
chr6:99433895;T|A;Family=14526	-0.0457023521424942	0.773421520881246	0.91079371217982	1
chr7:100034499;A|G;Family=11800	-0.145280073946537	0.0197842244885016	0.156670531783443	1
chr7:100070882;A|T;Family=11456	0.00488911507905536	0.925675661385347	0.970944309732154	1
chr7:100201111;G|T;Family=14227	0.0928570886650105	0.285743114853936	0.580366148926418	1
chr7:100367651;T|C;Family=13082	0.122251119799366	0.178184970129669	0.45991325153356	1
chr7:100565841;C|T;Family=13497	0.148172272919177	0.208792167756006	0.501987584878701	1
chr7:100566755;G|A;Family=11348	-0.0546629181768582	0.330107232567975	0.620968913175617	1
chr7:100627396;G|C;Family=11634	0.0626543843959983	0.55188518652682	0.786565335937757	1
chr7:100681069;C|T;Family=14129	0.019032634866598	0.867562251410601	0.94756127727926	1
chr7:100865327;T|C;Family=14370	0.309604559461041	0.00448244105193931	0.0640848994144448	1
chr7:100893782;C|T;Family=14533	-0.00185789910123513	0.979159633009307	0.991659229656123	1
chr7:101092639;G|A;Family=13589	0.0816558288021012	0.706283239184956	0.881048621478166	1
chr7:101557594;G|A;Family=12860	0.1174748844264	0.0991966184119163	0.344632309474048	1
chr7:102256679;G|T;Family=12585	-0.0442362822084838	0.637738504427657	0.840822379756925	1
chr7:102457125;G|C;Family=13447	-0.383304372875442	0.0435459640397464	0.226859530221203	1
chr7:103336877;T|A;Family=12975	-0.363979269624925	0.0160416075307334	0.137822261883766	1
chr7:103374495;G|C;Family=11336	0.0408834380564459	0.616733836106757	0.827739582013469	1
chr7:105107653;TC|T;Family=12952	0.16091440422679	0.0498126902116684	0.237488247109516	1
chr7:105116390;C|A;Family=14261	-0.00380916284155453	0.981423573227697	0.992542215532846	1
chr7:105116659;A|G;Family=13631	-0.253939007014579	0.21174799542696	0.505314191244659	1
chr7:107196482;C|T;Family=11984	-0.100136785394983	0.262165288231436	0.560243689777535	1
chr7:107620052;T|G;Family=14412	-0.262406693191023	0.131461127699516	0.400529558491761	1
chr7:107621378;G|C;Family=13215	-0.228516039142059	0.457689620528664	0.722667821887364	1
chr7:107623206;C|T;Family=12056	0.134360520620846	0.296733313968813	0.590696099378737	1
chr7:107765695;G|T;Family=12086	0.118256927135202	0.578840841781027	0.802787980643637	1
chr7:11028794;G|C;Family=12852	-0.01568934968796	0.9403014531478	0.974930118561175	1
chr7:112287394;G|A;Family=13838	-0.0823432613451074	0.656786486820565	0.853806604308583	1
chr7:112287729;G|C;Family=14041	-0.0381808188762937	0.504386667048115	0.753541196018228	1
chr7:112491008;G|A;Family=14564	0.0614974455291225	0.793521425877915	0.920630426631876	1
chr7:112764605;A|C;Family=12758	-0.10079319732096	0.358700625496118	0.640724396933036	1
chr7:11374483;C|G;Family=12405	0.228707928357665	0.128693863899257	0.395593363237978	1
chr7:114693111;A|C;Family=14115	0.155217652954057	0.325205750114626	0.617031127744702	1
chr7:115937292;T|C;Family=13863	-0.139671491779526	0.459241478471083	0.723868997073283	1
chr7:117363392;C|G;Family=13211	0.165864022915045	0.562113165151988	0.792743047575609	1
chr7:120749567;T|C;Family=12686	0.0628120185590196	0.385272019353954	0.663255685438882	1
chr7:12235662;G|C;Family=12180	-0.348190902620711	0.172046928189313	0.451715751200061	1
chr7:12236724;T|G;Family=14007	-0.253258652024904	0.0120334998464968	0.116514839783541	1
chr7:12237057;T|A;Family=11931	-0.545357938440767	0.00345309476776457	0.0528800286611645	1
chr7:12237561;A|G;Family=14202	-0.465383343888291	0.00165988193421934	0.0346886695696189	1
chr7:12331049;T|C;Family=14042	-0.529036211301374	0.00198448441600151	0.0380272929977252	1
chr7:12344427;G|A;Family=11651	0.396374378124559	0.00579418698093144	0.0749354217321876	1
chr7:123538093;G|A;Family=13165	-0.31138262971597	0.164188815843348	0.4408620602886	1
chr7:123638660;T|C;Family=13053	-0.0288112905419974	0.680231469736762	0.871115178179338	1
chr7:124031121;C|T;Family=13694	0.15789571311915	0.136734749831762	0.405879306069951	1
chr7:128257537;C|T;Family=14245	0.50388002778069	0.025313941604278	0.174835759970806	1
chr7:128299202;C|T;Family=11187	0.248202372970101	0.015444820256136	0.135558854046662	1
chr7:128302575;G|A;Family=11252	0.129032130069769	0.254749742552616	0.553150340054224	1
chr7:128307112;GCAAA|G;Family=11194	0.258789770174295	0.00825009333360057	0.0934840297243904	1
chr7:129487405;G|C;Family=11731	-0.0978993118624458	0.371792871541174	0.655256430250627	1
chr7:131493457;G|A;Family=14685	-0.16256950116224	0.185197321224834	0.469801939918651	1
chr7:131495943;A|G;Family=14517	-0.237848753910836	0.00490392055922056	0.0679861713891941	1
chr7:134291115;G|C;Family=12219	-0.0107434520463055	0.910468316395103	0.965690426095005	1
chr7:134442682;G|A;Family=14444	0.0996539114936069	0.07564394493718	0.299628613062856	1
chr7:134969307;C|T;Family=14233	0.646530877203151	0.031029755783388	0.192163969826058	1
chr7:135676391;TAATA|T;Family=11568	-0.0214077433311367	0.934700492594965	0.972919610112468	1
chr7:137388263;C|A;Family=14351	0.110072319973953	0.490125143820527	0.748144684253135	1
chr7:137390098;T|C;Family=Hou-etal:rs3735025	-0.326742552810419	0.000232866336024772	0.0102685637331405	0.852290789850665
chr7:138588097;A|T;Family=11954	0.461457642566354	0.152840212839959	0.426565166519888	1
chr7:139565026;G|A;Family=11156	0.0747651257122623	0.562232367480607	0.792743047575609	1
chr7:139565092;G|T;Family=11156	0.163834569368758	0.142327855506245	0.413325676733506	1
chr7:139571713;G|C;Family=12867	-0.00418483396832137	0.973357591161959	0.990164931152945	1
chr7:140024674;A|C;Family=13006	-0.0361212515349083	0.545438664276021	0.781638806284353	1
chr7:140090201;T|C;Family=12303	-0.186982356228066	0.181293075412213	0.463360793302164	1
chr7:140297460;G|A;Family=13349	-0.0885332929931521	0.260505218712234	0.560193361038059	1
chr7:141473065;G|C;Family=12875	0.164052705706828	0.254963011932097	0.553150340054224	1
chr7:14148804;T|G;Family=11055	0.0262824903092608	0.824634942449223	0.933260324478713	1
chr7:141593741;G|GC;Family=14174	0.015251041974463	0.907985495257641	0.964652224279526	1
chr7:141621769;G|A;Family=13843	0.0167427620247121	0.918433049246016	0.968611429602845	1
chr7:141929166;T|G;Family=11152	-0.39143189655944	0.000681645668024944	0.0206183730989363	1
chr7:142867025;C|T;Family=12681	0.157229001878073	0.0257106798098629	0.17523480093873	1
chr7:144453610;C|T;Family=13063	-0.0747192460848338	0.332240534903466	0.622427595071146	1
chr7:148800933;A|G;Family=11106	-0.0651797712870928	0.47932096672426	0.739905102845174	1
chr7:150627483;G|C;Family=13035	0.0187400808467219	0.779267680723243	0.912098176594873	1
chr7:151013039;C|T;Family=13092	0.320814620209483	0.00020241076217621	0.00926029236956163	0.74082338956493
chr7:151987279;C|T;Family=13556	0.521893164064294	1.74320278629654e-06	0.000490778630603486	0.00638012219784532
chr7:152103925;A|G;Family=13066	0.0365696308950136	0.751723222256081	0.90473758416878	1
chr7:152230230;G|A;Family=11241	0.0657633534742508	0.344002670069185	0.627569662864137	1
chr7:155802541;CATG|C;Family=14042	-0.140466951197689	0.0468257693280608	0.233318286149472	1
chr7:156682823;G|A;Family=11435	0.102819358430266	0.573502259106017	0.799626006982104	1
chr7:157005028;C|T;Family=11062	-0.25538894419389	0.00999670682309476	0.105137778656686	1
chr7:157414907;G|A;Family=12661	0.0104963775856281	0.885804707610203	0.956235689501044	1
chr7:159028719;C|T;Family=14554	0.178435065778142	0.0650989845725824	0.274408330592615	1
chr7:16088825;A|C;Family=11382	0.0440188934031211	0.732429499964368	0.893351375258887	1
chr7:17794399;T|C;Family=12540	-0.121657361792665	0.192711244131606	0.479485488457972	1
chr7:17882719;G|A;Family=13514	0.221089994822825	0.126979331382907	0.391858644908466	1
chr7:18998693;C|G;Family=12302	0.0400407000795399	0.769217956139887	0.908173457894189	1
chr7:19000716;C|A;Family=12302	0.174556376028871	0.369999215335886	0.654438105507951	1
chr7:19695939;C|G;Family=12055	-0.0333650136421938	0.83225451566032	0.935980208530786	1
chr7:19696724;A|G;Family=14357	-0.154302023629926	0.334816899414273	0.622677770252155	1
chr7:19721031;C|T;Family=13314	0.530150051986602	0.051350527908952	0.24170273767924	1
chr7:20134737;T|C;Family=11729	-0.181720208418678	0.144545031733474	0.415169673597199	1
chr7:20139350;T|C;Family=11905	-0.120137165572128	0.0636888449314051	0.271047874940631	1
chr7:20413493;G|A;Family=11181	-0.38473791625008	0.0118713871466679	0.115864738551479	1
chr7:20659230;C|A;Family=11679	-0.117831185834415	0.0595262925225416	0.261047530399379	1
chr7:22119418;T|A;Family=11931	-0.0597682897015181	0.734633389950085	0.894966072270116	1
chr7:22192927;G|C;Family=14637	-0.451504386828908	1.41073703327564e-06	0.00043027479514907	0.00516329754178884
chr7:2252218;G|A;Family=11569	-0.121312936669716	0.270486461981353	0.565731577700247	1
chr7:22937168;G|C;Family=13322	-0.276347716012271	0.0341314098031503	0.199484794378085	1
chr7:22937598;CAA|C;Family=14695	0.169409975668556	0.193405440216367	0.479587711930073	1
chr7:22939304;G|C;Family=13417	0.120906693141734	0.111998126918791	0.371298138154687	1
chr7:23174064;G|A;Family=11986	-0.133378715277319	0.102718642626218	0.351974472701559	1
chr7:2442801;C|T;Family=14539	-0.146194717030509	0.033798841652592	0.199275828118628	1
chr7:24688192;G|T;Family=13592	0.39173399368548	0.036320870354731	0.205462728745464	1
chr7:24798063;T|C;Family=14669	-0.486579155174919	0.00726162377088702	0.0865718013076433	1
chr7:26373688;C|T;Family=14004	-0.994124976423099	2.54097898976581e-06	0.00066428450732449	0.00929998310254286
chr7:2662074;C|T;Family=11277	-0.131822866923515	0.0254714204544958	0.174903986235049	1
chr7:26668101;G|A;Family=11499	0.461064080804715	0.03068726589682	0.190688273654263	1
chr7:2713256;C|A;Family=12113	0.0348450354283098	0.602620294280148	0.81992203608377	1
chr7:2713592;C|T;Family=13764	0.130855407106835	0.184808434042223	0.469395467449366	1
chr7:2713712;A|G;Family=11561	0.0778172222825197	0.429001613531498	0.69864257190992	1
chr7:27195268;T|C;Family=14482	-0.0884025771281289	0.324188534818238	0.616485775180487	1
chr7:27247414;C|T;Family=14169	-0.359550157868663	0.0013168272757326	0.0303241225727377	1
chr7:28823143;C|G;Family=13555	-0.348784887099349	0.00661139870860394	0.0820261670287811	1
chr7:29916016;G|T;Family=12173	0.033106319611862	0.487673328093997	0.746573043329988	1
chr7:30010714;A|G;Family=12938	-0.136500313382405	0.144479038463548	0.415169673597199	1
chr7:30081082;G|A;Family=14265	-0.131575230092338	0.282197575151584	0.577329863082615	1
chr7:30161165;A|C;Family=12426	0.30937322870871	0.0813945126766526	0.308389147408435	1
chr7:30162556;C|G;Family=14186	-0.280398998143842	0.262908080274821	0.56029156732812	1
chr7:30923911;C|G;Family=13506	0.219677192959649	0.00600712635163097	0.0768744141502424	1
chr7:31652930;A|AT;Family=11274	-0.137288086498178	0.151803649835615	0.425289496204101	1
chr7:31751585;T|C;Family=13718	-0.0742232189461308	0.430374856995486	0.699765427189462	1
chr7:32485421;T|C;Family=14600	-0.243759211641603	0.0322143187152205	0.196507344162845	1
chr7:32587182;T|G;Family=12515	0.0683236539313789	0.400852441250335	0.676447252539154	1
chr7:36453260;A|G;Family=14525	0.341527264988593	0.162603407086557	0.438885302313272	1
chr7:37741364;G|A;Family=14186	-0.0664542511216892	0.580040296613464	0.803675824815958	1
chr7:41687210;A|G;Family=12526	-0.175345295108747	0.323401148804969	0.615521687273109	1
chr7:41687963;C|A;Family=13823	0.0197324807028105	0.833699825402859	0.935980208530786	1
chr7:41963579;T|C;Family=13631	-0.00474530790921619	0.964911338806305	0.988923046893767	1
chr7:41963952;G|C;Family=11117	-0.0355075952804893	0.830228538393634	0.935980208530786	1
chr7:42917159;T|C;Family=13018	-0.448500077137743	0.000378415743586251	0.0138405223666115	1
chr7:42921313;G|A;Family=12197	-0.027913307032911	0.866114217275798	0.946262100068483	1
chr7:43631800;C|T;Family=13512	-0.1119214555694	0.129592526277809	0.396767144143521	1
chr7:44060113;G|A;Family=13028	-0.208895680559911	0.0277503026644834	0.18366384765282	1
chr7:44379847;G|A;Family=14297	0.0531739845243911	0.545313238484358	0.781638806284353	1
chr7:44384444;G|A;Family=13881	-0.334102549440306	0.000103900696126561	0.00655649220384853	0.380276547823215
chr7:44708801;C|G;Family=14147	-0.205015582651806	0.119549823533175	0.381181838612601	1
chr7:44767810;G|A;Family=13649	-0.0612287878252329	0.545026662149553	0.781638806284353	1
chr7:44835049;G|A;Family=13628	0.0126639043699688	0.891536367297989	0.958564068680007	1
chr7:44876364;T|C;Family=13211	0.116270120789642	0.610309187818893	0.823040393300349	1
chr7:44962744;G|T;Family=14350	0.0190966952006807	0.856013724234671	0.943753799825761	1
chr7:4769211;C|T;Family=13709	-0.0262052699501088	0.712430468891848	0.884678330352444	1
chr7:48272994;G|A;Family=11168	-0.432963092803689	0.153622251929135	0.427572199285653	1
chr7:50669862;G|A;Family=12676	-0.561867326078369	9.65623284588077e-06	0.00134668798467759	0.0353418122159236
chr7:51064958;C|G;Family=14541	-0.0782364432953841	0.275659155947122	0.571298137466856	1
chr7:54550490;G|T;Family=12817	0.0685725936321249	0.676934513585993	0.869004168884894	1
chr7:6164890;C|T;Family=14328	-0.1883287953367	0.0049914894454762	0.0684226643087749	1
chr7:6330019;A|T;Family=13498	-0.00747149698861531	0.926736001277144	0.970944309732154	1
chr7:64520411;T|C;Family=13570	0.0209163995412273	0.915650760573497	0.966901841805828	1
chr7:64831687;C|T;Family=14598	-0.10010095979953	0.638700861048528	0.841394765256628	1
chr7:64972029;T|TTAAA;Family=11722	0.30328869755809	0.098446736414543	0.344140453941955	1
chr7:65954605;G|A;Family=11404	-0.0425790168872927	0.77732477172075	0.911896170705741	1
chr7:70292499;A|C;Family=14508	-0.166874266492888	0.0818656816969222	0.309214029938839	1
chr7:7247184;AG|A;Family=13064	-0.140672373132287	0.666655365591756	0.859588640868715	1
chr7:72946318;AG|A;Family=13941	0.0604253873686559	0.50896762225046	0.757552459307313	1
chr7:73340787;G|T;Family=13560	-0.114100618934757	0.230509273352934	0.526397606366984	1
chr7:73441259;G|A;Family=13066	0.00578527973332364	0.971751217023811	0.990164931152945	1
chr7:74404154;G|A;Family=11411	-0.114863455190513	0.0239089054889201	0.169915716678539	1
chr7:75537252;G|A;Family=14361	0.0217262355704513	0.81777225761358	0.93067365138859	1
chr7:7607184;A|G;Family=11282	-0.207465785107855	0.0629237501996573	0.269043137535918	1
chr7:76268794;G|C;Family=14551	0.248765870961853	0.0825488414566592	0.310832057336803	1
chr7:7868502;A|G;Family=13383	-0.103272653045069	0.234408312346853	0.530571690284158	1
chr7:80674022;A|C;Family=13517	-0.265970507528381	0.060876734624911	0.264933232731479	1
chr7:8086554;C|A;Family=14214	0.0865985505550659	0.265153324054358	0.562912509303335	1
chr7:8094168;G|A;Family=13741	-0.042040745534158	0.834366306609437	0.936046055446958	1
chr7:8127875;T|C;Family=13072	0.539600185130471	0.00585326048850201	0.0754328640419625	1
chr7:83366086;G|T;Family=12575	0.409791382892696	0.088884506867658	0.325969233602834	1
chr7:83958398;C|A;Family=14025	0.00201204371601294	0.987311527687906	0.994710571965375	1
chr7:83960121;C|T;Family=13160	0.245065701291161	0.118709280069546	0.379740913946453	1
chr7:85050554;G|A;Family=14303	-0.130167008061742	0.448432420063874	0.71538509108971	1
chr7:87830053;A|C;Family=13129	-0.0746679367459463	0.578748338748979	0.802787980643637	1
chr7:88199020;A|G;Family=12669	-0.26661513004844	0.0470511884373715	0.233700466781563	1
chr7:896411;G|A;Family=14027	0.291757060204659	0.00827652028997579	0.0934940254978746	1
chr7:90233483;G|A;Family=13206	0.468733542355574	3.80357563006999e-06	0.000732688779266114	0.0139210868060562
chr7:90899326;T|TG;Family=14046	0.29564987391885	0.0753726101023265	0.299201467434398	1
chr7:91271032;C|T;Family=11977	0.975434397499991	0.00112928404789048	0.0279268892924268	1
chr7:92108825;A|T;Family=13807	-0.202452969572934	0.0266785312328019	0.179319096430459	1
chr7:92577109;G|C;Family=11056	-0.186910851252148	0.433623514391105	0.701971763677901	1
chr7:92615043;T|C;Family=13772	-0.0739920011318894	0.204902843041594	0.496981050717185	1
chr7:93100516;G|A;Family=11977	0.561899627164258	0.0040676862739807	0.059313672361631	1
chr7:95585430;A|G;Family=11979	-0.142164532032184	0.320544759604188	0.612724807903325	1
chr7:98292716;C|T;Family=13502	-0.288032147111916	0.000355193092452774	0.0133526750504897	1
chr7:98293310;T|C;Family=11432	-0.0252664242855688	0.929757947154262	0.971407548998798	1
chr7:99030080;C|T;Family=11266	0.124972362621584	0.274048301488463	0.569572279073125	1
chr7:99391002;T|G;Family=11135	0.0320062834042782	0.665395914271467	0.858891525310633	1
chr7:99411780;C|G;Family=14506	0.0341065127718199	0.527855740422592	0.772202534690115	1
chr7:99480615;A|G;Family=12517	-0.0750417738551594	0.373475622669686	0.655372546045204	1
chr7:99672808;C|G;Family=12707	0.0423122614200881	0.558365885162597	0.790752562163087	1
chr8:100141022;G|C;Family=12180	0.092728752139637	0.253140036112114	0.551716978994026	1
chr8:100918132;C|T;Family=13962	-0.10115831640302	0.502588989194798	0.752444076316066	1
chr8:101669616;T|G;Family=11897	0.33603696380621	0.0526988721084969	0.243948133381573	1
chr8:103068849;CT|C;Family=12418	0.0479291646495367	0.656872151977911	0.853806604308583	1
chr8:103068853;T|C;Family=12418	0.0976658964784795	0.410650845454295	0.685041975552744	1
chr8:103398998;G|C;Family=11117	-0.340473387914231	0.1241032038671	0.388449370905409	1
chr8:106707384;T|C;Family=14629	-0.0367585336280995	0.740703449037376	0.897176765823154	1
chr8:107900711;G|A;Family=13977	0.0905060982446754	0.377124539634989	0.657587334475494	1
chr8:109243244;G|A;Family=13306	0.0253625678499616	0.563190685469572	0.793409510707711	1
chr8:11315026;C|A;Family=12534	0.135059590744561	0.0484349032086544	0.234696830539734	1
chr8:116643060;C|T;Family=13787	0.0989028248789205	0.600765326384169	0.819225445069321	1
chr8:116658921;C|T;Family=14492	0.0667081782462268	0.277443311126994	0.572120406968771	1
chr8:117819709;G|A;Family=14364	0.00699781568211942	0.905478878784852	0.96403492064452	1
chr8:118194453;C|T;Family=14240	0.18706506165412	0.00771470118147571	0.0899229500770736	1
chr8:11844416;A|G;Family=12550	0.0785423024673602	0.243702185415806	0.539291063252257	1
chr8:119834135;A|G;Family=11685	0.138901880598081	0.302191326429456	0.595398276076598	1
chr8:123100926;T|A;Family=13581	-0.125929549375599	0.116061681402998	0.377555232769849	1
chr8:126552907;T|C;Family=11542	-0.72436690782018	0.0066937693480472	0.0821330074043823	1
chr8:130053371;A|C;Family=13602	-0.250939522470811	0.00473210137289261	0.0666134270184113	1
chr8:13007100;A|T;Family=12796	-0.172606305449499	0.0455426276500146	0.23054774163078	1
chr8:132127162;C|T;Family=13520	-0.118662092329111	0.114823519918607	0.376571758872849	1
chr8:132128104;G|A;Family=12056	-0.292843210987631	0.145108499675658	0.41537406281619	1
chr8:132846315;G|T;Family=12720	-0.236273938885573	0.385542702702909	0.663255685438882	1
chr8:133459207;G|A;Family=12656	0.155927490017611	0.143413163205349	0.414606775143427	1
chr8:140521925;G|A;Family=12001	-0.0786957784876166	0.548236739008463	0.784113507139888	1
chr8:140527463;G|C;Family=14699	0.247913666388065	0.0301756223995511	0.189142792097862	1
chr8:140529731;G|A;Family=14154	0.121369550707598	0.372717356014455	0.655258181876176	1
chr8:140532572;T|C;Family=12412	-0.0101852877689304	0.91466536561668	0.966553682876295	1
chr8:141195681;A|G;Family=12738	-0.0587804993198014	0.761044497278284	0.906398004403686	1
chr8:141448037;C|T;Family=12622	0.0333718368763698	0.66940739523297	0.861948248433533	1
chr8:142544658;G|T;Family=11625	-0.11658094297105	0.312241613562156	0.604978457192954	1
chr8:143297985;T|C;Family=11356	-0.324878290705477	0.0944316217201603	0.337265202131761	1
chr8:143318080;T|C;Family=14100	-0.414779163182091	0.00195221209210621	0.0377561446406202	1
chr8:143324603;G|A;Family=14111	-0.048674491815469	0.614081916856569	0.825688425837602	1
chr8:143653484;TC|T;Family=11327	0.209716821769405	0.0218164744690064	0.162929393045865	1
chr8:143694347;C|T;Family=11277	-0.0109166749159558	0.907414733784316	0.964605845382108	1
chr8:144115745;G|A;Family=11568	-0.169119535922731	0.149561388620739	0.422698596410736	1
chr8:144502068;T|C;Family=12802	-0.0535981344034293	0.353530167889817	0.635130471919946	1
chr8:144527295;G|C;Family=11078	0.120195982765548	0.258400721701168	0.557633632916436	1
chr8:17247873;C|G;Family=13277	-0.0530924845532454	0.427300880447471	0.696934591104165	1
chr8:17297014;G|C;Family=14549	0.0856347838667702	0.535531852269032	0.777025291154734	1
chr8:17566779;G|A;Family=13230	0.201773847344895	0.0572243084720792	0.256353695235997	1
chr8:1782214;G|A;Family=12770	0.0485900245153204	0.382819597822692	0.661217427102903	1
chr8:18071404;T|A;Family=13252	-0.422149945144723	0.0132971370793116	0.124469364987929	1
chr8:18529285;A|G;Family=14691	0.00855889977253031	0.929044811944982	0.971407548998798	1
chr8:18531048;A|G;Family=14448	-0.0389843424347949	0.690885242278724	0.875144260689886	1
chr8:1860162;C|T;Family=22017	0.303084857043397	0.00722294535322734	0.086392091479778	1
chr8:1958160;T|C;Family=13626	-0.197105225817319	0.0167589404430827	0.1409513325051	1
chr8:2004228;T|C;Family=14557	-0.558358961092368	6.48892439041004e-05	0.00474989265378015	0.237494632689007
chr8:2005051;A|G;Family=11424	-0.223927325202619	0.0995553428179246	0.345049767721216	1
chr8:2006315;T|A;Family=11546	-0.237531130368577	0.0386405326686614	0.214930622442706	1
chr8:21691253;C|A;Family=11610	0.198904960521243	0.0052172594236973	0.0703223189416928	1
chr8:21909212;G|A;Family=12469	-0.184502976111691	0.0879046467256968	0.324325611911341	1
chr8:21909628;G|A;Family=13982	0.0662403252053441	0.415305769741256	0.688670436889204	1
chr8:22048473;C|T;Family=12373	0.117590263888843	0.10732054413069	0.36017044401509	1
chr8:22209648;G|A;Family=11989	-0.0495999928393596	0.688838771669041	0.873968060892784	1
chr8:22250658;C|G;Family=11818	-0.173577056187678	0.0262560500500552	0.177628730468026	1
chr8:22620003;GT|G;Family=14507	-0.199175622560283	0.277923065864369	0.572661889931087	1
chr8:22620016;C|T;Family=12113	0.159807671500784	0.127200586138677	0.392210737377891	1
chr8:22621222;C|T;Family=11818	0.00704586166667162	0.88942342500911	0.95666176331234	1
chr8:23020670;C|T;Family=14354	-0.182695780992354	0.19565816983431	0.482878558053659	1
chr8:23136670;T|C;Family=12775	0.0200028193146305	0.727112453958469	0.891445986484585	1
chr8:23566433;G|A;Family=11031	-0.0408589798477147	0.47559095600888	0.737569024996822	1
chr8:24357347;C|T;Family=12605	-0.010909999902301	0.949684968952547	0.981600391518307	1
chr8:246847;T|C;Family=11552	-0.19391736897889	0.144740511684896	0.415169673597199	1
chr8:25412256;ATTAT|A;Family=13585	-0.173637632696652	0.0549722453120121	0.250788798354504	1
chr8:26410533;C|G;Family=11458	0.0618084549212256	0.604002900231622	0.820811313782926	1
chr8:26505153;A|G;Family=11017	-0.0543854162236975	0.353748641878316	0.635130471919946	1
chr8:27236813;G|A;Family=11444	-0.328293805186881	0.000518795652699508	0.0166968815445223	1
chr8:27735798;CCAA|C;Family=11156	0.0261311608763982	0.861919760856452	0.944756212774342	1
chr8:28812448;G|T;Family=11843	-0.0271220561596127	0.735446428867738	0.894966072270116	1
chr8:29051336;GTAT|G;Family=13584	-0.00238341640388717	0.967330031536802	0.98949913790517	1
chr8:29067835;T|C;Family=13808	0.0263332024550012	0.82121347386743	0.932071829485571	1
chr8:30831849;A|G;Family=14163	0.102832621376373	0.33793080279744	0.62467346311005	1
chr8:33548607;G|T;Family=14283	0.116908698011727	0.0436951370219887	0.226929587157857	1
chr8:37745694;C|T;Family=14270	-0.0548535021043615	0.338655401725827	0.624859390407741	1
chr8:37845026;G|A;Family=13072	-0.0108562553333813	0.814673413764687	0.929397653748858	1
chr8:37859423;G|A;Family=14619	0.275662776076727	0.00106200511914967	0.0268064740419847	1
chr8:38274890;T|C;Family=11310	-0.234905265019906	0.0129760371206329	0.122206351439673	1
chr8:38424684;C|T;Family=12703	-0.159891118213836	0.0506789571506155	0.240577150676074	1
chr8:38989521;T|C;Family=14234	0.0823391310983009	0.502000541911237	0.752444076316066	1
chr8:38991018;T|C;Family=13233	0.0237154596425809	0.838132261110034	0.936562384792864	1
chr8:39637652;G|A;Family=13838	0.0490949913241662	0.512019991510344	0.759652514643249	1
chr8:39645438;G|C;Family=12892	0.0853787349617716	0.489313697860853	0.748003990878401	1
chr8:40531284;A|C;Family=14660	-0.0429908236607027	0.607380554848465	0.821209025026	1
chr8:42272348;G|C;Family=13772	-0.249411545899946	0.00607998167063852	0.0769990758288477	1
chr8:42554909;T|C;Family=12113	-0.174636496473961	0.110443488004989	0.366808680669927	1
chr8:43024687;G|C;Family=13654	-0.262798755329059	0.221144507845204	0.51553433039073	1
chr8:472182;A|T;Family=14491	0.226782581610289	0.002292883029474	0.0429770469505436	1
chr8:491999;C|T;Family=14474	0.00767984644785434	0.968161933238845	0.989651011542087	1
chr8:492350;T|C;Family=12796	0.0170952833924773	0.836447501496781	0.936562384792864	1
chr8:53228434;CAG|C;Family=11172	0.134661939185677	0.0330916166880745	0.198642043311446	1
chr8:55527291;G|A;Family=13069	-0.140801782293628	0.388091241217224	0.664245003455608	1
chr8:55538529;T|C;Family=12984	-0.0270205434729166	0.845048501024305	0.939561670993733	1
chr8:56164546;A|C;Family=12314	0.0402087856019932	0.794358165929908	0.920630426631876	1
chr8:56217465;TAGAAGC|T;Family=11948	0.255677364842746	0.0931001999409551	0.334721740455693	1
chr8:56964164;G|C;Family=13870	-0.3334183308354	0.236611705366009	0.531947282744653	1
chr8:58448913;C|T;Family=11018	-0.0858193670313916	0.312888744123906	0.605911536239946	1
chr8:61606588;A|G;Family=13853	-0.244224587485113	0.203811409500519	0.494989886378168	1
chr8:61659074;C|G;Family=22315	0.0374462608720813	0.629521355179369	0.836315121581304	1
chr8:61665222;C|T;Family=14053	0.0915524070088698	0.175298946907042	0.455354255273083	1
chr8:63186531;G|C;Family=12674	0.053497930261106	0.402246022929189	0.677683371795316	1
chr8:63187741;G|A;Family=12860	0.212604106274599	0.416415994264314	0.689942299233767	1
chr8:65602541;C|T;Family=13335	-0.0902424690438344	0.613076773976087	0.825688425837602	1
chr8:65718492;G|A;Family=12597	0.303862997480783	0.000988602106091987	0.0254808711851878	1
chr8:66514029;T|G;Family=14254	0.0169520901770923	0.784535708264218	0.915917286203202	1
chr8:66632325;T|C;Family=11922	-0.275410919291256	0.180587100302489	0.462525393356971	1
chr8:68233907;C|T;Family=12919	0.316313995142534	0.155946979149179	0.431092102481868	1
chr8:68234749;G|A;Family=14669	-0.351695299441601	0.0185780582606391	0.150766503844654	1
chr8:6924777;A|G;Family=12532	0.273465790809838	0.00431705906168571	0.0622064415975184	1
chr8:69672964;C|T;Family=11195	-0.130862385838177	0.313695643627275	0.606458329991088	1
chr8:73420884;C|G;Family=13882	0.0411689506586064	0.809473680853611	0.928446779042374	1
chr8:73653867;C|T;Family=11018	-0.145951333994174	0.55790270186566	0.790752562163087	1
chr8:73668999;C|T;Family=11679	0.134621998779668	0.413708869691505	0.687948415752344	1
chr8:74234772;CAAG|C;Family=12206	0.143159913821465	0.431889293502562	0.701293174010371	1
chr8:74365934;T|G;Family=14110	0.02973330612475	0.786546222876625	0.917047100035367	1
chr8:76865498;C|CG;Family=13613	-0.00192145792587085	0.987030509319534	0.994710571965375	1
chr8:76865499;C|T;Family=13613	0.0915793830528216	0.53387717741737	0.776622289551633	1
chr8:76866525;C|T;Family=12638	0.272219539651015	0.314993700587073	0.607096863690725	1
chr8:76981153;T|C;Family=14692	-0.0648755193444027	0.675339349139524	0.867886944470035	1
chr8:76982966;A|G;Family=13748	-0.213846987067587	0.0620303334242613	0.26745232727218	1
chr8:78717932;G|A;Family=12541	-0.248798933306298	0.0975089406677376	0.342222281062313	1
chr8:78738606;G|C;Family=12643	0.11879143718008	0.470764048577622	0.734127148612738	1
chr8:78740044;A|T;Family=22024	0.415698129286832	0.138358780936454	0.408381563086629	1
chr8:80526198;G|C;Family=14253	-0.244858754759264	0.135720061942521	0.404874549447496	1
chr8:80971856;T|A;Family=11073	-0.00655046114242744	0.974799482649333	0.990495865212814	1
chr8:81480433;T|C;Family=13763	-0.0577577594483267	0.567770953472014	0.797460171785219	1
chr8:81701852;G|C;Family=13947	-0.442676870949255	0.00478586363784536	0.0667869171670829	1
chr8:81799669;AAAT|A;Family=13784	0.721718316176849	0.263446508378726	0.56029156732812	1
chr8:85124850;G|A;Family=14385	0.0543184455712908	0.614303164905954	0.825688425837602	1
chr8:85480675;G|A;Family=13630	0.366278299967206	0.00124852489628479	0.0298666739895576	1
chr8:88038481;C|A;Family=11838	-0.0120130741387726	0.935610726427434	0.972919610112468	1
chr8:89926047;G|T;Family=14285	0.190717333292982	0.118478163281297	0.37971110123428	1
chr8:90956239;CTGTT|C;Family=12483	-0.160341515153532	0.596053124778892	0.815534368856353	1
chr8:90957147;A|G;Family=11537	-0.135200475195548	0.320809114762419	0.612724807903325	1
chr8:90993992;A|G;Family=14522	-0.488276443227006	0.000100600657242462	0.00645962114925282	0.368198405507411
chr8:9139918;A|C;Family=13948	0.120333688789696	0.266388039557133	0.563475679909497	1
chr8:91955087;C|G;Family=14152	-0.024245114772504	0.798186723067903	0.92360525021452	1
chr8:91956796;T|A;Family=12032	-0.173503777171153	0.307417906608388	0.600890058007793	1
chr8:93702337;TATG|T;Family=14271	0.145532305970791	0.345133700712763	0.628139902838744	1
chr8:94127863;G|A;Family=22308	0.058378324014157	0.262212415461453	0.560243689777535	1
chr8:94790581;A|G;Family=13375	0.106625630550574	0.513847608595005	0.760275835364762	1
chr8:94790790;AAT|A;Family=12499	-0.0537792597692238	0.828159742578752	0.935634420654593	1
chr8:95047123;T|A;Family=14095	0.15509293945086	0.272938407319086	0.567910500732151	1
chr8:96610564;T|C;Family=11030	-0.130873886285255	0.281553644480143	0.576657156573767	1
chr8:97275271;G|A;Family=13082	0.081844911068611	0.31399959981779	0.606458329991088	1
chr8:9780855;T|A;Family=13412	-0.159356244135989	0.167123673395916	0.444206713601345	1
chr8:98432386;T|G;Family=14371	-0.282481659001088	0.00763667242176408	0.089584041870694	1
chr8:99511216;G|A;Family=12922	-0.0576947013454342	0.52272608397499	0.768117458203515	1
chr9:101362333;G|A;Family=12111	0.144114886799998	0.51066857144904	0.758849765125248	1
chr9:105637531;T|C;Family=12377	-0.231479661743625	0.0114134088348366	0.114134088348366	1
chr9:107012058;A|G;Family=11063	0.0635822902634921	0.813927880675345	0.929397653748858	1
chr9:107331575;TC|T;Family=13575	-0.0252464860295085	0.757533032793031	0.906365119327393	1
chr9:108868801;AG|A;Family=14371	0.34004930762523	0.00952057331632096	0.101886837244838	1
chr9:109073266;A|G;Family=14440	0.094327783594348	0.227421354849841	0.523827664411842	1
chr9:109172479;C|T;Family=11000	-0.153870719678074	0.17526860552549	0.455354255273083	1
chr9:109174247;C|G;Family=13592	0.154002383667812	0.168940916959031	0.448033452131622	1
chr9:110169350;T|G;Family=14314	0.227848925677489	0.120119395321549	0.381652705172738	1
chr9:111361377;A|G;Family=13929	-0.0330457953634309	0.628889534661336	0.836199720927263	1
chr9:111544251;T|G;Family=13096	-0.156985459166414	0.18247773549811	0.465089492982649	1
chr9:111578926;C|T;Family=11526	0.925114128476315	0.000708802790984893	0.020719728138269	1
chr9:112219628;A|C;Family=14509	-0.0723493957183564	0.417459583195626	0.690733306734173	1
chr9:112223846;A|G;Family=14081	-0.226670196733338	0.0493068547897493	0.23589946213135	1
chr9:112661862;T|TA;Family=12221	0.0782834093269213	0.636484113656607	0.840682734024966	1
chr9:113291674;A|G;Family=12899	-0.320178126890221	0.000260879455914116	0.0108502137346098	0.954818808645663
chr9:113315864;C|T;Family=11455	0.0443236098013099	0.522770797795592	0.768117458203515	1
chr9:113408274;A|G;Family=11775	-0.0295577927577049	0.762706114138097	0.906646788059646	1
chr9:113408563;G|C;Family=14240	0.13406056647292	0.42123999388704	0.692495543212798	1
chr9:120602066;A|G;Family=13946	0.121169722527246	0.0834185359928494	0.312819509973185	1
chr9:121783329;C|T;Family=14202	0.0291013137981128	0.615399716781448	0.826555215933982	1
chr9:122240838;G|A;Family=14116	0.296069604710511	4.50426514831148e-06	0.000824280522141	0.01648561044282
chr9:122324182;T|G;Family=13660	0.0163600005221724	0.760631960624171	0.906398004403686	1
chr9:123089820;C|A;Family=12637	-0.0647219729477085	0.171381485113562	0.451061160374875	1
chr9:123123170;G|A;Family=13259	0.0694551604484942	0.492970972838007	0.750217779869899	1
chr9:124482337;C|G;Family=13133	0.0533118767095599	0.360220891996929	0.642092643421425	1
chr9:124517762;A|G;Family=14042	0.000369681072591402	0.996412325089869	0.99858893979487	1
chr9:124812407;C|T;Family=11376	-0.21132341180091	0.0146079536629998	0.130721541336379	1
chr9:124814304;G|C;Family=12066	-0.246669937534149	0.0097081178807249	0.103289858847247	1
chr9:124945512;G|A;Family=12494	0.142004271718413	0.51229646530295	0.759652514643249	1
chr9:124947542;G|A;Family=11671	0.189274854127005	0.0882261698642942	0.324754900887767	1
chr9:125341338;A|G;Family=11922	0.152131647084303	0.0919855197913133	0.33267490359309	1
chr9:125437495;T|C;Family=13001	-0.09370182416356	0.626699058886384	0.835416283489986	1
chr9:125438213;G|A;Family=14291	0.0089852112466784	0.904524533637974	0.963749696638626	1
chr9:126503518;G|A;Family=14246	0.10271082944175	0.0999526337736509	0.346098996794288	1
chr9:126696795;G|A;Family=14415	0.354699078469616	0.00245793460919803	0.0445348548003208	1
chr9:126882867;TG|T;Family=13581	0.144572653411632	0.0974096592097945	0.342222281062313	1
chr9:126990082;C|T;Family=11462	0.201219352027918	0.0219825353484244	0.162929393045865	1
chr9:127872724;G|A;Family=13601	0.119285192639142	0.278264876046192	0.572758442041734	1
chr9:128163787;G|A;Family=12457	0.0413683648451815	0.659865276328749	0.856117302858285	1
chr9:128635951;G|A;Family=11009	-0.386574470797842	0.0221395840328434	0.162929393045865	1
chr9:128809363;G|A;Family=14641	0.0527665898533868	0.605220868515848	0.821018672634546	1
chr9:129176594;G|A;Family=13649	-0.0274016992113212	0.795170008106823	0.920988047364232	1
chr9:129810352;G|T;Family=13912	-0.00212844388674924	0.985647532903314	0.994257165314637	1
chr9:129827484;T|C;Family=14085	0.105858635120817	0.225527756573359	0.522094616735291	1
chr9:130234947;G|A;Family=14563	0.0443773232214334	0.34996624634253	0.631676828385884	1
chr9:131123084;TG|T;Family=11009	0.0458748915868534	0.561661559402731	0.792743047575609	1
chr9:131523662;G|A;Family=13332	0.0582601723732189	0.43171850391557	0.701293174010371	1
chr9:132262526;G|A;Family=14005	-0.105310203432608	0.20770529866311	0.501121551158196	1
chr9:132638219;A|G;Family=14550	-0.142486461648558	0.0521967979034885	0.243658403729314	1
chr9:133161106;T|C;Family=11004	0.0570301092339522	0.338359336746398	0.624859390407741	1
chr9:133329726;C|T;Family=14410	0.23752357742105	0.184638803355642	0.469290291862258	1
chr9:133361896;C|T;Family=14053	-0.0738548775746451	0.353945608566648	0.635130471919946	1
chr9:133363549;C|G;Family=11038	-0.123278972203191	0.18934226502678	0.476153135867014	1
chr9:133430005;G|A;Family=12062	-0.142597661654238	0.243326021652031	0.539291063252257	1
chr9:133449924;G|A;Family=14554	-0.108136935870004	0.44858163498658	0.71538509108971	1
chr9:133763665;C|T;Family=13772	0.0317992391382441	0.415304555726038	0.688670436889204	1
chr9:135566816;A|G;Family=14065	-0.00366404836692343	0.978039746780579	0.991036952717862	1
chr9:135694297;CT|C;Family=13390	0.127839787919443	0.119561953750619	0.381181838612601	1
chr9:136196867;T|A;Family=11857	-0.0323392732311309	0.607264848372274	0.821209025026	1
chr9:136367682;G|A;Family=13443	0.0711731014637363	0.627440295825515	0.835763252807617	1
chr9:136840556;G|A;Family=13094	-0.14803347402086	0.299268579007322	0.594637893141585	1
chr9:137007274;A|G;Family=12944	0.273049493217156	0.0127147721936266	0.120872899295255	1
chr9:137010114;C|T;Family=14317	0.213920170239877	0.0895584242499461	0.327120102909671	1
chr9:137011936;C|T;Family=12225	0.0419743859875165	0.583512224322055	0.806211680263768	1
chr9:137013102;G|A;Family=14275	-0.115115745646032	0.274346080168465	0.56986756720578	1
chr9:137078580;C|T;Family=14361	-0.177890788192531	0.0651532347773177	0.274408330592615	1
chr9:137087244;G|C;Family=13043	-0.138514018063154	0.29960961952617	0.594669852204871	1
chr9:137161981;C|A;Family=14008	0.0634404334442921	0.275937822586173	0.571389799090019	1
chr9:137164953;C|T;Family=13780	-0.0220734294232701	0.821140436598806	0.932071829485571	1
chr9:137273442;GT|G;Family=13636	-0.175672874934107	0.173200881729178	0.452807711763396	1
chr9:137301028;T|C;Family=14119	-0.0683720075471317	0.321261996274995	0.612724807903325	1
chr9:137522810;C|T;Family=13251	0.0565352007087389	0.0886325904720741	0.325698073421477	1
chr9:14085340;GAA|G;Family=14147	-0.139213410628325	0.0954667697333682	0.338574008938108	1
chr9:14611924;C|T;Family=12247	-0.0479566509363376	0.787150144910559	0.917047100035367	1
chr9:14616772;T|C;Family=14687	-0.340713729211665	0.212708355165666	0.505487663969642	1
chr9:16416120;C|T;Family=12682	-0.0427874904696757	0.419877043794184	0.692495543212798	1
chr9:17300732;C|T;Family=13684	-0.00818892072121661	0.928650543429945	0.971407548998798	1
chr9:18909049;G|T;Family=11964	-0.150137598594333	0.107460511707865	0.36017044401509	1
chr9:19054207;T|TA;Family=11499	0.257449516833395	0.0098349223879672	0.104034150115491	1
chr9:20865950;T|G;Family=11235	0.112426746003665	0.499665771868026	0.752444076316066	1
chr9:21409905;C|T;Family=14149	-0.0961382478980831	0.362030495715108	0.643844321825702	1
chr9:21480945;T|G;Family=12233	-0.163906117576893	0.433649769856758	0.701971763677901	1
chr9:21862263;GA|G;Family=22252	-0.220406364109556	0.0415225363965122	0.220249975668456	1
chr9:22003750;T|TG;Family=14696	0.0875397191175122	0.580682469142318	0.804123283034765	1
chr9:27327950;A|G;Family=11964	0.0277503254126073	0.717405241270914	0.88590295764941	1
chr9:27948743;A|G;Family=11300	-0.0212029068086569	0.854775685896416	0.943449641248758	1
chr9:3218524;C|T;Family=13358	-0.309577809020139	0.164247522599426	0.4408620602886	1
chr9:3218573;C|G;Family=11571	0.520664157823641	0.0202743166287888	0.158109347577385	1
chr9:3221259;A|G;Family=13311	-0.044933959500653	0.865419584149275	0.946068004177522	1
chr9:33104557;G|A;Family=13136	-0.0417142248763624	0.540465794996858	0.779088148754825	1
chr9:33112948;C|T;Family=11928	0.198878930120831	0.102884042919692	0.351974472701559	1
chr9:33281041;G|A;Family=13509	0.338449534789363	0.106646586540009	0.359856343957797	1
chr9:34400074;G|T;Family=13890	-0.0877647241728775	0.213546485289771	0.505487663969642	1
chr9:34723228;G|C;Family=13203	-0.126479175478258	0.147201735744921	0.418726179584264	1
chr9:34978932;A|G;Family=11792	-0.125053396638189	0.143044196111607	0.414207207602219	1
chr9:36337040;A|C;Family=14084	-0.235689629246019	0.0383606617783592	0.214024423946333	1
chr9:36835610;G|A;Family=12185	-0.0157766721931946	0.821292800571303	0.932071829485571	1
chr9:36838268;C|T;Family=13932	0.09748139560403	0.194365645910822	0.480336437564894	1
chr9:36838887;C|T;Family=13812	-0.0518378933289603	0.50628727707424	0.755406210392058	1
chr9:37436817;C|T;Family=11627	0.0955118948583176	0.38453800279245	0.662934098078364	1
chr9:37503112;TGAA|T;Family=13267	-0.117023177604393	0.236614802270026	0.531947282744653	1
chr9:37515815;G|C;Family=14635	0.0617994532516813	0.445207933298068	0.713112050709379	1
chr9:4605416;T|A;Family=13415	0.249132906301297	0.0144640803996522	0.130420666467044	1
chr9:4707719;C|T;Family=11092	0.0410407326398448	0.832701627971952	0.935980208530786	1
chr9:5234229;C|T;Family=14175	0.0156750920414371	0.894734721091981	0.959486984821755	1
chr9:5235143;T|C;Family=13383	-0.0140647450290024	0.834880885250542	0.936171580887557	1
chr9:5786983;C|A;Family=12498	0.350334797190772	0.00011685358401107	0.00712806862467525	0.427684117480515
chr9:5909470;C|A;Family=11164	-0.195449412991043	0.0345030057257807	0.200128369185986	1
chr9:6011694;C|A;Family=11615	-0.347191521611631	0.0765440843732857	0.300247894234883	1
chr9:6014079;C|T;Family=12396	0.0578795657582756	0.550905715390248	0.78608768745743	1
chr9:69431314;C|T;Family=12382	-0.0313004827618797	0.652263022931875	0.850999922457395	1
chr9:70532688;A|G;Family=13732	-0.141788629913465	0.43226363979774	0.701481326783872	1
chr9:70534620;CTGTCTA|C;Family=13252	0.124710634599911	0.646925572841285	0.847440084681139	1
chr9:72353171;T|C;Family=12624	-0.277398894218026	0.00344425641169873	0.0528800286611645	1
chr9:74691212;A|G;Family=14268	0.0695913745703084	0.368179302079468	0.653192557251989	1
chr9:77317670;A|T;Family=13623	0.0908927063570108	0.420399532526412	0.692495543212798	1
chr9:77419858;G|A;Family=22231	0.100272350636957	0.197529583744597	0.486512972076194	1
chr9:77719646;C|T;Family=14446	0.183766567219296	0.112211216290546	0.371331873077215	1
chr9:78273599;T|A;Family=11316	0.00391123535629084	0.98043857708696	0.992392355177214	1
chr9:78329763;T|C;Family=11685	-0.147475564017068	0.264963803077654	0.562836633351256	1
chr9:79722581;C|T;Family=11199	0.0448480736701574	0.487237363730406	0.746458246652694	1
chr9:8315243;G|A;Family=12923	-0.0292972785948113	0.736980050901294	0.894966072270116	1
chr9:8316672;C|CCTGA;Family=12536	-0.0819714116898955	0.687584311731408	0.873530391946053	1
chr9:83247078;C|T;Family=13298	0.192276427476475	0.112511132551069	0.371777629126124	1
chr9:84876701;T|C;Family=14125	0.0349849656767625	0.868424168735679	0.947936909505692	1
chr9:86022196;G|A;Family=14394	0.163786928864488	0.346171796603425	0.628466654547885	1
chr9:87650018;G|A;Family=13884	-0.030120459049998	0.656522033006207	0.853806604308583	1
chr9:88992903;G|A;Family=12940	0.0710419886541834	0.0429787905449749	0.224717676278012	1
chr9:89002362;G|A;Family=14179	-0.00987931573743592	0.87310974317135	0.95137532043704	1
chr9:89007807;T|C;Family=14011	0.385415960656379	0.0227367802480462	0.165770150812448	1
chr9:89377705;G|A;Family=14613	-0.0744415681344344	0.0900465724728393	0.32793080124437	1
chr9:93034580;G|A;Family=12479	-0.0525312676688867	0.405472792502981	0.680435772838566	1
chr9:93952040;GATC|G;Family=14109	-0.314964666129284	0.0722807250382341	0.290392375016396	1
chr9:94295032;C|T;Family=12493	0.401121373878072	0.00193965957328408	0.0377561446406202	1
chr9:95099215;G|A;Family=13300	0.0885794830224134	0.305410318542045	0.598715461094742	1
chr9:95467382;A|T;Family=13578	0.0614250851788814	0.515596118435292	0.760920078013374	1
chr9:95467387;G|A;Family=13991	-0.0662334260493363	0.179935018864856	0.461501169618342	1
chr9:96320998;C|T;Family=12497	0.136070905987851	0.115194334874835	0.376775036319837	1
chr9:96756012;G|C;Family=14095	0.0412762923185805	0.616513248854461	0.827739582013469	1
chr9:96758618;A|G;Family=13159	-0.152822393301605	0.0398098514994374	0.216178125353028	1
chr9:97673220;A|G;Family=13070	-0.117146660015727	0.309028730001867	0.601291026810669	1
chr9:97855594;C|G;Family=12619	0.0763925986383607	0.570151006689207	0.797715269287199	1
chr9:98849178;C|T;Family=11445	-0.0391541499644921	0.522781581525944	0.768117458203515	1
