Element	logFC	pval	fdr	bonferroni
9-Sep_wgs	-0.0887249095600987	0.632926190817968	0.931507626906394	1
ABCB5_wgs	-0.0351729296084931	0.788173103422809	0.959789204017573	1
ABHD2_ssc	-0.225345305424127	0.0510359988624143	0.533238842034861	1
ABL2_wgs	0.339158287625692	0.434683855923745	0.880504376503342	1
AC010536.1_wgs	0.0295531118504881	0.747150827538457	0.94975442814642	1
AC010547.9_wgs	0.148502180238339	0.449933775338197	0.89134987341498	1
ACAD11_ssc	0.25527810396122	0.669289416847564	0.93790143566114	1
AGFG2_wgs	-0.0917063374027195	0.346358164064275	0.839340848907111	1
AGO4_wgs	-0.116994528240026	0.579938671293096	0.918280435435728	1
AKR1B1_ssc	0.278876160803466	0.0942531407735966	0.636980633972185	1
AKR1C1_wgs	0.09129784041821	0.32681851169153	0.828236596109758	1
AL117190.3_wgs	-0.253238880736357	0.00340221170392413	0.174399569413095	1
ALDH3A2_ssc	-0.530992593127814	0.296552698095985	0.805225396351375	1
ALG14_wgs	0.139660881565152	0.742054330189528	0.947337390317309	1
ALX4.1_wgs	-0.274477202281402	0.0199351622396598	0.407639696831664	1
ALX4_wgs	-0.0928537282101946	0.405305421651702	0.862777559697545	1
AMPD2_wgs	0.194808766771227	0.155534285058408	0.718808823781816	1
AMZ1.1_wgs	0.124584049074144	0.106819059043716	0.658387742298133	1
AMZ1_wgs	-0.0017551980393186	0.981236888058212	0.992393646307879	1
ANGPTL4_wgs	-0.00391694381300736	0.972231090957774	0.991710225412957	1
ANO8_wgs	-0.0747430696849417	0.478217392149867	0.897881562972312	1
ANTXR2_wgs	0.0068958400473408	0.983637342622921	0.993174449681853	1
AP3S2_wgs	-0.195430696985586	0.213129003522175	0.764607048059574	1
APOBEC3C_wgs	-0.0945500643619464	0.297560604451161	0.805679902138417	1
ARFGAP2_wgs	-0.0255378799138658	0.928281693627192	0.985079385214649	1
ARHGEF12_wgs	0.324592186226645	0.275049138070726	0.793273046223266	1
ARL3_wgs	-0.362466848981528	0.178747152963635	0.744710035415237	1
ASPH_wgs	-0.284419565256652	0.497966938564627	0.905104323336513	1
ATP2B2_wgs	0.0958966321680976	0.247576901179484	0.784352490465871	1
ATP6V1A_wgs	-0.558293757774377	0.017016102851408	0.371708566913185	1
ATP9A_wgs	1.56378075918138	0.00219693431233547	0.139583790773029	1
ATXN7L3_wgs	0.0120446956984612	0.932700918502672	0.985079385214649	1
BAG2_wgs	0.0907054335407402	0.774814574271325	0.957218838631033	1
BARX1_wgs	0.507515530131335	0.0337785423920022	0.472632314909965	1
BAZ1B_wgs	-0.230266878555481	0.612017521557931	0.927372648564035	1
BAZ2A_wgs	0.359187113978126	0.565900053628717	0.917436287142097	1
BCAS1_wgs	0.0604005481031005	0.913186630011506	0.985079385214649	1
BCL2_wgs	0.0238040845125888	0.893196679053732	0.980690219813665	1
BEND7_wgs	-0.0749877604727295	0.337713170379181	0.83336368159844	1
BMP3_wgs	-0.478166456375419	0.262771532968714	0.787012963356415	1
BRD1_wgs	0.169510815860178	0.7212865824669	0.946744615792166	1
BRI3_ssc	-0.0729767091002172	0.489371811694488	0.90093824021076	1
BRI3_wgs	-0.0760614106619788	0.542476514562812	0.917436287142097	1
BTBD6_wgs	-0.0401987075593911	0.692437681055621	0.941766201378044	1
C10orf54_wgs	0.122307684603115	0.277734391346617	0.793273046223266	1
C10orf71_wgs	0.0673318465734141	0.305043752560679	0.80834258376945	1
C11orf45_wgs	0.0118312996409973	0.938686051517125	0.985079385214649	1
C11orf68_wgs	0.0255746588202569	0.688827811714957	0.941766201378044	1
C16orf54_wgs	-0.0677951441690193	0.561457261405939	0.917436287142097	1
C17orf102_wgs	0.0286068590073803	0.805258166082062	0.963893664624655	1
C19orf44.1_ssc	-0.00370255481943897	0.96615854369697	0.991710225412957	1
C19orf44_ssc	0.245834981459956	0.184856929926109	0.747477587586732	1
C1orf116_ssc	-0.0519945452134975	0.521841478355247	0.91383439572822	1
C1orf116_wgs	-0.0281763723024502	0.79338733624447	0.962124111233069	1
C1orf233_wgs	-0.0693058071153423	0.40094507647162	0.862777559697545	1
C21orf33_wgs	-0.206742806223394	0.213035644292321	0.764607048059574	1
C21orf37_wgs	0.438912112812664	0.255076603881512	0.784352490465871	1
C21orf49_wgs	0.00185461876583277	0.987086221040265	0.993364199260465	1
C22orf34_wgs	-0.0612184910990509	0.706833089397333	0.946105182553988	1
C2CD4A_wgs	0.0509565780102398	0.428649083145718	0.878378169006588	1
C2orf88_wgs	0.0801107060544185	0.890980752510211	0.980690219813665	1
C3orf52_wgs	-0.0649730918143679	0.899532676459633	0.981157959179453	1
C4orf22_wgs	0.0648038916336567	0.720167250471638	0.946744615792166	1
C9orf139_wgs	0.0341928581079338	0.796133089839315	0.963066009877218	1
CACNA2D3_ssc	-0.254603051666649	0.537212408074249	0.917436287142097	1
CCDC90B_wgs	0.0903228043675621	0.751019832080582	0.95075684973355	1
CCNT1_wgs	0.965553122375866	0.038834540440974	0.483886018423909	1
CD7_wgs	1.26453710444876	1.09501051134042e-08	1.12538293201228e-05	3.89604739934921e-05
CDC42EP4_wgs	0.122120832460283	0.245772936498878	0.784352490465871	1
CDH5_wgs	-0.0271422356137948	0.695838776269173	0.943239998355138	1
CDS2_wgs	0.825650710732585	0.132844633098881	0.694126093391794	1
CDYL2.1_wgs	-0.143692060233605	0.0303790253408557	0.46107748873794	1
CDYL2_wgs	0.31460392230612	0.371289553958436	0.857646763404051	1
CELF6_asc	-0.0624248665984618	0.525111979806506	0.913890257732617	1
CENPN.1_wgs	-0.110183073560778	0.789165802771691	0.959917830669228	1
CHD5_wgs	-0.00955999726277916	0.972478070957225	0.991710225412957	1
CLIP2_wgs	0.0294316758911641	0.863337499680868	0.97795435638332	1
CMTR1_wgs	0.0549279440429826	0.62496664713741	0.929223288974051	1
CNGB1_wgs	-0.144707838451534	0.483314695515257	0.897881562972312	1
CNKSR3_wgs	0.133030406842602	0.100079732413787	0.649787751693895	1
CNNM2_wgs	-0.00837302991420844	0.932237138107517	0.985079385214649	1
CNTF_wgs	-0.0183006733375032	0.943044862483667	0.9857964832792	1
CNTLN_wgs	-0.167153390161377	0.368219457215311	0.857479456551592	1
COCH_ssc	0.432399460080747	0.154268557774806	0.718808823781816	1
CRTC1_wgs	-0.0158555386165039	0.80047463801974	0.963066009877218	1
CSK_wgs	-0.0105331122702087	0.887542149293558	0.980690219813665	1
CTD-2132N18.3_wgs	1.65128511890522	0.00159080756043171	0.11320186600032	1
CUX1_wgs	-0.0522535122832814	0.576018167810603	0.918169230061666	1
DACT2_wgs	0.00631086769562254	0.924032987501312	0.985079385214649	1
DCAF4_wgs	0.0334445104930385	0.809824760680698	0.965874713863756	1
DCTN5_ssc	0.0639891456788403	0.706748042363111	0.946105182553988	1
DHRS7B_wgs	0.022517085235599	0.735326298688556	0.946744615792166	1
DIDO1_wgs	0.162395051724909	0.642795502768013	0.931507626906394	1
DNAJC8_wgs	-0.167750297776283	0.24256641017718	0.784352490465871	1
DPY19L3_wgs	0.111358488283748	0.434641901932296	0.880504376503342	1
DSE_wgs	-0.175626060032045	0.686639750101428	0.941766201378044	1
ECE2_wgs	0.0947086850616311	0.381763792797136	0.861358140023387	1
ELOVL6.1_wgs	-0.110163574831227	0.766179825387914	0.956334280161488	1
EMILIN2_wgs	0.443788441866044	0.23098545965081	0.775034379582612	1
EPB41L1_wgs	0.0691498331620248	0.231868552678677	0.775285369848379	1
EPM2AIP1_wgs	0.0414667106051309	0.6773677087429	0.941530488859475	1
EPX_wgs	0.0359862667470876	0.763731106822809	0.955133665404412	1
ERICH1_wgs	0.0910495255340499	0.43145507748752	0.87975556076471	1
ETF1_wgs	-0.0715249382334627	0.853835018970703	0.975889816093081	1
F2RL3_wgs	-0.0594126790502362	0.635317890903317	0.931507626906394	1
FAM101B_wgs	-0.142343592056094	0.499359130609774	0.905104323336513	1
FAM127A_ssc	-0.0722973720805344	0.334524094590588	0.831398706367727	1
FAM83F_wgs	-0.429901723247239	0.177148220916308	0.744599654986115	1
FANCC_wgs	1.04711195455178	0.238950560103534	0.784339871586191	1
FANCM_wgs	0.148078811359832	0.539937992015827	0.917436287142097	1
FARP2_wgs	0.214589863075266	0.254285977409307	0.784352490465871	1
FAXC_wgs	0.0354785248615908	0.697668947089353	0.944201640830703	1
FBXO31_wgs	-0.116595592806773	0.197744419257379	0.754568900408943	1
FIGN_wgs	-0.215144854428988	0.0574175655769949	0.547045679682214	1
FKTN_wgs	-0.203308380353697	0.582090046698948	0.918280435435728	1
FLJ14816_wgs	0.261608560967266	0.0504183606183971	0.530735287219694	1
FOSL2_wgs	-0.0110862627216358	0.934307790538094	0.985079385214649	1
FRAS1_wgs	0.0426878338588636	0.925470583332165	0.985079385214649	1
FRK.1_wgs	-0.141350796787024	0.214283480900776	0.764607048059574	1
FST_wgs	0.358801545840727	0.245282274171316	0.784352490465871	1
FTO_wgs	-0.064991686353289	0.338369616087993	0.83336368159844	1
FXYD3_wgs	-0.0938710997928522	0.256807087140765	0.784352490465871	1
GABPB2_wgs	0.332978952419189	0.214036846674997	0.764607048059574	1
GALNT11_wgs	0.146277998655362	0.665957641467522	0.93790143566114	1
GET4_wgs	-0.319120604929674	0.218357518905766	0.76604708611875	1
GFOD1_wgs	-0.0449735799062427	0.82848474700119	0.970786260775172	1
GLYAT_wgs	-0.704122646854181	0.0649843602094859	0.572312756498393	1
GMPS_wgs	-0.0709658747245325	0.720439460999908	0.946744615792166	1
GNB1L_wgs	0.276663891331356	0.267483044421875	0.788163537075341	1
GPR132_wgs	0.00490029355061317	0.962002622668641	0.99138240818133	1
GPR88_wgs	0.11073832579414	0.64275926925784	0.931507626906394	1
GRAMD2_ssc	-0.00475069434604074	0.954814266812731	0.990948508062706	1
GRK4_wgs	-0.396804070353906	0.0124760167278701	0.330203983457828	1
GRM6_wgs	0.616120781912849	0.332382933595371	0.831398706367727	1
GSG1L_wgs	-0.103298839781429	0.401985386764183	0.862777559697545	1
GSKIP_wgs	-0.0137362356260702	0.971469212950237	0.991710225412957	1
GSPT1_wgs	0.25929102472985	0.245465112670141	0.784352490465871	1
GSTA2_wgs	-0.105678848252419	0.817310950831807	0.967804860741248	1
GTF2H1_wgs	-0.170703474873962	0.474833768164611	0.897881562972312	1
GTPBP2_wgs	-0.116179141893071	0.437483014304096	0.88144403069351	1
GTPBP6_ssc	-0.0285257632711662	0.780344357954327	0.958393243217637	1
GXYLT1.1_wgs	-0.00776371535670548	0.941960169015457	0.985733612163822	1
HAP1_wgs	0.0498880880020983	0.688494323915815	0.941766201378044	1
HECA_wgs	0.808281262389756	0.0450365615612511	0.508698685825179	1
HELLS_wgs	0.0579681331808006	0.667885366094952	0.93790143566114	1
HHAT_wgs	0.177400091296066	0.405433090331075	0.862777559697545	1
HIST1H2BJ_wgs	0.1222073514235	0.453168814347857	0.895567628224711	1
HIST1H2BN_wgs	0.23878983417153	0.185593614340278	0.747536425646637	1
HK2_wgs	-0.0409589743395875	0.726390875154381	0.946744615792166	1
HLF_wgs	-0.143877122480402	0.609673018244162	0.927167442816425	1
HOXC11_wgs	0.0532194192826432	0.856610021518661	0.976735411461456	1
HS3ST1_wgs	0.433489195129661	0.366112301456062	0.854595844697822	1
ICMT_wgs	-0.372625727113078	0.124425372120767	0.685302591340075	1
ICOSLG_wgs	-0.188730077991216	0.0929913706327325	0.636980633972185	1
IDE_wgs	-0.118412889227532	0.558229931612015	0.917436287142097	1
IFNLR1_wgs	0.189728739741531	0.0784305080039411	0.613309335116532	1
IGF1_wgs	0.247506138409886	0.0203631915950397	0.409334664944357	1
IGFBP4_wgs	0.188761853223857	0.101650951412892	0.651148192310946	1
IKBKB_wgs	0.0686496380544017	0.595100125787401	0.920405550444732	1
IL10_wgs	-0.406577205532588	0.594320179533412	0.920405550444732	1
IL17A_wgs	-0.172902187671942	0.577222185438236	0.918169230061666	1
IL17RA_wgs	0.204542405978023	0.610703805525842	0.927167442816425	1
IL20RB_wgs	-0.0473160462928375	0.676296189661013	0.941048823939727	1
INHBA_wgs	0.393593907890426	0.170414089067243	0.738647052504738	1
INO80C_wgs	-1.43485675778511	0.0103158134179147	0.306550751327494	1
INPP4A_wgs	0.0228647137577232	0.638807199855615	0.931507626906394	1
INPP5F_wgs	-0.918589793470139	0.00253274843793341	0.15537101624426	1
INSL4_wgs	-0.0759519445902644	0.537060619300483	0.917436287142097	1
IP6K1_wgs	-0.0317633041373962	0.726425440045456	0.946744615792166	1
IRGQ.1_wgs	0.0580689281581217	0.830210831960669	0.971107181955766	1
IRGQ_wgs	0.0949971929121372	0.0364849797781039	0.474976440926409	1
IRS1_wgs	-0.0396983718730656	0.707220901522863	0.946105182553988	1
ITGA9_wgs	0.129318276426552	0.661049715232671	0.936311658757104	1
KCNC4_ssc	0.190754936775168	0.16153879365402	0.723538490258879	1
KCNJ12_wgs	-0.0439589413883719	0.704016194983861	0.945199720375859	1
KCNK3_wgs	0.232129573516271	0.0323689521569031	0.466270169126564	1
KCNMA1.1_wgs	-0.0227185228739018	0.928217976493267	0.985079385214649	1
KCNS1_wgs	0.292270111627209	0.137898797223883	0.703505581249478	1
KCTD20_wgs	0.404112123980674	0.216272306401767	0.764841029427907	1
KIAA0226_ssc	0.0178715136511747	0.87432785860464	0.98010665435265	1
KIAA0247_wgs	-0.057781065709768	0.548705881852393	0.917436287142097	1
KIAA0319L_wgs	0.114549573943455	0.296268669040096	0.805225396351375	1
KIAA0930_wgs	0.579168357682283	0.257516300206692	0.784352490465871	1
KIAA1377_wgs	-0.112325933753889	0.529996031471078	0.915761508216626	1
KIAA1456_wgs	-0.415873966514574	0.208749537857977	0.759841019511585	1
KIAA1751.1_ssc	0.06792866934546	0.343834600841956	0.836320445819086	1
KIAA1751.2_ssc	0.0720783309328508	0.289224938160481	0.80442365911672	1
KIAA1751.3_ssc	0.0582666292919516	0.383845121049933	0.861906060273217	1
KIAA1751_ssc	0.0694238842736742	0.364829358408506	0.85342725655323	1
KIAA1755_wgs	0.0264029406836964	0.738042405068113	0.946744615792166	1
KIT_wgs	-0.311831546134499	0.234903554653395	0.778925300518899	1
KLHL3_wgs	-0.330744744607605	0.212936771882332	0.764607048059574	1
KNCN_ssc	-0.0504214930654119	0.532197547090035	0.915952881844742	1
KNDC1_wgs	0.0144808297625396	0.843976828075122	0.974008937493119	1
L1TD1_wgs	0.0743662039279195	0.71985893109612	0.946744615792166	1
LAMB3_wgs	-0.111726012729076	0.569287307579673	0.918169230061666	1
LAPTM5_wgs	0.00102463162833957	0.994360810087744	0.996064595557449	1
LASP1_wgs	-0.158355673278898	0.0130707318263772	0.330230317159468	1
LENG8.1_wgs	0.129987702148749	0.231383969588741	0.775201660825557	1
LENG8_wgs	0.152210961206998	0.20146051537133	0.759303203591094	1
LGSN_wgs	0.255229314108339	0.0116670450148999	0.326860993409557	1
LHX3_wgs	0.104724947696719	0.403985961332975	0.862777559697545	1
LILRA6_wgs	0.0531481848784341	0.743396565233249	0.948050545930121	1
LMX1B_wgs	0.256339072441783	0.57200290679965	0.918169230061666	1
LONP2_wgs	-0.0199667151631376	0.895561172765783	0.980690219813665	1
LPGAT1_wgs	-0.192203878251219	0.106224120041623	0.658387742298133	1
LRRC15_wgs	-0.0433093558769201	0.641821276241037	0.931507626906394	1
LSMEM2_wgs	-0.0815285831737314	0.424088381658119	0.875155975104207	1
LYRM2_wgs	-0.33753071780048	0.519410701949885	0.913526088748241	1
MAK_ssc	-0.254894154392489	0.0810427253025742	0.623022256450343	1
MAP1B_wgs	0.214729768373788	0.40386276008084	0.862777559697545	1
MAP2K3_wgs	0.301751882792361	0.447370010331488	0.890620157336825	1
MAP4_wgs	-0.164501565610643	0.122880327433242	0.683988500931723	1
MAPKAP1.1_wgs	-0.163547586145358	0.200397159286815	0.759303203591094	1
MAVS_wgs	0.0126855047249675	0.952780590761813	0.990948508062706	1
MCF2L_wgs	0.0796632662992723	0.885963897347435	0.980690219813665	1
MEGF9_wgs	0.0182545238359765	0.920011344035369	0.985079385214649	1
MFN2_wgs	-0.0204800301207552	0.777441387215774	0.957793469119761	1
MGAT1_wgs	-0.160741928050788	0.0827882962744456	0.624037908705978	1
MGAT3_wgs	0.191705660338327	0.40773934377346	0.862777559697545	1
MICB_wgs	-0.0444061362558072	0.600382018693795	0.92314573142287	1
MINK1_ssc	0.0797357992817169	0.368544007212151	0.857479456551592	1
MLXIP_wgs	-0.17276742601493	0.29953105435258	0.807372341959454	1
MPV17L_wgs	0.00178003809405886	0.996707034759429	0.997267612394277	1
MRPL54_ssc	0.206988647898275	0.0202093718966174	0.409296349078226	1
MTMR6_wgs	0.0925573032175894	0.766912606827473	0.956334280161488	1
MTR_wgs	0.0259797705406695	0.913214994662196	0.985079385214649	1
MUC2_ssc	-0.13506685562363	0.0532893037390723	0.541723836296055	1
MUC2_wgs	-0.124454177532598	0.145915369366016	0.710214615874533	1
MYO9B_wgs	0.0840395832776335	0.344466757787582	0.836595716183082	1
MYRF_wgs	-0.0205759201588026	0.968830747108241	0.991710225412957	1
MYT1_wgs	-0.0779027910338063	0.320567103556024	0.821404225562487	1
NFAM1_wgs	0.195684092027354	0.173805998753415	0.740600890496587	1
NHLRC2_wgs	-0.160184443415189	0.278611702092951	0.793351988600182	1
NINJ2_wgs	-0.0868093813396423	0.807214187196976	0.964428501694708	1
NIPA1_wgs	-0.253227853065229	0.41919458429131	0.871477407273657	1
NME9_wgs	-0.128827130721747	0.448916338834179	0.89134987341498	1
NT5DC3_wgs	0.448708201964044	0.0244861512109544	0.427067284355763	1
NTN1_wgs	0.0541439691818738	0.517751336512749	0.913526088748241	1
NUDT14_ssc	-0.00673550569446029	0.922481757237192	0.985079385214649	1
NUDT3_wgs	-0.121302079233952	0.303360712152912	0.808012965697486	1
NXN_wgs	-0.100611479179812	0.272943858999916	0.793273046223266	1
OLFML2A_wgs	-0.215926024246481	0.0429681654155983	0.496366014768503	1
OR2H1_wgs	-0.151880876512257	0.560754605333078	0.917436287142097	1
ORMDL1_wgs	0.868996266050836	0.0246404591903089	0.427662213654239	1
OSCAR.1_wgs	0.0373496181422537	0.544490702509338	0.917436287142097	1
OSCAR_wgs	0.00958752581184145	0.888656073850618	0.980690219813665	1
OTUB2_wgs	-0.349415187263617	0.067585862135225	0.580274252770134	1
P2RX3_ssc	0.155243359377726	0.240818987298646	0.784352490465871	1
P2RX7_wgs	-0.469375973803626	0.0897965936580102	0.632665901455843	1
PAEP_wgs	-0.197386202412539	0.0653508388404173	0.574119221220259	1
PALM2-AKAP2_wgs	-0.054580178444595	0.737547476447694	0.946744615792166	1
PAQR9_wgs	0.00269613872343674	0.983538198212755	0.993174449681853	1
PARK7_wgs	-0.150195880502444	0.189017526767523	0.751423866188658	1
PARVB_wgs	-0.172038554853474	0.25789923153861	0.784352490465871	1
PAX5.1_wgs	-0.0217124061349795	0.822213235092779	0.968011325956374	1
PAX5_wgs	-0.0977764789187534	0.35991582223935	0.84806655332954	1
PCBP3_wgs	-0.0911152919103736	0.425367366062498	0.875642482078237	1
PCDH7_wgs	-0.0585076276552029	0.87573667289354	0.98014189435521	1
PCDHA6_ssc	-0.156918309731825	0.720850090471415	0.946744615792166	1
PCMT1_ssc	0.234104833696218	0.434718377551042	0.880504376503342	1
PDCD1_wgs	0.0861469420931371	0.296481827706531	0.805225396351375	1
PDE7A_wgs	0.212821986152936	0.389414965809154	0.862777559697545	1
PDE9A_ssc	0.0377140772395013	0.640469270537295	0.931507626906394	1
PHF12_wgs	0.943827140678682	0.0407450746778571	0.489766809810188	1
PHF17_wgs	-0.177356538757774	0.082475320600752	0.624037908705978	1
PHF21B_wgs	-0.28528876653692	0.253370744126356	0.784352490465871	1
PIRT_wgs	0.196930284211656	0.22148437949832	0.768749594249976	1
PKD1L2_wgs	0.118080817960536	0.368971626751121	0.857479456551592	1
PLA2R1_wgs	-0.233805998519634	0.68498984514207	0.941766201378044	1
PLEKHG4B_wgs	0.00760975335972535	0.943826087274642	0.985861690281867	1
PLIN4_wgs	-0.374936802854915	0.111202780362387	0.664999901364936	1
PLK5_wgs	0.333974201138139	0.36264304845734	0.849989437688549	1
POLR3D_ssc	0.0319616527343994	0.645986133308591	0.931507626906394	1
POLR3D_wgs	-0.0271158176319791	0.757067320540408	0.952116025265764	1
PPA2.1_ssc	0.123151203413277	0.383841384427457	0.861906060273217	1
PPA2_ssc	-0.0146387218409273	0.925322947476316	0.985079385214649	1
PPARGC1A_wgs	-0.082301361352009	0.449752051463681	0.89134987341498	1
PPHLN1_wgs	1.68319996491232	3.05442259505736e-10	1.08676355932141e-06	1.08676355932141e-06
PPP1R3B_wgs	0.967866461437664	0.00880320069432461	0.274752526933394	1
PPP2R2B_wgs	0.284687281904137	0.180212082879829	0.745828095370187	1
PRKAR1A.1_wgs	0.279511997773607	0.455622118772566	0.896089488317676	1
PRKAR1A_wgs	-0.184506094263974	0.572286383634572	0.918169230061666	1
PSAPL1_wgs	-0.167318358227731	0.601122573299642	0.92348623307432	1
PTGDR2_wgs	-0.0879551451918433	0.378019055955023	0.859641646193955	1
PTPLAD1.1_wgs	-0.11011420106487	0.116265462013838	0.671546288709798	1
PTPLAD1_wgs	0.127662215378989	0.245579648754447	0.784352490465871	1
QSOX1_wgs	0.0386623464077469	0.739055483875324	0.946744615792166	1
RAB6B_wgs	0.111599384018899	0.253468038165034	0.784352490465871	1
RAET1G_wgs	-0.00707755802078047	0.926258861477372	0.985079385214649	1
RANBP10.1_wgs	-0.216271319101791	0.0481882205823118	0.523263449021235	1
RANBP10_wgs	-0.062462579451351	0.643278867886132	0.931507626906394	1
RAP1A_wgs	-0.0324441889283179	0.768449293398902	0.956334280161488	1
RBFOX1_wgs	0.214374031615354	0.467215864910958	0.896750665347334	1
RBFOX2_wgs	-0.351604817450766	0.394200474338267	0.862777559697545	1
RBM28_wgs	0.383617624238661	0.0221442356567191	0.417888990515216	1
RBM4_wgs	0.79629069772071	0.0131252234833375	0.330230317159468	1
REEP1_wgs	-0.461190118877174	0.393754496034441	0.862777559697545	1
RFX7_wgs	0.0958512300387164	0.610515890857359	0.927167442816425	1
RIMS3_wgs	-0.163886754134989	0.228771737740864	0.775034379582612	1
RNF130_wgs	0.0703800966067943	0.73855481279632	0.946744615792166	1
RNF219_wgs	-0.249973263848747	0.182726010240828	0.747046119691074	1
RNF44_wgs	-0.225256487918323	0.214255977763476	0.764607048059574	1
RYR3_wgs	0.109403621924808	0.70412320835418	0.945199720375859	1
SAMD5_wgs	0.21312497063145	0.48313947632296	0.897881562972312	1
SAR1B_wgs	-0.100854720944514	0.499247206992362	0.905104323336513	1
SBF1_wgs	-0.126505384752401	0.208723463977402	0.759841019511585	1
SCAI_wgs	-0.00035736582794009	0.99913566034767	0.99913566034767	1
SCARB2_wgs	-0.14249102424507	0.696972001008371	0.943732191721029	1
SCUBE1_wgs	-0.237081965272316	0.00369233240279891	0.177531333637277	1
SERAC1_wgs	0.325318484143941	0.0464521511468561	0.514037783634395	1
SF3B3_wgs	-0.493459229275954	0.0104232518562084	0.306550751327494	1
SFXN2_wgs	0.187776692649986	0.225886631033313	0.772860595019102	1
SH2B3_wgs	-0.0445292298097502	0.632327775690605	0.931507626906394	1
SH3PXD2A_wgs	-0.150425742529614	0.114661680965906	0.668797148978188	1
SHISA6_wgs	0.152899738430951	0.146225572263741	0.710752166822937	1
SHISA9_wgs	0.353752986113439	0.485226153585357	0.898577101578003	1
SLC2A13_wgs	0.0415778480295652	0.891920502072549	0.980690219813665	1
SLC34A2_wgs	0.31363192886609	0.173534720539464	0.740331577553253	1
SLC36A2_wgs	-0.0274023245527965	0.803085766384455	0.963066009877218	1
SLC39A9_ssc	0.0139666631312412	0.821552424361055	0.96790845227703	1
SLC4A4_wgs	0.254030576170806	0.0980134778734909	0.649388719216079	1
SLC6A1_asc	0.159393224531128	0.0568491233536225	0.546673461870781	1
SLCO2A1_wgs	0.0649724595490121	0.516081684461252	0.913526088748241	1
SMYD5_wgs	0.0345908018711799	0.596998003289673	0.921506617302338	1
SNX29.1_wgs	-0.0536587917811404	0.645120795235	0.931507626906394	1
SNX29.2_wgs	0.0684531579619977	0.449861790778353	0.89134987341498	1
SNX29_wgs	0.562599043145295	0.000452604883241412	0.0453263874360625	1
SORCS2_wgs	0.150123220551819	0.27802458927499	0.793273046223266	1
SORD_ssc	0.231546515293447	0.0222864403061265	0.417888990515216	1
SOX21_wgs	0.105685741526643	0.349353895910309	0.842712651965343	1
SP7_wgs	0.0616075174256065	0.621836439123721	0.927708006233402	1
SPATS2_wgs	0.0845858857587025	0.577508978810611	0.918169230061666	1
SPOCK1_wgs	0.400575755301136	0.418940896505931	0.871477407273657	1
SPRED3_wgs	0.0882473116891465	0.744854681231407	0.948190681868102	1
SPRR3_wgs	0.104434718648278	0.195504267951151	0.752691725774129	1
SPRR4_wgs	-0.263048317642377	0.0396764979711492	0.485980720018903	1
SRRM4_wgs	-0.019292821271261	0.880906070975667	0.980690219813665	1
STON1_ssc	-0.0218243545986825	0.827775922648253	0.970420669780061	1
STON1_wgs	0.0855339755361618	0.377400825032119	0.859641646193955	1
SURF4_wgs	-0.157001290579192	0.0987868045555525	0.649388719216079	1
SYNGR3_wgs	0.0863655507682249	0.380241673487197	0.860623329686671	1
SYNJ1_wgs	-0.516867201098185	0.0259963008002997	0.430514557403007	1
SYT3_wgs	-0.0818515096361859	0.70904061365825	0.946124826701462	1
TACR2_wgs	-0.0899378418963541	0.812358166139605	0.966837247925299	1
TDRP_wgs	-0.286374139489925	0.405992987754542	0.862777559697545	1
TEKT1_wgs	-0.00326652855832139	0.967624363136501	0.991710225412957	1
TIMP3_wgs	0.118487168338708	0.594164646260301	0.920405550444732	1
TIRAP_ssc	0.0864953835753873	0.518992441242834	0.913526088748241	1
TMEM55A_wgs	-0.284709674841627	0.574587743886916	0.918169230061666	1
TMEM63B_wgs	-0.471112018316442	0.0561033486201453	0.543101173575695	1
TMEM95_wgs	-0.0483289082891951	0.741768682351612	0.947337390317309	1
TMEM98_wgs	0.179083613010225	0.434079618273402	0.880504376503342	1
TMTC2_wgs	-0.28979267761439	0.476252237279193	0.897881562972312	1
TNRC6B_wgs	-0.183846596588625	0.0393038390456745	0.483886018423909	1
TOLLIP_wgs	0.375613333347419	0.0618149438501346	0.561065230149947	1
TPGS1_wgs	0.736364603246706	0.000306309253668179	0.0340577601422307	1
TPGS2_wgs	0.0586079810858639	0.658579980237924	0.93529626815007	1
TRAF3_wgs	-0.0956591708767809	0.3762484040525	0.859641646193955	1
TRAM2_wgs	0.0627965497878102	0.77575609152613	0.957716923542668	1
TRIM2_wgs	0.0973368590450293	0.591665183917844	0.919264071705076	1
TSPAN14_wgs	0.159100320548807	0.0994251749507774	0.649388719216079	1
TTC39C_wgs	-0.750249409509625	0.0499926512553477	0.527815588031237	1
TTL_wgs	0.170084290342358	0.139714596146053	0.703505581249478	1
UBAP2L_wgs	-0.0816512641398998	0.406983394617902	0.862777559697545	1
UBE2QL1_wgs	0.103439300943458	0.427542933867383	0.877782895960847	1
UBE2V2_wgs	-0.210819157741215	0.293237067418321	0.80442365911672	1
UTP6_wgs	0.860103425769264	0.10312641743823	0.653610683562221	1
VAV2_wgs	0.0214354783962287	0.813201168121585	0.966837247925299	1
VNN1_wgs	-0.597136771308737	0.192353804257982	0.752043382342293	1
WDFY2_wgs	-0.0282935747900182	0.779586814662964	0.957793469119761	1
WDR52_wgs	0.262828549638604	0.517436828322241	0.913526088748241	1
WSCD1_wgs	0.0299866437387666	0.774417768220205	0.957218838631033	1
XAF1_wgs	0.214712863658674	0.453752812300828	0.895567628224711	1
XKR7_wgs	-0.154561929340636	0.482800560241195	0.897881562972312	1
YPEL5_wgs	0.116297116238519	0.474156535276971	0.897881562972312	1
ZBTB39_wgs	0.0555592124010925	0.616743896173356	0.927708006233402	1
ZC3H7B_wgs	0.294179732872146	0.187758791936006	0.749964161798872	1
ZKSCAN1_wgs	0.194411506432835	0.454831563856676	0.895567628224711	1
ZNF208_wgs	0.0873428381119852	0.25138248264607	0.784352490465871	1
ZNF234_wgs	-0.0528882129167491	0.691659162579553	0.941766201378044	1
ZNF280D_wgs	0.0556157486762664	0.636370038163686	0.931507626906394	1
ZNF414_wgs	-0.101048205210454	0.538178259409457	0.917436287142097	1
ZNF544_wgs	0.0609253256709511	0.415562064067915	0.870444826908202	1
ZNF592_wgs	-0.344744580475718	0.0457820878343001	0.510635324496677	1
ZNF629_wgs	0.0307513682012828	0.911882082485021	0.985079385214649	1
ZNF691_wgs	0.333739203283132	0.215732468804347	0.764841029427907	1
ZNF771_wgs	-0.0165358849131211	0.845771864404051	0.97423553494761	1
chr10:100555917;A|AC;Family=14036	0.0733397372557666	0.577533090747051	0.918169230061666	1
chr10:100993505;A|C;Family=11818	-0.264944611472501	0.149945309129459	0.714440962169947	1
chr10:101785050;A|C;Family=14039	0.2945231037117	0.20154783189729	0.759303203591094	1
chr10:101786330;T|C;Family=13626	-0.0686984898865391	0.536660823099521	0.917436287142097	1
chr10:102673925;T|A;Family=14458	0.629555117938831	0.0743483225755433	0.602625395034216	1
chr10:102674395;C|T;Family=14490	0.180627106466034	0.315609224390502	0.818430393076135	1
chr10:102738597;C|T;Family=12788	0.0839642809831969	0.342961847242696	0.836320445819086	1
chr10:103077203;A|G;Family=14217	0.51126784630045	0.000740441959827596	0.0673024060136175	1
chr10:103084989;C|G;Family=14475	-0.842882208394263	0.0610464547041976	0.556931502147526	1
chr10:103599336;G|A;Family=13239	-0.174341859194219	0.179012851291937	0.744779768363976	1
chr10:1040478;C|T;Family=14490	0.330238923723071	0.420170161254175	0.871784182413911	1
chr10:105264286;A|T;Family=14167	0.0340211092560611	0.852460905393845	0.975889816093081	1
chr10:110292906;G|A;Family=22087	-0.0314549479904886	0.838456102457223	0.972500282796032	1
chr10:11288488;C|T;Family=14011	-0.0387792072944288	0.744478140901843	0.948050545930121	1
chr10:11335913;G|A;Family=14080	-0.123683754979518	0.645090050859948	0.931507626906394	1
chr10:113912877;C|T;Family=12613	-0.207392889085279	0.172611879123794	0.740331577553253	1
chr10:113916527;A|G;Family=11753	0.244324990489967	0.591607427033518	0.919264071705076	1
chr10:11454999;C|A;Family=14368	0.332929452408298	0.0161202030876842	0.360727563433838	1
chr10:114863518;G|A;Family=14358	0.403948381210298	0.240376697422119	0.784352490465871	1
chr10:116672228;T|C;Family=12837	-0.151598640053668	0.317740365500926	0.819811617441839	1
chr10:116674330;TG|T;Family=13177	-0.16535490190549	0.489399986900536	0.90093824021076	1
chr10:117277554;T|C;Family=13557	-0.407845050610461	0.25943487196442	0.786212325658074	1
chr10:118685229;C|T;Family=13462	0.246814431163724	0.0313119822098857	0.462273994617317	1
chr10:119575344;T|C;Family=14361	-0.0194789064694695	0.978229735338778	0.992286952548644	1
chr10:119828703;T|C;Family=13964	-0.152258536699305	0.334380557222937	0.831398706367727	1
chr10:120906250;C|G;Family=13043	0.0591533847221738	0.60813912484529	0.927167442816425	1
chr10:122441654;G|A;Family=14234	-0.247224927772513	0.156181470548218	0.718808823781816	1
chr10:122457129;G|A;Family=14433	-0.215355786568677	0.0950871988962631	0.636980633972185	1
chr10:124007668;T|C;Family=14417	0.0229099204888828	0.884963213512092	0.980690219813665	1
chr10:126504992;A|AG;Family=14563	-0.0532417120184484	0.647207403350079	0.931915799724638	1
chr10:128083596;G|A;Family=13867	0.075299532488923	0.690112624388354	0.941766201378044	1
chr10:12830453;G|A;Family=14412	0.0682086725155875	0.47771438138039	0.897881562972312	1
chr10:12831770;A|G;Family=11905	0.33553121645675	0.329723769466185	0.831144724159205	1
chr10:130067553;C|T;Family=13964	0.289658462051076	0.0735452981802302	0.600170116801053	1
chr10:132417688;A|G;Family=14265	0.158925937840221	0.266231111465501	0.788163537075341	1
chr10:133226372;C|T;Family=11587	0.027561300956246	0.855199640064848	0.976735411461456	1
chr10:13441561;C|A;Family=14096	-0.242692497256423	0.261006010632567	0.787012963356415	1
chr10:18679337;G|A;Family=11412	0.293069869701179	0.403781247461344	0.862777559697545	1
chr10:21742762;G|A;Family=13888	-0.147473968947051	0.317219456581374	0.819668665018357	1
chr10:22536841;C|T;Family=14137	0.0617891866176191	0.719479578644604	0.946744615792166	1
chr10:27673518;TCTAA|T;Family=11679	0.622177012010919	0.0339054290499548	0.472632314909965	1
chr10:27674431;CA|C;Family=13528	-0.290307410174657	0.401547902686612	0.862777559697545	1
chr10:28610739;AATTC|A;Family=14204	0.64261385214498	0.246096560839564	0.784352490465871	1
chr10:32876908;T|A;Family=13188	0.247681028035471	0.510581048899882	0.911971572282018	1
chr10:38058596;C|T;Family=14206	-0.0269183339191735	0.774695744373465	0.957218838631033	1
chr10:38064613;C|T;Family=14603	-0.13163071097522	0.234520338213399	0.778380003137381	1
chr10:42589230;T|C;Family=14258	-0.0450919072389287	0.888016370752528	0.980690219813665	1
chr10:44936816;G|A;Family=14225	0.0796186651323943	0.533147391315475	0.915952881844742	1
chr10:45454685;A|T;Family=14293	0.164788288159549	0.538519351917404	0.917436287142097	1
chr10:45455701;G|T;Family=14012	-0.172144493472186	0.564307024005656	0.917436287142097	1
chr10:46311665;G|A;Family=14070	-0.0155999117814821	0.921850277462686	0.985079385214649	1
chr10:49327099;G|A;Family=13533	0.104235485989929	0.264107217045408	0.787012963356415	1
chr10:4982907;G|A;Family=13868	0.068410533287449	0.632118153150078	0.931507626906394	1
chr10:50306955;T|C;Family=13928	0.287214983746582	0.2635632230485	0.787012963356415	1
chr10:51908110;C|A;Family=14132	0.515096805702925	0.0374973322912275	0.482505752770309	1
chr10:52296787;C|T;Family=13237	0.319220327145868	0.210580659489168	0.761522995028399	1
chr10:53821903;G|A;Family=14423	-0.336297100252249	0.123610063546683	0.683988500931723	1
chr10:53938946;C|T;Family=14400	-0.189988479425007	0.449843283377255	0.89134987341498	1
chr10:58396347;T|C;Family=13801	-0.453762552868551	0.351464559159286	0.844939798303203	1
chr10:61414817;G|A;Family=12716	-0.344728074675783	0.558748751536402	0.917436287142097	1
chr10:62195207;A|G;Family=13988	-0.308866176096719	0.23768348715808	0.783760748200601	1
chr10:68343012;T|C;Family=14209	0.390078485447548	0.338918024266278	0.83336368159844	1
chr10:68911219;AAC|A;Family=13929	0.437259534310777	0.154474276714758	0.718808823781816	1
chr10:69404819;A|G;Family=14139	-0.0970948587941842	0.608860160131167	0.927167442816425	1
chr10:70425648;A|G;Family=14221	0.189445837200308	0.421983819342507	0.87342549692882	1
chr10:71747722;G|A;Family=14065	0.343379221435917	0.141888907244553	0.703505581249478	1
chr10:71750800;C|T;Family=14356	0.446774057340608	0.025642824932312	0.430364014665878	1
chr10:71750965;C|T;Family=14293	-0.0717155967661478	0.55827010373577	0.917436287142097	1
chr10:71816558;A|G;Family=14004	-0.101254419604911	0.637944923778574	0.931507626906394	1
chr10:72335546;C|A;Family=13237	0.252701579426057	0.132731674669605	0.694126093391794	1
chr10:73136826;C|T;Family=13928	0.300718746531508	0.0933353848063741	0.636980633972185	1
chr10:74101002;A|G;Family=14402	-0.202099097320096	0.0593532823384396	0.548439231387825	1
chr10:76875350;G|T;Family=14594	0.0920363429700032	0.810053441868872	0.965874713863756	1
chr10:76876859;C|T;Family=14658	0.355575515654558	0.147503413007838	0.711345720043511	1
chr10:77001472;G|T;Family=13008	0.0469416968677297	0.660444661100742	0.936311658757104	1
chr10:79316375;C|CTGTA;Family=13567	1.57673978732712	6.99889852016408e-06	0.00131063583867073	0.0249020809347438
chr10:80090866;G|A;Family=12568	0.393662413719974	0.00745789376486283	0.241228963776199	1
chr10:80529499;G|C;Family=13505	-0.0688747837321452	0.554582225562362	0.917436287142097	1
chr10:812367;A|G;Family=12318	-0.153113533712942	0.564864568935905	0.917436287142097	1
chr10:87552910;C|G;Family=14175	-0.495247516292068	0.123346529418509	0.683988500931723	1
chr10:91282878;A|G;Family=14301	0.279667387595267	0.510206628621101	0.911971572282018	1
chr10:92051693;C|G;Family=11568	-0.133420160717013	0.61939710922196	0.927708006233402	1
chr10:92558801;G|A;Family=12412	0.17564984391617	0.119839412027765	0.677968673113563	1
chr10:92901375;T|C;Family=11954	-0.480159438621896	0.371808226258368	0.857646763404051	1
chr10:93306532;T|TCTAA;Family=11718	0.0596853054174665	0.811985026403326	0.966837247925299	1
chr10:93665442;C|T;Family=14017	-0.59771265528316	0.0572032347385113	0.547045679682214	1
chr10:94325123;C|T;Family=22349	0.0964998208128076	0.482532554040241	0.897881562972312	1
chr10:94535820;C|G;Family=14160	-0.165287339386184	0.75411368821552	0.952116025265764	1
chr10:95210747;G|A;Family=14484	-0.105591051161664	0.403762648926949	0.862777559697545	1
chr10:96364842;C|T;Family=13026	-0.396231383212313	0.222786008309478	0.770876892267304	1
chr10:96989266;T|C;Family=12689	0.0242396262298607	0.883068952278133	0.980690219813665	1
chr10:98247936;T|C;Family=13916	-0.0310153253711101	0.798595544960375	0.963066009877218	1
chr11:101033498;C|A;Family=13863	0.776737693100961	0.0184301985152047	0.388393460919574	1
chr11:101034122;G|A;Family=14161	-0.0118876222079231	0.969033706979784	0.991710225412957	1
chr11:101998918;C|T;Family=13001	-0.0839157858623221	0.646662124356041	0.931507626906394	1
chr11:102081375;G|C;Family=13956	-0.218505050570441	0.628375742614595	0.931507626906394	1
chr11:102712136;ATTT|A;Family=13154	-0.331908002299728	0.0632158019368804	0.564205790240902	1
chr11:102715386;A|G;Family=12653	0.0457913068695634	0.853416632168873	0.975889816093081	1
chr11:102722552;G|A;Family=12534	-0.0966332983487708	0.561803372261736	0.917436287142097	1
chr11:103908523;A|G;Family=11172	-0.131410620371163	0.721298944149869	0.946744615792166	1
chr11:104890491;T|C;Family=11722	0.0574799832938722	0.648848440003346	0.932590885374887	1
chr11:106674176;C|T;Family=14015	-0.361578299313344	0.584999170598202	0.918280435435728	1
chr11:106676736;C|G;Family=14043	0.233561396368856	0.587572400872254	0.919264071705076	1
chr11:107665691;A|G;Family=11471	-0.204682943986906	0.109615515197316	0.660519212548851	1
chr11:107707617;C|T;Family=14296	0.15035611662716	0.491709521578678	0.901340792260143	1
chr11:108147607;T|A;Family=11028	0.139910343460523	0.796949353261421	0.963066009877218	1
chr11:108506922;C|T;Family=12351	0.00423223736900125	0.977264226795646	0.992286952548644	1
chr11:110168323;CCTTT|C;Family=14485	0.787214407535148	0.175076948074493	0.74334580101318	1
chr11:110464436;A|G;Family=11300	0.00698161594992886	0.957470912115608	0.991376697122829	1
chr11:110578017;A|AGGTT;Family=11749	-0.307962393985594	0.113701174491133	0.668675667503228	1
chr11:111755330;G|A;Family=11484	-0.240726512252676	0.230887688327366	0.775034379582612	1
chr11:111759888;C|G;Family=11355	-0.186029129364767	0.358225327735543	0.846828783267143	1
chr11:112020819;G|C;Family=12864	-0.216579611113559	0.354259050986264	0.846828783267143	1
chr11:112082999;G|A;Family=13010	0.15988804992378	0.569006594043108	0.918169230061666	1
chr11:113733596;C|A;Family=14454	-0.113663822887956	0.607168529356705	0.927167442816425	1
chr11:114313231;C|T;Family=12653	0.0979293719616988	0.32782873742281	0.828419494140879	1
chr11:116776461;G|A;Family=13748	0.140278506314418	0.511571374128815	0.912248580803326	1
chr11:116777302;T|A;Family=13853	0.0787349105981112	0.684665923778945	0.941766201378044	1
chr11:117204647;T|C;Family=13694	0.257975004682202	0.0312973774571703	0.462273994617317	1
chr11:118000915;T|C;Family=14243	0.0516810469926629	0.713555079695081	0.946744615792166	1
chr11:118396788;C|T;Family=12655	-0.173807700548201	0.702747818904974	0.944445205210929	1
chr11:118448406;C|G;Family=12695	0.0568754792020968	0.872389264849503	0.978858721013728	1
chr11:118544742;G|A;Family=14525	-0.0693386097548304	0.689243139628296	0.941766201378044	1
chr11:119356346;G|A;Family=22106	0.172728044315364	0.382503052624213	0.861358140023387	1
chr11:119418127;G|A;Family=13900	-0.346958383220436	0.00356808889553417	0.176323059587647	1
chr11:11956188;A|C;Family=11094	-1.01673074944095	0.00299650962552903	0.166587206994255	1
chr11:120112232;T|G;Family=14653	-0.0317841244130671	0.772584544387335	0.957218838631033	1
chr11:120487883;G|A;Family=12857	0.161276176090832	0.581528787980795	0.918280435435728	1
chr11:12263478;C|T;Family=12899	-0.0864512598695716	0.374346662047918	0.857646763404051	1
chr11:12263717;A|G;Family=11989	-0.3809600048478	0.215081610340727	0.764607048059574	1
chr11:124188074;C|T;Family=13948	-1.35361031381972	0.0125288189338974	0.330203983457828	1
chr11:124767889;G|A;Family=12019	-0.270641607299577	0.36147433057923	0.849549856575639	1
chr11:125101218;G|A;Family=12647	0.113206527274926	0.72484834002966	0.946744615792166	1
chr11:125583699;A|C;Family=13195	-0.089348472562784	0.570099176531732	0.918169230061666	1
chr11:125777019;T|C;Family=11452	-0.164514420650409	0.0568355803083277	0.546673461870781	1
chr11:125943602;G|A;Family=11824	0.270990119780004	0.0351001887397157	0.474976440926409	1
chr11:126291555;C|T;Family=14661	0.273010831872094	0.124952715661362	0.685599931873587	1
chr11:1275105;C|G;Family=14076	0.230489386993667	0.3992361290918	0.862777559697545	1
chr11:128812544;T|TA;Family=12029	0.459280742126622	0.296924035978922	0.805225396351375	1
chr11:128901589;G|C;Family=14230	-0.218382049486461	0.291283069859705	0.80442365911672	1
chr11:128902526;G|A;Family=14209	0.132553338469068	0.346788789652703	0.839340848907111	1
chr11:128917908;A|G;Family=14187	-0.143548031808684	0.336880280897005	0.83336368159844	1
chr11:129452030;GTTTTT|G;Family=13512	-0.116939378096484	0.77915880291099	0.957793469119761	1
chr11:129859531;C|CT;Family=11691	-0.276753817858163	0.567113771100747	0.917436287142097	1
chr11:129902006;A|G;Family=14174	-0.136118283473207	0.572830709813535	0.918169230061666	1
chr11:132416102;T|C;Family=13572	0.636833469268834	0.0460093041955277	0.511565951024024	1
chr11:134245909;C|G;Family=11305	-0.0397749739977728	0.682186400368424	0.941766201378044	1
chr11:13729935;A|T;Family=12351	-0.158340578728807	0.65204245243493	0.932590885374887	1
chr11:15246372;A|C;Family=12243	-0.32635542862331	0.341144462668109	0.83479504688661	1
chr11:1555259;G|C;Family=11350	-0.0400929272269274	0.757938674337735	0.952116025265764	1
chr11:17088319;G|A;Family=12440	-0.0831320569239727	0.330273944836407	0.831144724159205	1
chr11:17373816;C|T;Family=14188	0.311079500217488	0.0255924130858992	0.430364014665878	1
chr11:17427056;A|G;Family=13692	0.0251422600384199	0.935918631695296	0.985079385214649	1
chr11:17429244;G|A;Family=13057	-1.48361817686009	6.20550863394432e-06	0.00129877645409258	0.0220791997195739
chr11:18020918;G|A;Family=12285	0.0742222898243805	0.562892054182582	0.917436287142097	1
chr11:18279726;G|A;Family=11108	0.0965966448142975	0.692657562899177	0.941766201378044	1
chr11:18366513;A|G;Family=12790	-0.0175916338995041	0.904463237348911	0.981589998596306	1
chr11:18366682;A|G;Family=13336	-0.323886612191941	0.256707356774852	0.784352490465871	1
chr11:18703455;A|T;Family=12624	-0.0779731302522904	0.690458102229429	0.941766201378044	1
chr11:18703822;A|C;Family=14648	-0.329089372586905	0.185091625362214	0.747509651576344	1
chr11:18728563;G|A;Family=11060	-0.0434319469359087	0.805419095275799	0.963893664624655	1
chr11:18728740;C|A;Family=13115	0.109800035037372	0.44189331970759	0.884943022049744	1
chr11:22281573;G|C;Family=12243	-0.959582424218215	0.0176678908998826	0.378688890492664	1
chr11:27495352;T|C;Family=11181	0.849300390890651	0.00568399285248859	0.214930089241669	1
chr11:27657333;T|G;Family=14055	0.139969302349751	0.61077783523957	0.927167442816425	1
chr11:27657533;A|AT;Family=14509	0.314938102300593	0.357227116595589	0.846828783267143	1
chr11:294999;C|T;Family=13546	-0.185429297532819	0.182632655108617	0.747046119691074	1
chr11:31663622;A|T;Family=12810	-0.676335534806159	0.00456071749351176	0.195506419782106	1
chr11:33704138;C|T;Family=12032	-0.267510818602951	0.0225627995324054	0.417888990515216	1
chr11:33710221;C|T;Family=14174	0.0804241742498834	0.458528769808055	0.896452165866809	1
chr11:35190037;C|T;Family=14068	0.0142866520361125	0.970180737958927	0.991710225412957	1
chr11:35254980;C|G;Family=11552	0.176911660617783	0.417387736043698	0.870444826908202	1
chr11:35813130;C|CA;Family=13266	-0.358379625288149	0.29202924172063	0.80442365911672	1
chr11:35813437;T|C;Family=14631	0.0539375120064723	0.755420515766485	0.952116025265764	1
chr11:35816752;C|G;Family=11895	-0.472235153443431	0.0516199655243801	0.533906503882978	1
chr11:381974;G|T;Family=14292	0.266326176012809	0.0695920291319465	0.589543903932061	1
chr11:4138349;A|G;Family=14472	0.0681402097914432	0.665946412583879	0.93790143566114	1
chr11:43494116;C|CA;Family=13781	-0.356267501676401	0.527729761183949	0.914467684310863	1
chr11:44261939;C|T;Family=11359	0.0509162312187787	0.66484073560897	0.93790143566114	1
chr11:44263819;C|G;Family=11942	-0.137562045835329	0.20908161953774	0.759841019511585	1
chr11:44263856;G|A;Family=14521	-0.117034588418311	0.331938655265394	0.831398706367727	1
chr11:44933723;G|C;Family=11578	0.0755353703054849	0.477208404424806	0.897881562972312	1
chr11:45228552;G|A;Family=11575	-0.336561421894844	0.259572130238174	0.786212325658074	1
chr11:45231207;T|G;Family=14285	-0.172316712766944	0.118433618751942	0.67566068905099	1
chr11:4596536;C|T;Family=13054	-1.159402506397	0.0358628632334013	0.474976440926409	1
chr11:4600333;G|A;Family=14070	-0.0574709285671311	0.772696837389163	0.957218838631033	1
chr11:46672547;G|C;Family=11033	0.0242948645334647	0.795924517144213	0.963066009877218	1
chr11:46743981;T|C;Family=12052	-0.381181256110026	0.00127631294259154	0.0946066968695977	1
chr11:47165115;T|G;Family=12852	-0.177521179647259	0.526908484801049	0.914467684310863	1
chr11:47166582;C|A;Family=13215	-0.249350976411293	0.130466809175244	0.692677133933317	1
chr11:48132413;C|A;Family=14153	0.505473734593556	0.24481854128449	0.784352490465871	1
chr11:48170486;G|T;Family=13962	-0.0816535360462644	0.774518671626151	0.957218838631033	1
chr11:498026;C|T;Family=13893	-0.175512263742514	0.311179651631011	0.814100882722896	1
chr11:5004713;A|G;Family=12595	0.206008316314198	0.228577882134224	0.775034379582612	1
chr11:55639482;C|T;Family=12324	-0.130146260356285	0.658687583676379	0.93529626815007	1
chr11:56033816;G|A;Family=12231	-0.22124376130848	0.119870857209658	0.677968673113563	1
chr11:56702320;A|G;Family=11234	0.123395747139676	0.664475134689394	0.93790143566114	1
chr11:57370014;C|T;Family=12836	-0.00081501396715749	0.993436357923642	0.996064595557449	1
chr11:57501029;G|A;Family=12691	-0.21695763848932	0.0994261268698265	0.649388719216079	1
chr11:57737902;C|CT;Family=11642	-0.0360702170706312	0.819530602974315	0.967804860741248	1
chr11:58527350;TA|T;Family=14696	0.785849761479512	0.00573871795333292	0.214930089241669	1
chr11:58625337;G|A;Family=12449	0.134452324200642	0.40199139269684	0.862777559697545	1
chr11:58709471;G|A;Family=14100	-0.500626031527991	0.00508773145692102	0.203394927232865	1
chr11:59367652;G|A;Family=12923	0.0844526025887527	0.497022128222684	0.905104323336513	1
chr11:59517618;T|C;Family=12894	-0.00366853686060986	0.983070038298962	0.993174449681853	1
chr11:59518549;T|C;Family=12728	-0.67765867758783	0.0587482806726225	0.548247580109484	1
chr11:59793434;A|G;Family=13795	-0.0342799982890702	0.801042992102224	0.963066009877218	1
chr11:59835969;A|G;Family=11404	0.254079170126742	0.0583830131777167	0.548247580109484	1
chr11:60071017;T|C;Family=12066	-0.296767703664863	0.502014266796491	0.906683635158332	1
chr11:60095790;G|A;Family=14257	0.12926038149306	0.611984350285315	0.927372648564035	1
chr11:6019567;G|A;Family=12832	0.385074968015939	0.0590356219430854	0.548247580109484	1
chr11:6021602;G|A;Family=11094	-0.0306750132593209	0.946379837257193	0.98745438737862	1
chr11:60308270;C|T;Family=12449	0.531796579855856	0.0214749507962958	0.41526018985446	1
chr11:60404647;C|T;Family=12451	-0.137901896582827	0.245746160435443	0.784352490465871	1
chr11:60852177;T|C;Family=13924	-0.11659116097967	0.25530588043398	0.784352490465871	1
chr11:61282803;C|G;Family=11074	0.0812798584941619	0.424028022974963	0.875155975104207	1
chr11:61743803;C|T;Family=12457	0.150147918288918	0.164023419627913	0.726886345804233	1
chr11:61786465;G|T;Family=13237	-0.136681142614053	0.567273701999048	0.917436287142097	1
chr11:61789183;T|TA;Family=11518	-0.746278360411364	0.115869798713535	0.671516268214465	1
chr11:618678;T|G;Family=12641	0.132896118294708	0.327058015046152	0.828236596109758	1
chr11:62751389;G|C;Family=13070	-0.812182085420948	0.333631312577551	0.831398706367727	1
chr11:62790431;GTTTT|G;Family=13920	0.257586371750826	0.265959450389808	0.788163537075341	1
chr11:62885204;C|T;Family=13102	0.0295238873179454	0.850238316891649	0.975889816093081	1
chr11:62981062;G|A;Family=14039	0.0410127147093047	0.723051672449166	0.946744615792166	1
chr11:63409814;C|G;Family=11942	-0.254850254564681	0.575282262484604	0.918169230061666	1
chr11:63409852;C|T;Family=11241	-0.0199207991835765	0.838355431464798	0.972500282796032	1
chr11:63409912;T|C;Family=14433	0.00547488126117647	0.97115696822939	0.991710225412957	1
chr11:63762350;T|C;Family=12083	0.134019585114257	0.623588199414287	0.927708006233402	1
chr11:6394244;C|T;Family=14240	-0.044697799344596	0.681107843021999	0.941766201378044	1
chr11:64606383;G|A;Family=11407	0.0882010025489434	0.434807810431808	0.880504376503342	1
chr11:64765438;T|C;Family=12673	-0.240415665810799	0.355051938108407	0.846828783267143	1
chr11:64949800;G|T;Family=14275	-0.329852288038539	0.219024892236059	0.766246390403511	1
chr11:65121232;G|C;Family=11723	-0.118476604700787	0.270117691392527	0.789711377136081	1
chr11:65281124;G|A;Family=14101	0.297384653470415	0.0795339326784286	0.61517767928228	1
chr11:65321589;G|A;Family=12955	0.114655650826702	0.414629416924024	0.870444826908202	1
chr11:65352130;C|G;Family=13866	0.275421834216717	0.0510028443626892	0.533238842034861	1
chr11:65411530;G|A;Family=13374	-0.356878874595022	0.0300618044530862	0.46107748873794	1
chr11:6547555;G|A;Family=12687	0.143991055886791	0.263986774936799	0.787012963356415	1
chr11:65853562;C|T;Family=14169	-0.00863387987168944	0.933182059399684	0.985079385214649	1
chr11:65865967;G|A;Family=14284	-0.0360639271997257	0.668978581644294	0.93790143566114	1
chr11:65916856;A|C;Family=14481	-0.0919079917087439	0.771334807308491	0.956906988983127	1
chr11:65916912;CTGTG|C;Family=11252	-0.0687126625194037	0.636045043972036	0.931507626906394	1
chr11:66624490;C|G;Family=14637	-0.106881714752548	0.443172267330043	0.885609908123866	1
chr11:66640573;G|GTC;Family=14658	-0.211472708457654	0.373498149058316	0.857646763404051	1
chr11:6680814;T|G;Family=14594	-0.0207415751063697	0.953265447155987	0.990948508062706	1
chr11:6681539;T|G;Family=11740	0.0271591609120122	0.852668524198849	0.975889816093081	1
chr11:67432652;G|T;Family=12939	0.0530063237497263	0.583556137839316	0.918280435435728	1
chr11:67463954;G|A;Family=12788	-0.220457202132062	0.144671469547761	0.705124778973883	1
chr11:68029139;C|T;Family=13264	0.576896093586548	0.0241656870075925	0.423702722078389	1
chr11:68156383;GTTAA|G;Family=13907	0.186119381672285	0.637115958589651	0.931507626906394	1
chr11:68158808;G|A;Family=11729	-0.256579516213802	0.0476317400395925	0.521457634033447	1
chr11:68166240;G|A;Family=12859	0.020648441361785	0.928811305289108	0.985079385214649	1
chr11:68171572;C|G;Family=11519	-0.130031858090205	0.215112887888598	0.764607048059574	1
chr11:68413826;C|T;Family=13277	-0.0803391176367055	0.603234905534442	0.925532468258535	1
chr11:68614239;TTG|T;Family=14154	-0.215573498205754	0.568384814552732	0.918169230061666	1
chr11:68911444;G|A;Family=13752	0.101685659359517	0.368803985643701	0.857479456551592	1
chr11:69772347;G|C;Family=12540	0.192602923508986	0.346106272520772	0.839340848907111	1
chr11:72002499;T|G;Family=12956	0.270558797604847	0.0521042884902442	0.535127395972804	1
chr11:72093661;G|A;Family=11417	-0.00386915208355056	0.968141869956414	0.991710225412957	1
chr11:72685573;G|C;Family=13886	0.159630422022782	0.14134548179611	0.703505581249478	1
chr11:727113;CCT|C;Family=12906	0.112169509571204	0.616397307556588	0.927708006233402	1
chr11:73864332;C|T;Family=12340	1.1962952891899	0.00420743729202174	0.194416388117057	1
chr11:74837928;T|C;Family=11207	0.203860696412669	0.416502670171877	0.870444826908202	1
chr11:75081895;A|G;Family=13611	-0.22917691492827	0.458145392481824	0.896452165866809	1
chr11:76403845;C|T;Family=13853	0.152790205610508	0.263797300789736	0.787012963356415	1
chr11:77217266;A|AATCT;Family=12952	0.24596572800983	0.0268976254017439	0.438998858621123	1
chr11:77660108;G|A;Family=13093	-0.302716362909588	0.504376766042043	0.909189421028315	1
chr11:77664650;A|G;Family=11003	0.0046228892452051	0.983962882273337	0.993174449681853	1
chr11:801461;C|T;Family=14686	0.159298456649622	0.206472622169818	0.759303203591094	1
chr11:8102656;T|C;Family=11071	0.00161171992234371	0.994664842050483	0.996064595557449	1
chr11:8105153;C|T;Family=12655	-0.157347512463207	0.460977471159989	0.896452165866809	1
chr11:82977622;C|T;Family=14525	0.064531683936702	0.640199574128394	0.931507626906394	1
chr11:831871;G|A;Family=12281	-0.0963266608114495	0.417652168593396	0.870444826908202	1
chr11:83261214;G|A;Family=14697	0.119781190875549	0.424212471704446	0.875155975104207	1
chr11:86808954;G|T;Family=11827	0.427733487397027	0.206933390867781	0.759303203591094	1
chr11:86946390;A|G;Family=12463	-0.152988499015624	0.688200254076753	0.941766201378044	1
chr11:92981626;G|A;Family=12646	0.0401378285258284	0.754882763063573	0.952116025265764	1
chr11:93147909;C|A;Family=13051	-0.196388505513732	0.671318255590272	0.939593389612357	1
chr11:94377370;T|C;Family=11276	-0.648870622716342	0.148441140905062	0.712757866855883	1
chr11:94871680;G|A;Family=12238	0.0242511127741953	0.802152682224138	0.963066009877218	1
chr12:100207757;A|G;Family=13561	-0.0665731181329571	0.803563847878731	0.963066009877218	1
chr12:101396195;C|G;Family=11397	-0.148604562640468	0.526679831420183	0.914467684310863	1
chr12:102396966;G|T;Family=11470	-0.316521530463471	0.0946925630298489	0.636980633972185	1
chr12:10324400;C|A;Family=13561	0.0941465159578114	0.611075787915828	0.927167442816425	1
chr12:103268201;C|T;Family=14307	-0.118449032234149	0.7086412629266	0.946124826701462	1
chr12:103772774;G|A;Family=11158	-0.0686848560840272	0.570813539381788	0.918169230061666	1
chr12:103775848;A|G;Family=14257	-0.241906644191737	0.120644585397996	0.679198472857707	1
chr12:103777193;G|A;Family=13146	-0.125090755580345	0.509912092747041	0.911971572282018	1
chr12:103932337;G|T;Family=13167	-0.346343183259966	0.013331845861079	0.330230317159468	1
chr12:104350238;AAAAAC|A;Family=13621	-0.448204208348705	0.324642740905856	0.826236675352672	1
chr12:105007091;AT|A;Family=12738	-0.269586887486531	0.550073950199715	0.917436287142097	1
chr12:105008304;C|T;Family=13738	0.26251107366061	0.52080005321506	0.91383439572822	1
chr12:106715462;C|A;Family=13874	0.173237713729258	0.290372744517736	0.80442365911672	1
chr12:108780125;G|A;Family=14652	0.099614924041604	0.603927506857364	0.92582068052135	1
chr12:108784717;T|C;Family=13160	-0.207572586303094	0.373550741318323	0.857646763404051	1
chr12:109110834;GAT|G;Family=11456	-0.255655436180485	0.608090328193997	0.927167442816425	1
chr12:111348592;A|G;Family=11415	-0.951366929898106	0.00343113261914465	0.174399569413095	1
chr12:111449380;T|C;Family=13617	0.304232488378466	0.305718501582681	0.809335140350581	1
chr12:111449493;T|A;Family=12795	0.0353576600021924	0.75133105395947	0.95075684973355	1
chr12:111453948;C|T;Family=11731	-0.314961205954995	0.608709360222702	0.927167442816425	1
chr12:111816200;C|T;Family=14519	-0.0998969433983024	0.473679822511487	0.897881562972312	1
chr12:111816750;A|T;Family=13187	-0.184800013843899	0.197530771273885	0.754568900408943	1
chr12:111816778;T|C;Family=14260	0.258279342069052	0.184323158458104	0.747477587586732	1
chr12:112053609;C|T;Family=11033	0.283740701915201	0.231116210437648	0.775034379582612	1
chr12:112508927;G|T;Family=13160	-0.361310402604429	0.544993699689362	0.917436287142097	1
chr12:112970080;G|A;Family=12296	0.0851429669701554	0.715933723807373	0.946744615792166	1
chr12:116717020;TA|T;Family=14416	0.033039577755117	0.867764769294321	0.97795435638332	1
chr12:116859326;T|A;Family=13567	0.153520852092169	0.175814757626481	0.744599654986115	1
chr12:117209070;C|T;Family=14507	0.192602694087584	0.0923212218161765	0.636980633972185	1
chr12:117215112;C|T;Family=14284	-0.21381962775996	0.158546068034589	0.718808823781816	1
chr12:119159576;C|T;Family=14522	0.526435023490915	0.00742994519577979	0.241228963776199	1
chr12:120460320;C|T;Family=14095	-0.0857607358972313	0.645144029641455	0.931507626906394	1
chr12:120696586;A|C;Family=22349	-0.535738307713942	0.0213892994775047	0.41526018985446	1
chr12:120762897;A|C;Family=11196	-0.199591956991078	0.132827129542037	0.694126093391794	1
chr12:120764969;C|T;Family=13996	0.07465577674922	0.621178978039814	0.927708006233402	1
chr12:12094817;G|A;Family=14108	0.0191736923024466	0.865877699162094	0.97795435638332	1
chr12:121004021;A|G;Family=11205	-0.228598190663798	0.208121257289943	0.759841019511585	1
chr12:121020607;A|G;Family=13532	-0.401407346152451	0.0326089013939168	0.466934981554734	1
chr12:121165437;C|T;Family=14257	0.237413109504173	0.126709167788773	0.687242711878742	1
chr12:121185462;G|C;Family=14696	0.145290985555009	0.607515302793255	0.927167442816425	1
chr12:121649034;C|T;Family=11215	-0.843680653878636	6.58832998745378e-06	0.00130229322752003	0.0234412780953606
chr12:121649978;T|G;Family=12719	-0.325054790313466	0.125057435577841	0.685599931873587	1
chr12:122142004;G|A;Family=12867	-0.313881886588994	0.0105974543039016	0.306550751327494	1
chr12:122143154;C|T;Family=11118	-0.196391527996686	0.101999541661242	0.651148192310946	1
chr12:122145614;C|T;Family=13152	0.183051722933263	0.140633046068175	0.703505581249478	1
chr12:122473224;T|C;Family=14484	-0.0596379199697423	0.786806501675588	0.959789204017573	1
chr12:122985855;C|T;Family=12068	-0.0299438903739684	0.884208043312383	0.980690219813665	1
chr12:123291583;A|G;Family=14363	-0.523316335288572	0.0897772546588098	0.632665901455843	1
chr12:123295534;G|A;Family=13041	0.17610167246586	0.384684323696984	0.861906060273217	1
chr12:124014248;G|A;Family=12728	-0.134135286586274	0.292133747177221	0.80442365911672	1
chr12:125028457;C|T;Family=12512	0.140574472168846	0.691605139035517	0.941766201378044	1
chr12:125029809;T|G;Family=13097	-0.110151697336361	0.348597307108122	0.841458085950271	1
chr12:125143296;G|A;Family=12532	0.0605143811372558	0.895482701564923	0.980690219813665	1
chr12:125657481;T|C;Family=11233	-0.0709537993289515	0.805682900110659	0.963893664624655	1
chr12:125658027;G|C;Family=11233	0.0198840353921861	0.863863432770558	0.97795435638332	1
chr12:125658842;A|G;Family=14613	-0.0915165017177496	0.732957933036515	0.946744615792166	1
chr12:130456610;C|A;Family=11345	0.3333491064718	0.0440927809565781	0.507255423462869	1
chr12:131944583;C|T;Family=14524	0.129684344151343	0.342040975313528	0.836320445819086	1
chr12:132196741;C|T;Family=11673	-0.0799539033033776	0.410109344974333	0.865462069643342	1
chr12:132511604;C|T;Family=11470	0.134353115544354	0.400091376027093	0.862777559697545	1
chr12:132584068;T|C;Family=11142	0.105223455549572	0.721340658898347	0.946744615792166	1
chr12:132775108;C|T;Family=11345	0.0754704288964738	0.626242827436914	0.929960224529646	1
chr12:133018678;A|G;Family=13167	-0.123849378201041	0.697056829635432	0.943732191721029	1
chr12:133107244;CAG|C;Family=12206	-0.203480421416719	0.194311793898048	0.752043382342293	1
chr12:13551970;G|GA;Family=11121	-0.346279480442655	0.161386967786546	0.723538490258879	1
chr12:13558545;G|A;Family=11057	0.0519642650478491	0.778972981478336	0.957793469119761	1
chr12:14981780;C|T;Family=14124	0.236760105424719	0.571722036739274	0.918169230061666	1
chr12:15596275;G|A;Family=11654	-0.240502572561412	0.295408868124206	0.805127032018295	1
chr12:16594312;C|T;Family=11003	0.126193182102242	0.705705030479085	0.946105182553988	1
chr12:190601;C|T;Family=13580	0.23365787462636	0.0230769076229108	0.417888990515216	1
chr12:19372221;G|A;Family=12297	-0.121125468588356	0.684382719154373	0.941766201378044	1
chr12:19373120;C|A;Family=13835	0.0552557370375856	0.896748763836316	0.980690219813665	1
chr12:1950195;G|GTC;Family=12950	0.0696341455113927	0.710967897267653	0.946124826701462	1
chr12:20711418;A|G;Family=13533	0.0259569483721825	0.821192488639075	0.967804860741248	1
chr12:20737256;G|T;Family=12906	0.104735943368205	0.474528829115606	0.897881562972312	1
chr12:21531159;A|G;Family=12788	0.311123375331335	0.709665008100178	0.946124826701462	1
chr12:26079613;T|C;Family=14576	1.15277531898664	0.0230756419927262	0.417888990515216	1
chr12:26121198;T|C;Family=11356	0.0711595168174739	0.789409660634672	0.959917830669228	1
chr12:26338385;G|A;Family=11168	0.0673300469261736	0.864234888116627	0.97795435638332	1
chr12:26964790;G|C;Family=14554	-0.168457733250935	0.626246401903607	0.929960224529646	1
chr12:26964838;T|C;Family=14545	-0.48908851264413	0.194296359880983	0.752043382342293	1
chr12:30719113;G|A;Family=14474	0.145264301671564	0.320547802268642	0.821404225562487	1
chr12:30996424;G|A;Family=11578	-0.0174822674832288	0.816645616657486	0.96769742539253	1
chr12:31667984;G|A;Family=12603	0.150499426057942	0.182804918049649	0.747046119691074	1
chr12:31992971;TTAAG|T;Family=11333	-0.148229862204778	0.76815569286324	0.956334280161488	1
chr12:32643133;A|G;Family=14608	-0.49762416624572	0.115352306872714	0.671516268214465	1
chr12:32645051;C|G;Family=13462	0.122150024217157	0.673193162034379	0.939987145220056	1
chr12:32791196;A|C;Family=11098	-0.131108254322723	0.663423908042971	0.93790143566114	1
chr12:3283454;C|T;Family=13623	-0.280416212468332	0.118876782278224	0.67566068905099	1
chr12:3593554;A|G;Family=13174	-0.31855569609995	0.173005888892431	0.740331577553253	1
chr12:39553047;A|G;Family=12314	-0.00366734270162361	0.992927491179359	0.996006770120147	1
chr12:39950119;T|C;Family=14692	0.239106090298344	0.282975167315192	0.795909601033559	1
chr12:39951106;T|C;Family=13895	-0.0984361423307819	0.808432633511752	0.964912214033819	1
chr12:41072332;G|C;Family=12879	0.461013235122838	0.2441226079719	0.784352490465871	1
chr12:42084882;A|G;Family=13211	0.297956719593534	0.0719350916794265	0.596591896243479	1
chr12:42085385;C|T;Family=14452	-0.125680285163618	0.157623742918051	0.718808823781816	1
chr12:42442154;G|A;Family=12799	0.0527424849741872	0.875172943498933	0.98014189435521	1
chr12:42445266;T|G;Family=14061	1.88896923058576	1.581482478938e-08	1.12538293201228e-05	5.62691466006141e-05
chr12:4500258;C|T;Family=14402	-0.0248527405316059	0.906926344182537	0.983494036147964	1
chr12:45920025;T|G;Family=12341	-0.0788194919365081	0.787930598808241	0.959789204017573	1
chr12:47075765;T|C;Family=12845	-0.191604464888379	0.344005711027858	0.836320445819086	1
chr12:47744519;T|G;Family=12300	-0.432091576586358	0.119118390715444	0.675954121476153	1
chr12:47780985;C|T;Family=13645	0.144551347792362	0.231902707939377	0.775285369848379	1
chr12:47788073;A|C;Family=11918	0.0474048156207255	0.674212252558061	0.939987145220056	1
chr12:48134794;G|A;Family=13471	0.0583420424719672	0.846331614917255	0.97423553494761	1
chr12:48338099;G|A;Family=13447	-0.0193952256503352	0.93324811812778	0.985079385214649	1
chr12:48692215;T|C;Family=12529	-0.108091363753951	0.728260153954486	0.946744615792166	1
chr12:48827626;C|A;Family=12457	-0.0344287475980197	0.80290553982122	0.963066009877218	1
chr12:48914552;C|A;Family=14412	0.0965986697018383	0.497398376508325	0.905104323336513	1
chr12:48966507;G|A;Family=12346	0.19321471257974	0.155394085970566	0.718808823781816	1
chr12:49019250;C|A;Family=14095	0.763906684121983	0.0863480867211161	0.629289272880618	1
chr12:49020756;A|G;Family=12804	-0.200526878967141	0.202993072737261	0.759303203591094	1
chr12:49463191;G|C;Family=13116	0.17060937191744	0.304684758332607	0.80834258376945	1
chr12:49867275;G|A;Family=11208	-0.00948056453021123	0.960296813029413	0.99138240818133	1
chr12:49957401;C|T;Family=14675	-0.0370761720870128	0.783637521472497	0.9586620223513	1
chr12:50477022;T|A;Family=12641	-0.242479523163472	0.579077755487756	0.918280435435728	1
chr12:50746032;A|T;Family=13364	-0.101874259137903	0.467183886612915	0.896750665347334	1
chr12:51196813;T|G;Family=11194	-0.157569195758056	0.340091080854675	0.83336368159844	1
chr12:51352434;C|T;Family=13815	0.505894682899313	0.130805790733134	0.692677133933317	1
chr12:51507933;C|T;Family=14017	0.0206008845159171	0.867698924499562	0.97795435638332	1
chr12:51722551;T|C;Family=13210	-0.33289258518385	0.334388878789257	0.831398706367727	1
chr12:53025344;G|A;Family=13335	0.151068207751997	0.466885963339563	0.896750665347334	1
chr12:53064322;A|G;Family=13617	0.107582435640918	0.683720906566605	0.941766201378044	1
chr12:53327895;G|A;Family=12585	0.120321308393802	0.371449508109245	0.857646763404051	1
chr12:53977028;G|A;Family=12498	0.115379835565792	0.394336077603623	0.862777559697545	1
chr12:54532250;G|C;Family=13764	-0.199817390615936	0.617275239207454	0.927708006233402	1
chr12:55367547;A|C;Family=11575	-0.276520239349737	0.0550195082032052	0.543101173575695	1
chr12:55367558;A|C;Family=11575	-0.319409065317418	0.00124370108199492	0.0941508180795305	1
chr12:55555603;C|A;Family=14077	0.131353052613101	0.443677169733587	0.885860476942819	1
chr12:55751470;G|A;Family=14668	0.0333233741946773	0.803017684278632	0.963066009877218	1
chr12:55757313;A|C;Family=11573	-0.552938734940353	0.236377776227299	0.781215499719914	1
chr12:55821637;C|T;Family=11843	0.485579783328129	0.000277620521200094	0.0318636714332237	0.987773814429935
chr12:56037956;A|C;Family=11198	-0.2495692793737	0.312033311303713	0.815122072179474	1
chr12:56712871;A|G;Family=11198	0.201082509602693	0.428544091366804	0.878378169006588	1
chr12:57001546;T|C;Family=11933	-0.117707532031948	0.214741963433794	0.764607048059574	1
chr12:57028607;G|A;Family=12325	-0.0435698278416503	0.756654171986829	0.952116025265764	1
chr12:57028838;C|T;Family=13187	-0.0864377572931876	0.516844214680799	0.913526088748241	1
chr12:57235470;C|A;Family=11671	-0.165198520628617	0.324238461356306	0.826236675352672	1
chr12:57823411;G|T;Family=14158	0.0505381345255936	0.668994975770142	0.93790143566114	1
chr12:59779592;C|A;Family=14475	-0.00771740380275551	0.932217340028766	0.985079385214649	1
chr12:6122766;C|T;Family=14609	0.0246839948148282	0.854956676138082	0.976735411461456	1
chr12:61709191;T|A;Family=11552	-0.0926661139967966	0.820752161537888	0.967804860741248	1
chr12:62335564;A|G;Family=13929	0.00987940760076533	0.981820489112407	0.992701705104275	1
chr12:62405485;C|G;Family=11556	-0.547560462637314	0.172615449588188	0.740331577553253	1
chr12:62405921;T|G;Family=11653	0.297769596081818	0.463847228038447	0.896452165866809	1
chr12:62414589;G|A;Family=12550	-0.290494626223133	0.118581421671166	0.67566068905099	1
chr12:62501626;A|G;Family=11905	-0.197861345204987	0.0660887101199643	0.576400314095542	1
chr12:62561094;C|A;Family=12220	0.0659179070522926	0.893785954994803	0.980690219813665	1
chr12:62645630;T|A;Family=13616	-0.28435486217743	0.247533035557976	0.784352490465871	1
chr12:63146591;C|G;Family=14570	-0.736174638435633	0.0260502078872873	0.430514557403007	1
chr12:6329869;G|T;Family=14152	0.188328748702762	0.0675073617816732	0.580274252770134	1
chr12:64714808;G|C;Family=12929	0.329716988502801	0.449796827325059	0.89134987341498	1
chr12:64715064;G|C;Family=11931	-0.443162642640758	0.317454586957643	0.819668665018357	1
chr12:65466681;C|T;Family=11216	-0.238336670334481	0.432512211428697	0.87975556076471	1
chr12:6570170;T|C;Family=12891	0.252773448544672	0.513431014739644	0.913526088748241	1
chr12:66345813;C|T;Family=11781	-0.125495559249972	0.68047968961398	0.941766201378044	1
chr12:67311074;C|T;Family=13314	0.0873139886125864	0.72743644080326	0.946744615792166	1
chr12:67659038;C|T;Family=13010	0.577223033449197	0.0714017554332775	0.595931423824117	1
chr12:68661243;G|GA;Family=14188	-0.673819035013066	0.203959644993543	0.759303203591094	1
chr12:68667799;A|C;Family=14619	0.336547419393377	0.406514752583938	0.862777559697545	1
chr12:68765817;A|T;Family=12108	-0.228313703941858	0.180515263111292	0.745828095370187	1
chr12:68773240;T|C;Family=13694	0.408024049557655	0.379112251854468	0.860026573516096	1
chr12:68777610;C|A;Family=13565	0.10857505380763	0.635410011589806	0.931507626906394	1
chr12:68839652;G|A;Family=11947	0.0481696251193637	0.666058600850265	0.93790143566114	1
chr12:68845263;G|A;Family=13560	0.516535609480563	0.320666236454833	0.821404225562487	1
chr12:68851407;C|T;Family=14123	-0.266829803425181	0.469469624246981	0.897881562972312	1
chr12:69353396;A|T;Family=14551	-0.0958607977719245	0.800079879131048	0.963066009877218	1
chr12:69575266;T|G;Family=11424	-0.185015146382235	0.542217026663364	0.917436287142097	1
chr12:69683242;T|C;Family=13012	0.135403887799262	0.836243529799326	0.972294251213798	1
chr12:69683587;A|T;Family=13012	-0.17623001476057	0.128445004675695	0.6909393285005	1
chr12:6976750;A|G;Family=11892	-0.27080332325149	0.267885585581734	0.788163537075341	1
chr12:6977262;C|G;Family=14036	0.118338082774478	0.295659936817013	0.805127032018295	1
chr12:6981145;C|T;Family=12669	-0.24165945091326	0.144094418689273	0.703505581249478	1
chr12:70432230;C|T;Family=14346	-0.134062866223034	0.464912223069774	0.896750665347334	1
chr12:70433211;A|C;Family=11644	0.0779141507367247	0.840285974857843	0.972500282796032	1
chr12:71786240;A|G;Family=13216	-0.34922785558545	0.50175996755518	0.906683635158332	1
chr12:71791230;A|G;Family=12290	0.00287921102121459	0.983837930774141	0.993174449681853	1
chr12:74540835;C|T;Family=11678	-0.0518681453653258	0.867171362474368	0.97795435638332	1
chr12:75277651;G|C;Family=13057	-0.0930645145247696	0.732528824767982	0.946744615792166	1
chr12:75432182;T|C;Family=11981	-0.534105914492295	0.234106697062312	0.778380003137381	1
chr12:75500348;A|C;Family=11167	-0.79496178126368	0.0542000357046838	0.543101173575695	1
chr12:76044822;T|C;Family=11042	0.288165210729906	0.306643719303896	0.809643425403248	1
chr12:76047956;A|AT;Family=11520	0.566222821196112	0.139273682264165	0.703505581249478	1
chr12:79451261;G|A;Family=13537	0.467631941095375	0.144141531402718	0.703505581249478	1
chr12:79592274;C|T;Family=14561	0.0422819866154154	0.929505876468743	0.985079385214649	1
chr12:79774887;C|G;Family=12645	-0.0865423168867861	0.853024411069358	0.975889816093081	1
chr12:80679096;C|T;Family=11086	-0.0257610911374093	0.910071424810848	0.985079385214649	1
chr12:83132643;A|G;Family=14022	-0.0611241823139819	0.743423906637996	0.948050545930121	1
chr12:85958506;T|C;Family=12201	0.383311631016984	0.285645372868346	0.799369350443891	1
chr12:85960376;A|G;Family=13874	0.181995399664352	0.38419018774728	0.861906060273217	1
chr12:85964312;T|G;Family=12682	1.2768372935824	0.014124481437211	0.337281241299307	1
chr12:85968103;G|T;Family=11056	-0.215613759621518	0.577493826009153	0.918169230061666	1
chr12:88093626;TTTTA|T;Family=12238	-0.9026610186531	0.0392894865151791	0.483886018423909	1
chr12:89421060;G|A;Family=13903	-0.230168519580369	0.240693661397648	0.784352490465871	1
chr12:916707;C|CA;Family=11201	-0.0842643741279014	0.547226335746973	0.917436287142097	1
chr12:926902;AAGAG|A;Family=14501	0.189056174729259	0.103424062632246	0.653610683562221	1
chr12:927165;G|A;Family=13965	0.156563965552869	0.287612036114749	0.801977762144417	1
chr12:92775906;A|G;Family=13998	-0.188754832458076	0.660914925324184	0.936311658757104	1
chr12:93512803;G|A;Family=11946	-0.0910121564091048	0.8660234910213	0.97795435638332	1
chr12:95934176;A|G;Family=14386	-0.424635364533785	0.180838603145431	0.745828095370187	1
chr12:9716586;T|C;Family=11417	-0.0789826177141948	0.565961228549914	0.917436287142097	1
chr12:9754370;A|G;Family=12494	-0.333736780244383	0.429598450292636	0.879267155823192	1
chr13:101722669;G|A;Family=12972	0.18769275613802	0.436096799734168	0.88121482608959	1
chr13:108307449;CT|C;Family=14603	0.408476220364527	0.479841601810179	0.897881562972312	1
chr13:109207141;C|T;Family=14456	-0.537606222891499	0.123122951530915	0.683988500931723	1
chr13:112910075;T|C;Family=11305	0.142107454277723	0.496736975929259	0.905104323336513	1
chr13:112917269;C|T;Family=12869	-0.0152550759206322	0.917349016086563	0.985079385214649	1
chr13:112956885;A|G;Family=14165	-0.332072094495432	0.010177827432505	0.306550751327494	1
chr13:113090030;C|T;Family=11099	0.107045467443646	0.106198816416848	0.658387742298133	1
chr13:113816042;G|T;Family=14358	0.00507761026618386	0.978414539431584	0.992286952548644	1
chr13:113816271;A|C;Family=12964	-0.260412626144095	0.171835063807645	0.740331577553253	1
chr13:113816283;G|T;Family=12964	-0.0532081465788923	0.769791573249815	0.956642777064864	1
chr13:20138542;C|T;Family=14370	0.228769775695684	0.399261743148681	0.862777559697545	1
chr13:20141428;G|A;Family=14484	0.133163432444165	0.470800029922417	0.897881562972312	1
chr13:20780589;G|C;Family=11089	-0.192774646252484	0.710051908545395	0.946124826701462	1
chr13:21154518;C|G;Family=13869	0.383941644386485	0.0706457973534847	0.592824874961553	1
chr13:21158043;T|C;Family=14097	-0.239338042320356	0.481918465736369	0.897881562972312	1
chr13:21492794;T|C;Family=13070	0.205473539345991	0.616340740453715	0.927708006233402	1
chr13:25249228;G|A;Family=14315	0.193049231024022	0.54469456444723	0.917436287142097	1
chr13:25341928;C|T;Family=11497	0.224950467004793	0.636222603220003	0.931507626906394	1
chr13:29509496;G|A;Family=14577	0.157314735548104	0.699955359711714	0.944431143103811	1
chr13:30459362;G|C;Family=11509	-0.157520144872009	0.476056975796321	0.897881562972312	1
chr13:32517549;A|T;Family=11114	-0.0935418515804498	0.868031948636626	0.97795435638332	1
chr13:32776757;A|G;Family=14687	-0.0954807093775643	0.797193664259413	0.963066009877218	1
chr13:36847210;G|A;Family=13034	-0.318376141390527	0.158329940498941	0.718808823781816	1
chr13:39789275;A|G;Family=11194	-0.322756667099306	0.414095250874564	0.870444826908202	1
chr13:41129088;C|A;Family=13524	0.154575052511172	0.656483966076112	0.934692299736432	1
chr13:41252566;G|C;Family=13876	-0.119449303949358	0.673060019566262	0.939987145220056	1
chr13:42166660;A|T;Family=12680	-0.205033495726804	0.306546806313374	0.809643425403248	1
chr13:42233480;C|T;Family=14586	-0.477166449233979	0.0903667440683844	0.635424654931446	1
chr13:42235436;T|TA;Family=13163	-0.157408587628005	0.726588473784432	0.946744615792166	1
chr13:44022567;G|A;Family=11360	0.161958137528447	0.254487989085801	0.784352490465871	1
chr13:44434270;C|T;Family=13608	-0.164118533620107	0.275863566295836	0.793273046223266	1
chr13:45782571;C|T;Family=13162	-0.14856667263957	0.309518043990041	0.81274184539968	1
chr13:48263554;C|G;Family=12184	-0.166007604622087	0.37310704214226	0.857646763404051	1
chr13:48267396;G|T;Family=14084	-0.00883532695861944	0.953204176057694	0.990948508062706	1
chr13:49699807;G|A;Family=13621	-0.321062873391561	0.0676063177900355	0.580274252770134	1
chr13:50955833;A|G;Family=14633	0.0705023453229862	0.74181394615492	0.947337390317309	1
chr13:51374698;G|A;Family=14687	0.0405628455748426	0.817684304320227	0.967804860741248	1
chr13:51760323;C|G;Family=13649	-0.154387478822301	0.280478853262451	0.793351988600182	1
chr13:57726742;T|G;Family=12837	0.502387405957379	0.0198997643595743	0.407639696831664	1
chr13:66302882;G|A;Family=14681	-0.351011355664474	0.0410521061878131	0.491795938775215	1
chr13:67224268;A|T;Family=11152	-0.453307027955584	0.155386314105014	0.718808823781816	1
chr13:71440244;T|TGTAA;Family=14023	-0.103804728772018	0.223195585685772	0.770876892267304	1
chr13:72756094;T|TAAC;Family=14237	1.01264559722885	0.131042946505521	0.692794656265444	1
chr13:73077466;A|C;Family=13324	0.420547763424066	0.554657585654479	0.917436287142097	1
chr13:76880244;ATT|A;Family=11083	-0.165643612831804	0.700301643519715	0.944431143103811	1
chr13:77001351;C|T;Family=14432	0.757248169857057	0.267995282396795	0.788163537075341	1
chr13:77045036;G|A;Family=11010	-0.105216661570598	0.743801250271862	0.948050545930121	1
chr13:78600311;T|TA;Family=13534	0.325605231393163	0.532597060763331	0.915952881844742	1
chr13:78614347;A|C;Family=11544	0.0234038143927869	0.952533614144045	0.990948508062706	1
chr13:87683876;A|C;Family=13580	-0.104187294640308	0.722336727613535	0.946744615792166	1
chr13:94436896;G|T;Family=14007	-0.0667447078010374	0.842693448496216	0.972843377595567	1
chr13:94711191;C|T;Family=12014	-0.0821701358215773	0.461695152054394	0.896452165866809	1
chr13:95207885;T|C;Family=13023	-0.487274531102251	0.00601764458623417	0.223028952477304	1
chr13:95793362;G|A;Family=13932	0.249234985784199	0.10326829536594	0.653610683562221	1
chr13:97464506;A|G;Family=11433	-0.0140031981508426	0.908034909078058	0.984096316326448	1
chr13:98024108;C|T;Family=14291	0.390390870140529	0.348102286731255	0.840833629456757	1
chr13:98400083;C|T;Family=22161	-0.139333794786673	0.603943170177081	0.92582068052135	1
chr13:98404385;C|A;Family=12686	0.083231433725638	0.675759294938718	0.941037797022294	1
chr13:98452189;C|T;Family=11115	-0.339436249766903	0.3393655820695	0.83336368159844	1
chr13:98856517;C|T;Family=12375	-0.00569174242478263	0.957997920592751	0.991376697122829	1
chr13:99892578;C|T;Family=12308	0.113739782759368	0.748778436418493	0.950240458787522	1
chr14:100132753;GAGA|G;Family=14566	-0.0199333486914168	0.810635535935085	0.965981962023262	1
chr14:100139286;A|G;Family=14195	0.0411059200837798	0.758874961455739	0.952361552428824	1
chr14:100292534;C|T;Family=12851	0.326390118700676	0.0133061418777592	0.330230317159468	1
chr14:101562759;G|A;Family=14305	-0.0994643340161446	0.462639042428268	0.896452165866809	1
chr14:101927185;C|T;Family=14537	-0.181989455294019	0.667301215246324	0.93790143566114	1
chr14:102047898;A|C;Family=13094	0.181085543844635	0.183027991312939	0.747046119691074	1
chr14:102086072;G|C;Family=11812	0.221637433511328	0.180902092834309	0.745828095370187	1
chr14:102195033;T|C;Family=14215	0.00770117091211214	0.942809296821253	0.9857964832792	1
chr14:102210028;T|G;Family=13106	0.039137846685001	0.915213049584504	0.985079385214649	1
chr14:102213013;C|T;Family=14115	-0.161274229850552	0.17867509796155	0.744710035415237	1
chr14:102213969;G|C;Family=13375	-0.0705951507136897	0.490984609664687	0.900955696671293	1
chr14:102229211;T|C;Family=13206	-0.129425939329054	0.431717081030337	0.87975556076471	1
chr14:102506416;G|C;Family=12749	-0.0480115203505335	0.686294258759674	0.941766201378044	1
chr14:102906678;T|C;Family=13968	-0.175115381705037	0.46316298686348	0.896452165866809	1
chr14:102907234;C|T;Family=11333	-0.252616683974585	0.209459050898975	0.759841019511585	1
chr14:102910062;C|G;Family=12048	-0.170175438155404	0.424839158985753	0.875262146885529	1
chr14:102911499;C|T;Family=14450	0.144879623412916	0.406593402995478	0.862777559697545	1
chr14:102932637;G|A;Family=13552	0.0947598229831877	0.579344556998204	0.918280435435728	1
chr14:103342934;A|G;Family=12858	-0.761295040657183	0.0646553844547801	0.570828431489101	1
chr14:103704906;G|A;Family=14133	0.088382386327813	0.524484765836152	0.913867187485323	1
chr14:103705880;C|T;Family=13267	0.085680932950718	0.486926279273746	0.900099429583036	1
chr14:103734576;C|T;Family=14066	-0.0357852939587669	0.812974344340074	0.966837247925299	1
chr14:104112623;G|T;Family=12536	0.138224478894661	0.248724116199011	0.784352490465871	1
chr14:104721982;C|G;Family=12301	-0.0372893944584812	0.769260458072563	0.956334280161488	1
chr14:104747250;G|GT;Family=13316	-0.31120054826573	0.240947472753758	0.784352490465871	1
chr14:105049685;G|A;Family=11792	-0.140477467152203	0.319958227530052	0.821404225562487	1
chr14:105173014;TGGA|T;Family=14535	0.119959898055541	0.236203625173997	0.781215499719914	1
chr14:105470468;G|A;Family=14042	0.547830622410131	0.00691444034089612	0.235435681516952	1
chr14:19782641;G|A;Family=11730	0.437915844236883	0.115621384536824	0.671516268214465	1
chr14:19880987;T|G;Family=22364	-0.67438837147427	0.0385720603099552	0.483886018423909	1
chr14:20031416;G|T;Family=11498	-0.027006369168945	0.930229516053896	0.985079385214649	1
chr14:20700952;C|T;Family=13309	-0.147007323247288	0.268898190327405	0.788910953686997	1
chr14:20994001;G|A;Family=11494	-0.113148535264737	0.810686379595689	0.965981962023262	1
chr14:20996199;G|A;Family=13621	-0.0891728042281299	0.802109627502284	0.963066009877218	1
chr14:22774371;G|A;Family=12300	0.132685127822246	0.589967695348813	0.919264071705076	1
chr14:22887622;G|A;Family=13750	-0.0991768377102944	0.664242011651155	0.93790143566114	1
chr14:22900579;T|C;Family=13250	-0.0362400475634763	0.892296935830999	0.980690219813665	1
chr14:22901745;A|C;Family=12955	0.229472785513067	0.219235195455529	0.766246390403511	1
chr14:22972415;T|C;Family=12775	-0.308053026813995	0.0307579070935803	0.46107748873794	1
chr14:23043475;C|T;Family=14348	0.165068175018906	0.669205474538613	0.93790143566114	1
chr14:23300858;C|T;Family=13508	-0.0929330474633232	0.206226807926513	0.759303203591094	1
chr14:23530131;G|A;Family=11328	0.143977009380641	0.33379473555256	0.831398706367727	1
chr14:24075435;C|T;Family=14339	-0.134127192281262	0.325027650079708	0.826256524091116	1
chr14:24119799;G|A;Family=12501	0.0785707626518386	0.547548620322739	0.917436287142097	1
chr14:24123924;G|A;Family=14349	0.180543948948599	0.297478331841604	0.805679902138417	1
chr14:24187426;C|T;Family=11028	0.0447127608520037	0.689742391127624	0.941766201378044	1
chr14:30619431;CAT|C;Family=13412	-0.341028059335346	0.26707481134415	0.788163537075341	1
chr14:30889794;G|A;Family=14587	-0.225746585041519	0.466986882167866	0.896750665347334	1
chr14:31073045;A|G;Family=11645	-0.35325895411679	0.214890510421262	0.764607048059574	1
chr14:31446717;C|T;Family=12014	-0.0914505940861381	0.760359658168107	0.952361552428824	1
chr14:33680780;A|C;Family=11800	0.15202222582778	0.228815074137517	0.775034379582612	1
chr14:33803547;G|A;Family=12697	-0.211632071747393	0.556721888284824	0.917436287142097	1
chr14:35050255;C|T;Family=14675	-0.125089860622338	0.397016270263168	0.862777559697545	1
chr14:35099374;T|C;Family=13600	-0.133864594891054	0.548037373136812	0.917436287142097	1
chr14:35871556;G|A;Family=14376	0.175770196999485	0.0720154463101122	0.596591896243479	1
chr14:36677286;A|G;Family=11303	0.501920736253085	0.0643204100427214	0.569283629184086	1
chr14:39182369;T|A;Family=14270	0.375766415224827	0.214737585196407	0.764607048059574	1
chr14:45200776;A|C;Family=14568	0.159134123454263	0.612740387527014	0.927372648564035	1
chr14:49783018;G|A;Family=12692	0.0167430078161223	0.923280121720448	0.985079385214649	1
chr14:49786048;G|A;Family=12681	-0.190247441882081	0.12642546871772	0.686750866713965	1
chr14:50330962;C|T;Family=13023	0.0717266723491037	0.877957560861094	0.980690219813665	1
chr14:51254398;C|T;Family=12020	-0.0818942307014037	0.666391680322299	0.93790143566114	1
chr14:52005391;C|T;Family=13718	-0.0750812542964769	0.72323919164806	0.946744615792166	1
chr14:52009877;C|T;Family=11089	-0.198022344695891	0.1698009101378	0.738647052504738	1
chr14:52707428;C|G;Family=13903	0.159987616305469	0.256441685079621	0.784352490465871	1
chr14:52771440;T|G;Family=14081	0.238773650664238	0.577222428576469	0.918169230061666	1
chr14:53040793;G|A;Family=14412	0.0992867899028983	0.692010587585912	0.941766201378044	1
chr14:54424277;A|G;Family=11721	-0.262465661935433	0.383604787783383	0.861906060273217	1
chr14:54789343;G|A;Family=12225	0.0354550240365796	0.78545258718071	0.959368453549251	1
chr14:54790002;G|C;Family=11107	0.0839724622011138	0.454823973391162	0.895567628224711	1
chr14:54792246;G|A;Family=14110	-0.266059645083809	0.209500854452183	0.759841019511585	1
chr14:55046970;C|T;Family=14640	0.289184526762844	0.268037627841811	0.788163537075341	1
chr14:55066791;A|G;Family=14210	-0.381967163033117	0.124079640668243	0.684457924802492	1
chr14:55069842;TC|T;Family=12396	-0.122508807006332	0.685496704424887	0.941766201378044	1
chr14:55368655;T|A;Family=13047	0.363284112050724	0.23235620686316	0.775537883695238	1
chr14:56609267;A|G;Family=12161	0.0620837029699789	0.667942530294012	0.93790143566114	1
chr14:57206134;G|A;Family=12132	-0.0761296107821537	0.588495895041731	0.919264071705076	1
chr14:59369246;C|CA;Family=14606	0.0696946403422976	0.857954304590577	0.976735411461456	1
chr14:60644825;T|G;Family=13007	-0.447306743988131	0.0702702662112155	0.591067629265968	1
chr14:60710671;G|A;Family=13305	0.226890996305888	0.426371895397333	0.875912277384754	1
chr14:61550781;A|G;Family=13005	0.342558342882646	0.202338367263906	0.759303203591094	1
chr14:62081161;C|T;Family=13012	-0.183273749297735	0.169554528936964	0.738647052504738	1
chr14:63373754;G|A;Family=11897	0.0971498549668272	0.734957553877888	0.946744615792166	1
chr14:64471001;G|C;Family=12346	0.710796912694974	0.00608983718572011	0.22337773924528	1
chr14:64481638;C|G;Family=13630	-0.179002460642542	0.518009991561917	0.913526088748241	1
chr14:64587318;G|A;Family=11804	-0.155465202470547	0.425885162446161	0.875895611551121	1
chr14:64744664;G|A;Family=11520	0.601559328595717	0.144116635398087	0.703505581249478	1
chr14:64947292;C|T;Family=12073	-0.25443929531695	0.0529792755067283	0.540802740116984	1
chr14:67333928;G|A;Family=13884	0.0138460946928225	0.980742151991443	0.992393646307879	1
chr14:67471834;G|A;Family=12481	0.0405819809814756	0.891369299063075	0.980690219813665	1
chr14:67471937;C|T;Family=11505	-0.0201202231650746	0.859870569418959	0.977762699262593	1
chr14:67588167;C|T;Family=12780	-0.0987103245709526	0.645134115802916	0.931507626906394	1
chr14:67762324;C|T;Family=12451	0.118730111058958	0.376465406522135	0.859641646193955	1
chr14:67783324;C|T;Family=11933	-0.0170533595134845	0.87058458717909	0.978794431444732	1
chr14:69349262;G|T;Family=12507	0.0737805424437555	0.484839773093368	0.898468704513648	1
chr14:69458622;C|T;Family=11117	-0.019511539804164	0.899208239278145	0.981104849847175	1
chr14:69528683;G|A;Family=11775	0.124514618385194	0.439817974208737	0.882612719816517	1
chr14:69714507;C|T;Family=13961	-0.190362171596913	0.201557130704149	0.759303203591094	1
chr14:69714839;G|C;Family=13709	-0.0712624281867409	0.6101829041945	0.927167442816425	1
chr14:70051018;G|A;Family=13618	0.174932226712242	0.107011387900494	0.658387742298133	1
chr14:70672191;A|G;Family=13271	-0.308319888276782	0.0594990284754639	0.548439231387825	1
chr14:70672279;A|G;Family=14165	0.188659184610105	0.580706913878994	0.918280435435728	1
chr14:71741218;T|C;Family=14463	0.449027027996903	0.176958222535973	0.744599654986115	1
chr14:72951816;C|T;Family=14216	-0.0406281837031475	0.719272818391629	0.946744615792166	1
chr14:72957270;A|G;Family=11775	0.369379821092033	0.0794960209761434	0.61517767928228	1
chr14:72970085;C|T;Family=11051	0.0247586277931866	0.824653537799396	0.968995141179078	1
chr14:73219147;C|T;Family=12304	0.288278974363221	0.369784181530738	0.857646763404051	1
chr14:73219800;A|G;Family=14084	-0.274717840655457	0.426385628001797	0.875912277384754	1
chr14:73264024;T|C;Family=14378	0.0200750165055432	0.878696167624546	0.980690219813665	1
chr14:74199900;A|G;Family=14234	-0.363407277580265	0.039747158382659	0.485980720018903	1
chr14:74675817;G|A;Family=11462	-1.02546221187415	7.55010161994371e-07	0.000268632615637597	0.00268632615637597
chr14:74905829;C|T;Family=14342	-0.0334965809311928	0.733011881715447	0.946744615792166	1
chr14:75014738;C|G;Family=11382	-0.480644273904509	0.036277747021839	0.474976440926409	1
chr14:76501674;T|C;Family=13568	0.178909595561574	0.70049291361747	0.944431143103811	1
chr14:76780525;A|G;Family=12674	-0.00237341366609112	0.986732084991367	0.993364199260465	1
chr14:76788186;G|C;Family=11924	-0.210898216463605	0.402845808703279	0.862777559697545	1
chr14:77131926;A|G;Family=11366	-0.0447308574548348	0.73527787119182	0.946744615792166	1
chr14:77275778;G|A;Family=11110	-0.654045665623528	0.0114447924217232	0.32317913838485	1
chr14:77331556;C|T;Family=13621	-0.179871071814972	0.403761034658967	0.862777559697545	1
chr14:77672418;A|G;Family=12015	0.241034719267172	0.562188212368559	0.917436287142097	1
chr14:80198034;C|T;Family=11108	-0.490823047065481	0.0555157381952437	0.543101173575695	1
chr14:81472756;T|C;Family=12426	-0.554873920213253	0.143265945486158	0.703505581249478	1
chr14:85638868;A|C;Family=14172	0.474398797830012	0.507402670576322	0.911971572282018	1
chr14:85639167;T|A;Family=13705	-0.267475504404644	0.390462723006984	0.862777559697545	1
chr14:85640939;T|C;Family=12407	-0.108040399216912	0.527512158046413	0.914467684310863	1
chr14:85645330;G|A;Family=13901	0.0215905532876176	0.941865179592766	0.985733612163822	1
chr14:85645691;A|C;Family=14344	0.0108741223705782	0.977628631407983	0.992286952548644	1
chr14:87941540;C|T;Family=11107	0.783296755092357	0.155094743197982	0.718808823781816	1
chr14:88465931;AATT|A;Family=11366	-0.104022392450294	0.66736921118081	0.93790143566114	1
chr14:88467813;C|G;Family=14590	0.106708751456052	0.690349421824016	0.941766201378044	1
chr14:90043800;G|A;Family=13335	-0.0503037704905059	0.799403533114456	0.963066009877218	1
chr14:90533760;G|C;Family=14268	0.0535108698156892	0.558338879182794	0.917436287142097	1
chr14:90538579;G|A;Family=14394	-0.0515940153253612	0.827118762183508	0.969969860200699	1
chr14:92045541;A|C;Family=12892	-0.232788643391339	0.06358811744986	0.564205790240902	1
chr14:92047191;C|T;Family=14135	0.37626521202832	0.192332923882973	0.752043382342293	1
chr14:92053999;A|G;Family=11164	0.134847128941023	0.405274464474129	0.862777559697545	1
chr14:92054370;G|C;Family=12099	-0.182468325093951	0.389049757384758	0.862777559697545	1
chr14:93227678;G|C;Family=14006	0.451644567606001	0.261429002661567	0.787012963356415	1
chr14:93720913;C|A;Family=14227	-0.119413328529309	0.402727346412109	0.862777559697545	1
chr14:94039397;GACAA|G;Family=14096	-0.0886555595926936	0.408135826896351	0.862777559697545	1
chr14:94569714;G|A;Family=11310	-0.100036265947049	0.52957250532935	0.915761508216626	1
chr14:95185595;A|G;Family=11201	-0.108531642652295	0.433759052996129	0.880504376503342	1
chr14:96243117;G|GA;Family=14404	0.127211502131864	0.398877839629556	0.862777559697545	1
chr14:96385707;G|A;Family=11526	-0.238131256579576	0.417852660022262	0.870444826908202	1
chr14:99501572;T|C;Family=14618	-0.129758040608245	0.301643818812738	0.807515158412918	1
chr14:99508667;G|C;Family=14525	-0.229662047365403	0.0886977200030426	0.629913149243165	1
chr14:99940981;T|G;Family=11575	-0.0140864480240772	0.960398812208007	0.99138240818133	1
chr15:100567287;C|T;Family=14290	0.132037990398794	0.693872976724272	0.941766201378044	1
chr15:100915213;C|G;Family=14525	0.0286818232212133	0.831298688315696	0.971349994426025	1
chr15:101027693;G|A;Family=12036	-0.137769887688926	0.559288650971669	0.917436287142097	1
chr15:101029230;C|T;Family=13822	0.457853863727082	0.00288093463427678	0.165328474657368	1
chr15:101068817;G|A;Family=12550	-0.066796200712833	0.815468624020223	0.967596226886406	1
chr15:101069279;G|T;Family=14260	0.230991190106601	0.0929656921673804	0.636980633972185	1
chr15:101177327;C|T;Family=14043	0.0749991325983913	0.868235267869254	0.97795435638332	1
chr15:101270931;G|C;Family=12796	-0.098884124001598	0.617238559968628	0.927708006233402	1
chr15:101271238;C|T;Family=14047	0.299897433079557	0.573551285660015	0.918169230061666	1
chr15:101346652;G|A;Family=13532	0.0276887383768635	0.838569861075051	0.972500282796032	1
chr15:22827571;A|G;Family=13624	-0.0204148722617633	0.937619862870936	0.985079385214649	1
chr15:23441288;T|A;Family=14697	-0.47678401411457	0.00116416290921391	0.0920464806885132	1
chr15:23567590;T|G;Family=12925	0.0437872110003093	0.900796170777774	0.981227054381368	1
chr15:24982024;C|T;Family=14272	0.322747686911289	0.0179781177392134	0.383030795904918	1
chr15:25334715;T|C;Family=12162	0.0716674753030799	0.619276533472504	0.927708006233402	1
chr15:25677943;G|A;Family=14245	-0.108022996922762	0.232062652863554	0.775285369848379	1
chr15:25679685;C|T;Family=12132	-0.00789047208236049	0.960090903770663	0.99138240818133	1
chr15:25680190;T|C;Family=14465	-0.1571378345473	0.262739309223512	0.787012963356415	1
chr15:26583387;C|T;Family=12573	0.0269272519144215	0.892054222196497	0.980690219813665	1
chr15:27535641;C|CA;Family=13634	0.342840515273861	0.0300937719632936	0.46107748873794	1
chr15:28260857;G|A;Family=14243	-0.11519692080078	0.180773305063902	0.745828095370187	1
chr15:28269371;A|C;Family=11469	-0.313732851273881	0.00744936010527904	0.241228963776199	1
chr15:29121091;G|A;Family=12246	0.0186405123906515	0.879352563209099	0.980690219813665	1
chr15:32638104;T|C;Family=14070	-0.0491204145726119	0.907632259226214	0.983959652141032	1
chr15:32768823;G|A;Family=13673	-0.0226724315372349	0.95536488962381	0.990948508062706	1
chr15:32770748;C|A;Family=11380	0.147859441681042	0.650161919370363	0.932590885374887	1
chr15:34228531;C|G;Family=11484	-0.430830752125517	0.0589569047348586	0.548247580109484	1
chr15:34904362;T|G;Family=13050	-0.549476853073402	0.282804369038227	0.795909601033559	1
chr15:34980804;A|G;Family=14620	0.0237475109251116	0.9566554625968	0.991199806616021	1
chr15:40091406;A|G;Family=14446	0.0370033894053937	0.771662172047374	0.956979438182139	1
chr15:40272478;G|A;Family=11368	0.251152818525756	0.179182541236527	0.744779768363976	1
chr15:40324948;T|G;Family=11014	0.0890655429127059	0.748613358578114	0.950240458787522	1
chr15:40375689;C|G;Family=13585	-0.0463291131616682	0.701407907340119	0.944445205210929	1
chr15:40663005;G|T;Family=12716	-0.0635041499667526	0.886619922866105	0.980690219813665	1
chr15:40736463;C|A;Family=11578	-0.166118078978363	0.465800993006522	0.896750665347334	1
chr15:40765303;A|C;Family=11220	-0.203881514518408	0.479688900546731	0.897881562972312	1
chr15:40767256;C|T;Family=13544	-0.144366817234228	0.155924185138285	0.718808823781816	1
chr15:40814773;C|T;Family=13948	-0.124075613355963	0.303978593520521	0.808012965697486	1
chr15:41280038;A|G;Family=12656	0.0291697783815879	0.915054820682189	0.985079385214649	1
chr15:41898395;T|G;Family=11257	-0.344628474882235	0.382368742140795	0.861358140023387	1
chr15:42239720;C|T;Family=14118	0.353992102771721	0.29517616636102	0.805127032018295	1
chr15:42352520;C|T;Family=12510	0.0716307169004007	0.512086722494694	0.912370835571417	1
chr15:42355683;T|C;Family=12858	0.0750085366293149	0.641567076819886	0.931507626906394	1
chr15:42567837;C|T;Family=13888	0.0753104311143142	0.681402286300276	0.941766201378044	1
chr15:42569418;C|T;Family=14385	-0.00301719272633039	0.98884098270205	0.993588313034141	1
chr15:42718825;G|A;Family=11339	-0.131865915418715	0.226173822706578	0.772860595019102	1
chr15:42728672;CT|C;Family=12622	0.0497044081290899	0.62919004288176	0.931507626906394	1
chr15:45691267;A|G;Family=12826	0.292136176547967	0.541790180322004	0.917436287142097	1
chr15:48460268;G|A;Family=11018	-0.20463341140777	0.268714305299813	0.788910953686997	1
chr15:48989689;A|G;Family=11364	0.473534973730929	0.201397549373518	0.759303203591094	1
chr15:49859538;T|C;Family=12759	-0.220710020790534	0.486984654847483	0.900099429583036	1
chr15:50499413;T|C;Family=11030	-0.352134684518805	0.400853899653043	0.862777559697545	1
chr15:50501626;A|G;Family=12161	-0.234086262132349	0.605326799854181	0.927142812690993	1
chr15:50561366;T|C;Family=13998	-0.626541305599805	0.0455327241616787	0.50980496461265	1
chr15:51208400;C|T;Family=11551	0.0812388289450991	0.650520787037794	0.932590885374887	1
chr15:52121290;C|T;Family=12108	0.0638546473021275	0.620706162533814	0.927708006233402	1
chr15:52229152;C|T;Family=11329	-0.0957894948060098	0.515964130764266	0.913526088748241	1
chr15:52383145;G|C;Family=14068	-0.0929632677436429	0.657016706475778	0.934692299736432	1
chr15:53514080;G|A;Family=14209	-0.785252045161525	0.00488256644166539	0.202001993016808	1
chr15:55359693;G|A;Family=12563	0.0394567876762722	0.890000181181878	0.980690219813665	1
chr15:55539177;C|T;Family=11079	0.447790077775423	0.55332421214579	0.917436287142097	1
chr15:55613938;G|A;Family=12021	-0.568832282282413	0.00394213293065118	0.187014786230092	1
chr15:56088533;TTTTG|T;Family=11181	-0.428399075352051	0.266528943549933	0.788163537075341	1
chr15:56093321;G|A;Family=13684	-0.231244111628812	0.378490496555686	0.859641646193955	1
chr15:56396701;G|C;Family=12906	0.364559084665892	0.143482678993736	0.703505581249478	1
chr15:56397396;T|G;Family=12906	-0.0045972850446343	0.985767422704916	0.993364199260465	1
chr15:56398111;T|A;Family=12906	0.380829662641937	0.253502223563028	0.784352490465871	1
chr15:56653398;A|C;Family=12572	0.330981021498159	0.0276098973784864	0.446527340330248	1
chr15:57547895;A|G;Family=12648	0.0203740566604092	0.898552590385764	0.980690219813665	1
chr15:58590855;AACC|A;Family=14608	-0.068620753346117	0.886168409996038	0.980690219813665	1
chr15:59132694;T|C;Family=13169	-0.202172451477302	0.129389395918463	0.692281910793822	1
chr15:59134897;T|G;Family=14109	-0.396941091429982	0.0949163324630762	0.636980633972185	1
chr15:59137358;A|G;Family=11246	-0.180988163048311	0.407398190993157	0.862777559697545	1
chr15:60422471;T|A;Family=13916	-0.238316832512939	0.19361958449515	0.752043382342293	1
chr15:60423023;T|C;Family=12246	-0.173820596655594	0.358606680863937	0.846828783267143	1
chr15:60451608;A|G;Family=12802	0.577257659664018	0.382278457879241	0.861358140023387	1
chr15:62069453;C|T;Family=14228	-0.142514953773005	0.249013579345086	0.784352490465871	1
chr15:63322397;C|T;Family=11546	-0.728823951315271	0.193321317849799	0.752043382342293	1
chr15:63599874;T|G;Family=13258	-0.234326626238298	0.221401858612135	0.768749594249976	1
chr15:63600869;A|G;Family=13082	-0.119231513422332	0.497908633212096	0.905104323336513	1
chr15:63601973;A|C;Family=14038	-0.293264607766114	0.0241741575553437	0.423702722078389	1
chr15:64168554;G|T;Family=14004	0.336162330726706	0.204920005316008	0.759303203591094	1
chr15:64424311;G|C;Family=14304	0.248582569359241	0.433743320146257	0.880504376503342	1
chr15:64503001;T|C;Family=13026	0.115117402137329	0.398045027013574	0.862777559697545	1
chr15:64866999;C|T;Family=11998	0.202642388172093	0.495632393237531	0.905104323336513	1
chr15:65577405;C|CG;Family=14244	-0.016863629222183	0.932241980226915	0.985079385214649	1
chr15:65577406;A|C;Family=14244	0.0522281125187264	0.635978516810216	0.931507626906394	1
chr15:65661399;C|T;Family=13649	0.575134607070572	0.298018375242545	0.805679902138417	1
chr15:65896118;C|G;Family=12161	-0.0186976612746598	0.938242440481332	0.985079385214649	1
chr15:65906121;G|A;Family=12056	-0.0809229642852094	0.803185998929293	0.963066009877218	1
chr15:66337167;T|C;Family=12238	-0.251109292261153	0.0759138338213255	0.605608566673265	1
chr15:66553131;C|T;Family=14675	0.0320811075121412	0.871178416223771	0.978794431444732	1
chr15:66781212;G|A;Family=14671	-0.0131569994006536	0.939690979986958	0.985079385214649	1
chr15:67373445;T|C;Family=14523	1.84541370066975	1.71443813193193e-07	8.71424410487688e-05	0.000609997087341382
chr15:67373521;GT|G;Family=12548	0.909876777555842	0.000871747150587046	0.0741868236468613	1
chr15:67501603;C|A;Family=12532	-0.187044616785032	0.64656243548737	0.931507626906394	1
chr15:67530050;T|C;Family=14596	-0.0961611374181438	0.38833996925819	0.862777559697545	1
chr15:68779354;T|TG;Family=14207	-0.577156046099069	0.0918959293228133	0.636980633972185	1
chr15:69270974;G|A;Family=14464	0.434941859805628	0.106436223553248	0.658387742298133	1
chr15:70049346;C|T;Family=13977	0.0570175152970356	0.67052054746938	0.938887094803642	1
chr15:71959179;C|T;Family=11445	-0.268199209897573	0.540509550901152	0.917436287142097	1
chr15:72141795;AAGATT|A;Family=13776	-0.14756442169956	0.575344525662528	0.918169230061666	1
chr15:72208624;C|T;Family=12795	0.192889761232303	0.211350495686738	0.763436612846104	1
chr15:72593154;T|A;Family=13763	0.156820699331298	0.636215276287732	0.931507626906394	1
chr15:72756402;A|C;Family=14428	0.0853481333045307	0.489717413312987	0.90093824021076	1
chr15:72774997;T|C;Family=12704	-0.253479783631329	0.0591700592360995	0.548247580109484	1
chr15:73739396;G|A;Family=13166	0.244860082004708	0.0316535515094366	0.463470519631998	1
chr15:73946452;T|A;Family=14240	0.00623702091182943	0.97138860176988	0.991710225412957	1
chr15:73981283;G|A;Family=14342	0.10564745616996	0.417303244366801	0.870444826908202	1
chr15:73981895;G|A;Family=14458	0.0738701366848907	0.613556833816678	0.927372648564035	1
chr15:74630849;G|C;Family=11731	-0.00887292875320539	0.955150117613064	0.990948508062706	1
chr15:74803022;T|C;Family=12492	-0.00661256734999488	0.968969059839969	0.991710225412957	1
chr15:74845146;GA|G;Family=14257	-0.0468415249194082	0.674098771173187	0.939987145220056	1
chr15:74901292;G|A;Family=14290	0.106457019451216	0.396280442780306	0.862777559697545	1
chr15:75355796;C|T;Family=13122	0.116021447352446	0.508544289470889	0.911971572282018	1
chr15:75370263;G|A;Family=11504	0.0614103112175324	0.845355520314756	0.97423553494761	1
chr15:75463370;A|G;Family=14482	0.200787502598914	0.373370471504383	0.857646763404051	1
chr15:76728599;C|T;Family=14558	0.127684560611418	0.555807631540503	0.917436287142097	1
chr15:77007986;G|A;Family=12279	-0.124200046781857	0.411532500292409	0.866954374029965	1
chr15:77107216;T|C;Family=12618	0.141997899153696	0.276249088786027	0.793273046223266	1
chr15:78163484;A|G;Family=14436	-0.109256015727302	0.855404978429744	0.976735411461456	1
chr15:78478334;C|T;Family=13364	0.0114884982255449	0.967346535130923	0.991710225412957	1
chr15:78490631;A|G;Family=13557	0.559673494903685	0.179786977748569	0.745828095370187	1
chr15:78536282;C|G;Family=11303	0.0709008271483967	0.692560889024525	0.941766201378044	1
chr15:78594137;CTTACT|C;Family=22349	0.102054096948713	0.629715417215036	0.931507626906394	1
chr15:78925354;A|G;Family=11963	-0.184836591005624	0.209436473074673	0.759841019511585	1
chr15:79295340;G|A;Family=11989	0.176763659773121	0.295151888324612	0.805127032018295	1
chr15:79845082;C|T;Family=22249	0.772206519510839	0.0489055141498409	0.523263449021235	1
chr15:81303649;C|T;Family=14369	0.12871403458523	0.485425166462672	0.898577101578003	1
chr15:82043046;G|A;Family=14351	-0.190028237847196	0.0990032186546972	0.649388719216079	1
chr15:82687129;TGAA|T;Family=13394	0.241139171895178	0.370258999675593	0.857646763404051	1
chr15:82842933;T|C;Family=13673	-0.0825774681712954	0.768918368499582	0.956334280161488	1
chr15:83017414;C|T;Family=12588	0.441900701646727	0.370777457521305	0.857646763404051	1
chr15:83138723;C|T;Family=13191	0.190294929282681	0.637908059124073	0.931507626906394	1
chr15:83139026;G|C;Family=11235	0.644853293469678	0.165858260024629	0.730351100454987	1
chr15:84802623;C|T;Family=11729	-0.380137652091312	0.0917038523649554	0.636980633972185	1
chr15:84804014;A|G;Family=13466	0.0506586745260596	0.892341549384266	0.980690219813665	1
chr15:84806138;A|G;Family=11203	-0.454858326089286	0.0159979359169684	0.360257316408693	1
chr15:86909044;C|A;Family=13724	0.100361983785539	0.511761710872243	0.912248580803326	1
chr15:86910332;A|T;Family=14254	0.282977807588632	0.279287523263558	0.793351988600182	1
chr15:87861035;T|G;Family=14410	-0.474260690998214	0.138772895053536	0.703505581249478	1
chr15:87874420;G|A;Family=11458	0.107681846834547	0.191364822306344	0.752043382342293	1
chr15:88480591;A|T;Family=14635	-0.0107332629372011	0.950783459120082	0.990886803617238	1
chr15:89195431;G|A;Family=14575	-0.0295609630661636	0.81412152748291	0.966837247925299	1
chr15:89202100;G|A;Family=14536	0.975277818192696	0.245085093307378	0.784352490465871	1
chr15:89326709;ACTCCTC|A;Family=14565	0.123634692247934	0.58364591625631	0.918280435435728	1
chr15:89681678;C|T;Family=13484	0.0899578917522063	0.646369113169299	0.931507626906394	1
chr15:89682026;G|C;Family=11411	0.262591279278349	0.216761615379573	0.764841029427907	1
chr15:89833427;A|T;Family=11456	0.131584456570048	0.505291678457322	0.909831878517789	1
chr15:89834264;A|T;Family=13666	0.0782425360167675	0.509444972830062	0.911971572282018	1
chr15:90273069;G|T;Family=14633	-0.18531129017205	0.289113602330133	0.80442365911672	1
chr15:90365138;GA|G;Family=13589	-0.33014565418673	0.238436586490766	0.784064117129524	1
chr15:90500172;T|G;Family=11047	0.185856990352193	0.0530466993538019	0.540802740116984	1
chr15:90883330;G|A;Family=Hou-etal:rs4702	0.227394938382104	0.467003600761971	0.896750665347334	1
chr15:91300272;G|A;Family=14344	-0.104676240466662	0.676037457023635	0.941048823939727	1
chr15:92618243;G|A;Family=11089	-0.181956995309618	0.274658420112665	0.793273046223266	1
chr15:92901779;A|C;Family=12687	0.226745575109828	0.379352232941806	0.860026573516096	1
chr15:92901780;T|A;Family=12687	0.272367204752777	0.157849788753267	0.718808823781816	1
chr15:93045173;G|A;Family=11627	-0.194043540714599	0.115944416733647	0.671516268214465	1
chr15:93045216;C|T;Family=13333	0.10537118185034	0.361500416766587	0.849549856575639	1
chr15:94481478;G|C;Family=13732	0.0240990659288733	0.888070316502475	0.980690219813665	1
chr15:94481988;A|G;Family=12483	0.0927824899765344	0.83584182471469	0.972294251213798	1
chr15:96338680;G|GT;Family=12493	-1.23688662928159	0.0732017653348553	0.598739956463023	1
chr15:98961301;G|A;Family=13914	-0.125607163207698	0.739727383896071	0.946744615792166	1
chr15:99713046;T|C;Family=11045	0.0011805829332512	0.99412420504547	0.996064595557449	1
chr15:99713868;T|C;Family=13628	-0.546766873705227	0.19320291106092	0.752043382342293	1
chr15:99715933;A|G;Family=13251	0.250143048944043	0.370589530819144	0.857646763404051	1
chr16:10528610;T|G;Family=12729	0.0115192438171154	0.981090858550433	0.992393646307879	1
chr16:10532068;C|T;Family=13234	-0.0572015698507505	0.65161860324344	0.932590885374887	1
chr16:10940794;C|T;Family=13850	0.0576192720703228	0.539367044936024	0.917436287142097	1
chr16:11372558;G|C;Family=14393	0.0392226596894613	0.725337115715905	0.946744615792166	1
chr16:11549237;CA|C;Family=11417	-0.0578716082851539	0.81612037011976	0.967596226886406	1
chr16:11871306;C|T;Family=13015	0.177636661708521	0.282512698487464	0.795909601033559	1
chr16:1213915;A|G;Family=14061	-0.00659048363659621	0.962614869617638	0.99138240818133	1
chr16:12569002;G|T;Family=14493	-0.363975047120456	0.0305805409414307	0.46107748873794	1
chr16:12569318;T|TGC;Family=12285	0.0298294923112713	0.786147590848511	0.959558534558835	1
chr16:12569804;A|G;Family=14265	-0.148587343990935	0.323493630080889	0.826236675352672	1
chr16:12573936;CTT|C;Family=11839	0.403997880038627	0.0318232321880839	0.464045328381978	1
chr16:1321063;C|T;Family=14016	-0.0187014323060046	0.813589351588726	0.966837247925299	1
chr16:1321177;C|T;Family=11685	0.0590099317797836	0.640698570220713	0.931507626906394	1
chr16:13237326;G|A;Family=14058	0.0071659610249476	0.977372420724927	0.992286952548644	1
chr16:13948562;T|C;Family=12821	0.412733255607732	0.128911591325737	0.691806096435855	1
chr16:13949970;A|AT;Family=11479	-0.46755805831514	0.178460874894511	0.744710035415237	1
chr16:189971;T|C;Family=14122	-0.156856523811694	0.0309031113816573	0.46107748873794	1
chr16:19267192;C|T;Family=14257	-0.0939240323077212	0.56645660634919	0.917436287142097	1
chr16:1938368;C|T;Family=13263	0.10819074534409	0.388566354281508	0.862777559697545	1
chr16:1984949;A|T;Family=12864	0.312533167811598	0.504423810317564	0.909189421028315	1
chr16:19856813;C|A;Family=11298	-0.274876778291193	0.184873602326117	0.747477587586732	1
chr16:1993957;C|T;Family=12014	-0.108261581889754	0.295756332447417	0.805127032018295	1
chr16:20032346;T|C;Family=12325	0.0316937656548552	0.830659651490198	0.971241222478516	1
chr16:2081694;C|T;Family=14601	0.0852407192853101	0.482754261603262	0.897881562972312	1
chr16:2086268;C|T;Family=12621	-0.0749343342823442	0.559972245099845	0.917436287142097	1
chr16:21179846;G|A;Family=14379	0.0156809928386433	0.897186913703425	0.980690219813665	1
chr16:21251033;C|T;Family=12631	0.361923433448005	0.229279218354639	0.775034379582612	1
chr16:23063202;T|C;Family=13364	-0.0274821916993285	0.939950678134832	0.985079385214649	1
chr16:23464668;G|A;Family=14519	-0.272087985350766	0.058757749843184	0.548247580109484	1
chr16:23667172;T|C;Family=12647	-0.273552800356154	0.275460545438578	0.793273046223266	1
chr16:24215158;A|G;Family=13136	-0.092558430988678	0.707850476660684	0.946105182553988	1
chr16:25239158;G|T;Family=11352	0.223145343757918	0.362576599080701	0.849989437688549	1
chr16:2707660;C|A;Family=14036	0.170638646985418	0.269629224193977	0.789330766576708	1
chr16:2707663;G|A;Family=14036	0.0413951539514939	0.755784012785771	0.952116025265764	1
chr16:27449743;C|T;Family=14061	0.0700352526741607	0.55502478293269	0.917436287142097	1
chr16:27788100;C|A;Family=11993	-0.121650602312177	0.292838201735777	0.80442365911672	1
chr16:28484111;A|G;Family=13368	0.645261796661231	0.000571425903116678	0.0549495503591659	1
chr16:28873529;G|A;Family=13076	-0.0718886637794753	0.665708753864687	0.93790143566114	1
chr16:29743897;C|T;Family=11301	0.227597024068275	0.093374649453834	0.636980633972185	1
chr16:29992683;G|C;Family=11003	0.272885748939345	0.254482633920376	0.784352490465871	1
chr16:30095091;C|T;Family=11055	-0.124136355637056	0.204927799928641	0.759303203591094	1
chr16:30532838;G|A;Family=22030	0.178815537933684	0.27516772396396	0.793273046223266	1
chr16:30780397;T|G;Family=12829	0.100567010806364	0.596836580045132	0.921506617302338	1
chr16:30990077;T|A;Family=11540	-0.0732820622454123	0.419157223101017	0.871477407273657	1
chr16:31193345;A|G;Family=14416	0.0204334744457583	0.890502798362593	0.980690219813665	1
chr16:31332096;C|T;Family=11484	-0.0196266881555314	0.883928209877016	0.980690219813665	1
chr16:3140739;C|G;Family=12536	0.0615376483236129	0.668895011383916	0.93790143566114	1
chr16:3535329;G|T;Family=14149	0.645127285665761	0.022941063260035	0.417888990515216	1
chr16:3656675;G|A;Family=13424	0.263469497454187	0.0922676674130495	0.636980633972185	1
chr16:3704332;A|T;Family=12073	-0.0447820506568646	0.899913631315531	0.981227054381368	1
chr16:4190888;C|T;Family=11235	-0.209689442892039	0.369253747607664	0.857574956911273	1
chr16:46657240;T|A;Family=12719	-0.129557505938915	0.303992271605259	0.808012965697486	1
chr16:4690849;G|A;Family=14653	0.0423240265426882	0.715784658756788	0.946744615792166	1
chr16:46929467;AG|A;Family=12779	-0.258312550507852	0.0758679358599737	0.605608566673265	1
chr16:4752418;C|T;Family=14070	0.42167774154454	0.354774751291155	0.846828783267143	1
chr16:48352917;C|G;Family=12788	-0.186365742756226	0.116949153206052	0.672854691586885	1
chr16:48538924;C|T;Family=14617	0.0612412783675764	0.69327321290908	0.941766201378044	1
chr16:49279058;G|T;Family=13283	-0.0233156240942111	0.924579133848014	0.985079385214649	1
chr16:49490000;C|T;Family=14598	-0.398530635222569	0.0392991662596848	0.483886018423909	1
chr16:50707935;A|G;Family=13504	0.082166246090799	0.578355584503524	0.918280435435728	1
chr16:53491584;A|AAGAT;Family=14637	-0.291541813837172	0.346561112086485	0.839340848907111	1
chr16:53934071;C|T;Family=13882	0.0204933411449019	0.85727993874951	0.976735411461456	1
chr16:54115899;A|G;Family=14641	0.074612913053196	0.569665934204545	0.918169230061666	1
chr16:54118659;A|G;Family=11587	-0.13493799860297	0.142716137407062	0.703505581249478	1
chr16:56847265;ATC|A;Family=13856	-0.00655352251967292	0.937154034263656	0.985079385214649	1
chr16:56944000;G|A;Family=12020	0.177065153910023	0.339849012883757	0.83336368159844	1
chr16:57082663;G|A;Family=14247	0.171007447821622	0.315248759436438	0.818430393076135	1
chr16:57148331;G|GTACA;Family=11056	-0.210497463582749	0.0827789460439422	0.624037908705978	1
chr16:57167173;C|A;Family=14042	-0.079558487062585	0.591088683119739	0.919264071705076	1
chr16:57252813;A|G;Family=12975	0.0799279363679918	0.631554250575588	0.931507626906394	1
chr16:57252942;G|GA;Family=14423	-0.238892723350013	0.581813046847191	0.918280435435728	1
chr16:57883767;A|G;Family=13129	0.00853200084349454	0.954665210055104	0.990948508062706	1
chr16:583935;G|A;Family=14161	-0.033071610936289	0.864400666680742	0.97795435638332	1
chr16:58512675;T|C;Family=12318	-0.188369734636444	0.0725598900872951	0.596591896243479	1
chr16:58520791;C|T;Family=13143	-0.058416081283525	0.765516936618729	0.956022906454699	1
chr16:59123;A|G;Family=13681	-0.152744928298824	0.216937787853303	0.764841029427907	1
chr16:61653156;G|T;Family=12469	-0.0910755999034518	0.737881489872871	0.946744615792166	1
chr16:62660;C|T;Family=14680	0.223851671333589	0.134979417976682	0.699063710569192	1
chr16:66400812;C|T;Family=12086	-0.0554451162670199	0.672851217792851	0.939987145220056	1
chr16:66404214;G|A;Family=14152	0.0621328315085772	0.469475588783645	0.897881562972312	1
chr16:66612716;C|T;Family=12662	-0.294468328079858	0.230504052598252	0.775034379582612	1
chr16:66616749;C|T;Family=11775	0.119535495993065	0.549022964073516	0.917436287142097	1
chr16:66854047;G|C;Family=13259	-0.395136526128869	0.00246634538355154	0.153951874994323	1
chr16:66911921;C|T;Family=13351	-0.190707007142507	0.225466257778464	0.772860595019102	1
chr16:66942147;A|G;Family=13938	-0.220660556987719	0.172753357570083	0.740331577553253	1
chr16:67198680;C|G;Family=11276	-0.309288375168251	0.0255471309334998	0.430364014665878	1
chr16:67270740;A|G;Family=14244	-0.069795230080002	0.679860334728982	0.941766201378044	1
chr16:67647175;G|A;Family=11150	0.00293254626607581	0.989736852348301	0.993969704207905	1
chr16:67683136;C|G;Family=14645	0.016238489404215	0.924419911255159	0.985079385214649	1
chr16:67724986;C|G;Family=14645	-0.268355566325877	0.163202856112465	0.725793550494056	1
chr16:67725007;C|G;Family=14645	0.0105407020005429	0.948236633168081	0.988811823215718	1
chr16:67951940;A|G;Family=14151	-0.0651160358358707	0.691159600263256	0.941766201378044	1
chr16:68300417;G|GTTGA;Family=13929	0.0635493390943382	0.794262732723305	0.96252956506455	1
chr16:68687595;C|G;Family=14402	0.0592496651072718	0.639248113103116	0.931507626906394	1
chr16:69340788;T|C;Family=13143	-0.0156468685345821	0.929428888831199	0.985079385214649	1
chr16:69356055;A|C;Family=14454	-0.153793620371457	0.277602261681518	0.793273046223266	1
chr16:70247662;G|T;Family=11509	0.36308575587007	0.497147717710293	0.905104323336513	1
chr16:70483943;C|T;Family=14265	0.0282027778178141	0.830175141779603	0.971107181955766	1
chr16:70572436;C|T;Family=11753	-0.173566638805566	0.489028081744145	0.90093824021076	1
chr16:70573035;A|T;Family=14597	-0.00205787508903607	0.987703618607994	0.993364199260465	1
chr16:70662896;C|T;Family=14417	0.327839557674263	0.0553058046564208	0.543101173575695	1
chr16:70687915;C|T;Family=11168	-0.360967365332155	0.0559075057505241	0.543101173575695	1
chr16:70785746;C|A;Family=11003	0.171002669160712	0.157950691924935	0.718808823781816	1
chr16:71282674;A|T;Family=11256	0.374114923741745	0.35064716599269	0.844115437484432	1
chr16:71456106;G|A;Family=12518	0.119593225249611	0.56394262956983	0.917436287142097	1
chr16:71641521;GA|G;Family=14192	-0.276236237370747	0.0223797738013015	0.417888990515216	1
chr16:71765565;C|T;Family=11207	0.189080056656154	0.488142340302677	0.90093824021076	1
chr16:718549;C|T;Family=11397	0.110634701340284	0.490937898893879	0.900955696671293	1
chr16:71855434;G|A;Family=11307	0.373918294287214	0.104807073673522	0.658143723674117	1
chr16:72027420;C|T;Family=11368	0.367965688686301	0.231026066954897	0.775034379582612	1
chr16:72086073;A|C;Family=13391	-0.531248617103606	0.0343204510055719	0.473302963867538	1
chr16:729185;T|G;Family=14467	-0.091757561764874	0.510561426296752	0.911971572282018	1
chr16:74448548;G|A;Family=14679	0.561050293793914	0.101970865286536	0.651148192310946	1
chr16:74622513;T|C;Family=11707	0.024536240762653	0.955514500166728	0.990948508062706	1
chr16:74672149;T|G;Family=11883	-0.100531146856123	0.527545319039023	0.914467684310863	1
chr16:75108224;G|GT;Family=14633	-0.148418730240804	0.583346887860359	0.918280435435728	1
chr16:75114636;C|T;Family=12664	-0.159493871827539	0.621493078980543	0.927708006233402	1
chr16:75234913;C|T;Family=12154	-0.0133660500272508	0.886704034536043	0.980690219813665	1
chr16:75235814;T|G;Family=14219	-0.129361655002	0.272624380482667	0.793273046223266	1
chr16:75538088;C|A;Family=14480	0.317207509867127	0.428419887666278	0.878378169006588	1
chr16:75568310;G|C;Family=13773	0.186920025687131	0.140529472938611	0.703505581249478	1
chr16:77741983;G|C;Family=12739	0.275024119020197	0.127202497121099	0.687997119609372	1
chr16:785736;G|C;Family=14131	-0.697800423197245	0.0143729799879734	0.340927085314729	1
chr16:80599464;G|A;Family=12738	-0.192832679480599	0.44244067596735	0.885241418873975	1
chr16:80604158;G|A;Family=14321	-0.119932778821809	0.289447274742908	0.80442365911672	1
chr16:80604272;C|T;Family=12154	-0.200996264967331	0.373940448891438	0.857646763404051	1
chr16:80968023;GAA|G;Family=14363	0.536889502589498	0.170189478799117	0.738647052504738	1
chr16:81022785;C|T;Family=12180	-0.0333649578695718	0.856830440627821	0.976735411461456	1
chr16:81171803;A|G;Family=12937	0.0991435354522927	0.628509375166132	0.931507626906394	1
chr16:81173810;G|A;Family=14666	0.0894553320732244	0.391444675106271	0.862777559697545	1
chr16:81174389;G|A;Family=12180	-0.106319354842837	0.483396361735919	0.897881562972312	1
chr16:81267919;C|A;Family=12083	0.0998336624323151	0.652657607969771	0.932967364064462	1
chr16:81388913;C|G;Family=11417	-0.669561059062611	0.316759888143995	0.819659405102788	1
chr16:81959671;G|A;Family=22280	0.191937437444202	0.399785956189421	0.862777559697545	1
chr16:81991522;G|A;Family=14521	-0.154829674515883	0.544730937183326	0.917436287142097	1
chr16:83344870;G|A;Family=11492	-0.0137805949030901	0.962961664607835	0.99138240818133	1
chr16:83670854;A|G;Family=11642	0.138613155685675	0.379736297637377	0.860026573516096	1
chr16:84054426;C|G;Family=11121	-0.0291026680651064	0.887140702398845	0.980690219813665	1
chr16:84122855;T|C;Family=14363	0.0220950697208942	0.869488544909904	0.978794431444732	1
chr16:84159689;G|C;Family=12057	0.635799789921562	0.0132970406602324	0.330230317159468	1
chr16:84329819;A|C;Family=13874	-0.265007562438351	0.135595751635492	0.700228845942888	1
chr16:84779105;G|A;Family=14402	0.0482230097483213	0.730962619174595	0.946744615792166	1
chr16:84907429;G|A;Family=13631	0.226303402457288	0.0871406789456684	0.629289272880618	1
chr16:8648242;C|T;Family=13947	-0.272187509005177	0.177362406726123	0.744599654986115	1
chr16:87330135;C|G;Family=11561	-0.0250954555041293	0.837025658085403	0.972294251213798	1
chr16:87409016;G|A;Family=11417	-0.130733152676288	0.745810167118419	0.948723356765314	1
chr16:87831950;G|A;Family=11078	0.264603494860195	0.10951648834377	0.660519212548851	1
chr16:88863449;C|T;Family=13714	-0.277170933875755	0.226956186661367	0.772860595019102	1
chr16:8898628;C|A;Family=14675	-0.452676339752639	0.265186526277303	0.788163537075341	1
chr16:8902160;G|C;Family=13855	0.237696171378216	0.155208525861805	0.718808823781816	1
chr16:89145960;G|A;Family=11404	0.171525489675242	0.250288979107035	0.784352490465871	1
chr16:8915256;T|C;Family=12211	-0.126790579142676	0.562469923626941	0.917436287142097	1
chr16:89280322;C|A;Family=13875	-0.0574356849521151	0.634896502550407	0.931507626906394	1
chr16:89284363;CTTTG|C;Family=12507	0.193539084668341	0.196448283212619	0.754568900408943	1
chr16:89285006;G|A;Family=13038	-0.109675576642694	0.54234828759229	0.917436287142097	1
chr16:89529318;A|T;Family=11809	-0.376582355438344	0.0606233112981856	0.554492908994715	1
chr16:89537204;G|A;Family=13882	0.167497047554961	0.0751404582409481	0.603886111917801	1
chr16:89935278;G|A;Family=13371	-0.209322298863431	0.197474680163818	0.754568900408943	1
chr16:90062141;G|A;Family=11726	-0.0891345140206675	0.429897988708591	0.879267155823192	1
chr16:9753839;G|T;Family=14468	0.238552756089907	0.0984375273622714	0.649388719216079	1
chr17:1002576;A|C;Family=11172	-0.206673508474527	0.280374723024774	0.793351988600182	1
chr17:10711013;A|G;Family=11027	-0.228977943959957	0.325440285571341	0.826492887982035	1
chr17:10824130;G|C;Family=13539	0.0722914981971024	0.688686033276707	0.941766201378044	1
chr17:11561421;T|A;Family=11305	0.052036575850049	0.73348252887065	0.946744615792166	1
chr17:12766872;A|G;Family=13456	-0.0353116320877595	0.895847731683591	0.980690219813665	1
chr17:12984718;A|G;Family=11216	0.279592846531388	0.0316189127677585	0.463470519631998	1
chr17:1495860;C|T;Family=13565	0.0417073776817395	0.738056674372825	0.946744615792166	1
chr17:15976942;GCT|G;Family=13006	-0.0862117365846999	0.457677634201922	0.896452165866809	1
chr17:16443567;G|T;Family=13998	0.030796736850285	0.768859755574661	0.956334280161488	1
chr17:1705283;C|T;Family=14119	0.024403926540224	0.866502953790338	0.97795435638332	1
chr17:17186364;G|A;Family=11345	-0.330824109666917	0.010493925107738	0.306550751327494	1
chr17:17202707;G|A;Family=11013	0.102314571164254	0.405469440442142	0.862777559697545	1
chr17:17213402;T|C;Family=12923	-0.254945862212794	0.0444224963831283	0.507255423462869	1
chr17:17246958;A|G;Family=13578	-0.434459081581316	0.127895750307973	0.690520606366872	1
chr17:17347119;G|C;Family=13991	0.199893071453895	0.161310878438847	0.723538490258879	1
chr17:17347268;C|T;Family=13147	-0.151970982777476	0.230266588725425	0.775034379582612	1
chr17:17810691;C|T;Family=14023	0.0113872190228529	0.942408623800333	0.9857964832792	1
chr17:17844299;C|T;Family=12787	0.149508460446244	0.440945295084346	0.883877949245129	1
chr17:18209382;C|T;Family=11277	0.0383230167625575	0.819197150648526	0.967804860741248	1
chr17:19336672;A|T;Family=14566	0.0772643393176725	0.846837942831669	0.97423553494761	1
chr17:19675582;C|G;Family=12796	-0.210662051399111	0.5236984161715	0.91383439572822	1
chr17:19675745;C|T;Family=11167	-0.0919628112760349	0.582538074455127	0.918280435435728	1
chr17:19774141;T|C;Family=11412	-0.135286955016667	0.730394373151864	0.946744615792166	1
chr17:19904509;T|C;Family=13239	-0.64769440006424	0.0156911297314482	0.360187352158017	1
chr17:2060730;G|A;Family=14418	-0.124884970038163	0.123537151911329	0.683988500931723	1
chr17:21314581;G|A;Family=14524	-0.0585153859411087	0.741553562883573	0.947337390317309	1
chr17:21418873;T|G;Family=14414	-0.178714236039956	0.108412146814657	0.660519212548851	1
chr17:21528779;A|G;Family=11963	-0.177195383807535	0.639527994515228	0.931507626906394	1
chr17:2384552;A|T;Family=11266	0.80702772827918	0.0167851257739099	0.37094085405945	1
chr17:2385999;G|A;Family=12647	0.0256031529332419	0.862784344355968	0.97795435638332	1
chr17:2685270;C|T;Family=11872	0.144117164351162	0.358387351508474	0.846828783267143	1
chr17:2689537;C|A;Family=11396	-0.246987621780441	0.0896963642806495	0.632665901455843	1
chr17:27307982;C|T;Family=14662	0.204608111713069	0.478378972373973	0.897881562972312	1
chr17:28328570;G|A;Family=11203	-0.151955148034197	0.530563239731627	0.915761508216626	1
chr17:28396592;G|T;Family=22196	-0.176663734279636	0.391380030467755	0.862777559697545	1
chr17:28493652;G|T;Family=14242	0.0298914098705139	0.822478829835	0.968011325956374	1
chr17:28592000;G|T;Family=12662	0.133220597692484	0.494042709994928	0.904220145145038	1
chr17:28907331;C|T;Family=13289	0.0288316414105864	0.903784597365217	0.981582905197022	1
chr17:28912324;T|A;Family=14692	0.118689831773208	0.536305612076994	0.917436287142097	1
chr17:29561734;C|G;Family=14668	-0.106806366982425	0.482293723313102	0.897881562972312	1
chr17:29613847;T|TC;Family=11458	0.214226847070531	0.0660964947023556	0.576400314095542	1
chr17:30469229;G|A;Family=13875	0.351181482918818	0.0667173518730367	0.578976434059182	1
chr17:30469801;G|C;Family=13211	-0.13898751190537	0.513898281585433	0.913526088748241	1
chr17:30522508;T|G;Family=12784	0.104555292056829	0.620416368605695	0.927708006233402	1
chr17:30522509;G|A;Family=12784	0.119695801393014	0.585603796515926	0.918280435435728	1
chr17:30784103;C|CT;Family=14319	0.0696090312904124	0.806343666267968	0.964035875195373	1
chr17:31357330;C|T;Family=12061	0.495935723150051	0.0551172393378863	0.543101173575695	1
chr17:31861451;C|CA;Family=13507	-0.0227789996956627	0.934373125690427	0.985079385214649	1
chr17:31862034;G|A;Family=13001	0.0457918787484756	0.904257105690401	0.981589998596306	1
chr17:32324631;T|C;Family=12331	-0.171612423014079	0.678225545553307	0.941530488859475	1
chr17:32942652;G|C;Family=13706	-0.0306492895156567	0.85068247155462	0.975889816093081	1
chr17:32944107;A|G;Family=11678	0.193601879467181	0.228318423411695	0.775034379582612	1
chr17:33013379;T|TG;Family=11156	-0.0497115586736047	0.805957335483057	0.963897882234862	1
chr17:34272198;T|A;Family=13981	-0.00912672938411735	0.972461534915761	0.991710225412957	1
chr17:35188649;T|A;Family=22004	0.103285237874346	0.786884851873357	0.959789204017573	1
chr17:3610294;C|T;Family=11346	0.185700090156286	0.356317853936399	0.846828783267143	1
chr17:36504501;C|G;Family=12368	-0.00758406160838918	0.957751916871465	0.991376697122829	1
chr17:36510788;C|T;Family=11714	0.0947104384288793	0.541617934798393	0.917436287142097	1
chr17:36547463;C|T;Family=13302	-0.26530162652648	0.469809549101017	0.897881562972312	1
chr17:36943831;A|T;Family=13894	0.0147513674965106	0.917507118979141	0.985079385214649	1
chr17:37087183;C|T;Family=12512	0.128523136182111	0.602567730312294	0.924907672325774	1
chr17:37516990;C|T;Family=13881	0.161284375918722	0.225552707962275	0.772860595019102	1
chr17:37610970;G|A;Family=14691	0.00983817284622357	0.969916596573048	0.991710225412957	1
chr17:37687135;C|G;Family=12189	0.150082683102193	0.246675965317084	0.784352490465871	1
chr17:3812829;G|A;Family=13593	0.472411925674021	0.0389727308027135	0.483886018423909	1
chr17:38403853;C|T;Family=14017	-0.525099353813195	0.004343677508884	0.195119142802909	1
chr17:38920410;G|C;Family=11115	-0.0508949277596484	0.633922504559244	0.931507626906394	1
chr17:3897556;C|T;Family=12029	0.0280071294656477	0.842136325988439	0.972843377595567	1
chr17:39065232;G|A;Family=13802	0.131715325751593	0.714532687291216	0.946744615792166	1
chr17:39532426;C|CA;Family=14127	-0.354640670447385	0.54059527620619	0.917436287142097	1
chr17:39533534;C|A;Family=13296	0.163175417639296	0.783158620620769	0.9586620223513	1
chr17:40457313;C|T;Family=11456	-0.0698808041967372	0.578236770749646	0.918280435435728	1
chr17:40629233;C|T;Family=12378	-0.85794264958084	0.0442025205897387	0.507255423462869	1
chr17:40641579;T|TTG;Family=14632	-0.61693756132549	0.0666809771031873	0.578976434059182	1
chr17:40643454;T|C;Family=11714	-0.472596426216107	0.015941598105273	0.360257316408693	1
chr17:41117259;GC|G;Family=13893	-0.664905882437954	0.194547543489727	0.752043382342293	1
chr17:41723692;T|C;Family=14360	0.106590074333146	0.436368405666234	0.88121482608959	1
chr17:4174000;A|G;Family=14350	0.405846481091846	0.000638708476589347	0.0598032831501289	1
chr17:42125692;G|A;Family=13681	-0.594846308156605	0.0586735585361443	0.548247580109484	1
chr17:42544022;C|T;Family=12070	0.155034303358451	0.243218574680364	0.784352490465871	1
chr17:42582715;T|C;Family=11118	0.0625142015657077	0.623686776534653	0.927708006233402	1
chr17:42613932;G|A;Family=13992	0.0206467171380987	0.845075142775485	0.97423553494761	1
chr17:43049164;C|G;Family=22105	-0.384199046011512	0.101370429034306	0.651148192310946	1
chr17:43049165;C|A;Family=22105	-0.299444443678301	0.302307529793706	0.807515158412918	1
chr17:43076586;T|C;Family=13973	0.146255331193154	0.471026896399162	0.897881562972312	1
chr17:44192213;ACT|A;Family=12796	-0.0533981379210865	0.682091196816336	0.941766201378044	1
chr17:442839;C|A;Family=13251	0.0221693804152754	0.853131402765624	0.975889816093081	1
chr17:44399519;C|T;Family=12250	-0.264955004133417	0.114579897801026	0.668797148978188	1
chr17:44775654;G|A;Family=13956	0.0983730463056485	0.734346036999915	0.946744615792166	1
chr17:44781583;G|A;Family=14185	0.446337604809781	0.120235590987818	0.677968673113563	1
chr17:44903598;T|C;Family=12223	-0.0826660308640168	0.617829728898051	0.927708006233402	1
chr17:45024340;G|T;Family=13631	0.145442688274433	0.523877454387762	0.91383439572822	1
chr17:45098660;C|T;Family=11349	0.123589660330642	0.276810175045028	0.793273046223266	1
chr17:45150929;TAAAC|T;Family=14028	0.0627028714768339	0.815804100762655	0.967596226886406	1
chr17:46764427;G|C;Family=14351	0.030659578244425	0.895201311209007	0.980690219813665	1
chr17:47120685;AG|A;Family=12786	0.285735732187015	0.359152510947195	0.846828783267143	1
chr17:47311174;C|T;Family=11106	-0.286851083057275	0.0491703447554107	0.523263449021235	1
chr17:47441140;T|C;Family=13287	0.439378347017789	0.206836445241583	0.759303203591094	1
chr17:47828659;T|C;Family=14065	-0.0824181149331905	0.499046661957653	0.905104323336513	1
chr17:47948532;C|A;Family=13872	0.251350819405709	0.086511100425425	0.629289272880618	1
chr17:48726725;G|A;Family=12184	0.222943353984972	0.136461280858036	0.701631845798976	1
chr17:4886482;T|C;Family=14522	-0.132974974885183	0.279919368789303	0.793351988600182	1
chr17:48933294;C|T;Family=13852	0.0353434928483043	0.681385215755747	0.941766201378044	1
chr17:49173339;A|G;Family=11843	-0.209999736700829	0.386303936805813	0.862777559697545	1
chr17:49711223;C|T;Family=11654	0.090977569877393	0.591404964056002	0.919264071705076	1
chr17:49718010;C|G;Family=11359	0.103567504413412	0.609687465296898	0.927167442816425	1
chr17:49830597;C|G;Family=14058	0.515842374838126	0.00119783963715548	0.092650291934765	1
chr17:50184292;C|T;Family=13195	-0.174187669964771	0.0773239329294196	0.607325724862858	1
chr17:50550045;G|A;Family=13842	-0.035106159716269	0.748868534693707	0.950240458787522	1
chr17:5444498;C|A;Family=11414	0.120110742580573	0.18692835821245	0.749964161798872	1
chr17:55162413;G|A;Family=14405	0.0502909766795497	0.820440805061135	0.967804860741248	1
chr17:55163759;C|T;Family=13111	0.0463510282803916	0.86407187049626	0.97795435638332	1
chr17:55323951;CATT|C;Family=12605	0.0338607906166598	0.919472941770165	0.985079385214649	1
chr17:56595478;T|C;Family=11924	-0.677154362708992	0.135736389583578	0.700228845942888	1
chr17:57862980;G|T;Family=13748	-0.103928984329281	0.749793254825173	0.95075684973355	1
chr17:58599593;T|C;Family=11107	-0.228107167633378	0.174422340466393	0.74213927732224	1
chr17:59015731;C|T;Family=13784	0.00428378013037023	0.985776843797562	0.993364199260465	1
chr17:59119468;AT|A;Family=14247	0.273563370940697	0.424541656275959	0.875155975104207	1
chr17:59399446;A|G;Family=13398	0.0520649155698746	0.73709805912798	0.946744615792166	1
chr17:59400046;T|C;Family=11986	0.122331484571946	0.192292166163727	0.752043382342293	1
chr17:6121900;C|T;Family=14502	0.255011145918537	0.124652315193119	0.685491402561232	1
chr17:61484112;C|T;Family=14216	-0.211428198022211	0.180788394714725	0.745828095370187	1
chr17:61944501;A|T;Family=11414	0.282630790506055	0.264099846217707	0.787012963356415	1
chr17:61945223;G|A;Family=14229	-0.0577794314527737	0.739100848328911	0.946744615792166	1
chr17:62692794;G|A;Family=13985	0.105191066749558	0.62281939556996	0.927708006233402	1
chr17:63697720;G|A;Family=12794	0.184846837204031	0.402356612737737	0.862777559697545	1
chr17:63831128;C|T;Family=11768	-0.0261550844017818	0.861615870936591	0.97795435638332	1
chr17:63833991;G|A;Family=11678	-0.0888125627417911	0.387038635268215	0.862777559697545	1
chr17:63928961;C|T;Family=12902	0.0399782123044029	0.712827623207004	0.946744615792166	1
chr17:6454236;C|T;Family=13154	0.187762155732573	0.21060669677008	0.761522995028399	1
chr17:64594082;T|C;Family=13139	-0.0954816015918738	0.483891572849364	0.898114875429335	1
chr17:6685348;G|A;Family=12891	0.0580979644355232	0.797628070900835	0.963066009877218	1
chr17:6685661;C|T;Family=14472	-0.0120059474181674	0.934455734758414	0.985079385214649	1
chr17:67032752;G|A;Family=12430	0.0945264736411144	0.585263584723924	0.918280435435728	1
chr17:67338372;T|A;Family=12766	-0.435884453844636	0.357997453530175	0.846828783267143	1
chr17:67347395;G|A;Family=11365	-0.0112229563800003	0.978723476665189	0.992286952548644	1
chr17:6773804;G|T;Family=13951	-0.0562303786921314	0.718412453694949	0.946744615792166	1
chr17:6774202;G|T;Family=11359	-0.0800463897062162	0.563781618289914	0.917436287142097	1
chr17:6787629;C|T;Family=11216	-0.0485419834943154	0.818127938668312	0.967804860741248	1
chr17:6798690;A|C;Family=12623	-0.0437813158588903	0.656151916938768	0.934692299736432	1
chr17:6812943;G|T;Family=12588	0.00850706175224266	0.936869242509746	0.985079385214649	1
chr17:68267884;T|C;Family=13628	0.0488401462054957	0.889231117174026	0.980690219813665	1
chr17:68531332;ATGTCC|A;Family=12798	0.334390959956038	0.0695691763279096	0.589543903932061	1
chr17:68531339;T|A;Family=12798	-0.080734669560818	0.569531242832336	0.918169230061666	1
chr17:68906046;G|A;Family=13882	-0.214240289415919	0.432707203861226	0.87975556076471	1
chr17:70178963;C|T;Family=13584	0.180945900990496	0.392479606200242	0.862777559697545	1
chr17:72124442;G|A;Family=11954	-0.0375772665863863	0.902702665801012	0.981582905197022	1
chr17:7221992;C|T;Family=14452	-0.0828530855502202	0.424441752904817	0.875155975104207	1
chr17:73283762;C|A;Family=13383	0.0154349029143743	0.892968259377515	0.980690219813665	1
chr17:73334918;GC|G;Family=13531	-0.0203461503744183	0.881891529523833	0.980690219813665	1
chr17:73337763;C|T;Family=14609	-0.226608172441571	0.0321943198004256	0.465639796137862	1
chr17:7357133;C|A;Family=14236	0.107093548677425	0.292220476538851	0.80442365911672	1
chr17:742897;C|CT;Family=11258	-0.343574722377397	0.302172900464238	0.807515158412918	1
chr17:7444181;A|T;Family=14658	0.125681864187973	0.509248369276787	0.911971572282018	1
chr17:75165697;C|T;Family=11474	0.0279455521833442	0.89802799257892	0.980690219813665	1
chr17:7577693;C|T;Family=12655	0.0407474421583804	0.717323144178358	0.946744615792166	1
chr17:7577700;C|T;Family=12655	-0.0482758290096107	0.630893973416509	0.931507626906394	1
chr17:75777838;A|ATAAAT;Family=12932	0.059953361662989	0.770099262346791	0.956642777064864	1
chr17:7586403;C|T;Family=13784	-0.43303660767469	0.110086535424808	0.660519212548851	1
chr17:76543242;C|T;Family=14432	-0.123147315139629	0.25980459497014	0.786212325658074	1
chr17:76714842;T|G;Family=11350	-0.0592072415760763	0.785858028025946	0.959534270321316	1
chr17:76947974;C|T;Family=14048	-0.208132039673838	0.244097289689118	0.784352490465871	1
chr17:77483029;G|A;Family=14215	0.195149523100535	0.373974275104406	0.857646763404051	1
chr17:78111987;G|A;Family=11918	-0.358501992538993	0.116071530340612	0.671516268214465	1
chr17:78424093;G|A;Family=11587	-0.105325344891724	0.461662962800683	0.896452165866809	1
chr17:7908710;C|T;Family=12630	0.259731683803191	0.290093143034366	0.80442365911672	1
chr17:79835251;G|A;Family=13234	-0.28316606704863	0.194671618859781	0.752043382342293	1
chr17:79933683;G|A;Family=11220	0.0533167283492847	0.702612102998794	0.944445205210929	1
chr17:800033;T|C;Family=11348	0.0404843006967914	0.765263728640096	0.956022906454699	1
chr17:80210139;T|C;Family=14224	-0.0385545863378716	0.78871027286638	0.959917830669228	1
chr17:80212028;T|C;Family=14157	-0.11721761509375	0.380774070744997	0.861280447368532	1
chr17:80394450;G|A;Family=14658	0.169161420359725	0.230780530579382	0.775034379582612	1
chr17:80398303;G|T;Family=11045	0.117029592978115	0.685282861725184	0.941766201378044	1
chr17:80730645;A|G;Family=14484	-0.164078509382442	0.237986182505995	0.783777399456043	1
chr17:81106117;C|T;Family=11599	0.167490829239361	0.178092834849124	0.744599654986115	1
chr17:81312831;C|T;Family=13709	-0.0817407253082873	0.501824263639741	0.906683635158332	1
chr17:81511373;C|T;Family=11510	-0.00871746446522232	0.954828804340872	0.990948508062706	1
chr17:81540218;G|A;Family=12997	-0.180175940018093	0.174584197616277	0.74213927732224	1
chr17:81558391;C|T;Family=22196	0.0801324822335985	0.626021220773226	0.929960224529646	1
chr17:81562756;T|C;Family=11382	-0.250593552226008	0.0787323138692762	0.614254331099621	1
chr17:81843605;C|T;Family=14687	0.0596591156583443	0.868192220776162	0.97795435638332	1
chr17:81843632;G|A;Family=14569	-0.0219723311764627	0.903273041897793	0.981582905197022	1
chr17:8204924;G|A;Family=11499	0.306721661074608	0.018448143590615	0.388393460919574	1
chr17:82058007;G|T;Family=11345	0.46706869391363	0.100772829374162	0.651148192310946	1
chr17:82314871;A|G;Family=14364	1.23923148212616	3.29423833941141e-06	0.000734247175903114	0.0117209000116258
chr17:82324717;C|T;Family=12675	-0.0313216245812232	0.858320888274818	0.976735411461456	1
chr17:82945181;C|G;Family=11258	-0.0588851948899938	0.544236908983961	0.917436287142097	1
chr17:8369111;C|T;Family=11201	0.215685142376888	0.17698825456903	0.744599654986115	1
chr17:8468015;T|C;Family=11572	0.281082258722802	0.495827855189179	0.905104323336513	1
chr17:9240239;C|T;Family=14544	0.221439153061052	0.326477065164249	0.828236596109758	1
chr17:9241327;C|T;Family=13034	-0.0992345414116071	0.293085066297383	0.80442365911672	1
chr17:9241513;C|T;Family=12053	-0.191667643427001	0.105126716479429	0.658143723674117	1
chr17:9612389;C|T;Family=14160	0.0448046192957587	0.732615326158007	0.946744615792166	1
chr18:10485563;C|T;Family=13748	0.174204153779188	0.458797546854056	0.896452165866809	1
chr18:10714782;G|T;Family=13373	-0.25654055132015	0.184838011227174	0.747477587586732	1
chr18:21529536;G|A;Family=11225	0.101707766857009	0.461048006555375	0.896452165866809	1
chr18:24020189;A|G;Family=14315	0.182050724444224	0.498165368100111	0.905104323336513	1
chr18:24132833;C|T;Family=12792	-0.0400431978586491	0.928054195042228	0.985079385214649	1
chr18:26914607;A|G;Family=11924	-0.623595070977121	0.0421220287227329	0.494621050150111	1
chr18:2915670;A|G;Family=14524	0.0645200007577235	0.809445554874269	0.965797211348977	1
chr18:3066874;G|A;Family=11563	-0.183626584105465	0.420700798539822	0.871784182413911	1
chr18:31414171;T|TA;Family=12694	-0.249585476244037	0.718021620700548	0.946744615792166	1
chr18:31624157;A|G;Family=14189	0.161599460620593	0.594878821304006	0.920405550444732	1
chr18:3498616;C|G;Family=11524	0.0895243695968818	0.462980238757634	0.896452165866809	1
chr18:35140698;C|T;Family=11834	-0.129230933062136	0.466086598334003	0.896750665347334	1
chr18:35334598;A|G;Family=14157	-0.0934253236141366	0.605953943999685	0.927167442816425	1
chr18:36796092;T|C;Family=13567	0.242838064656873	0.651048671836861	0.932590885374887	1
chr18:36796660;C|T;Family=13083	0.00223677065679424	0.977401068073662	0.992286952548644	1
chr18:45848704;C|T;Family=12923	-0.106234745395249	0.510384731561255	0.911971572282018	1
chr18:45899442;C|T;Family=11456	0.0493930012330936	0.773637757178907	0.957218838631033	1
chr18:46668357;C|G;Family=12115	-0.168214776676616	0.105251202577451	0.658143723674117	1
chr18:47115270;C|T;Family=11521	-0.245794706402038	0.0536014089302336	0.543101173575695	1
chr18:47816216;T|C;Family=13865	-0.00152858149604224	0.99632461387899	0.997165394143867	1
chr18:49591399;A|G;Family=11310	0.121727561894434	0.790728284816332	0.960864493639518	1
chr18:50282491;C|A;Family=13300	-0.185456189241808	0.130312984774534	0.692677133933317	1
chr18:50949666;T|C;Family=11201	0.294797527434449	0.300773657930292	0.807460242615845	1
chr18:50952338;T|C;Family=12341	0.205075693693235	0.580735430682017	0.918280435435728	1
chr18:51078306;A|G;Family=11277	-0.109046201237091	0.501799833734273	0.906683635158332	1
chr18:5398077;G|A;Family=12462	-0.163239322212697	0.338735912108719	0.83336368159844	1
chr18:5398115;A|G;Family=13884	-0.0445034898945424	0.872017716920313	0.978858721013728	1
chr18:54154498;C|A;Family=12210	0.413757948709952	0.173017817567574	0.740331577553253	1
chr18:54296322;C|T;Family=12210	0.178207707661364	0.561295432465316	0.917436287142097	1
chr18:54297523;G|T;Family=14202	-0.211151086965342	0.532681907634763	0.915952881844742	1
chr18:55261466;C|T;Family=12358	-0.217877750571657	0.177830648085425	0.744599654986115	1
chr18:56614458;C|T;Family=11014	-0.0477949387056484	0.836475265815354	0.972294251213798	1
chr18:57028033;C|T;Family=14007	0.333616306130757	0.15785062678562	0.718808823781816	1
chr18:57028951;G|A;Family=14484	-0.567974137648299	0.355773046655795	0.846828783267143	1
chr18:57033380;A|G;Family=13207	-0.208998383362366	0.343692026652544	0.836320445819086	1
chr18:57034521;T|C;Family=11156	0.0220087595850621	0.788224860635005	0.959789204017573	1
chr18:57035806;A|T;Family=11715	-0.106661923698283	0.33943365552266	0.83336368159844	1
chr18:57149865;C|T;Family=11590	-0.202284586722462	0.622463784701128	0.927708006233402	1
chr18:57487405;G|A;Family=14044	-0.0875952798223079	0.762789033779558	0.954626585363232	1
chr18:57487406;G|A;Family=14044	0.314801840330603	0.520383220944193	0.91383439572822	1
chr18:57606629;T|C;Family=11064	0.260744339187458	0.472985380875873	0.897881562972312	1
chr18:58748284;C|T;Family=13484	-0.306351257956958	0.191308172430902	0.752043382342293	1
chr18:58751043;T|A;Family=11488	-0.0296844638413706	0.894991331745333	0.980690219813665	1
chr18:5884848;GT|G;Family=14568	0.0434903592614301	0.918905362165125	0.985079385214649	1
chr18:5884859;C|T;Family=14568	-1.11127899686986	0.120191334416851	0.677968673113563	1
chr18:5889282;A|G;Family=14526	0.17238859894974	0.46207639927384	0.896452165866809	1
chr18:61813756;G|A;Family=13973	0.362455121633955	0.197158693079078	0.754568900408943	1
chr18:62088565;A|T;Family=13776	-0.0798925978099548	0.828906312601173	0.970786260775172	1
chr18:62385817;C|T;Family=13602	0.0208531197957506	0.93286582684393	0.985079385214649	1
chr18:63124075;C|T;Family=12449	0.0285149459177871	0.789247875022295	0.959917830669228	1
chr18:63328839;A|G;Family=13891	-0.563325336920063	0.13082603541405	0.692677133933317	1
chr18:66501913;C|T;Family=13881	0.131413195667947	0.730516986497796	0.946744615792166	1
chr18:68675115;T|C;Family=13776	-0.265663428660575	0.202865804145599	0.759303203591094	1
chr18:69862004;G|A;Family=12938	0.481283139731014	0.189346332875454	0.751584255626169	1
chr18:74506010;C|T;Family=11353	0.298027165873577	0.134494894055447	0.698948656562571	1
chr18:74521168;T|G;Family=13944	0.201577872418744	0.108321431307958	0.660519212548851	1
chr18:74522851;G|A;Family=14231	-0.0160846426087079	0.926165609817854	0.985079385214649	1
chr18:74920754;T|A;Family=14474	0.303127537167535	0.200113681161913	0.759303203591094	1
chr18:75417385;C|T;Family=11711	0.411046600412755	0.0615128830094314	0.559751503190682	1
chr18:77013595;G|A;Family=14128	0.0934261232330791	0.517381355968503	0.913526088748241	1
chr18:79756556;G|C;Family=14041	0.262817115083903	0.32387433225508	0.826236675352672	1
chr18:80158760;G|T;Family=12858	0.312644096564229	0.00304859923857303	0.166875632166813	1
chr18:8809860;A|G;Family=12643	0.0300068312799203	0.848883978122965	0.975243524107688	1
chr18:911279;T|G;Family=13898	0.0380735279218636	0.87106083568015	0.978794431444732	1
chr19:10114668;A|G;Family=14455	0.270675067537174	0.0124575936232534	0.330203983457828	1
chr19:10118718;TG|T;Family=12803	0.127733040449251	0.28724831930011	0.801591780446894	1
chr19:10143955;C|T;Family=13576	0.0145357541566142	0.891980831350743	0.980690219813665	1
chr19:10154316;G|A;Family=14481	-0.16217580180074	0.1837329544626	0.747477587586732	1
chr19:10285641;C|T;Family=13913	-0.196891199317334	0.113200023662433	0.667055451997989	1
chr19:10350591;C|G;Family=13355	0.053240748002073	0.760485085903091	0.952361552428824	1
chr19:10690815;G|A;Family=14299	0.284129631222823	0.0141232176142929	0.337281241299307	1
chr19:10713003;C|T;Family=14008	-0.0613730535499975	0.57430002022807	0.918169230061666	1
chr19:11059881;C|T;Family=13551	-0.0271418550435826	0.85841810894884	0.976735411461456	1
chr19:11377614;A|T;Family=12210	0.0864242822117355	0.315361987781246	0.818430393076135	1
chr19:11378471;G|A;Family=14264	-0.245495578458118	0.142669983736724	0.703505581249478	1
chr19:11466260;T|A;Family=11544	-0.0147005317192567	0.91866407788255	0.985079385214649	1
chr19:11553400;G|C;Family=11883	0.103535714508268	0.397763018694358	0.862777559697545	1
chr19:11869154;T|C;Family=11453	-0.107886543269948	0.630205594084265	0.931507626906394	1
chr19:12078532;C|T;Family=13517	-0.219332243380392	0.539216234905726	0.917436287142097	1
chr19:12080709;CTG|C;Family=14468	-0.683709155351203	0.112046930511399	0.666660499597921	1
chr19:1230053;G|A;Family=11296	-0.181488108762682	0.21495604265568	0.764607048059574	1
chr19:12348291;C|T;Family=22161	0.00179709496537686	0.993975557633959	0.996064595557449	1
chr19:1258219;G|A;Family=13333	0.0570080079695517	0.527913609773612	0.914467684310863	1
chr19:12679459;T|C;Family=14028	-0.271289550629064	0.158330430396265	0.718808823781816	1
chr19:12700352;G|A;Family=12803	0.164467099887636	0.575056804358682	0.918169230061666	1
chr19:12924715;G|T;Family=14149	0.191505672874706	0.217668828587219	0.766039260250568	1
chr19:12948759;C|T;Family=14264	-0.24981692413962	0.0885764646588979	0.629913149243165	1
chr19:13884982;G|A;Family=12916	0.139075018683797	0.411005650025654	0.866839420741717	1
chr19:1388885;C|T;Family=11444	-0.210178701191799	0.29378282277916	0.805081847368226	1
chr19:1394448;T|TCCTC;Family=13298	-0.118368574235393	0.381608675056069	0.861358140023387	1
chr19:1472499;C|T;Family=12154	-0.0597176638497664	0.613332657222597	0.927372648564035	1
chr19:14793055;G|A;Family=12529	-0.347486901102087	0.1261087653997	0.686750866713965	1
chr19:1535410;T|C;Family=11993	0.407926585388566	0.30408357534259	0.808012965697486	1
chr19:1574146;G|A;Family=13573	-0.06068313462323	0.60954659027867	0.927167442816425	1
chr19:16242202;C|T;Family=14107	0.0239322607320176	0.847183540365748	0.97423553494761	1
chr19:16327507;TAAA|T;Family=11348	-0.280843781072655	0.564936727418685	0.917436287142097	1
chr19:16550303;G|A;Family=13963	-0.217507486324986	0.41683317666189	0.870444826908202	1
chr19:16744472;G|A;Family=11494	0.169975996887222	0.201825916425331	0.759303203591094	1
chr19:16890067;C|A;Family=11047	1.54486827771973	5.26067888559734e-07	0.000207972171943948	0.00187174954749553
chr19:16891891;C|T;Family=12833	-0.057934632453094	0.67724541595099	0.941530488859475	1
chr19:17213067;G|A;Family=14261	0.161668961374266	0.255036131498531	0.784352490465871	1
chr19:17219683;C|T;Family=11092	-0.0685919761248386	0.489349534520538	0.90093824021076	1
chr19:17323501;G|A;Family=14150	0.10139416835364	0.240402953286543	0.784352490465871	1
chr19:17604526;G|T;Family=11062	0.142298373348803	0.257589351946495	0.784352490465871	1
chr19:17721451;C|T;Family=11622	-0.156564256428119	0.160702851864535	0.723538490258879	1
chr19:17829854;G|A;Family=14116	0.0600022163486658	0.838212693070541	0.972500282796032	1
chr19:17998453;C|T;Family=13042	0.14315430030513	0.257674299804171	0.784352490465871	1
chr19:18150377;G|A;Family=14100	0.194944201554873	0.0832719597724839	0.624037908705978	1
chr19:18208337;G|A;Family=11883	-0.188871298708596	0.0475396046912669	0.521457634033447	1
chr19:18367064;G|A;Family=13681	-0.000151342559106413	0.999062694362097	0.99913566034767	1
chr19:1853494;G|A;Family=12011	-0.315649218387515	0.0871949442187029	0.629289272880618	1
chr19:18777792;CTGTT|C;Family=12360	0.100375030383598	0.619989959266681	0.927708006233402	1
chr19:18779780;C|T;Family=14080	0.113199258166752	0.589563324423933	0.919264071705076	1
chr19:1918203;C|T;Family=13076	0.00707747462314118	0.965244731251455	0.991710225412957	1
chr19:19279297;C|T;Family=13913	-0.153105648768493	0.285066376592802	0.79863477788755	1
chr19:2038196;C|T;Family=14458	-0.517604254181243	0.0068463621791248	0.235435681516952	1
chr19:20621313;G|C;Family=12804	-0.274919376224418	0.00334453763733627	0.174399569413095	1
chr19:2099397;A|T;Family=13808	-0.116678422888542	0.515698576159279	0.913526088748241	1
chr19:21122952;C|T;Family=13618	-0.119486450999196	0.406612117970414	0.862777559697545	1
chr19:21291272;ATAT|A;Family=12299	-0.84410229507071	0.340673335726857	0.834215917767486	1
chr19:21397466;GTC|G;Family=11201	-0.0784547920244566	0.501003700479425	0.906683635158332	1
chr19:21407616;A|G;Family=13409	-0.190836234972406	0.658586257249227	0.93529626815007	1
chr19:22391242;ACT|A;Family=11453	0.0395520723827381	0.892670757762354	0.980690219813665	1
chr19:23359291;C|T;Family=11399	0.571889340787367	0.000166338007208775	0.0227570101277606	0.59183062964882
chr19:2734559;G|T;Family=14511	0.0230750950529631	0.856898636271682	0.976735411461456	1
chr19:2755615;T|A;Family=13001	0.258584129081569	0.279530256769912	0.793351988600182	1
chr19:2834546;A|G;Family=14147	-0.0531655026742671	0.750335292640365	0.95075684973355	1
chr19:2881957;T|A;Family=12375	0.905978805645005	2.05270493643157e-06	0.000561809551063348	0.00730352416382353
chr19:3123668;A|G;Family=11031	0.03299761797082	0.844582620184113	0.97423553494761	1
chr19:31275868;C|T;Family=11472	-0.0382255285591226	0.923956290893743	0.985079385214649	1
chr19:3146448;C|G;Family=12206	0.240909326690682	0.0852519253316423	0.629289272880618	1
chr19:3207844;C|T;Family=13654	0.0883628367262568	0.706525153136362	0.946105182553988	1
chr19:32412068;G|T;Family=14303	0.335229859266302	0.106634826687642	0.658387742298133	1
chr19:32597322;TGTTAA|T;Family=14561	0.684068627930617	0.0949110249921381	0.636980633972185	1
chr19:32597979;T|G;Family=13466	0.0410198762860981	0.735871432763235	0.946744615792166	1
chr19:3295674;TC|T;Family=14532	-0.155741164575414	0.353957129957788	0.846828783267143	1
chr19:32976941;C|T;Family=11452	0.109403549219862	0.194116226348475	0.752043382342293	1
chr19:33382215;T|G;Family=12189	-0.0660862181163618	0.7250375698102	0.946744615792166	1
chr19:33387249;G|A;Family=14058	-0.223221162165562	0.203764268171262	0.759303203591094	1
chr19:34353858;A|G;Family=22019	0.121392167983054	0.439372861983304	0.882603549731856	1
chr19:34505830;G|T;Family=12976	-0.383306556191879	0.0047137535541984	0.197312178186328	1
chr19:3466720;C|T;Family=12184	-0.574064138166553	0.290140976682338	0.80442365911672	1
chr19:3468506;G|A;Family=12163	-0.229844290693842	0.102930014300884	0.653610683562221	1
chr19:34685912;T|C;Family=14545	-0.0888322918426113	0.680711456273282	0.941766201378044	1
chr19:34743021;A|G;Family=11346	-0.413761252823271	0.0558741933877684	0.543101173575695	1
chr19:35066529;CT|C;Family=13381	0.413280181327496	0.0365777247930961	0.474976440926409	1
chr19:35121615;C|T;Family=11888	-0.160193465696982	0.118067895090407	0.67566068905099	1
chr19:3579044;C|T;Family=12522	-0.741452041141334	0.194000585038452	0.752043382342293	1
chr19:36103510;A|ATATC;Family=12552	0.191029058351599	0.217113389466607	0.764841029427907	1
chr19:36511520;G|A;Family=13265	-0.233786266319382	0.47562891641516	0.897881562972312	1
chr19:36632666;C|T;Family=14469	-0.115951278968112	0.640558959177263	0.931507626906394	1
chr19:36979879;G|A;Family=13805	0.378216266935768	0.406972261959206	0.862777559697545	1
chr19:37244076;T|TTTA;Family=13531	1.42616030235099	0.0590736064421716	0.548247580109484	1
chr19:37470333;G|A;Family=11193	0.0403607744100537	0.926400015887893	0.985079385214649	1
chr19:37668818;A|G;Family=14058	0.0144936637425006	0.978900282025222	0.992286952548644	1
chr19:38211798;C|T;Family=13159	-0.463148712229313	0.0252814385246567	0.430364014665878	1
chr19:38330214;C|A;Family=12111	-0.172565969299519	0.256139309493543	0.784352490465871	1
chr19:38365061;G|A;Family=13293	-0.141995337808705	0.221625567542556	0.768749594249976	1
chr19:38396241;C|T;Family=11508	0.43931323744632	0.00275915420266663	0.16093558447685	1
chr19:39178674;C|T;Family=13266	0.193571730188422	0.388234276808688	0.862777559697545	1
chr19:39179269;A|G;Family=12694	-0.238020818811666	0.347012475756706	0.839340848907111	1
chr19:39201012;G|T;Family=13266	-0.147546145550069	0.0305820186251028	0.46107748873794	1
chr19:39328516;A|G;Family=11895	0.115851522977256	0.46372990262246	0.896452165866809	1
chr19:39398321;G|A;Family=22017	-0.082881337112058	0.523479001124338	0.91383439572822	1
chr19:39520183;C|T;Family=22288	-0.00589791263921841	0.987311470769948	0.993364199260465	1
chr19:40030601;C|T;Family=12121	0.231763044729787	0.184464561852912	0.747477587586732	1
chr19:40234708;G|A;Family=12764	0.102750015562845	0.402966656716825	0.862777559697545	1
chr19:4038153;C|T;Family=13602	0.0413229748225097	0.783796465154562	0.9586620223513	1
chr19:40394770;C|T;Family=12853	-0.109430561970448	0.459103768198076	0.896452165866809	1
chr19:4047049;C|T;Family=11250	-0.014637778354072	0.953464708377052	0.990948508062706	1
chr19:40557132;C|T;Family=11678	0.227151675199504	0.150197256802451	0.714440962169947	1
chr19:40605167;C|G;Family=13152	0.11696340880606	0.563675956283193	0.917436287142097	1
chr19:40691570;C|A;Family=13346	1.03533117275241	9.14056920424197e-05	0.0135508938452887	0.325221452286929
chr19:40765253;C|T;Family=11724	-0.355089115594116	0.0217316342977437	0.417888990515216	1
chr19:40898180;G|A;Family=14363	-0.426731745204439	0.000172627275484553	0.0227570101277606	0.614207846174038
chr19:41294573;C|T;Family=12462	-0.0926010073177259	0.560288506469344	0.917436287142097	1
chr19:41424943;G|A;Family=13040	0.0919349238680261	0.520654187094622	0.91383439572822	1
chr19:42042637;C|T;Family=14452	-0.0877498232174442	0.515464858686565	0.913526088748241	1
chr19:42042700;C|T;Family=13628	0.049173634032596	0.708562898526948	0.946124826701462	1
chr19:42059505;C|A;Family=11301	-0.111861298758029	0.543668562631273	0.917436287142097	1
chr19:43496094;G|A;Family=11154	-0.0215354630820554	0.850763822288112	0.975889816093081	1
chr19:43496423;G|A;Family=14153	0.036990870811945	0.779323627965605	0.957793469119761	1
chr19:4360558;G|A;Family=11935	0.116144489161494	0.39125139502573	0.862777559697545	1
chr19:4361009;C|T;Family=11083	-0.447309009194153	0.0447802597214237	0.508698685825179	1
chr19:44133777;G|A;Family=14357	0.551187581198942	0.220450584782643	0.768749594249976	1
chr19:44158856;C|T;Family=12938	0.0216809086427185	0.830272076309568	0.971107181955766	1
chr19:44428981;G|A;Family=13722	-0.140101626531162	0.24536759041726	0.784352490465871	1
chr19:44662215;A|G;Family=12498	0.0736032481308872	0.775500133105368	0.957716923542668	1
chr19:44662421;A|G;Family=13118	-0.343523478298074	0.086924049258419	0.629289272880618	1
chr19:44819769;C|T;Family=12390	0.254234778185341	0.0365428972498283	0.474976440926409	1
chr19:44903002;C|T;Family=11723	0.0531323451298618	0.727565218358622	0.946744615792166	1
chr19:4502335;G|A;Family=14427	-0.070029448559695	0.71934884317236	0.946744615792166	1
chr19:45485605;G|A;Family=14221	-0.781611934093683	0.07696942646333	0.607325724862858	1
chr19:45526843;G|A;Family=12231	-0.336874487856775	0.453588716414671	0.895567628224711	1
chr19:45553149;A|G;Family=14503	-0.132526335073417	0.538561796601305	0.917436287142097	1
chr19:45553435;G|A;Family=13466	0.0331796581813	0.800815121537274	0.963066009877218	1
chr19:45626789;A|G;Family=14125	0.0765465461626485	0.571547027918008	0.918169230061666	1
chr19:45873286;A|T;Family=14453	0.154751004026139	0.561367166843168	0.917436287142097	1
chr19:4675897;G|A;Family=11545	-0.39977198666896	0.0232062868533304	0.417888990515216	1
chr19:4676194;C|G;Family=11963	-0.274902620021463	0.100687598416956	0.651148192310946	1
chr19:47065223;A|G;Family=11172	-0.188201372397239	0.277441319301897	0.793273046223266	1
chr19:47065629;T|C;Family=11264	0.0758099565398303	0.580913529747356	0.918280435435728	1
chr19:47342993;T|C;Family=12036	-0.0758102644183744	0.573132964268293	0.918169230061666	1
chr19:4797792;T|A;Family=11947	-0.424431841566675	0.108030903104876	0.660519212548851	1
chr19:4798670;G|A;Family=12301	0.432462720569392	0.118777754690834	0.67566068905099	1
chr19:4801249;G|A;Family=12695	-0.0306551662394781	0.936283005206258	0.985079385214649	1
chr19:48382990;A|G;Family=14338	0.0474353950950851	0.880955827805648	0.980690219813665	1
chr19:48481022;C|A;Family=12341	0.516934466025303	0.0352380523534923	0.474976440926409	1
chr19:49068615;T|TATC;Family=14095	-0.0913660970569377	0.556079371311385	0.917436287142097	1
chr19:49150245;C|T;Family=12415	0.0201790470722038	0.887753678277374	0.980690219813665	1
chr19:49521773;G|A;Family=14470	-0.0038925971210395	0.978109215286995	0.992286952548644	1
chr19:49865263;C|G;Family=14103	-0.292475407356374	0.0364631617630712	0.474976440926409	1
chr19:50048609;C|T;Family=11390	0.453402187404117	0.0105270325039455	0.306550751327494	1
chr19:50292334;G|A;Family=13968	-0.0878906478270894	0.454036114399784	0.895567628224711	1
chr19:50430640;G|A;Family=11928	-0.84433086738441	8.69232512548587e-05	0.0134466490419473	0.309272927964787
chr19:50480191;C|T;Family=11325	0.0159156163919277	0.898479133452183	0.980690219813665	1
chr19:50624899;C|T;Family=14498	0.160262340230529	0.384665153073165	0.861906060273217	1
chr19:50820232;C|T;Family=14232	-0.061033757729139	0.600327991359369	0.92314573142287	1
chr19:50977229;G|A;Family=22349	-1.26601645107319	0.000218302871458205	0.0258907205549431	0.776721616648293
chr19:519440;G|A;Family=13808	0.276364484365636	0.188770790171118	0.751282406519952	1
chr19:51993635;C|T;Family=12447	0.142221700259302	0.401102676458508	0.862777559697545	1
chr19:52291570;A|G;Family=13301	-0.445101951924599	0.00020814094786148	0.0255367411203843	0.740565492491145
chr19:52294516;G|A;Family=12707	-0.0591196917098451	0.733476574916148	0.946744615792166	1
chr19:52321837;T|G;Family=14113	0.336500102083639	0.372428913896568	0.857646763404051	1
chr19:52839554;G|C;Family=12308	-0.0600219747011134	0.739640176298825	0.946744615792166	1
chr19:52839774;A|G;Family=12382	-0.0951045765645117	0.490348550936532	0.900955696671293	1
chr19:53050896;G|A;Family=12550	0.0829288081172205	0.686705423153342	0.941766201378044	1
chr19:53875413;T|C;Family=12804	-0.0787340064812228	0.718201557716002	0.946744615792166	1
chr19:53987427;G|A;Family=12377	0.596242707948571	0.0288380016865656	0.458060758932145	1
chr19:54095620;G|C;Family=13015	-0.0249955130962911	0.897148162929567	0.980690219813665	1
chr19:54459074;C|T;Family=11420	-0.0162810044347889	0.892024002957991	0.980690219813665	1
chr19:54459097;T|C;Family=14153	-0.0373845599384985	0.812515195569496	0.966837247925299	1
chr19:54994369;A|G;Family=13738	-0.074148037236672	0.462166309824701	0.896452165866809	1
chr19:55702673;C|T;Family=14188	-0.243636187846748	0.470031893396032	0.897881562972312	1
chr19:5587029;G|A;Family=11569	-0.0264594981358442	0.936545746463599	0.985079385214649	1
chr19:5612196;G|A;Family=14482	0.629883289942702	0.0202462499825092	0.409296349078226	1
chr19:5657345;T|C;Family=11303	-0.376782469534678	0.0974409581560678	0.649241440298295	1
chr19:57218288;C|T;Family=14385	-0.227731101444448	0.664618231129477	0.93790143566114	1
chr19:57219010;A|G;Family=13546	0.0141455538461526	0.954933500297312	0.990948508062706	1
chr19:57220445;A|C;Family=13644	-0.255224154632882	0.0810734414661352	0.623022256450343	1
chr19:57542734;C|T;Family=13996	-0.286554751060523	0.25725870436847	0.784352490465871	1
chr19:57862221;T|C;Family=12565	-0.306872789071457	0.177964498279313	0.744599654986115	1
chr19:58340391;G|C;Family=12134	-0.348045941466614	0.118856262758315	0.67566068905099	1
chr19:58342329;C|T;Family=12861	-0.639042324396375	0.10523723699135	0.658143723674117	1
chr19:58498453;C|A;Family=12867	0.125377916724676	0.300925318074371	0.807460242615845	1
chr19:58555781;G|C;Family=13601	-0.33073112019734	0.0754147244504387	0.604336913501489	1
chr19:6212463;T|C;Family=11625	0.0483371845824395	0.84088455411611	0.972556546089382	1
chr19:643682;C|T;Family=12770	-0.128600816790429	0.551455556361518	0.917436287142097	1
chr19:7112336;C|CA;Family=13028	0.142741917300206	0.726353158656043	0.946744615792166	1
chr19:7643024;G|T;Family=14452	-0.026180899373286	0.852198787573396	0.975889816093081	1
chr19:831970;C|G;Family=13093	-0.197649648813602	0.124008335332934	0.684457924802492	1
chr19:8374252;C|G;Family=12662	-0.0711594627233658	0.654837671043264	0.934207070397728	1
chr19:8580323;G|C;Family=11892	-0.239887591753894	0.0453932311932125	0.50980496461265	1
chr19:9412868;C|T;Family=12409	-0.25171194122187	0.195682924772645	0.752691725774129	1
chr19:9647926;A|G;Family=11723	-1.38107653877296	0.109835448846742	0.660519212548851	1
chr19:9810940;T|C;Family=14623	0.0111394630626632	0.939361988804581	0.985079385214649	1
chr19:9848601;G|A;Family=11324	-0.0853177562711212	0.5632545023087	0.917436287142097	1
chr20:10057886;C|CTTGT;Family=13221	-0.427365023105551	0.318565258241426	0.820263829789197	1
chr20:10306498;G|A;Family=12953	0.0986880408255069	0.777730424069009	0.957793469119761	1
chr20:10306532;A|G;Family=13042	0.0411508852259281	0.705631386430586	0.946105182553988	1
chr20:1167310;A|G;Family=13358	0.416465127492135	0.442620709436988	0.885241418873975	1
chr20:13167426;G|A;Family=14040	-0.00896373511115435	0.973184527038512	0.992146288596855	1
chr20:13300465;C|CA;Family=14500	-0.953451999604946	0.0250465470034579	0.430364014665878	1
chr20:1563946;A|G;Family=12759	-0.474664424374755	0.0297384040116952	0.46107748873794	1
chr20:16051769;A|G;Family=13560	-0.0715273500302726	0.693138943234473	0.941766201378044	1
chr20:17609122;T|G;Family=14130	0.32466945129694	0.220770031968404	0.768749594249976	1
chr20:17609764;A|G;Family=14526	-0.109800082652116	0.337925063511225	0.83336368159844	1
chr20:17967954;C|A;Family=13815	0.0194575987674339	0.8918573097793	0.980690219813665	1
chr20:18443421;G|A;Family=11114	-0.260094177828444	0.160499421682404	0.723538490258879	1
chr20:19722220;G|A;Family=13770	0.152952309494963	0.170736601360603	0.738647052504738	1
chr20:1979101;A|G;Family=13931	0.0825767836854588	0.657756380122187	0.93529626815007	1
chr20:20390331;G|A;Family=11676	0.424866951821207	0.0997086640261066	0.649479946851813	1
chr20:22563339;C|A;Family=13513	0.165038539295005	0.104681255612359	0.658143723674117	1
chr20:23046871;C|T;Family=13580	0.322524223625739	0.268956994609985	0.788910953686997	1
chr20:23081038;A|G;Family=14416	0.027519730799197	0.825871448538085	0.969465725469649	1
chr20:23081535;C|G;Family=11096	-0.0100521717253615	0.951778851524521	0.990948508062706	1
chr20:23603144;C|T;Family=12394	0.124922043020388	0.216413435950635	0.764841029427907	1
chr20:25006517;C|T;Family=14652	-0.0981409871890437	0.365205227879505	0.853745204201892	1
chr20:25297973;G|A;Family=12858	0.0286886070812898	0.847185144780187	0.97423553494761	1
chr20:25774788;AC|A;Family=14168	0.119875333998546	0.590728081074692	0.919264071705076	1
chr20:31937413;A|G;Family=12006	-0.07314472712043	0.627318774442409	0.93116403815857	1
chr20:31945717;G|A;Family=14019	0.240306095271849	0.0124718653419533	0.330203983457828	1
chr20:31999641;G|A;Family=11495	-0.176774637658632	0.296775625035762	0.805225396351375	1
chr20:32000279;T|C;Family=12358	0.108252445909482	0.732667580978101	0.946744615792166	1
chr20:32031392;G|GC;Family=12568	-0.125075351676981	0.502893571843071	0.907810922687796	1
chr20:33647201;G|A;Family=13053	-0.0679163318637179	0.726657183902024	0.946744615792166	1
chr20:33658734;C|T;Family=12782	0.0654192416009547	0.59294857913523	0.919264071705076	1
chr20:354689;C|T;Family=14472	-0.0558114727435694	0.489676676433113	0.90093824021076	1
chr20:36231225;G|A;Family=14303	0.314674399649227	0.028393058409378	0.453394934072459	1
chr20:3646918;G|A;Family=13905	-0.0178326121676539	0.912851491630232	0.985079385214649	1
chr20:3648438;A|G;Family=14291	-0.205437158509588	0.039246946956534	0.483886018423909	1
chr20:36782751;C|T;Family=14219	-0.0297176327814986	0.833639456946838	0.971932437348597	1
chr20:36784635;C|T;Family=13970	-0.106128556770779	0.531305553161821	0.915952881844742	1
chr20:36905503;T|A;Family=14192	-0.772174053516147	0.206849798830074	0.759303203591094	1
chr20:38210994;C|T;Family=13383	0.203026662544335	0.0896101810403927	0.632665901455843	1
chr20:3825394;G|A;Family=11067	0.178798292809557	0.0782936864723902	0.613309335116532	1
chr20:3866241;T|C;Family=13750	-0.218450968682884	0.166652128508049	0.732385149109896	1
chr20:3874352;T|C;Family=14578	0.180843204369727	0.235151963629684	0.77902298565588	1
chr20:41175517;G|A;Family=13023	0.00653209807706762	0.965663765947276	0.991710225412957	1
chr20:41402484;C|T;Family=13941	0.0279011388479207	0.921992273806097	0.985079385214649	1
chr20:41402974;T|G;Family=14346	-0.00188302993920461	0.995365142297578	0.996485418203372	1
chr20:43716304;TC|T;Family=14282	-0.205390410929876	0.0513917808936762	0.533906503882978	1
chr20:44490900;A|AC;Family=13486	0.320642388678894	0.0240965615005054	0.423702722078389	1
chr20:44904975;G|A;Family=11869	-0.211253748624101	0.482718080782389	0.897881562972312	1
chr20:45092483;T|C;Family=12759	0.100017022013604	0.57423450446601	0.918169230061666	1
chr20:45373619;C|A;Family=12201	0.0562950215041057	0.701787056353021	0.944445205210929	1
chr20:45648601;G|A;Family=14610	0.468700553832208	0.0515967270317104	0.533906503882978	1
chr20:47188268;GAC|G;Family=13703	-0.134596848467376	0.292147664237241	0.80442365911672	1
chr20:4784171;T|C;Family=14394	-0.278638448930514	0.0941564947132098	0.636980633972185	1
chr20:49892051;T|C;Family=13324	0.277105743735319	0.202372938968662	0.759303203591094	1
chr20:50961374;A|G;Family=14219	-0.137895918681123	0.793926804321116	0.962450279309891	1
chr20:51390478;G|A;Family=12617	0.105675349693463	0.519848684702193	0.91383439572822	1
chr20:51598823;T|C;Family=14311	0.0599543496609526	0.619855591457957	0.927708006233402	1
chr20:51600915;G|A;Family=14455	-0.215287705926084	0.407959583258116	0.862777559697545	1
chr20:5195022;A|C;Family=14547	0.0336469354946065	0.90182430911538	0.981551205822124	1
chr20:53944804;G|T;Family=11526	-0.00596347525035312	0.980907508639974	0.992393646307879	1
chr20:57169515;G|C;Family=12100	0.18202807699149	0.0863151944892994	0.629289272880618	1
chr20:58364108;T|C;Family=12708	0.0184762678143837	0.93609500614899	0.985079385214649	1
chr20:58444831;C|G;Family=12394	-0.0213287270898638	0.831834958018886	0.971657511697701	1
chr20:58449461;A|G;Family=14231	-1.01433131774161	0.0253561513268771	0.430364014665878	1
chr20:58856372;G|A;Family=12735	0.667418260011583	0.105795128484709	0.658387742298133	1
chr20:58903684;G|A;Family=14373	0.261413785587942	0.0862957296017161	0.629289272880618	1
chr20:58909186;C|G;Family=11132	-0.280435422780394	0.280428871935576	0.793351988600182	1
chr20:59028971;C|T;Family=11181	-0.129296119548107	0.638849242675851	0.931507626906394	1
chr20:59325214;C|T;Family=14063	-0.00637054324583963	0.961136262859658	0.99138240818133	1
chr20:59947941;CAT|C;Family=11018	0.167314217724855	0.454103399111785	0.895567628224711	1
chr20:61975114;T|C;Family=13718	-0.464726756621672	0.183152900209435	0.747046119691074	1
chr20:62286187;G|T;Family=14481	0.56272146389402	0.189480347750611	0.751584255626169	1
chr20:62668294;C|T;Family=11189	-0.021102122933176	0.893462568770251	0.980690219813665	1
chr20:62671759;G|A;Family=12719	-0.202556390414598	0.165494178927977	0.729650915273535	1
chr20:62877971;A|G;Family=13026	0.0668535304835043	0.832821814716576	0.971932437348597	1
chr20:62878254;G|A;Family=13738	0.0327947991026937	0.940556103042072	0.985133533889812	1
chr20:62968800;G|C;Family=13496	-0.0192395329127451	0.840482959414783	0.972500282796032	1
chr20:63743053;G|A;Family=12578	-0.298042938393181	0.158644895561962	0.718808823781816	1
chr20:63746676;G|A;Family=12738	0.0466634955494463	0.782052125983285	0.9586620223513	1
chr20:64240571;G|A;Family=12623	-0.156262378606825	0.167884660624671	0.736539608511194	1
chr20:64275397;A|T;Family=14209	-0.962815803207443	0.0148291016047955	0.349416844436175	1
chr20:7978072;A|G;Family=12360	0.264586495784643	0.417219936038058	0.870444826908202	1
chr20:9480988;G|A;Family=11835	-0.32296174855945	0.302740626444819	0.808012965697486	1
chr21:17565664;C|T;Family=12680	0.0826338645996026	0.312257274980501	0.815122072179474	1
chr21:21539712;C|T;Family=13039	-0.0311053282561843	0.807175397662547	0.964428501694708	1
chr21:28929048;T|C;Family=12497	-0.643952795550277	0.0689744770854592	0.588516041894637	1
chr21:30592947;A|T;Family=13524	-0.107011447946374	0.724922710055369	0.946744615792166	1
chr21:32044396;G|T;Family=11246	-0.0442239918913748	0.680693335350809	0.941766201378044	1
chr21:33517446;T|C;Family=12197	0.187108100595231	0.300910958571726	0.807460242615845	1
chr21:34102835;G|T;Family=14531	-0.234958015271274	0.0518776258979633	0.535016211434648	1
chr21:34717175;G|A;Family=12480	0.161191259427063	0.160264230411784	0.723538490258879	1
chr21:34788264;A|G;Family=14223	-0.40613728340773	0.0194563714238101	0.404829061555067	1
chr21:36375813;G|C;Family=13129	0.13725145508297	0.592183228358236	0.919264071705076	1
chr21:37516066;C|T;Family=14550	-0.34176902176197	0.0930544037143636	0.636980633972185	1
chr21:37608596;G|A;Family=13903	-0.257783395364388	0.192020301662878	0.752043382342293	1
chr21:38301666;C|A;Family=13938	-0.0845747084470221	0.693959649379406	0.941766201378044	1
chr21:39175161;G|A;Family=12295	-0.18573747100229	0.357610199258279	0.846828783267143	1
chr21:39196527;GT|G;Family=14292	-1.09348690293132	0.0036770655631088	0.177531333637277	1
chr21:41408906;A|G;Family=14317	0.353233363707792	0.407235017889049	0.862777559697545	1
chr21:41465356;G|A;Family=14040	-0.0474099065510088	0.628679741710782	0.931507626906394	1
chr21:41801553;T|C;Family=14348	-0.00196409397555016	0.988548429759876	0.993574947199333	1
chr21:41885311;C|A;Family=12483	0.116521782571907	0.214157932708444	0.764607048059574	1
chr21:42775306;G|A;Family=14216	-0.138080781176833	0.315824881870021	0.818430393076135	1
chr21:43529357;T|G;Family=12445	0.275609964515492	0.454404034800886	0.895567628224711	1
chr21:43693482;C|T;Family=13543	0.0410929376665498	0.909571898827425	0.985079385214649	1
chr21:44079633;C|A;Family=12308	-0.299696163447479	0.0173384857335478	0.376160562438799	1
chr21:44087918;C|T;Family=22364	-0.0104340697383681	0.941671368956841	0.985733612163822	1
chr21:44145706;G|A;Family=13942	-0.0342578755502988	0.792461664587455	0.962124111233069	1
chr21:44228232;C|T;Family=11299	-0.279898198456063	0.155065695501552	0.718808823781816	1
chr21:44319382;A|G;Family=22252	0.0284055524762003	0.7836481163805	0.9586620223513	1
chr21:44459443;T|C;Family=14203	0.506958740594582	0.0211780036703559	0.414018335489704	1
chr21:45223082;C|G;Family=13752	0.146693338340683	0.519024948420878	0.913526088748241	1
chr21:45264278;G|A;Family=13620	-0.191382414209221	0.266671828349565	0.788163537075341	1
chr21:45942406;GC|G;Family=12793	-0.195495864954225	0.0493637226279482	0.523263449021235	1
chr21:46129683;G|A;Family=14375	-0.24259192505535	0.00846485049697762	0.271332775389607	1
chr22:17114976;A|G;Family=12478	0.507882456111134	0.0336825105565073	0.472632314909965	1
chr22:17115083;A|G;Family=12437	-0.183275144328307	0.170565859357993	0.738647052504738	1
chr22:17115310;GA|G;Family=14026	-0.205868689693621	0.523182395100314	0.91383439572822	1
chr22:17555822;G|A;Family=11169	0.357754699740426	0.038948455955088	0.483886018423909	1
chr22:17788481;G|C;Family=14587	-0.125361877584234	0.13760407843983	0.703441538920853	1
chr22:17788756;T|TG;Family=13394	-0.0920247939578305	0.437916960154833	0.88144403069351	1
chr22:17789787;C|T;Family=13195	0.0172577150545102	0.938499910215903	0.985079385214649	1
chr22:17790452;C|T;Family=11305	-0.206445242812509	0.215406676285102	0.764841029427907	1
chr22:18095494;G|A;Family=12902	-0.230050513826638	0.237539885930098	0.783760748200601	1
chr22:19783767;C|T;Family=13239	-0.213034459219507	0.309207625949083	0.812526390787914	1
chr22:19894032;T|A;Family=13942	0.202517791592231	0.220936930155006	0.768749594249976	1
chr22:20111199;C|T;Family=12942	-0.16905755786108	0.353165635098069	0.846828783267143	1
chr22:20987529;G|GT;Family=12907	0.429765941199989	0.00866281925709584	0.27276381342254	1
chr22:20995791;G|T;Family=13016	0.0750345359160956	0.557189607861074	0.917436287142097	1
chr22:20996054;G|A;Family=14192	0.121678107657	0.39118262985802	0.862777559697545	1
chr22:21447279;C|T;Family=12329	0.0247340595464603	0.858411718468948	0.976735411461456	1
chr22:21756331;C|T;Family=12014	0.389944673914192	0.281972594742994	0.795909601033559	1
chr22:21757478;G|A;Family=14523	-0.108603465081805	0.566819567411079	0.917436287142097	1
chr22:21763712;T|C;Family=12314	-0.060715225899959	0.731962515861089	0.946744615792166	1
chr22:21920263;G|A;Family=13099	-0.233324692272876	0.35008830966692	0.843340694512459	1
chr22:21958603;A|G;Family=12323	0.167529190362777	0.188095714511639	0.749964161798872	1
chr22:23164296;G|A;Family=12964	0.748204050176018	0.00102255442363227	0.0826874690746279	1
chr22:23739329;G|A;Family=14470	-0.395634616658691	0.154946450561033	0.718808823781816	1
chr22:23743320;A|G;Family=12197	0.144764629682252	0.464981731103337	0.896750665347334	1
chr22:24586266;T|C;Family=14185	0.300948761214586	0.0945199578592155	0.636980633972185	1
chr22:24588307;G|A;Family=13551	-0.00617675289822644	0.962927722853189	0.99138240818133	1
chr22:25351735;T|G;Family=14290	-0.105296269582972	0.463744390698162	0.896452165866809	1
chr22:25722315;G|C;Family=14539	-0.00987065721027436	0.944022141312625	0.985861690281867	1
chr22:28757200;G|A;Family=12683	-0.204073126007	0.356963810773477	0.846828783267143	1
chr22:29259151;T|C;Family=13050	0.0335667073423443	0.736716255665031	0.946744615792166	1
chr22:29730488;C|G;Family=13089	-0.00805226998211904	0.954805310096904	0.990948508062706	1
chr22:30334131;G|A;Family=14560	0.435153401019936	0.0141031330632524	0.337281241299307	1
chr22:30423991;T|C;Family=11489	0.0881936610113443	0.335670025144419	0.832854915944102	1
chr22:30461448;C|G;Family=11989	-0.15200930566604	0.276775916093681	0.793273046223266	1
chr22:31683328;G|A;Family=12382	-0.213513117262515	0.157972719237966	0.718808823781816	1
chr22:31906668;C|T;Family=12360	0.0642393937388018	0.783461224942335	0.9586620223513	1
chr22:32861747;G|A;Family=12796	0.194950500711346	0.437540711450526	0.88144403069351	1
chr22:33273439;T|C;Family=12457	-0.146297262242588	0.253821990570689	0.784352490465871	1
chr22:35294562;C|G;Family=12697	0.537577277080391	0.121565175113235	0.681147863075416	1
chr22:35740448;C|T;Family=11415	-0.511794619108615	0.22303157215706	0.770876892267304	1
chr22:36282343;G|A;Family=12976	-0.0347125460502889	0.887321483418804	0.980690219813665	1
chr22:36467645;C|G;Family=14380	0.0654414271068653	0.687552932610332	0.941766201378044	1
chr22:37180478;C|T;Family=13007	0.0375949117549726	0.675428647547489	0.940991574612089	1
chr22:37180625;C|T;Family=11029	-0.217143525665646	0.0600377579163469	0.551975045649515	1
chr22:37697628;G|A;Family=11368	-0.132307873636294	0.332418497124365	0.831398706367727	1
chr22:37813556;C|T;Family=13576	0.031455471282061	0.823247965503343	0.968011325956374	1
chr22:37968182;C|CTCTTA;Family=13071	-0.393759035645268	0.00219463953344919	0.139583790773029	1
chr22:38221428;C|T;Family=11502	-0.0464563397363224	0.739562147106883	0.946744615792166	1
chr22:38485351;A|G;Family=14649	0.0851464722610444	0.622740717026687	0.927708006233402	1
chr22:38733162;C|T;Family=14467	0.0550148754870974	0.49532316493169	0.905104323336513	1
chr22:38863175;C|G;Family=12631	0.161117291596711	0.319355685434879	0.821002549694579	1
chr22:39018581;T|C;Family=12407	-0.0568346481188824	0.414683079804991	0.870444826908202	1
chr22:39020064;G|A;Family=12671	-0.150949821031388	0.143876612357641	0.703505581249478	1
chr22:39490288;T|A;Family=14249	-0.0803397201049936	0.722787820767929	0.946744615792166	1
chr22:40036181;C|T;Family=11835	-0.101237438000089	0.7274366738149	0.946744615792166	1
chr22:40329704;C|T;Family=11312	0.094433455466503	0.637621767734401	0.931507626906394	1
chr22:40331447;G|C;Family=13034	0.13536026058378	0.419551525254467	0.871477407273657	1
chr22:40332081;T|G;Family=14046	-0.190175715292517	0.256950520668725	0.784352490465871	1
chr22:40361509;A|T;Family=13203	-0.0158608869772352	0.919833244314436	0.985079385214649	1
chr22:40364303;C|T;Family=12738	1.21208749225696	0.000875729790097857	0.0741868236468613	1
chr22:40835633;G|C;Family=14515	-0.041509478286228	0.880212419087334	0.980690219813665	1
chr22:41358553;C|G;Family=13807	0.138662870175708	0.355428131783174	0.846828783267143	1
chr22:41898660;A|G;Family=11415	0.234078599523031	0.15934794540627	0.720406594352616	1
chr22:41898705;C|G;Family=12120	0.249389951751133	0.397005615925995	0.862777559697545	1
chr22:41903002;G|A;Family=14644	-0.0512381928269898	0.718339818199394	0.946744615792166	1
chr22:42031433;G|A;Family=11159	-0.191208142318647	0.467530209167877	0.896750665347334	1
chr22:42383755;CT|C;Family=11219	0.302077327517516	0.156292809957102	0.718808823781816	1
chr22:42510354;G|A;Family=14458	-0.101300061118458	0.16506146994456	0.729204337383969	1
chr22:43068521;G|A;Family=12976	-0.204844478647376	0.101657564833585	0.651148192310946	1
chr22:43163169;G|A;Family=14659	0.0861088630666127	0.610003650538015	0.927167442816425	1
chr22:43199409;A|G;Family=13146	-0.378721814670658	0.000329576650137882	0.0355343551875934	1
chr22:43238370;G|A;Family=11057	-0.563335115082466	0.00450568436596011	0.195502743586415	1
chr22:44244437;G|A;Family=11235	0.0985255561936092	0.541173800424603	0.917436287142097	1
chr22:44247500;C|G;Family=14356	-0.320687848458642	0.0261357910059161	0.430514557403007	1
chr22:44881542;TG|T;Family=14096	-1.06452751022083	0.034138983960613	0.472632314909965	1
chr22:44882646;C|CCATG;Family=11304	-0.300245048418092	0.028416826952827	0.453394934072459	1
chr22:45190914;TAGAG|T;Family=11942	-0.148868473840437	0.590267388393151	0.919264071705076	1
chr22:46293891;C|G;Family=14470	0.361304157495443	0.102557428105229	0.652771608583907	1
chr22:46361866;G|T;Family=13599	-0.0768400336772308	0.673484649945883	0.939987145220056	1
chr22:47173887;C|T;Family=11424	-0.178898428362055	0.408332208024111	0.862777559697545	1
chr22:49773989;G|A;Family=11645	-0.486129253464245	0.123265255744365	0.683988500931723	1
chr22:49774277;G|A;Family=11301	-0.130054365419481	0.361861256266666	0.849836534519339	1
chr22:49888231;T|C;Family=14629	-0.530335923827498	0.0126540588127839	0.330230317159468	1
chr22:49901548;TTG|T;Family=14486	-0.154794755701792	0.323207976616564	0.826130733334579	1
chr22:50178310;C|T;Family=12201	-0.167467290588643	0.255217604301865	0.784352490465871	1
chr22:50218044;G|A;Family=12463	0.249063235756835	0.278739497692542	0.793351988600182	1
chr22:50275338;G|A;Family=13364	-0.248730435725764	0.0303910332729579	0.46107748873794	1
chr22:50445576;G|C;Family=14316	-0.0423516690097518	0.739060017264937	0.946744615792166	1
chr2:100280585;C|T;Family=11810	0.111434799430953	0.725364414545898	0.946744615792166	1
chr2:10057444;C|T;Family=13984	-0.13951738572217	0.267202848959751	0.788163537075341	1
chr2:101397685;C|T;Family=12641	0.0597037987796528	0.6518261195039	0.932590885374887	1
chr2:102344264;C|T;Family=12679	-0.0618521666909503	0.589941884185267	0.919264071705076	1
chr2:102533057;A|G;Family=13634	-0.473752588284575	0.00162331401499012	0.113250024810487	1
chr2:102716264;C|A;Family=11615	-0.110453785786377	0.782635701956243	0.9586620223513	1
chr2:102717597;C|A;Family=12681	-0.285535923289715	0.0154064779712063	0.355949666373714	1
chr2:105266592;G|A;Family=22027	0.222830847232838	0.0951655916624875	0.636980633972185	1
chr2:106093641;G|A;Family=12289	0.341218648770689	0.13909564064515	0.703505581249478	1
chr2:106093764;TA|T;Family=14157	0.793032174113052	0.00860380710740055	0.27276381342254	1
chr2:106805473;G|A;Family=11051	-0.468975897842723	0.271669221078644	0.792294334916243	1
chr2:108785373;A|G;Family=11077	-0.21465773355601	0.25437372511866	0.784352490465871	1
chr2:108894943;A|C;Family=12313	0.376081625120128	0.0238726356237043	0.423702722078389	1
chr2:109502878;TTTC|T;Family=13542	0.0169303775343342	0.957623364974795	0.991376697122829	1
chr2:111166684;G|A;Family=13621	-0.0874702120654721	0.407737142870073	0.862777559697545	1
chr2:112215489;A|AAAAT;Family=13858	-0.550888107496678	0.11782265809161	0.67566068905099	1
chr2:112333897;G|A;Family=12597	0.255697030254843	0.548796161620835	0.917436287142097	1
chr2:112533293;G|T;Family=14026	0.0742653475959618	0.521023789101749	0.91383439572822	1
chr2:112536119;A|G;Family=13619	-0.576754375886258	0.176599544936686	0.744599654986115	1
chr2:112573587;G|A;Family=11276	-0.098246361623441	0.802444145593317	0.963066009877218	1
chr2:112588364;TAC|T;Family=13064	-0.306155388407673	0.338464189917252	0.83336368159844	1
chr2:113027836;C|A;Family=11545	-0.355829735864712	0.0251691930934945	0.430364014665878	1
chr2:113206331;G|A;Family=14375	0.161075512333959	0.194491591685723	0.752043382342293	1
chr2:113216257;C|T;Family=11933	-0.226444206785547	0.0771753502871392	0.607325724862858	1
chr2:113742122;T|C;Family=12766	-0.763632568773639	0.0319902333493584	0.464576531661295	1
chr2:113959963;A|G;Family=13736	-0.229540811010993	0.55395759194938	0.917436287142097	1
chr2:120104264;G|A;Family=12637	-0.498430474052966	0.0828748412122278	0.624037908705978	1
chr2:120984534;A|T;Family=13071	-0.0526180338494592	0.647758837868351	0.931955497426442	1
chr2:120989430;G|A;Family=13097	0.0407254023159678	0.759620894441601	0.952361552428824	1
chr2:121221318;C|T;Family=11266	0.44662721544353	0.0635610437773166	0.564205790240902	1
chr2:127048247;C|T;Family=13988	0.0575230953864324	0.778284292385271	0.957793469119761	1
chr2:127701340;G|C;Family=14613	0.018341097957595	0.893385402454482	0.980690219813665	1
chr2:127941254;C|G;Family=12907	0.812258545251856	0.072913623365202	0.597757308602278	1
chr2:128172585;T|C;Family=22026	0.130466145967576	0.811274656562208	0.966359299647919	1
chr2:128190451;CTT|C;Family=14623	1.76191443549334	4.47418909071391e-07	0.000198989559809501	0.00159191647847601
chr2:128190905;G|A;Family=12722	0.0248441190061676	0.929461724579467	0.985079385214649	1
chr2:128191396;C|A;Family=11800	-0.62804069927614	0.218475476594254	0.76604708611875	1
chr2:130765137;A|T;Family=11810	-0.514361884934123	0.310473585162536	0.813539060442744	1
chr2:131049416;G|A;Family=11883	0.34100556611643	0.148073908552312	0.712130458221991	1
chr2:131147540;T|C;Family=13916	0.14805790825328	0.239523845633131	0.784352490465871	1
chr2:134449703;C|T;Family=12727	0.320981543773003	0.153715553013139	0.718808823781816	1
chr2:134956020;T|C;Family=12052	0.0065417370227297	0.976843438061898	0.992286952548644	1
chr2:135224442;A|G;Family=14570	-0.196726058723728	0.107140669699443	0.658387742298133	1
chr2:135839883;C|T;Family=11031	0.0143538733299823	0.896779870520794	0.980690219813665	1
chr2:143049382;C|T;Family=14411	0.0690307049797316	0.807855235546056	0.96454662015868	1
chr2:143050341;C|T;Family=13592	0.604534654851633	0.00261754741385243	0.157851418618423	1
chr2:143053230;A|G;Family=12989	-0.267200768311638	0.37268830205828	0.857646763404051	1
chr2:143939613;TTTC|T;Family=13881	-0.269638422005543	0.209752360940408	0.759978513468401	1
chr2:144462320;T|C;Family=13211	0.108489749508771	0.784847554618494	0.958958653616965	1
chr2:147928575;A|ATAAC;Family=11307	-0.221106143880707	0.232818691684193	0.77599957729582	1
chr2:148471094;A|T;Family=14363	0.494745104439341	0.415454633999634	0.870444826908202	1
chr2:151482061;CTT|C;Family=14617	0.773132073282541	0.0108520128251508	0.311382755095859	1
chr2:152654408;T|C;Family=11336	-0.571740780500426	0.252663317882133	0.784352490465871	1
chr2:152656191;C|CT;Family=12499	0.255286607034151	0.566320079955855	0.917436287142097	1
chr2:154857794;T|A;Family=14449	-0.380639773926511	0.00727729591112947	0.241228963776199	1
chr2:157312188;A|G;Family=13988	-0.0117537956765649	0.918735035189115	0.985079385214649	1
chr2:158338688;G|A;Family=13148	0.706440019142516	0.0884129198343849	0.629913149243165	1
chr2:158625346;G|C;Family=12162	0.0127797325214707	0.939576693638466	0.985079385214649	1
chr2:159771089;G|A;Family=13924	-0.337590670198627	0.621996701732004	0.927708006233402	1
chr2:159946682;A|C;Family=13918	-0.117162149246459	0.5753007217171	0.918169230061666	1
chr2:160101510;T|C;Family=12788	0.0430948781616673	0.819420511605367	0.967804860741248	1
chr2:161983203;AG|A;Family=14644	0.222919630458335	0.485655920836003	0.898577101578003	1
chr2:162008566;G|T;Family=13579	-0.169763109873877	0.126277466232899	0.686750866713965	1
chr2:162008659;T|C;Family=13409	-0.245164850870907	0.365514094816971	0.85390620443781	1
chr2:163606073;T|C;Family=12091	0.0156838419717538	0.938291528864034	0.985079385214649	1
chr2:163607844;T|C;Family=11285	-0.459964812723324	0.0489823298263118	0.523263449021235	1
chr2:165094381;C|T;Family=14595	-0.0557051342056284	0.832109928780336	0.97165970679371	1
chr2:165344801;C|T;Family=14280	0.0100832650766162	0.969626936255991	0.991710225412957	1
chr2:165344869;C|A;Family=11892	0.0511483959755805	0.59984312966867	0.923114989343048	1
chr2:165354309;G|T;Family=11114	0.115247842858703	0.636372217035374	0.931507626906394	1
chr2:165374868;T|C;Family=13544	-0.13961364948839	0.331013822767677	0.831398706367727	1
chr2:165989378;A|G;Family=13752	-0.0928071403679526	0.868148258928078	0.97795435638332	1
chr2:165989790;AAAAAT|A;Family=14514	0.166302513335333	0.635259065823462	0.931507626906394	1
chr2:165991496;T|C;Family=12340	-0.285922731273539	0.205922255707003	0.759303203591094	1
chr2:165991561;G|A;Family=12499	0.223158691132199	0.190800368857129	0.752043382342293	1
chr2:165998144;A|C;Family=13891	-0.158938327240718	0.607400381745256	0.927167442816425	1
chr2:166046848;G|C;Family=13988	0.0018801396244349	0.989779275438057	0.993969704207905	1
chr2:166198309;C|T;Family=12449	0.441063839266693	0.165187941520933	0.729204337383969	1
chr2:168774857;TG|T;Family=12748	-0.208233902655117	0.458958365168463	0.896452165866809	1
chr2:168923786;G|A;Family=11251	0.0654810755382168	0.641111368417216	0.931507626906394	1
chr2:170847738;G|A;Family=12630	0.888765248506611	0.0631564946105874	0.564205790240902	1
chr2:170991658;G|GATCT;Family=12626	0.202470833945177	0.584311922597875	0.918280435435728	1
chr2:170992470;C|A;Family=13403	0.497979727219348	0.109913379836131	0.660519212548851	1
chr2:171319581;C|T;Family=11187	0.0212806568486673	0.872346690075089	0.978858721013728	1
chr2:171555749;G|A;Family=12396	0.154456123231993	0.554247550350601	0.917436287142097	1
chr2:172081770;G|T;Family=11480	-0.00566608313582157	0.96598355309331	0.991710225412957	1
chr2:172100315;A|G;Family=13051	0.035530886968649	0.757537977329494	0.952116025265764	1
chr2:172504612;A|C;Family=11172	-0.0452355078736503	0.727077214624001	0.946744615792166	1
chr2:172600469;C|T;Family=13508	0.0607475749321611	0.86816511985589	0.97795435638332	1
chr2:172603764;C|T;Family=13556	-0.591026413214241	0.0473338201302256	0.521404743106324	1
chr2:175925325;G|C;Family=14093	-0.024692307661205	0.929512100171253	0.985079385214649	1
chr2:176124206;G|A;Family=13709	0.102116767864568	0.562709982691941	0.917436287142097	1
chr2:177615973;G|C;Family=13531	-0.463443053826866	0.441974072563911	0.884943022049744	1
chr2:177629027;A|T;Family=12925	-0.244616732147128	0.0493795010460272	0.523263449021235	1
chr2:178136552;C|T;Family=22105	-0.112720866915519	0.0986150679660196	0.649388719216079	1
chr2:178137904;G|C;Family=14468	-0.131789545902452	0.675461630567531	0.940991574612089	1
chr2:178402055;T|G;Family=12867	0.0896854288616687	0.47232202120186	0.897881562972312	1
chr2:178402563;A|G;Family=11198	0.0885582163277775	0.870144466967945	0.978794431444732	1
chr2:178873393;A|G;Family=14017	-0.273765481173297	0.457712723522058	0.896452165866809	1
chr2:178874946;T|A;Family=14226	-0.0067854399313593	0.974224787933957	0.992286952548644	1
chr2:178875519;C|T;Family=14406	0.0519689946988128	0.943128507330634	0.9857964832792	1
chr2:182142011;G|C;Family=11552	-0.13169972890774	0.741564634626584	0.947337390317309	1
chr2:182142017;C|T;Family=12316	-0.286475532484431	0.641023901980239	0.931507626906394	1
chr2:182780190;C|T;Family=13787	0.214139300292844	0.132745192268577	0.694126093391794	1
chr2:182782843;T|C;Family=13947	-0.304087046413349	0.0998497838470888	0.649479946851813	1
chr2:182788544;T|C;Family=11030	-0.0334418551969651	0.863868704414018	0.97795435638332	1
chr2:182791335;T|C;Family=13981	-0.37622734667676	0.238961332433792	0.784339871586191	1
chr2:185761040;GA|G;Family=12598	0.209156517402514	0.554079599617478	0.917436287142097	1
chr2:189034022;C|T;Family=14085	0.182609015403312	0.470744529290205	0.897881562972312	1
chr2:189458825;G|A;Family=12184	0.161512263930508	0.492439685372742	0.902214418412057	1
chr2:189775364;T|G;Family=12833	0.44993138763795	0.301665924270865	0.807515158412918	1
chr2:189854023;A|C;Family=12227	-0.31637616684029	0.463351382850343	0.896452165866809	1
chr2:189864171;T|C;Family=11441	0.0263718262894777	0.892141338458393	0.980690219813665	1
chr2:190202057;T|C;Family=14031	-0.44922340124665	0.0633111684956043	0.564205790240902	1
chr2:190204763;A|G;Family=14470	-0.506932565926151	0.156761477637164	0.718808823781816	1
chr2:191692786;C|G;Family=12420	-0.73051658517536	0.022253057615307	0.417888990515216	1
chr2:196135862;A|C;Family=14564	1.20923784846583	3.11118340315223e-05	0.00527123359448364	0.110695905484156
chr2:197392121;C|T;Family=12686	0.0823060132046571	0.802715832700657	0.963066009877218	1
chr2:197551264;G|A;Family=13154	-0.813346836264411	0.0941164359227524	0.636980633972185	1
chr2:197708200;T|C;Family=12648	-0.564124536325273	0.317996858287332	0.819878856366903	1
chr2:199933186;G|A;Family=12843	0.296813455299994	0.0840569495948382	0.625679135268691	1
chr2:200489752;G|C;Family=12314	-0.188604411154635	0.42048642571309	0.871784182413911	1
chr2:201163531;C|T;Family=12401	0.034795981708584	0.79766541133534	0.963066009877218	1
chr2:201623884;G|A;Family=13574	-0.0244944415617854	0.967416581308658	0.991710225412957	1
chr2:201889137;A|C;Family=11164	0.0629228093411063	0.730889254163075	0.946744615792166	1
chr2:202962073;T|C;Family=13741	0.413132325115406	0.141995191076279	0.703505581249478	1
chr2:203402659;C|T;Family=13471	-0.256716412326567	0.240788225875528	0.784352490465871	1
chr2:203431051;G|GA;Family=12388	0.390899657135443	0.0694681248740356	0.589543903932061	1
chr2:20449434;A|G;Family=14575	-0.050892560566854	0.922516534643033	0.985079385214649	1
chr2:20618580;G|A;Family=13624	-0.259560437290577	0.0403030786003708	0.487749502245303	1
chr2:206619891;G|A;Family=14540	0.567058903922248	0.0846273060522284	0.627011536731009	1
chr2:207601814;G|C;Family=12478	-0.148160200505235	0.483513511707406	0.897881562972312	1
chr2:207763431;C|T;Family=14598	-0.306772256058437	0.273656394680398	0.793273046223266	1
chr2:208285776;C|T;Family=11679	0.576440438859692	0.0349470948157896	0.474976440926409	1
chr2:21024411;A|G;Family=14214	0.0487788263558504	0.712713335264174	0.946744615792166	1
chr2:210678792;A|G;Family=14058	-0.0421660203948323	0.892585264233843	0.980690219813665	1
chr2:211382007;C|G;Family=13929	0.248892122560429	0.597050104456595	0.921506617302338	1
chr2:213930055;G|A;Family=12430	-0.450760703642425	0.20792847608211	0.759841019511585	1
chr2:215346766;G|A;Family=14303	0.104166677318075	0.404519839049928	0.862777559697545	1
chr2:215346790;G|A;Family=11657	0.120255161205399	0.532796513466255	0.915952881844742	1
chr2:216501655;C|T;Family=13869	-0.420113943648848	0.230993493716504	0.775034379582612	1
chr2:217801751;T|C;Family=11571	0.0666847559522373	0.56550911282195	0.917436287142097	1
chr2:218234999;G|A;Family=12716	-0.077026272660623	0.768443580317513	0.956334280161488	1
chr2:219163441;A|G;Family=12367	-0.131486777832789	0.459444836553137	0.896452165866809	1
chr2:219180733;A|T;Family=12469	0.0271629844719841	0.685675164709884	0.941766201378044	1
chr2:219216033;G|A;Family=14124	-0.230215163560051	0.20743190384782	0.759303203591094	1
chr2:219506756;CAAG|C;Family=13197	-0.0376724136884897	0.711322066168187	0.946124826701462	1
chr2:221420166;A|G;Family=14653	-0.020963922914355	0.8976216593164	0.980690219813665	1
chr2:223967681;A|G;Family=11401	0.324713949985363	0.382240830652126	0.861358140023387	1
chr2:224473722;C|T;Family=14303	0.121014708958278	0.765045610550167	0.956022906454699	1
chr2:224807721;G|A;Family=13843	-0.0455003183734841	0.853322569495078	0.975889816093081	1
chr2:226732343;G|A;Family=12636	0.091578802009681	0.477367904442093	0.897881562972312	1
chr2:226995818;G|A;Family=11264	-0.186505310029515	0.283824238382856	0.796409022213094	1
chr2:227981684;G|T;Family=11981	0.196498066572505	0.241800564154721	0.784352490465871	1
chr2:230907364;C|T;Family=14147	0.0437837222958823	0.754433883659834	0.952116025265764	1
chr2:231372229;C|T;Family=12444	0.348707703066983	0.0575936316977974	0.547045679682214	1
chr2:232238540;C|A;Family=11625	-0.0548606923490006	0.524209106712	0.91383439572822	1
chr2:232260352;C|T;Family=13041	-0.0157649997729879	0.919229651621482	0.985079385214649	1
chr2:232263310;C|T;Family=11012	0.0990577507625277	0.559059543271903	0.917436287142097	1
chr2:232336039;G|A;Family=13722	0.406715330146063	0.00654158516677427	0.231729648960316	1
chr2:232531616;G|A;Family=11729	0.0690212843616387	0.623280393918915	0.927708006233402	1
chr2:232858311;A|G;Family=12289	-0.617919703377559	0.0138091386608697	0.336526817502564	1
chr2:233519539;T|C;Family=11597	-0.560293831509679	0.16945496662814	0.738647052504738	1
chr2:234494895;A|C;Family=14620	0.281267799560055	0.509185903005809	0.911971572282018	1
chr2:235055422;G|A;Family=12638	-0.277068618658563	0.250880298735617	0.784352490465871	1
chr2:236120386;G|A;Family=11000	-0.11006138768933	0.417359338025614	0.870444826908202	1
chr2:236124576;C|T;Family=13611	-0.0604104225191266	0.600659143338393	0.923172886392226	1
chr2:237088619;A|G;Family=14632	0.59429791028692	0.254647247767196	0.784352490465871	1
chr2:238099394;T|C;Family=12724	0.113961721240878	0.528324556508961	0.914734195649091	1
chr2:238152501;TG|T;Family=11540	0.0307769956268256	0.93578855317664	0.985079385214649	1
chr2:239050745;C|T;Family=13272	-0.26172973944193	0.358687611462676	0.846828783267143	1
chr2:240482185;C|G;Family=11946	0.0121755179532029	0.911553911675826	0.985079385214649	1
chr2:240520532;G|A;Family=13398	0.453045257743106	0.111390867859135	0.664999901364936	1
chr2:241183251;C|T;Family=14202	-0.136326953530481	0.651897316287754	0.932590885374887	1
chr2:241353409;A|C;Family=13564	-0.282502995853442	0.336720250276924	0.83336368159844	1
chr2:241445606;C|T;Family=13385	-0.00494867934494137	0.978160835510517	0.992286952548644	1
chr2:241749408;G|A;Family=14576	0.0343595898792875	0.853216877454092	0.975889816093081	1
chr2:241749817;C|T;Family=14146	-0.244560694801549	0.06031671164502	0.553110464002528	1
chr2:241755178;C|T;Family=13136	0.120938703405991	0.553576578570913	0.917436287142097	1
chr2:24175802;G|T;Family=13930	0.136120851482168	0.560210613931011	0.917436287142097	1
chr2:241850685;G|A;Family=13309	0.0657516714455362	0.744014833560164	0.948050545930121	1
chr2:24789958;C|T;Family=11800	-0.250313028507942	0.324551170806816	0.826236675352672	1
chr2:25145559;G|A;Family=14386	0.0974932832830785	0.585167662815052	0.918280435435728	1
chr2:25156660;C|T;Family=11353	0.135319493061655	0.652132131200876	0.932590885374887	1
chr2:25157831;T|C;Family=13513	-0.0585942591128914	0.738696708516683	0.946744615792166	1
chr2:25230242;G|A;Family=11715	-0.426175843790119	0.000756631883233474	0.0673024060136175	1
chr2:25230513;GA|G;Family=14027	0.311757389845335	0.0884505872277576	0.629913149243165	1
chr2:25234307;G|A;Family=14336	0.04048813307987	0.868284938677602	0.97795435638332	1
chr2:26730402;C|T;Family=14100	0.32832016258022	0.0482187726474071	0.523263449021235	1
chr2:26732705;C|G;Family=11246	0.0619217379925657	0.574577122815186	0.918169230061666	1
chr2:26947441;G|A;Family=11056	-0.0413633335783758	0.726205822960209	0.946744615792166	1
chr2:27136929;G|A;Family=14192	-0.098893274345344	0.351317354886322	0.844939798303203	1
chr2:27243927;C|T;Family=11931	-0.184960476321252	0.294702784661185	0.805127032018295	1
chr2:279906;C|T;Family=13932	0.100418539086747	0.68127315152387	0.941766201378044	1
chr2:28415715;T|C;Family=13946	-0.19732777607409	0.135794801489767	0.700228845942888	1
chr2:28643133;C|T;Family=12281	0.00512170831318976	0.974540541834546	0.992286952548644	1
chr2:30159423;C|T;Family=14652	-0.446844088980075	0.114474339831774	0.668797148978188	1
chr2:31267680;A|C;Family=12850	-0.310079713050146	0.0167113941106703	0.37094085405945	1
chr2:32089567;C|G;Family=14480	0.531614266339538	0.113238193650024	0.667055451997989	1
chr2:32220466;C|G;Family=13805	-0.041807484644002	0.874221136835271	0.98010665435265	1
chr2:32307549;T|C;Family=11869	-0.664002048787803	0.0949162724627744	0.636980633972185	1
chr2:32312264;G|A;Family=11981	0.0106936699519501	0.925708558034197	0.985079385214649	1
chr2:3550465;G|A;Family=12964	-0.146027314282564	0.589521945945946	0.919264071705076	1
chr2:3644481;TA|T;Family=14522	-0.426457414351928	0.147477888403853	0.711345720043511	1
chr2:36549682;A|G;Family=13954	-0.0478698964911331	0.934971667267019	0.985079385214649	1
chr2:36759377;G|T;Family=22105	-0.0670836530200703	0.757087274660312	0.952116025265764	1
chr2:37251942;A|C;Family=13905	0.111791818550246	0.793131959908734	0.962124111233069	1
chr2:38734005;C|T;Family=11773	-0.01386518749016	0.91872237578975	0.985079385214649	1
chr2:38974699;T|C;Family=14680	0.27164349280596	0.0465205638927136	0.514037783634395	1
chr2:40098122;C|T;Family=12360	0.0330277940249955	0.919568496055928	0.985079385214649	1
chr2:40104941;G|T;Family=11869	-0.466190049504512	0.0455643560277748	0.50980496461265	1
chr2:40110232;G|A;Family=13393	-0.105703435413644	0.564490249038988	0.917436287142097	1
chr2:40110784;A|G;Family=13629	-0.294956974514442	0.27678857176024	0.793273046223266	1
chr2:43565070;T|C;Family=12346	-0.492551239934354	0.112532315736127	0.667055451997989	1
chr2:44318697;G|A;Family=14343	0.618836207759811	0.1622811060989	0.72355410463645	1
chr2:46185708;C|T;Family=13166	-0.269576710862251	0.0878828018098803	0.629913149243165	1
chr2:46186250;C|G;Family=13556	0.194567230095362	0.225608097267279	0.772860595019102	1
chr2:47074316;G|A;Family=22364	0.0726002986743647	0.55099309868507	0.917436287142097	1
chr2:47074774;C|T;Family=12302	-0.121769552483411	0.487786033390286	0.90093824021076	1
chr2:47799713;G|A;Family=13890	0.058319264544204	0.845060469335062	0.97423553494761	1
chr2:48375630;A|G;Family=14007	0.0327594139032722	0.936115741970113	0.985079385214649	1
chr2:48377199;A|C;Family=14531	0.269449006842992	0.553281011105696	0.917436287142097	1
chr2:48595331;A|G;Family=11456	-0.0982863769029956	0.310507600922216	0.813539060442744	1
chr2:50207689;G|C;Family=11679	-0.161639233358839	0.689160193047475	0.941766201378044	1
chr2:50918317;A|G;Family=12014	0.807793099252719	0.310122513264363	0.813539060442744	1
chr2:53887396;G|A;Family=14339	0.114097666482564	0.439169842618393	0.882603549731856	1
chr2:54065901;T|C;Family=11469	-0.0380867932618975	0.784191967943383	0.958688051734372	1
chr2:54660185;T|G;Family=14502	-0.438709097230506	0.19953140001225	0.759303203591094	1
chr2:5696599;G|A;Family=14153	-0.190875223785565	0.218700013961983	0.76604708611875	1
chr2:5698500;A|G;Family=14479	-0.562349984826853	0.0621620873623442	0.561210871897341	1
chr2:60899234;C|T;Family=13589	-0.281597229745356	0.284167344357696	0.796743428861058	1
chr2:61018400;CAGG|C;Family=11018	0.187379718632066	0.632408974366445	0.931507626906394	1
chr2:61482516;G|C;Family=14455	-0.811906650806582	0.149436052012246	0.714440962169947	1
chr2:65083821;A|G;Family=11543	0.197084702672804	0.615606898016089	0.927708006233402	1
chr2:65084839;G|A;Family=11505	0.463499369489762	0.0170288073094011	0.371708566913185	1
chr2:65310885;T|G;Family=11013	-0.745377205523939	0.278889087655187	0.793351988600182	1
chr2:67401400;A|G;Family=13895	-0.0288688625776328	0.930233098559363	0.985079385214649	1
chr2:67402535;A|G;Family=11485	0.309287359667906	0.406581747460787	0.862777559697545	1
chr2:68567380;G|A;Family=11459	0.078564410361662	0.870892944653119	0.978794431444732	1
chr2:69325719;A|G;Family=14301	-0.838151514152871	0.0807857596951526	0.623022256450343	1
chr2:69461843;C|T;Family=14195	-0.126262381760738	0.608719314106877	0.927167442816425	1
chr2:69941432;G|C;Family=11429	-0.211034063393408	0.197312142973897	0.754568900408943	1
chr2:69942862;T|C;Family=11429	-0.172291317797603	0.583615510422369	0.918280435435728	1
chr2:70150021;TGCA|T;Family=14618	-0.154833081860294	0.555435221280549	0.917436287142097	1
chr2:70277199;C|G;Family=13991	-0.202920438282421	0.206357228146162	0.759303203591094	1
chr2:70660965;G|T;Family=11018	-0.0494039235740612	0.790261662948608	0.960625554072821	1
chr2:70986440;AG|A;Family=13001	0.0663983993152002	0.511639688070794	0.912248580803326	1
chr2:72131287;G|A;Family=11063	-0.0644665090610101	0.457722510393597	0.896452165866809	1
chr2:72934343;T|C;Family=12019	-0.0333197764734379	0.831282015863126	0.971349994426025	1
chr2:72944993;G|A;Family=13787	-0.139071416077569	0.526341267835868	0.914467684310863	1
chr2:73226979;G|A;Family=11954	-0.0521263505305059	0.656884591331202	0.934692299736432	1
chr2:74216301;T|G;Family=11121	0.348154231921906	0.293929544612514	0.805081847368226	1
chr2:74394294;G|A;Family=11986	0.126603274780524	0.702784123717014	0.944445205210929	1
chr2:74395549;T|C;Family=12621	0.0696865475624075	0.533009570095858	0.915952881844742	1
chr2:74494487;C|T;Family=13358	0.0904624007122535	0.533632603535242	0.916344017074512	1
chr2:74891539;T|C;Family=12628	-0.221153739339394	0.0553548541865116	0.543101173575695	1
chr2:85544374;C|A;Family=12316	-0.144299315336515	0.516207691316295	0.913526088748241	1
chr2:85606685;G|A;Family=14228	-0.278873371954321	0.666569989636047	0.93790143566114	1
chr2:85658908;TAC|T;Family=14424	-0.386301299796192	0.366382924719018	0.854595844697822	1
chr2:86111157;G|C;Family=12613	-0.213824943284838	0.455870935857961	0.896089488317676	1
chr2:8853370;C|T;Family=12867	-0.0259789019201784	0.916350644721386	0.985079385214649	1
chr2:8854433;C|T;Family=11265	0.0609058512848942	0.862695508627402	0.97795435638332	1
chr2:9481403;C|T;Family=12687	0.0181837784281935	0.932620035469423	0.985079385214649	1
chr2:9489450;A|G;Family=11651	-0.655529254314794	0.00269959804243069	0.16008616391614	1
chr2:95384419;C|T;Family=12687	-0.0953894181354272	0.199710644166883	0.759303203591094	1
chr2:96114264;C|T;Family=12701	-0.0762166457571062	0.516439018173101	0.913526088748241	1
chr2:96329291;C|T;Family=12749	0.421840987929878	0.271390800045909	0.792131637869848	1
chr2:96702316;C|T;Family=12619	-0.105074646018894	0.371084369296559	0.857646763404051	1
chr2:96832748;G|T;Family=12778	0.0129658026784321	0.89574732702055	0.980690219813665	1
chr2:98588361;C|T;Family=13836	0.0852011938380057	0.489656110050935	0.90093824021076	1
chr3:100181264;A|C;Family=13221	0.1646653592696	0.74101958217974	0.947337390317309	1
chr3:100357788;C|T;Family=13037	-0.427163846835696	0.263526266315486	0.787012963356415	1
chr3:10099443;C|T;Family=11407	0.242925779680179	0.183082655662041	0.747046119691074	1
chr3:101671350;T|C;Family=12676	0.060303602463634	0.885922676436834	0.980690219813665	1
chr3:10325764;C|T;Family=13543	0.0171654340707837	0.914878072661706	0.985079385214649	1
chr3:10325905;T|C;Family=13925	0.154653170377559	0.599317085658044	0.922704539494297	1
chr3:105576696;C|T;Family=12335	0.0164783327605794	0.928798299142736	0.985079385214649	1
chr3:105655851;C|T;Family=14051	0.0839210116381908	0.821125631265811	0.967804860741248	1
chr3:107811324;A|C;Family=11038	-0.107389093366375	0.685568674226428	0.941766201378044	1
chr3:108043546;C|CA;Family=14670	-0.341495608960176	0.311463619003948	0.814245081863372	1
chr3:108191577;G|A;Family=12299	0.175929091862845	0.525268571406184	0.913890257732617	1
chr3:111606844;G|T;Family=12859	0.110120046876619	0.727880162836518	0.946744615792166	1
chr3:111975878;TTGTC|T;Family=12775	0.849936250433284	0.134827289893962	0.699063710569192	1
chr3:112117415;G|A;Family=13267	0.196644014684687	0.356793807418833	0.846828783267143	1
chr3:113291328;C|T;Family=11214	0.538918283815657	0.0937432726332254	0.636980633972185	1
chr3:113719696;AT|A;Family=13533	-0.817642991310824	0.0418652185836625	0.494621050150111	1
chr3:113809668;A|G;Family=14645	-0.435365079983825	0.128555884054899	0.6909393285005	1
chr3:113933626;G|A;Family=13614	0.0214623330891504	0.885105385486479	0.980690219813665	1
chr3:113961731;A|T;Family=13466	-0.0098239174552518	0.97028423340647	0.991710225412957	1
chr3:114005793;G|C;Family=14320	-0.0475190467749103	0.701509281208886	0.944445205210929	1
chr3:11809017;G|A;Family=13625	-0.427118491838845	0.0382696906723647	0.483886018423909	1
chr3:119211871;T|C;Family=13619	-0.116507960193537	0.743655257674018	0.948050545930121	1
chr3:119447066;T|C;Family=11888	0.104762177314223	0.474143824580654	0.897881562972312	1
chr3:119486870;C|T;Family=13835	0.376266919078628	0.339394151214996	0.83336368159844	1
chr3:120167266;C|T;Family=11721	0.157691664603775	0.293051050054115	0.80442365911672	1
chr3:121158446;A|T;Family=13128	0.0579516723039797	0.870732150177226	0.978794431444732	1
chr3:121626977;T|C;Family=13071	-0.169735081838262	0.101254943079874	0.651148192310946	1
chr3:121694586;C|A;Family=14637	-0.228852843330083	0.314920613837719	0.818430393076135	1
chr3:121854701;A|G;Family=14313	0.423191901338705	0.342723146473185	0.836320445819086	1
chr3:122120916;C|T;Family=12681	-0.0774495303342549	0.768863198560888	0.956334280161488	1
chr3:122574927;A|T;Family=14652	-0.175666142930076	0.779079742227607	0.957793469119761	1
chr3:123274084;T|G;Family=12692	-0.138516700819529	0.707263642729646	0.946105182553988	1
chr3:123944909;A|G;Family=11094	-0.33150290851349	0.00730734774922856	0.241228963776199	1
chr3:124746887;C|T;Family=13787	0.295573615388062	0.494397051162485	0.904403448861759	1
chr3:125226421;C|T;Family=14534	-1.10834020218787	0.00998318294825612	0.305222404727001	1
chr3:125231841;G|T;Family=14687	-0.643604713898318	0.147328311853088	0.711345720043511	1
chr3:12584278;G|A;Family=11108	-0.0422056517693826	0.800071930132602	0.963066009877218	1
chr3:126103832;T|G;Family=13802	-0.204133456123021	0.274712394670479	0.793273046223266	1
chr3:126135218;G|C;Family=11263	-0.00425930109767347	0.975730590856591	0.992286952548644	1
chr3:127035373;G|C;Family=11474	-0.165157998871549	0.0537738263579756	0.543101173575695	1
chr3:127615888;C|A;Family=14118	0.206880970198514	0.0949315088305065	0.636980633972185	1
chr3:127676379;T|G;Family=14320	0.0101111783585661	0.931215347426753	0.985079385214649	1
chr3:127986875;C|T;Family=12056	-0.173096460354248	0.149372416375563	0.714440962169947	1
chr3:128480896;G|C;Family=11504	-0.0652615161813065	0.732966917802534	0.946744615792166	1
chr3:129040491;G|T;Family=12011	-0.0839707955139025	0.549541222616842	0.917436287142097	1
chr3:131165459;C|T;Family=14136	0.163371816363749	0.329734638571191	0.831144724159205	1
chr3:1321790;A|G;Family=12964	0.178622281244708	0.480958601731417	0.897881562972312	1
chr3:1329859;G|A;Family=12385	-0.357784928649342	0.644913444622043	0.931507626906394	1
chr3:133826778;G|A;Family=11413	-0.321564265115017	0.255073203864352	0.784352490465871	1
chr3:133827116;G|T;Family=12724	0.213385002248894	0.142763734606139	0.703505581249478	1
chr3:133934381;C|A;Family=14482	-0.26247791528933	0.0483967398471463	0.523263449021235	1
chr3:134478503;C|G;Family=22052	0.0933539350772486	0.759945671920621	0.952361552428824	1
chr3:136145938;T|C;Family=14243	0.357390834172201	0.188110930442117	0.749964161798872	1
chr3:136149821;A|G;Family=12779	0.188974188592496	0.53485126643571	0.917108822158196	1
chr3:136327689;A|G;Family=14211	-0.131694728190885	0.39251693363755	0.862777559697545	1
chr3:136338071;A|G;Family=11236	0.0803542216389091	0.77683804331616	0.957793469119761	1
chr3:136338441;T|TTGA;Family=13006	0.07979535933763	0.710550735101803	0.946124826701462	1
chr3:136980530;C|G;Family=13129	0.0871420466052485	0.477907682214815	0.897881562972312	1
chr3:136989446;C|G;Family=11356	-0.218267804389873	0.0398929975162397	0.486093442338291	1
chr3:137010732;C|G;Family=13940	-0.160201104474264	0.348040182178448	0.840833629456757	1
chr3:138167118;T|C;Family=13798	-0.331885178498161	0.0949122165337125	0.636980633972185	1
chr3:13818784;A|AT;Family=11453	0.22032520203468	0.265766111950136	0.788163537075341	1
chr3:138324244;G|A;Family=12759	0.390340534207086	0.108229663857451	0.660519212548851	1
chr3:138405114;G|A;Family=12324	0.196049254088148	0.133710026799279	0.696545059080286	1
chr3:139561332;T|C;Family=13555	-0.059687200564671	0.638261516375315	0.931507626906394	1
chr3:140571367;A|G;Family=14452	-0.449661066209356	0.259299343858324	0.786212325658074	1
chr3:14130863;C|T;Family=13412	0.208512269808561	0.149477011234699	0.714440962169947	1
chr3:141817086;G|A;Family=11069	-0.129886293533954	0.446492794189577	0.889983956149309	1
chr3:141946431;CT|C;Family=13375	-0.0183558363136563	0.949936741300693	0.99029444053556	1
chr3:141946441;A|C;Family=13375	-0.252323920187144	0.491543744581056	0.901340792260143	1
chr3:14198632;G|C;Family=12782	-0.0304660467067764	0.81378025224875	0.966837247925299	1
chr3:142961716;T|G;Family=12303	0.0903975537845502	0.606261183885542	0.927167442816425	1
chr3:143057916;C|T;Family=11580	0.0729681496352447	0.863605235702009	0.97795435638332	1
chr3:143059102;A|AT;Family=11142	0.389039900122846	0.334615780640412	0.831398706367727	1
chr3:14490580;A|C;Family=11121	0.301075024750635	0.0697851042645002	0.589775299223495	1
chr3:148742791;T|G;Family=13028	0.231310366637783	0.549672088704422	0.917436287142097	1
chr3:149965507;CTT|C;Family=11455	-0.0920949554177522	0.539705563227023	0.917436287142097	1
chr3:150464875;AG|A;Family=13023	-0.875087780595328	0.0449598583720922	0.508698685825179	1
chr3:150543729;T|G;Family=12975	-0.159017367152999	0.694016576732218	0.941766201378044	1
chr3:151435545;T|C;Family=12313	-0.0876400606551963	0.585427451075655	0.918280435435728	1
chr3:153168786;A|G;Family=11919	-0.298944114571636	0.269541384748691	0.789330766576708	1
chr3:154272947;A|T;Family=14536	0.268857945232204	0.516352485570607	0.913526088748241	1
chr3:155833498;G|A;Family=12929	0.145677814089608	0.571108476734074	0.918169230061666	1
chr3:155940583;C|T;Family=14200	0.653212708931109	0.0859278863882855	0.629289272880618	1
chr3:155941178;G|A;Family=11046	-0.131462053517084	0.334045011220412	0.831398706367727	1
chr3:155942209;C|T;Family=11544	0.0815152425591563	0.732504101682581	0.946744615792166	1
chr3:156537898;T|C;Family=14258	-0.252592498028101	0.366529864814187	0.854595844697822	1
chr3:156538430;A|C;Family=14076	-0.731983676754657	0.0983036459454047	0.649388719216079	1
chr3:156925112;G|C;Family=11718	0.378777838768539	0.423805238024372	0.875155975104207	1
chr3:157148062;G|C;Family=12324	-0.0490118267306124	0.842357459637597	0.972843377595567	1
chr3:157152211;A|G;Family=12512	0.304627331676048	0.218436515083442	0.76604708611875	1
chr3:160417783;G|A;Family=13082	0.00480997156846368	0.974811102057909	0.992286952548644	1
chr3:161071100;G|C;Family=11462	0.23924796681978	0.0583259350007681	0.548247580109484	1
chr3:161252221;T|C;Family=11227	0.21539448884574	0.47959509133136	0.897881562972312	1
chr3:169779365;C|A;Family=11195	-0.0568299106594762	0.650699374780434	0.932590885374887	1
chr3:169926859;G|C;Family=13254	-0.16183763984869	0.142450487637268	0.703505581249478	1
chr3:170396591;G|A;Family=12396	0.561947040722697	0.251121595939796	0.784352490465871	1
chr3:170890492;G|A;Family=13583	0.135619889041503	0.720760061298006	0.946744615792166	1
chr3:171859042;T|A;Family=14011	0.115654008741262	0.283476610220635	0.796122155164479	1
chr3:171859268;G|C;Family=14011	0.0201821788138651	0.904618776109412	0.981589998596306	1
chr3:175808323;G|A;Family=12430	0.015257529023315	0.964979983324467	0.991710225412957	1
chr3:175808777;T|C;Family=11349	0.175872860178594	0.509120517393282	0.911971572282018	1
chr3:175808943;A|G;Family=14360	-0.00800847990485625	0.966623853254289	0.991710225412957	1
chr3:177024818;A|G;Family=11897	-0.226423813202049	0.187308015644868	0.749964161798872	1
chr3:179397074;A|T;Family=13523	-0.463639393509115	0.513879210568453	0.913526088748241	1
chr3:179399799;A|G;Family=13706	-0.338962212835549	0.391526529629682	0.862777559697545	1
chr3:179626617;G|A;Family=14671	-0.166422215834999	0.307408050187334	0.810791580849915	1
chr3:179797486;A|G;Family=14155	-0.575857823486344	0.18822877922608	0.749964161798872	1
chr3:180610162;A|C;Family=14557	-0.312015599401548	0.0847646287711117	0.627011536731009	1
chr3:182944935;C|T;Family=14247	0.101361573369074	0.416743350544894	0.870444826908202	1
chr3:183272134;G|A;Family=14425	-0.182727583716029	0.617383984798309	0.927708006233402	1
chr3:183681295;A|G;Family=11172	0.110175085649233	0.782823822460289	0.9586620223513	1
chr3:183949843;G|A;Family=11159	0.00642557451256062	0.96253304032268	0.99138240818133	1
chr3:183963531;G|A;Family=11793	-0.248249680098758	0.121148457355299	0.679883613990782	1
chr3:184292359;C|G;Family=12304	-0.142530667574136	0.255749404034157	0.784352490465871	1
chr3:184322831;G|C;Family=11265	-0.18568387479366	0.482783735671646	0.897881562972312	1
chr3:184322841;C|T;Family=12523	-0.0475344836912606	0.828824827652111	0.970786260775172	1
chr3:184325022;A|C;Family=12285	-0.171741772327429	0.166731863625356	0.732385149109896	1
chr3:184353323;C|T;Family=11205	-0.367788298345807	0.0404561564233375	0.48794238831944	1
chr3:184371956;G|A;Family=12375	-0.241681636286124	0.0426913040149859	0.496163515877402	1
chr3:185079873;C|G;Family=12794	0.0935571992906681	0.447475361894888	0.890620157336825	1
chr3:185081076;G|GT;Family=12210	0.0975800048147446	0.588159368997004	0.919264071705076	1
chr3:185484490;A|G;Family=12921	0.12704046496568	0.282424086406815	0.795909601033559	1
chr3:185491643;A|G;Family=12573	0.02131652361063	0.955761408456068	0.990948508062706	1
chr3:185631246;G|A;Family=11263	-0.276110219546941	0.173177203136228	0.740331577553253	1
chr3:186551141;G|A;Family=11380	-0.0254095807448813	0.940507153070977	0.985133533889812	1
chr3:186855227;T|A;Family=13383	0.256890955251056	0.177951019539844	0.744599654986115	1
chr3:186856850;A|T;Family=11046	0.0264652034316804	0.923841268131386	0.985079385214649	1
chr3:187077425;G|C;Family=12326	0.0272190873276304	0.758106998195028	0.952116025265764	1
chr3:188746522;A|G;Family=11749	-0.262952854457816	0.461366101453178	0.896452165866809	1
chr3:188877000;T|C;Family=12055	-0.55326914061381	0.376177199826552	0.859641646193955	1
chr3:190308176;A|G;Family=11101	0.13104730319258	0.723908420819441	0.946744615792166	1
chr3:190429125;TC|T;Family=14527	0.0106568313743462	0.929270676275666	0.985079385214649	1
chr3:190648856;A|AT;Family=14551	-0.234211338613008	0.15039995319988	0.714449977950833	1
chr3:191263055;G|A;Family=11458	0.716672863858756	0.0836151700623837	0.624037908705978	1
chr3:191397225;A|G;Family=12653	-0.0898690524595493	0.770315220992365	0.956642777064864	1
chr3:193274903;G|A;Family=11651	0.0710964416725332	0.841699292804753	0.972843377595567	1
chr3:195741032;C|T;Family=14112	-0.0867141330145448	0.645496716893712	0.931507626906394	1
chr3:195765065;A|G;Family=11984	-0.305824243488849	0.114496817904525	0.668797148978188	1
chr3:195863418;C|T;Family=14007	0.288695031690728	0.200807932554944	0.759303203591094	1
chr3:196353313;G|A;Family=14186	-0.224467610895133	0.375335444815766	0.859358759751928	1
chr3:197787323;C|T;Family=13210	-0.102206303865	0.610399224178498	0.927167442816425	1
chr3:197882964;G|T;Family=12661	0.0642658866270114	0.833281251041012	0.971932437348597	1
chr3:19984533;C|CA;Family=11017	0.562199979496433	0.0122641841087405	0.330203983457828	1
chr3:21419460;T|C;Family=13018	-0.0665655187822653	0.865670608525189	0.97795435638332	1
chr3:21564628;G|A;Family=14224	-0.0208164689142548	0.807694907899423	0.96454662015868	1
chr3:24118529;A|G;Family=12779	0.0457587569119171	0.894916683309973	0.980690219813665	1
chr3:24144679;T|C;Family=11027	-0.256778121625776	0.132600500819093	0.694126093391794	1
chr3:28322041;T|C;Family=13165	0.94671106903884	0.0346502198848312	0.474976440926409	1
chr3:3057637;A|G;Family=13879	-0.298515285032122	0.551458904404757	0.917436287142097	1
chr3:3069823;G|A;Family=13601	0.368690525600899	0.00657804793282515	0.231729648960316	1
chr3:35690133;GACA|G;Family=11944	0.31338549100986	0.362446686445818	0.849989437688549	1
chr3:36987921;A|G;Family=11023	-0.115538950427203	0.576799932650143	0.918169230061666	1
chr3:37819231;G|C;Family=12255	0.3088187517481	0.11449271336357	0.668797148978188	1
chr3:37981612;T|C;Family=13636	-0.798780955840735	0.0197860318119324	0.407639696831664	1
chr3:38141218;G|A;Family=11062	-0.0257187955367123	0.820576520305365	0.967804860741248	1
chr3:38230542;C|T;Family=14463	-0.202409409074384	0.3163607268696	0.819222318924336	1
chr3:38253849;C|T;Family=14603	-0.0337599509318937	0.80089315936467	0.963066009877218	1
chr3:38254090;C|T;Family=14603	-0.130851360496005	0.733066588059859	0.946744615792166	1
chr3:38413212;G|A;Family=11347	-0.186835522157736	0.590655802602212	0.919264071705076	1
chr3:39525249;G|A;Family=12303	-0.117740359673798	0.710794447415403	0.946124826701462	1
chr3:40258343;TCAG|T;Family=12493	-0.132332856721007	0.275072338999119	0.793273046223266	1
chr3:40464578;G|A;Family=13346	-0.093886188848761	0.401347624776153	0.862777559697545	1
chr3:42203612;G|A;Family=12585	-0.763455270731853	0.0232038169235942	0.417888990515216	1
chr3:42536507;G|A;Family=13724	0.0377767419600068	0.76842802042778	0.956334280161488	1
chr3:42536824;C|T;Family=11324	-0.226678599341136	0.305116382799992	0.80834258376945	1
chr3:42647134;A|C;Family=14617	-0.21702077332059	0.200566913926606	0.759303203591094	1
chr3:43349876;T|G;Family=12518	-0.298638423449423	0.106959345608209	0.658387742298133	1
chr3:43350246;A|G;Family=12778	0.235721207256595	0.312686598136713	0.815644366693861	1
chr3:4362061;T|C;Family=12154	0.109563577124237	0.283498249183079	0.796122155164479	1
chr3:43717811;G|T;Family=12320	0.00497599363949343	0.969293751455633	0.991710225412957	1
chr3:44439695;A|C;Family=13856	0.0511535493212344	0.804131721362582	0.963333557107093	1
chr3:45547599;G|A;Family=11184	-0.181808178546047	0.157157833058909	0.718808823781816	1
chr3:45679692;C|T;Family=13835	-0.0748175263438783	0.782412749278458	0.9586620223513	1
chr3:45680381;C|T;Family=12006	0.288813474467608	0.15764230466757	0.718808823781816	1
chr3:45756935;G|C;Family=13684	-0.117324088881574	0.336475536545333	0.83336368159844	1
chr3:45901659;G|T;Family=14058	-0.234920759849392	0.245699816320192	0.784352490465871	1
chr3:45919816;A|T;Family=14292	-0.16466255112378	0.29817007451014	0.805679902138417	1
chr3:46710394;T|C;Family=11472	0.500127522670847	0.00517243370273218	0.204483545714679	1
chr3:47846504;G|A;Family=11356	0.0786796735267701	0.582363489914603	0.918280435435728	1
chr3:47852360;C|T;Family=13169	0.336131689787071	0.0265144851513972	0.434739807228899	1
chr3:48270786;C|A;Family=14351	0.304322219960362	0.0425257101462236	0.496163515877402	1
chr3:48294675;G|A;Family=13600	0.0454836886837245	0.754848081590342	0.952116025265764	1
chr3:48404401;G|T;Family=13973	-0.111211214819805	0.259861072224254	0.786212325658074	1
chr3:48415712;C|A;Family=12689	-0.0959484512688954	0.551871962275006	0.917436287142097	1
chr3:48561884;G|A;Family=12108	0.0029901583104032	0.970762721583497	0.991710225412957	1
chr3:48637346;C|T;Family=13895	0.183982235883663	0.389407023856757	0.862777559697545	1
chr3:49683365;T|C;Family=12440	-0.0536726845721905	0.71479655547767	0.946744615792166	1
chr3:49713972;A|G;Family=13307	-0.117328470127303	0.443302767388591	0.885609908123866	1
chr3:49721483;G|T;Family=12412	-0.197323666373814	0.204072494501134	0.759303203591094	1
chr3:49724909;A|T;Family=11245	-0.0142362819478286	0.934604542965825	0.985079385214649	1
chr3:49724965;G|A;Family=13831	-0.0624278154269912	0.658755606516042	0.93529626815007	1
chr3:50101065;G|A;Family=13900	-0.220642377117835	0.153302985602485	0.718808823781816	1
chr3:50287240;G|T;Family=13486	0.072541121340301	0.258144116451808	0.784352490465871	1
chr3:50325514;C|T;Family=22280	-0.128127487307287	0.35487629760898	0.846828783267143	1
chr3:50326397;C|T;Family=13833	-0.283964868608615	0.0121741922786062	0.330203983457828	1
chr3:50584208;G|A;Family=12548	-0.157528557668805	0.32731934519649	0.828308840831515	1
chr3:50607476;C|T;Family=12162	0.142931039005484	0.204361868420187	0.759303203591094	1
chr3:51382348;G|A;Family=22308	-0.154553015599866	0.105636556223151	0.658387742298133	1
chr3:51397631;T|TA;Family=11108	0.058533588673647	0.548885812510459	0.917436287142097	1
chr3:51981177;A|G;Family=13988	-0.0407526574073197	0.798433487284709	0.963066009877218	1
chr3:52710657;G|C;Family=14404	0.151380641298943	0.565064115743022	0.917436287142097	1
chr3:52840077;G|T;Family=11736	0.262138631150383	0.205457599980295	0.759303203591094	1
chr3:53091713;TC|T;Family=12524	-0.340820079176097	0.438289373495141	0.881533968850035	1
chr3:53815743;G|A;Family=11196	-0.0386127071016599	0.84253118768573	0.972843377595567	1
chr3:56570051;G|C;Family=14314	0.188879929327238	0.390078421305749	0.862777559697545	1
chr3:57091151;T|C;Family=11888	-0.671280069486377	0.0926389124654685	0.636980633972185	1
chr3:57095219;G|C;Family=13584	-0.0759743670659717	0.652990902980111	0.93306892883664	1
chr3:57627731;CAT|C;Family=11718	-0.573521554962541	0.0972904256707842	0.649241440298295	1
chr3:57897178;G|A;Family=12238	0.557969192286135	0.0551746174469522	0.543101173575695	1
chr3:58323856;C|T;Family=11045	-0.279021191991186	0.393997411321139	0.862777559697545	1
chr3:59749398;CT|C;Family=12899	-0.0325148447520213	0.750126692591446	0.95075684973355	1
chr3:69029837;T|C;Family=14245	-0.165143736717167	0.566080860906797	0.917436287142097	1
chr3:69108646;A|G;Family=14446	0.148437248932589	0.143894060140341	0.703505581249478	1
chr3:71675490;C|A;Family=11753	0.430712180846614	0.399108700875796	0.862777559697545	1
chr3:71684633;G|A;Family=11000	0.67404651742342	0.00408070811570803	0.191041572048542	1
chr3:73067881;TAACTC|T;Family=13965	0.185055466632025	0.576561881444238	0.918169230061666	1
chr3:73068369;GAT|G;Family=13298	-0.81886116923825	0.17622942677673	0.744599654986115	1
chr3:8890175;C|T;Family=13026	-0.600430673326289	0.0624619182887429	0.561210871897341	1
chr3:8981576;G|A;Family=12907	0.173820062510235	0.176400254687466	0.744599654986115	1
chr3:9047394;C|T;Family=12657	0.0456854806623936	0.702892328105267	0.944445205210929	1
chr3:9384861;T|C;Family=11325	-0.0957282316924763	0.710470588948906	0.946124826701462	1
chr3:9447908;G|A;Family=13576	0.151147376665024	0.364656748782037	0.85342725655323	1
chr3:9476186;G|A;Family=13306	0.0358926224328668	0.783284101299484	0.9586620223513	1
chr3:9499170;C|G;Family=11229	-0.120681992472415	0.263474478102324	0.787012963356415	1
chr3:9499781;G|T;Family=11229	-0.0339848901851612	0.838892521435097	0.972500282796032	1
chr3:98134403;G|T;Family=11396	-0.171414742107834	0.642232753625524	0.931507626906394	1
chr3:98154572;T|C;Family=13167	0.149091974606343	0.618185371461706	0.927708006233402	1
chr3:98797515;T|C;Family=13160	0.234787368566849	0.563376925946701	0.917436287142097	1
chr3:9962571;C|A;Family=12271	-0.271335912049443	0.430235662039854	0.879267155823192	1
chr3:9963806;T|C;Family=14017	0.0801616687756901	0.627746333117476	0.931410113941609	1
chr3:99799179;T|C;Family=11115	-0.0747588078477913	0.875718290819041	0.98014189435521	1
chr4:102723006;G|C;Family=14542	0.284350592514554	0.122218687186802	0.683732844356354	1
chr4:10442850;T|C;Family=12055	-0.352250759393809	0.0676823538222612	0.580274252770134	1
chr4:104469009;G|A;Family=12162	0.0796008554250631	0.738372515269913	0.946744615792166	1
chr4:105275518;C|T;Family=11348	-0.690118289384312	0.193270011518842	0.752043382342293	1
chr4:106247280;G|C;Family=14493	-0.315235938377568	0.479249746781671	0.897881562972312	1
chr4:107912006;A|C;Family=14147	0.0124208056413783	0.96257028943524	0.99138240818133	1
chr4:108005229;A|G;Family=12748	0.0550175827570265	0.834012975114986	0.971932437348597	1
chr4:109688545;T|TAAAC;Family=12838	0.102847592917387	0.480190438923809	0.897881562972312	1
chr4:109713597;T|C;Family=14006	-0.677453408022852	0.252046729786167	0.784352490465871	1
chr4:109844314;A|G;Family=12456	0.106361402532544	0.298612666479021	0.80611826049496	1
chr4:110046164;G|A;Family=14414	-0.259836213446815	0.0938954687323615	0.636980633972185	1
chr4:110047183;T|A;Family=14414	-0.405400125191349	0.306745176347268	0.809643425403248	1
chr4:110049519;T|C;Family=14424	-0.887395202027162	0.0206693556057513	0.413089745900359	1
chr4:112187019;C|T;Family=12689	0.242444764554252	0.484295782366509	0.898179885498374	1
chr4:112190766;C|G;Family=11383	0.294686701161908	0.185728555444527	0.747536425646637	1
chr4:112539345;G|GA;Family=13870	-0.301116202543147	0.446231145039554	0.889960994423057	1
chr4:113901005;G|C;Family=14175	-0.821226654306277	0.0353783695240402	0.474976440926409	1
chr4:113901299;T|G;Family=14175	-0.640652547918033	0.0332896401262229	0.471890595892832	1
chr4:11394410;A|C;Family=13066	-0.0239040762206084	0.900833924041054	0.981227054381368	1
chr4:118714922;G|A;Family=14127	0.0682307994546715	0.733572458887681	0.946744615792166	1
chr4:118797718;C|T;Family=12150	0.30989568737015	0.401889312090522	0.862777559697545	1
chr4:118817391;G|T;Family=12638	0.00271043950872374	0.986347878952249	0.993364199260465	1
chr4:119294495;T|C;Family=13277	-0.139311370109809	0.759760264526505	0.952361552428824	1
chr4:120693224;C|T;Family=14233	-0.213403138380747	0.586992799157487	0.919264071705076	1
chr4:120837941;C|T;Family=12613	0.110344298348076	0.757423097864041	0.952116025265764	1
chr4:121668004;G|A;Family=11356	-0.672237176538272	0.186985593094211	0.749964161798872	1
chr4:122922243;T|G;Family=11775	0.184506137498899	0.0773045898353271	0.607325724862858	1
chr4:127724380;A|C;Family=11215	0.874528843484518	0.000374568847874293	0.0391975282569628	1
chr4:128017501;C|T;Family=14395	0.288846747337886	0.292611764123966	0.80442365911672	1
chr4:128862284;C|T;Family=13660	-0.146875830321495	0.465252125594356	0.896750665347334	1
chr4:128874168;A|AT;Family=12507	-0.136668864576278	0.813996682494381	0.966837247925299	1
chr4:129039751;C|T;Family=14514	0.483641998947132	0.11204443834688	0.666660499597921	1
chr4:133193466;C|A;Family=12637	-1.24736537992489	0.0419207090709987	0.494621050150111	1
chr4:133194330;A|G;Family=13504	-0.277660404773193	0.399768640103119	0.862777559697545	1
chr4:134197149;C|T;Family=14288	-0.137584096533479	0.41424085306078	0.870444826908202	1
chr4:13568956;G|A;Family=11245	-0.0943509697673421	0.78435663816716	0.958688051734372	1
chr4:13614601;C|T;Family=22364	0.130060471718188	0.50905161086029	0.911971572282018	1
chr4:138164683;C|T;Family=13732	0.531309464072678	0.314452817190351	0.818430393076135	1
chr4:1387646;AT|A;Family=13916	-0.346839260926745	0.218747565906872	0.76604708611875	1
chr4:1389494;C|T;Family=12782	0.815634857051055	0.0132085634274167	0.330230317159468	1
chr4:139045662;G|A;Family=13415	-0.540658446994542	0.0555539224598753	0.543101173575695	1
chr4:1391008;T|G;Family=14198	0.0735259347692359	0.5192204146632	0.913526088748241	1
chr4:139388551;G|A;Family=14016	-0.0555636067819525	0.825558328954639	0.969465725469649	1
chr4:139476470;C|T;Family=13620	0.107830723959614	0.724081559077985	0.946744615792166	1
chr4:139533260;C|T;Family=14081	0.137612230311284	0.136080612924711	0.700687150196994	1
chr4:139599880;C|A;Family=11266	-0.0293042967952853	0.931762913476343	0.985079385214649	1
chr4:139600680;G|A;Family=11422	0.0748377722921708	0.450940424463536	0.892350406140857	1
chr4:140859934;C|T;Family=12130	0.0297214811504318	0.959658954622667	0.99138240818133	1
chr4:140865880;T|C;Family=13523	0.471478957751533	0.400853225301756	0.862777559697545	1
chr4:140866639;T|TA;Family=13683	0.0170684688044023	0.891797995204328	0.980690219813665	1
chr4:141234067;A|G;Family=11172	-0.306058612395927	0.158165313031249	0.718808823781816	1
chr4:142314758;C|T;Family=12424	0.814880277593595	0.141319166782651	0.703505581249478	1
chr4:144109810;C|T;Family=11573	0.520392800567943	0.0673271159809681	0.580274252770134	1
chr4:145123027;G|A;Family=13548	-0.194648443833631	0.764304392835365	0.955514767993053	1
chr4:146514083;G|A;Family=13296	-0.0255486028162794	0.835075171718567	0.971932437348597	1
chr4:146641146;CAAGT|C;Family=12340	0.360242623786104	0.143477285176635	0.703505581249478	1
chr4:15069288;GCTGA|G;Family=12738	0.0947754492315625	0.699483600235819	0.944431143103811	1
chr4:151120728;T|C;Family=14314	-0.49448926363623	0.234519833301446	0.778380003137381	1
chr4:152628346;T|C;Family=11798	-0.201624019194826	0.213827668785242	0.764607048059574	1
chr4:153336200;G|A;Family=11198	-0.115991956522466	0.546058554681963	0.917436287142097	1
chr4:15444954;A|T;Family=11307	-0.27860732916727	0.0158125116733405	0.360257316408693	1
chr4:154535187;CACA|C;Family=14351	-0.095788637083931	0.796835904661636	0.963066009877218	1
chr4:155713102;T|A;Family=14523	-0.0217516039627602	0.939650431332973	0.985079385214649	1
chr4:155919994;C|T;Family=12396	-0.59828970263196	0.322954478889541	0.826130733334579	1
chr4:158905380;T|G;Family=14047	-0.227511482308439	0.534003045871387	0.916537789295896	1
chr4:158905911;A|C;Family=11979	0.206005879678441	0.281540453759424	0.795648081394783	1
chr4:16161394;C|T;Family=11018	0.310558160825295	0.301660313488479	0.807515158412918	1
chr4:1641396;C|T;Family=14112	0.0560775644605358	0.861555180009671	0.97795435638332	1
chr4:165079061;A|G;Family=14208	0.126266662203746	0.521412388000766	0.91383439572822	1
chr4:166074932;C|T;Family=13092	-0.18349445189848	0.294330436986185	0.805127032018295	1
chr4:166734175;A|T;Family=11447	0.224917916938154	0.55161181104084	0.917436287142097	1
chr4:167000419;G|C;Family=14373	-0.241863194781857	0.576158134388756	0.918169230061666	1
chr4:1692863;TAAC|T;Family=14411	0.193376133921157	0.633377257095909	0.931507626906394	1
chr4:1717219;G|A;Family=14292	0.116288061878914	0.499341781084274	0.905104323336513	1
chr4:173331978;A|C;Family=11280	0.0485025626516561	0.897721976758325	0.980690219813665	1
chr4:174637083;T|A;Family=13898	0.0652356370425434	0.897856506547097	0.980690219813665	1
chr4:17629337;A|G;Family=13131	-0.320345952126587	0.109685239226707	0.660519212548851	1
chr4:176328690;T|C;Family=14137	0.414976050253583	0.392475918705894	0.862777559697545	1
chr4:17802844;T|C;Family=11107	-0.0717840441015323	0.823409635062939	0.968011325956374	1
chr4:17817327;T|C;Family=11086	-0.276204322684403	0.0547330206086901	0.543101173575695	1
chr4:1805617;G|A;Family=11966	0.347786197229476	0.038472582199437	0.483886018423909	1
chr4:184089729;G|A;Family=14560	0.0633142245114858	0.65180715541222	0.932590885374887	1
chr4:185366907;T|TA;Family=11412	-0.438859498045622	0.0329225766141764	0.468554110372959	1
chr4:186274383;A|G;Family=13742	0.311233626336013	0.498231741674843	0.905104323336513	1
chr4:1942314;T|C;Family=12346	0.0326685022974402	0.921487633522176	0.985079385214649	1
chr4:1947391;C|T;Family=11537	0.0625524872657924	0.721784350330885	0.946744615792166	1
chr4:2065821;G|A;Family=13928	0.545761429319362	0.0277714044475035	0.447107045358449	1
chr4:23883160;G|T;Family=13692	-0.298629299905236	0.0370629232908861	0.47952684025081	1
chr4:2512438;AAAG|A;Family=13927	-0.127083838214249	0.244124796856876	0.784352490465871	1
chr4:25677688;C|T;Family=13409	0.143369788339731	0.450382564525972	0.891742439946248	1
chr4:25678077;A|G;Family=11256	-0.00199560127697898	0.985248700231758	0.993364199260465	1
chr4:26432168;G|T;Family=13336	-0.0441148280817649	0.881842088857298	0.980690219813665	1
chr4:2833952;G|A;Family=12343	0.0146932592010372	0.901025007125466	0.981227054381368	1
chr4:2838715;A|G;Family=13152	-0.00611848812980803	0.967476260564838	0.991710225412957	1
chr4:2938451;T|C;Family=14379	0.101197669527159	0.737844070511698	0.946744615792166	1
chr4:2965551;A|C;Family=14022	-0.0127945096345331	0.923238141145626	0.985079385214649	1
chr4:2966118;A|G;Family=12719	0.106771075727075	0.736150784300286	0.946744615792166	1
chr4:3255979;G|A;Family=12802	-0.208352231562468	0.344118362192002	0.836320445819086	1
chr4:3256094;C|G;Family=11346	-0.0685571813998377	0.779307333133133	0.957793469119761	1
chr4:3493275;C|T;Family=12749	0.166790377094461	0.484431478434902	0.898179885498374	1
chr4:3493768;G|C;Family=14485	-0.16397224516931	0.352149337885463	0.846014412016527	1
chr4:38690744;C|T;Family=11067	0.0947162375418789	0.61885946959988	0.927708006233402	1
chr4:39547814;A|G;Family=14460	-0.199284633041529	0.526016302565429	0.914467684310863	1
chr4:39898284;A|G;Family=12108	0.176658855959169	0.660100500381634	0.936311658757104	1
chr4:40157562;C|T;Family=11413	-0.250034211964125	0.473923094821827	0.897881562972312	1
chr4:42412029;T|C;Family=13822	-0.309054377048331	0.241257691013943	0.784352490465871	1
chr4:4321136;C|T;Family=11946	0.104820447255985	0.274877400978608	0.793273046223266	1
chr4:44699882;C|T;Family=13543	0.454328243203636	0.317312124175897	0.819668665018357	1
chr4:44706524;T|C;Family=12778	0.110780298133007	0.736221519249732	0.946744615792166	1
chr4:51994125;T|G;Family=14044	0.358645988217939	0.161583753394897	0.723538490258879	1
chr4:52592741;A|C;Family=11491	-0.0303711818582048	0.834102688245621	0.971932437348597	1
chr4:52596840;C|T;Family=14670	-0.263401303455576	0.263686002150037	0.787012963356415	1
chr4:54296702;G|A;Family=11096	0.417091980522631	0.139035632634295	0.703505581249478	1
chr4:54740149;T|G;Family=14541	0.485828979318059	0.132650148323892	0.694126093391794	1
chr4:56393831;T|C;Family=14535	0.114264177584778	0.379629776638619	0.860026573516096	1
chr4:5897783;G|T;Family=11498	-0.0596599539431844	0.468708275179964	0.897881562972312	1
chr4:6322500;G|A;Family=13341	0.0210784500617462	0.839540036032867	0.972500282796032	1
chr4:6323061;C|G;Family=13737	0.231837021848629	0.0425723825394502	0.496163515877402	1
chr4:67606634;T|C;Family=12662	0.146449017009965	0.656784467934496	0.934692299736432	1
chr4:67821539;G|C;Family=22016	-0.311456794198234	0.615071639682519	0.927708006233402	1
chr4:68227184;G|A;Family=13592	-0.0196264524105668	0.967526518733182	0.991710225412957	1
chr4:68311189;G|C;Family=14134	-0.201650862260222	0.530171214240114	0.915761508216626	1
chr4:68497139;A|G;Family=11101	-0.443643481052935	0.226880033660988	0.772860595019102	1
chr4:6881297;A|T;Family=13005	-0.132663087890129	0.592431665236335	0.919264071705076	1
chr4:6883369;A|C;Family=14686	0.0109343022304398	0.986643483616131	0.993364199260465	1
chr4:69480687;G|T;Family=12113	-0.271360512376005	0.221548304769429	0.768749594249976	1
chr4:70158581;C|T;Family=11075	0.333093721410838	0.0751460738973733	0.603886111917801	1
chr4:7032861;G|A;Family=11489	-0.0214698779041549	0.888934020515961	0.980690219813665	1
chr4:70815920;A|G;Family=11263	-0.0770299545370324	0.774778842560716	0.957218838631033	1
chr4:70817047;AG|A;Family=13265	-0.469581339267905	0.323133896716939	0.826130733334579	1
chr4:70817164;CAAGTTT|C;Family=12175	0.604627053823898	0.00438716453744596	0.195119142802909	1
chr4:71568932;C|T;Family=11916	0.00671626872247609	0.962634712082576	0.99138240818133	1
chr4:7431400;G|A;Family=14681	0.0114735318498609	0.930583052187779	0.985079385214649	1
chr4:75655166;A|G;Family=12523	0.18778898283094	0.150133524648384	0.714440962169947	1
chr4:76159602;G|A;Family=11381	-0.251900680139841	0.330308780202674	0.831144724159205	1
chr4:76159718;C|CA;Family=14329	-0.894263814685534	0.0175715436726963	0.378688890492664	1
chr4:76179611;A|G;Family=13195	0.219347322428133	0.109598742584038	0.660519212548851	1
chr4:76263795;A|G;Family=11497	-0.473697371386366	0.0364589292444297	0.474976440926409	1
chr4:767899;C|T;Family=13879	0.237914020731799	0.330049000257218	0.831144724159205	1
chr4:7741984;G|A;Family=11258	0.0354130393248562	0.747633411900546	0.949945386198855	1
chr4:7742481;T|C;Family=13628	-0.014155336125057	0.968075259424073	0.991710225412957	1
chr4:77717094;A|C;Family=12972	-0.0868382229124181	0.787519161237212	0.959789204017573	1
chr4:77718086;T|G;Family=14346	-0.379937317378427	0.597299192750306	0.921506617302338	1
chr4:78071689;C|T;Family=11325	0.521246627807279	0.0100368244387462	0.305222404727001	1
chr4:78446141;A|G;Family=11933	0.14900252611689	0.793088677577989	0.962124111233069	1
chr4:78912468;T|C;Family=11673	-0.77640349222345	0.0576565851267089	0.547045679682214	1
chr4:78919845;C|T;Family=11450	-0.148478535654913	0.746073061334837	0.948723356765314	1
chr4:78920280;CGTT|C;Family=13034	0.165651893555878	0.496090497130638	0.905104323336513	1
chr4:78926636;G|A;Family=13748	0.0875395192129424	0.728765935996782	0.946744615792166	1
chr4:7966592;A|G;Family=11407	-0.457905739792141	0.0494144235163392	0.523263449021235	1
chr4:79903699;G|A;Family=13578	0.206044335799849	0.437752619811182	0.88144403069351	1
chr4:8007268;G|A;Family=11031	0.108740587072297	0.413588019329291	0.870375045886955	1
chr4:80870473;A|G;Family=13997	0.0364895379686703	0.871231580771632	0.978794431444732	1
chr4:81054276;T|A;Family=14419	-0.170666815907435	0.610694028834883	0.927167442816425	1
chr4:82355303;C|T;Family=11041	0.766032609072649	0.184420044494738	0.747477587586732	1
chr4:82423553;G|C;Family=12673	-0.168370306969315	0.651761679661491	0.932590885374887	1
chr4:82918607;C|A;Family=11568	-0.174406936908624	0.72235532121604	0.946744615792166	1
chr4:82931083;C|T;Family=13916	-0.696911570345461	0.0361174770428813	0.474976440926409	1
chr4:83462178;C|T;Family=13054	0.02869631503885	0.693078004403602	0.941766201378044	1
chr4:84649853;GAAA|G;Family=12867	-0.194300088479013	0.532517507562215	0.915952881844742	1
chr4:849961;G|A;Family=11798	-0.10212040406268	0.524010711219643	0.91383439572822	1
chr4:8606838;G|A;Family=12529	-0.0780405918503747	0.579715248665159	0.918280435435728	1
chr4:8618435;C|T;Family=12656	0.0634631460454244	0.65390541224851	0.933625785224798	1
chr4:87812148;T|C;Family=11310	0.324189204273512	0.345952054052263	0.839340848907111	1
chr4:88707192;T|G;Family=13568	-0.563005112362378	0.109447195542483	0.660519212548851	1
chr4:95156901;A|G;Family=11368	0.439217821611363	0.19264469326849	0.752043382342293	1
chr4:95167823;A|G;Family=13344	0.0227043863081985	0.897817425428808	0.980690219813665	1
chr4:95169196;T|C;Family=13654	-0.00649483929791119	0.96401525961656	0.991710225412957	1
chr4:98471525;A|G;Family=13089	0.26250797239782	0.299225656991738	0.807160642590299	1
chr4:98874417;GCAC|G;Family=12860	-0.16163766464428	0.385402056503254	0.862777559697545	1
chr5:103277917;C|A;Family=11490	-0.21977841475524	0.631129097856787	0.931507626906394	1
chr5:103549489;T|C;Family=13651	-0.472834130277815	0.146530085288134	0.711260632271732	1
chr5:1038589;G|A;Family=14036	0.0911832942456376	0.467358016751804	0.896750665347334	1
chr5:10651985;A|G;Family=12572	-0.0736282534558489	0.449246443151052	0.89134987341498	1
chr5:10655067;C|T;Family=11954	-0.032726089979082	0.768866724426089	0.956334280161488	1
chr5:107878371;G|A;Family=12645	0.301888856990453	0.204804875329681	0.759303203591094	1
chr5:107880810;T|C;Family=12071	-0.198598455150765	0.623298161741923	0.927708006233402	1
chr5:109194136;G|C;Family=14596	0.279550247176723	0.0987704346440864	0.649388719216079	1
chr5:109195086;A|G;Family=13894	0.618492064967616	0.255326424178513	0.784352490465871	1
chr5:109196078;A|G;Family=12969	0.132796997596898	0.0879650126304107	0.629913149243165	1
chr5:11017999;C|T;Family=12467	-0.533645700018827	0.0833590893269348	0.624037908705978	1
chr5:111473367;G|A;Family=11933	0.15266006581213	0.331398089158142	0.831398706367727	1
chr5:112164264;A|G;Family=12758	0.0851514450877811	0.823503560321298	0.968011325956374	1
chr5:113018686;G|C;Family=13160	-0.0601159214728786	0.852424482927467	0.975889816093081	1
chr5:113532927;C|T;Family=11788	-0.179958949527013	0.506819786677655	0.911971572282018	1
chr5:115126066;G|C;Family=14291	0.369007420687613	0.47346661190864	0.897881562972312	1
chr5:115206875;G|A;Family=12206	0.498200788542613	0.0401755705149818	0.487749502245303	1
chr5:115522383;T|C;Family=11957	-0.168384056255174	0.621392001434076	0.927708006233402	1
chr5:115805085;TC|T;Family=14481	0.822177373927403	0.00551756923436135	0.211091519740405	1
chr5:123193715;A|G;Family=13843	0.0479169112792689	0.874917897916661	0.98014189435521	1
chr5:124637274;C|A;Family=13876	-0.566724993904802	0.139103278451307	0.703505581249478	1
chr5:126543387;C|T;Family=14129	-0.0690704882154877	0.787857692638682	0.959789204017573	1
chr5:127051416;G|A;Family=11524	0.0349208637277628	0.912332106470694	0.985079385214649	1
chr5:131200111;T|G;Family=13486	-0.148087736248336	0.728311975246471	0.946744615792166	1
chr5:132861482;T|C;Family=14463	0.0409210228486067	0.723376553653092	0.946744615792166	1
chr5:134579061;G|T;Family=22231	-0.186698383626048	0.131325510412589	0.693258406599393	1
chr5:134602714;C|T;Family=13064	0.493522352200824	0.0208983008044027	0.413089745900359	1
chr5:134603713;C|G;Family=12175	-0.0137803316331168	0.910927447802704	0.985079385214649	1
chr5:134751145;T|C;Family=14206	0.283415579720857	0.318657941418046	0.820263829789197	1
chr5:134751653;A|C;Family=12705	-0.654502883028144	0.0881117427812849	0.629913149243165	1
chr5:134900029;ACT|A;Family=14032	0.186221293354658	0.241386463010874	0.784352490465871	1
chr5:135446401;G|A;Family=13053	-0.0503888859497241	0.796975291483009	0.963066009877218	1
chr5:135826564;C|T;Family=13620	-0.153207784581546	0.490993000518729	0.900955696671293	1
chr5:135872456;C|T;Family=12162	0.0964865524440464	0.35894339602748	0.846828783267143	1
chr5:135947137;G|A;Family=14686	-0.0553789087113268	0.934683830699326	0.985079385214649	1
chr5:136247596;C|T;Family=14339	-0.00534233575711141	0.974822097345881	0.992286952548644	1
chr5:136977317;C|T;Family=11388	0.0231613608401636	0.954831505493594	0.990948508062706	1
chr5:136978143;T|C;Family=12997	-0.292317931737034	0.266087800210371	0.788163537075341	1
chr5:137620150;C|T;Family=13812	-0.34800308897094	0.0511058024547183	0.533238842034861	1
chr5:138160986;G|T;Family=12837	0.109064785001434	0.592791138408076	0.919264071705076	1
chr5:138468105;A|G;Family=11721	-0.300887475364872	0.221679899859605	0.768749594249976	1
chr5:138506911;AG|A;Family=14015	0.472253132696719	0.22384126667867	0.771731808956113	1
chr5:139412675;C|A;Family=11254	-0.0758633551754287	0.581706421966881	0.918280435435728	1
chr5:139448778;C|T;Family=11696	-0.535255422683113	0.0521892092193825	0.535127395972804	1
chr5:139473349;C|T;Family=13750	-0.0836945822167786	0.504332044256946	0.909189421028315	1
chr5:139844466;A|G;Family=13985	0.229569686232684	0.086818173897757	0.629289272880618	1
chr5:140116673;C|T;Family=12118	-0.263815712118481	0.756795481474511	0.952116025265764	1
chr5:140566826;G|A;Family=12456	-0.0709858046555881	0.576762866496418	0.918169230061666	1
chr5:140668697;C|T;Family=13589	-0.1380191094622	0.439565342924353	0.882603549731856	1
chr5:141011417;G|A;Family=12494	0.406693077792209	0.357958131615413	0.846828783267143	1
chr5:141098268;T|G;Family=14118	-0.262537018220386	0.522078973355154	0.91383439572822	1
chr5:141124503;C|T;Family=13577	0.224145412331176	0.542293063889227	0.917436287142097	1
chr5:141218712;C|T;Family=13612	-0.232959265815755	0.0621196006660976	0.561210871897341	1
chr5:141511592;C|T;Family=12261	0.221494547268274	0.0551583467422933	0.543101173575695	1
chr5:141574181;C|T;Family=11265	0.193705976969354	0.151844373779432	0.71767174628835	1
chr5:141944620;C|T;Family=13064	0.341926162744812	0.123551443906405	0.683988500931723	1
chr5:144485013;G|A;Family=11918	0.463850920359913	0.0358237165338796	0.474976440926409	1
chr5:146063236;G|A;Family=12628	0.558205951909769	0.0816064984466898	0.624037908705978	1
chr5:146510584;G|A;Family=14540	-0.00799556820841799	0.903172497001923	0.981582905197022	1
chr5:14708976;T|TCTGC;Family=11700	0.0266148597961673	0.796856325768207	0.963066009877218	1
chr5:148286243;G|A;Family=12932	-0.26440241245171	0.57658037632405	0.918169230061666	1
chr5:149042833;G|A;Family=12497	0.102894046798647	0.649530803422222	0.932590885374887	1
chr5:149369334;G|A;Family=13586	-0.232843924653288	0.0986708271021091	0.649388719216079	1
chr5:149632765;G|A;Family=12908	-0.111578550434778	0.357366945218447	0.846828783267143	1
chr5:149852282;CCT|C;Family=12053	0.221221786958123	0.0483297093277746	0.523263449021235	1
chr5:150114767;G|A;Family=14044	0.011535610837855	0.922417612360911	0.985079385214649	1
chr5:150132781;C|T;Family=14058	0.0941808456414641	0.523499477063518	0.91383439572822	1
chr5:150296819;C|G;Family=12802	0.0518759513816239	0.660996916365774	0.936311658757104	1
chr5:150405353;G|T;Family=12790	0.132660180341291	0.182039443336285	0.747046119691074	1
chr5:150651253;G|A;Family=12972	0.11884796483792	0.404530982479249	0.862777559697545	1
chr5:150653430;C|A;Family=11118	-0.175090736123276	0.422791617172939	0.874588705756579	1
chr5:150715573;G|A;Family=11250	0.254324660887564	0.229277684668228	0.775034379582612	1
chr5:151181061;G|A;Family=12681	-0.330458806005427	0.0381241580439774	0.483886018423909	1
chr5:151315542;G|A;Family=13503	0.0665855369954015	0.666826649025733	0.93790143566114	1
chr5:151794181;A|G;Family=14642	-0.251700570636908	0.300559432877301	0.807460242615845	1
chr5:153991515;CA|C;Family=11676	0.608863798130055	0.0715184704814215	0.595931423824117	1
chr5:153992232;T|C;Family=11519	0.0321536736576422	0.877089961977027	0.980690219813665	1
chr5:154417976;C|T;Family=14214	-0.053689833459026	0.830041651995684	0.971107181955766	1
chr5:154968991;A|T;Family=11634	0.063114009789825	0.821067292134943	0.967804860741248	1
chr5:157086815;CCCA|C;Family=14307	0.142446926943154	0.374295456983456	0.857646763404051	1
chr5:157502848;G|A;Family=14455	-0.0547634796680679	0.753779226094597	0.952116025265764	1
chr5:157759964;G|A;Family=11055	0.27560221717039	0.151155156260047	0.717080061297664	1
chr5:158698174;C|T;Family=14456	0.036030279629355	0.744350504827227	0.948050545930121	1
chr5:160259707;C|A;Family=14681	0.0107573049763503	0.939465471310034	0.985079385214649	1
chr5:161289036;T|A;Family=11931	0.0444428135759379	0.72285761680873	0.946744615792166	1
chr5:161897364;A|G;Family=14046	-0.174635360906696	0.22699250190977	0.772860595019102	1
chr5:162153429;T|A;Family=14317	0.0842970036314714	0.597398159417899	0.921506617302338	1
chr5:162159552;G|A;Family=11827	0.313599681362733	0.325114989805386	0.826256524091116	1
chr5:169598511;C|T;Family=11336	-0.424860841569256	0.247255415305868	0.784352490465871	1
chr5:170047567;T|TA;Family=12916	-0.151098608928714	0.194812695986945	0.752043382342293	1
chr5:171028985;T|G;Family=14333	0.537359866858828	0.130446071296792	0.692677133933317	1
chr5:172044771;G|A;Family=14563	0.153473780314193	0.462775395876638	0.896452165866809	1
chr5:172044784;C|T;Family=11298	0.127502892786426	0.333346179980513	0.831398706367727	1
chr5:172334322;C|G;Family=13151	0.248094024217449	0.0994707284915017	0.649388719216079	1
chr5:172690788;T|A;Family=11159	0.240030174218201	0.0390186138754753	0.483886018423909	1
chr5:172950895;A|C;Family=11895	-0.121906365549354	0.474880926729303	0.897881562972312	1
chr5:173092121;A|C;Family=14185	0.71446926529035	0.244031875883354	0.784352490465871	1
chr5:173958259;G|A;Family=13290	0.0289702376150975	0.92447339417562	0.985079385214649	1
chr5:175709168;A|G;Family=11079	-0.0542249138153752	0.557033714741648	0.917436287142097	1
chr5:175883914;C|T;Family=11707	-0.121429640776132	0.3374696981514	0.83336368159844	1
chr5:176378052;G|A;Family=13582	-0.0089234842024134	0.971781346547712	0.991710225412957	1
chr5:176508338;GT|G;Family=13975	0.0212764609286348	0.88750617296586	0.980690219813665	1
chr5:176508958;G|A;Family=11671	0.236388849959623	0.436396999316992	0.88121482608959	1
chr5:176526703;G|A;Family=13629	-0.448854792477513	0.0831887435035451	0.624037908705978	1
chr5:177307387;G|C;Family=12817	-0.0634855329352123	0.773327564125211	0.957218838631033	1
chr5:177490390;G|A;Family=14124	-2.18531599566985	2.56929330765787e-09	4.57077279432335e-06	9.14154558864671e-06
chr5:177524227;G|A;Family=11781	-0.0877701689273512	0.601501247229721	0.923669157377361	1
chr5:178123185;G|A;Family=12858	-0.0935439762131073	0.479449842259316	0.897881562972312	1
chr5:178123307;G|A;Family=12563	0.10551746526387	0.331717011098017	0.831398706367727	1
chr5:178619898;T|C;Family=12618	0.212899197095368	0.255321619432049	0.784352490465871	1
chr5:178620162;A|G;Family=14288	-0.294278830220415	0.00694793326567734	0.235435681516952	1
chr5:178979903;C|G;Family=12739	0.240535372624108	0.395759134659851	0.862777559697545	1
chr5:179917699;TA|T;Family=12795	0.574178867040116	0.0769219780820445	0.607325724862858	1
chr5:180241066;T|C;Family=11563	0.217396542223478	0.435296392378557	0.880626268634335	1
chr5:180791412;T|C;Family=14263	-0.394930342666102	0.0297690132744923	0.46107748873794	1
chr5:180950161;G|A;Family=14696	0.00871733200607707	0.956134409269047	0.990948508062706	1
chr5:181006559;C|T;Family=12899	-0.135773994517825	0.792638248730346	0.962124111233069	1
chr5:188554;TGAC|T;Family=13874	0.308608852141113	0.0795079344382413	0.61517767928228	1
chr5:24492863;GA|G;Family=12329	-0.33131349588861	0.116873931152678	0.672854691586885	1
chr5:2754211;C|T;Family=12498	-0.161583370632923	0.360873750224027	0.849198943979556	1
chr5:32787669;G|A;Family=12888	0.506208624936504	0.213169233430449	0.764607048059574	1
chr5:33947127;G|A;Family=13885	0.0524035085954265	0.620621313635411	0.927708006233402	1
chr5:35060331;G|A;Family=14513	0.04099253217928	0.890637939855689	0.980690219813665	1
chr5:35876241;G|A;Family=14310	-0.524959503138716	0.0307860262614314	0.46107748873794	1
chr5:36100376;T|C;Family=12415	-0.0184878782634048	0.938361870049435	0.985079385214649	1
chr5:36103518;G|GT;Family=11348	0.0985965342182979	0.638331485536903	0.931507626906394	1
chr5:38947440;A|T;Family=14188	0.512767573346654	0.147547257277153	0.711345720043511	1
chr5:40760134;C|T;Family=14336	-0.337506677729161	0.525161117462096	0.913890257732617	1
chr5:40981661;C|T;Family=13148	-0.233879669387021	0.0741764159418373	0.602625395034216	1
chr5:41310859;C|T;Family=11055	0.212402277728197	0.140624255171937	0.703505581249478	1
chr5:42721448;G|C;Family=11931	0.462554621398349	0.216877470986299	0.764841029427907	1
chr5:43380844;A|G;Family=11348	0.368545270922063	0.562370649592302	0.917436287142097	1
chr5:43444768;T|C;Family=12605	0.469916752504234	0.308636452757328	0.812526390787914	1
chr5:52952473;A|G;Family=12415	-0.0359819615464047	0.900307189746123	0.981227054381368	1
chr5:52954074;C|A;Family=14285	0.172951970451244	0.0829694966314038	0.624037908705978	1
chr5:53045071;C|T;Family=12430	-0.208275290724427	0.251314052834933	0.784352490465871	1
chr5:5319376;CAG|C;Family=14124	0.168278657676871	0.267056954034046	0.788163537075341	1
chr5:53486850;G|A;Family=11325	0.00577303922402206	0.980338487891194	0.992393646307879	1
chr5:53573684;G|A;Family=12313	0.0641824383229525	0.541547246395194	0.917436287142097	1
chr5:55350930;A|G;Family=22349	-0.218535078180914	0.401458528483761	0.862777559697545	1
chr5:55936960;T|C;Family=14472	0.0130977280578282	0.975694029110697	0.992286952548644	1
chr5:56894370;G|GA;Family=13298	0.235996109459612	0.644975086601328	0.931507626906394	1
chr5:56895756;A|G;Family=12233	-0.341156095860854	0.481386007670842	0.897881562972312	1
chr5:58454338;G|A;Family=11654	0.0831327235637252	0.727306168107917	0.946744615792166	1
chr5:58970567;A|G;Family=13645	0.42914792463386	0.248085343230606	0.784352490465871	1
chr5:58973604;T|TATC;Family=14653	0.400034393287765	0.223376637416411	0.770876892267304	1
chr5:64721648;A|C;Family=13736	-0.0679286280498096	0.800198535641315	0.963066009877218	1
chr5:6491759;G|A;Family=11694	-0.0907831676735239	0.699435299575042	0.944431143103811	1
chr5:6493758;C|T;Family=14303	-0.034219158443809	0.826638740550255	0.969969860200699	1
chr5:6494271;A|G;Family=13042	0.330761769629431	0.00092872583877534	0.0768466635898293	1
chr5:65297209;C|T;Family=12792	-0.436654446274474	0.580678991915762	0.918280435435728	1
chr5:65591350;T|A;Family=11834	-0.523192753980423	0.139780756442953	0.703505581249478	1
chr5:66180575;CTCT|C;Family=12237	-0.510597674041942	0.0684866673573559	0.585758563599693	1
chr5:662515;C|T;Family=14264	-0.342498242551277	0.195279387057877	0.752691725774129	1
chr5:663304;C|T;Family=13287	0.0386147446276944	0.689961478066299	0.941766201378044	1
chr5:72205719;G|A;Family=12834	0.207308436858449	0.158645047166544	0.718808823781816	1
chr5:72366272;T|G;Family=13547	0.0936142589649927	0.777215872204729	0.957793469119761	1
chr5:74779164;CAAGAAT|C;Family=11060	0.160466836781259	0.770656922083141	0.95667473518803	1
chr5:76327253;G|C;Family=11350	0.050682783790268	0.823544205640794	0.968011325956374	1
chr5:76617391;G|A;Family=14336	0.148692470749055	0.428820370872525	0.878378169006588	1
chr5:76627438;G|A;Family=12324	1.24718861693809	0.132855500168581	0.694126093391794	1
chr5:76834865;T|C;Family=13823	-0.742355801419191	0.0211158653043033	0.414018335489704	1
chr5:78485842;C|T;Family=12582	0.157363898251108	0.700998674280546	0.944445205210929	1
chr5:79373237;A|C;Family=12055	0.164096487403435	0.61792876284273	0.927708006233402	1
chr5:80113607;C|T;Family=14534	0.325138935649346	0.30909543762108	0.812526390787914	1
chr5:80113608;A|G;Family=14534	-0.335124000291827	0.0189653354954855	0.396933315840808	1
chr5:80142876;A|C;Family=11245	0.156261786347681	0.58784855188409	0.919264071705076	1
chr5:82273768;G|T;Family=14424	-0.14470088625496	0.559644625351319	0.917436287142097	1
chr5:9041297;G|GT;Family=11455	0.631275570772345	0.136660671530267	0.701643101449769	1
chr5:90848652;A|G;Family=12832	-1.36920377270513	0.0118092571941591	0.328260446068891	1
chr5:91369300;A|G;Family=11590	0.00892722963960768	0.971305885399354	0.991710225412957	1
chr5:94705821;CATT|C;Family=12396	-0.269843535060791	0.332362993154821	0.831398706367727	1
chr5:96774034;T|G;Family=14328	-0.278327878679582	0.373448788345046	0.857646763404051	1
chr5:98855389;T|C;Family=12952	-0.0280422766502094	0.926403432587703	0.985079385214649	1
chr5:98858989;C|CA;Family=14559	0.152238055830003	0.642265745098523	0.931507626906394	1
chr6:100655708;CT|C;Family=13234	0.260360574762324	0.42107271011159	0.872046974724701	1
chr6:101745058;T|C;Family=11572	0.449618291972928	0.404768203841987	0.862777559697545	1
chr6:104728706;C|T;Family=14506	-0.130129927810767	0.610834948843669	0.927167442816425	1
chr6:104729279;G|A;Family=11115	0.376322595871404	0.302034582384007	0.807515158412918	1
chr6:105079279;G|C;Family=11413	-0.281589121773916	0.523059341117031	0.91383439572822	1
chr6:105081775;A|G;Family=12007	0.0502829775297496	0.852608995581928	0.975889816093081	1
chr6:106185755;T|C;Family=13333	0.0550440294303204	0.833492997618315	0.971932437348597	1
chr6:109980371;G|A;Family=11437	-0.110654397391143	0.650222863943796	0.932590885374887	1
chr6:110612870;A|G;Family=11004	0.501382231638585	0.462526572000782	0.896452165866809	1
chr6:113935667;C|G;Family=14185	-0.143586723045003	0.673766860308791	0.939987145220056	1
chr6:115936149;G|A;Family=14571	-0.163346738207854	0.151884998582104	0.71767174628835	1
chr6:115939250;C|T;Family=14292	0.204476876279842	0.647584106690943	0.931955497426442	1
chr6:115940637;AAAAC|A;Family=14568	-0.256277099116364	0.516529771137039	0.913526088748241	1
chr6:116119997;A|G;Family=13165	0.256082377390885	0.598948799275303	0.922538975502486	1
chr6:116439914;C|T;Family=12626	0.0902834660382164	0.738100972779553	0.946744615792166	1
chr6:116523303;G|A;Family=12285	0.29847325168177	0.53470783640823	0.917108822158196	1
chr6:118908858;T|C;Family=13579	-0.308379147108034	0.400802293528653	0.862777559697545	1
chr6:121449531;T|C;Family=12795	0.0866222376755108	0.797718234873058	0.963066009877218	1
chr6:122445018;T|C;Family=14189	0.434735940162648	0.129288029416902	0.692281910793822	1
chr6:122781941;G|A;Family=11031	-0.0813091463985212	0.770878714385633	0.95667473518803	1
chr6:123218361;T|C;Family=12853	-0.110824547279779	0.728044041421167	0.946744615792166	1
chr6:125931978;C|T;Family=13776	0.0405408290601689	0.901250706497558	0.981227054381368	1
chr6:125979905;G|A;Family=13867	0.619767344330699	0.326853383484461	0.828236596109758	1
chr6:128005227;C|T;Family=13629	0.33602418087286	0.0743542856717316	0.602625395034216	1
chr6:130882353;T|C;Family=11189	-0.253880905000767	0.378087336813813	0.859641646193955	1
chr6:132447822;T|C;Family=13872	0.861804580740557	0.015360464684345	0.355949666373714	1
chr6:132682546;G|A;Family=13951	-0.405498821905457	0.0309717593615423	0.46107748873794	1
chr6:13360189;A|G;Family=13028	-0.0859367389423381	0.688586043442921	0.941766201378044	1
chr6:13363690;G|A;Family=12821	-0.113280517256548	0.490905395048261	0.900955696671293	1
chr6:133988725;C|CT;Family=14482	-0.6451196923382	0.3771912546822	0.859641646193955	1
chr6:133989378;A|G;Family=14554	0.0657557579553863	0.853793686904346	0.975889816093081	1
chr6:135283717;TCTTA|T;Family=13335	-0.110154167760674	0.731414221182464	0.946744615792166	1
chr6:13613509;T|C;Family=13317	0.384668774934462	0.251323170868209	0.784352490465871	1
chr6:13786805;CAAAA|C;Family=14453	0.0871058249888671	0.791115114080538	0.961006342061644	1
chr6:138337102;C|T;Family=14416	-0.27821434715337	0.455400505067405	0.896089488317676	1
chr6:138382950;A|G;Family=13880	-0.116698650270246	0.432141185813356	0.87975556076471	1
chr6:139178259;G|T;Family=12011	0.0351830704559792	0.84107827215206	0.972556546089382	1
chr6:139179044;A|G;Family=13992	-0.0740992441199784	0.665766516242196	0.93790143566114	1
chr6:145793967;T|G;Family=11471	-0.321907038234198	0.308732946322128	0.812526390787914	1
chr6:145799581;G|A;Family=13518	0.0272856509521562	0.935414272695575	0.985079385214649	1
chr6:145935370;A|T;Family=12689	-0.213093409694153	0.133211197736319	0.694963990536397	1
chr6:147386774;C|T;Family=14271	0.222891441698486	0.4741040859898	0.897881562972312	1
chr6:147569681;A|G;Family=12738	0.050803545809091	0.835051573694037	0.971932437348597	1
chr6:149594921;T|TA;Family=13773	0.162511659004171	0.672846144856901	0.939987145220056	1
chr6:149683103;T|G;Family=14692	-0.0261342184369965	0.955984065031057	0.990948508062706	1
chr6:149802392;CTCTT|C;Family=11355	0.181437692337316	0.240323118835648	0.784352490465871	1
chr6:149918854;G|T;Family=13982	0.148559843134363	0.276321810200067	0.793273046223266	1
chr6:149918900;C|A;Family=12891	-0.0786730161945381	0.255715217242617	0.784352490465871	1
chr6:150401114;T|A;Family=14256	0.509688901473757	0.338804762444094	0.83336368159844	1
chr6:150842843;A|G;Family=14595	-0.114957655912911	0.621959143423926	0.927708006233402	1
chr6:151423542;T|C;Family=12749	-0.0853462866255055	0.592764442417471	0.919264071705076	1
chr6:151436379;G|A;Family=13493	1.12773810838349	0.117059318182204	0.672854691586885	1
chr6:151619649;G|A;Family=14168	-0.0872935889336124	0.462276148505063	0.896452165866809	1
chr6:151619677;C|T;Family=14315	-0.451418113357655	0.00356105601032048	0.176323059587647	1
chr6:153007752;C|T;Family=13529	-0.420463431110038	0.000177882766829322	0.0227570101277606	0.632906884378728
chr6:154402214;C|T;Family=13940	0.147517404610767	0.363247424080794	0.85084551341637	1
chr6:15523068;G|A;Family=11918	0.37526452855463	0.0240842955721709	0.423702722078389	1
chr6:156936541;G|C;Family=12522	0.222390519613065	0.641805150868757	0.931507626906394	1
chr6:157673793;C|T;Family=14241	0.170667115242595	0.30298876185146	0.808012965697486	1
chr6:158111188;G|A;Family=11615	-0.0515695546427381	0.613079181586104	0.927372648564035	1
chr6:158117740;A|T;Family=12723	0.29366562839678	0.0413164030795924	0.493301215292583	1
chr6:158506980;G|A;Family=14040	0.00435113454797779	0.966509475558377	0.991710225412957	1
chr6:158977496;G|C;Family=11360	-0.115457440819666	0.519046832543256	0.913526088748241	1
chr6:159908666;C|T;Family=13166	-0.151660306087017	0.638660444406084	0.931507626906394	1
chr6:160108261;G|A;Family=13057	-0.0416545620529505	0.778932707721443	0.957793469119761	1
chr6:160109275;G|A;Family=14005	-0.249809371998939	0.0555225039598539	0.543101173575695	1
chr6:160216821;A|G;Family=11432	0.802373180617356	0.00293110857416479	0.165537846140926	1
chr6:160711605;C|G;Family=13863	-0.0856803386281823	0.776349482861613	0.957793469119761	1
chr6:161154268;T|C;Family=12552	0.00118290103544744	0.994650099882854	0.996064595557449	1
chr6:161349561;A|AT;Family=12030	0.0715893224446822	0.839855432276043	0.972500282796032	1
chr6:16300875;A|G;Family=11798	0.121495765413726	0.456232709024561	0.896089488317676	1
chr6:163573752;A|G;Family=13012	-1.21478068951906	0.00342883781019126	0.174399569413095	1
chr6:163576481;A|G;Family=12101	0.4544712835538	0.4379969213789	0.88144403069351	1
chr6:167040897;A|T;Family=11024	-0.214514839571115	0.216357891082349	0.764841029427907	1
chr6:167042285;T|C;Family=11184	-1.24103043927533	0.00189260337195506	0.127054392404077	1
chr6:167050007;A|G;Family=11800	-0.0267194228714029	0.871993519317208	0.978858721013728	1
chr6:167357627;G|C;Family=14524	0.195548562933476	0.162074248661137	0.723538490258879	1
chr6:168055897;A|G;Family=14418	0.0194938780044638	0.876301693301803	0.980465856845225	1
chr6:168307277;C|T;Family=12255	-0.0183225253921837	0.840305573731618	0.972500282796032	1
chr6:169217039;A|G;Family=12908	0.207904481793908	0.164049953816976	0.726886345804233	1
chr6:170581376;A|T;Family=13581	-0.00523025710511421	0.988059556262728	0.993364199260465	1
chr6:18225949;G|C;Family=12643	0.131055469034868	0.274230020493825	0.793273046223266	1
chr6:18468711;C|T;Family=12575	-0.336497309434095	0.10917010150948	0.660519212548851	1
chr6:25986227;T|C;Family=14633	-0.0995946727427664	0.448840162420414	0.89134987341498	1
chr6:26253077;C|T;Family=12894	0.350127885506127	0.404942597255918	0.862777559697545	1
chr6:26270346;A|C;Family=11524	0.231202001232139	0.0357073295191871	0.474976440926409	1
chr6:26270657;G|A;Family=13277	0.21556019654413	0.510426723058487	0.911971572282018	1
chr6:26285173;C|G;Family=22140	-0.0612611853719486	0.751184107072705	0.95075684973355	1
chr6:27810585;T|C;Family=11018	-0.0561410401537877	0.711095177701926	0.946124826701462	1
chr6:27854874;A|G;Family=11868	0.173919605556125	0.54296341816576	0.917436287142097	1
chr6:28534462;G|C;Family=14026	0.0274985633174895	0.819131613616048	0.967804860741248	1
chr6:2889864;C|T;Family=13703	0.44768645032253	0.0225967052618849	0.417888990515216	1
chr6:29310806;C|T;Family=12686	-0.0626610954456063	0.801733960588345	0.963066009877218	1
chr6:29463903;T|G;Family=12832	-0.0572927545608841	0.734959118509259	0.946744615792166	1
chr6:29831116;G|C;Family=11048	-0.112371250974959	0.613135805837936	0.927372648564035	1
chr6:30676626;G|C;Family=14577	0.248967463935495	0.2868383754008	0.801591780446894	1
chr6:30724523;G|T;Family=14076	0.147284931725856	0.736092827235722	0.946744615792166	1
chr6:30893309;C|T;Family=14181	-0.137848748976585	0.378276454393233	0.859641646193955	1
chr6:30899025;C|T;Family=13073	0.259784981727789	0.409182613920279	0.86401883699012	1
chr6:31510632;G|A;Family=11341	-0.181704422507698	0.236472482630227	0.781215499719914	1
chr6:31557662;C|CTG;Family=11808	-0.298269822308036	0.101907758464644	0.651148192310946	1
chr6:31558799;G|A;Family=14662	0.04594320837691	0.86480928063223	0.97795435638332	1
chr6:31661476;G|A;Family=14603	0.141147518681025	0.261814829017269	0.787012963356415	1
chr6:31673158;C|T;Family=11905	0.165036687995005	0.125286308735145	0.685797979199456	1
chr6:31689640;C|T;Family=11575	-0.0344159679180946	0.838198738166362	0.972500282796032	1
chr6:31859316;A|C;Family=14186	-0.160914432976575	0.430796090345772	0.879387544148169	1
chr6:31935940;C|G;Family=11721	0.0857859403918939	0.544769439197401	0.917436287142097	1
chr6:31945211;T|A;Family=11818	-0.0524560516943856	0.82058179712398	0.967804860741248	1
chr6:31964099;C|T;Family=12532	0.112161803722545	0.447562912118674	0.890620157336825	1
chr6:32069105;C|T;Family=12788	-0.0862107979389051	0.598950262341412	0.922538975502486	1
chr6:33440873;CTT|C;Family=13073	0.0499101599136839	0.691023291438315	0.941766201378044	1
chr6:34019696;C|T;Family=14554	-0.131506232064727	0.203393554714031	0.759303203591094	1
chr6:34036305;G|A;Family=13531	-0.0678249748379955	0.587740559320884	0.919264071705076	1
chr6:34281276;T|C;Family=11216	0.695381535352091	0.0047033640590296	0.197312178186328	1
chr6:34287657;A|G;Family=13741	-0.229501686832483	0.168787210907683	0.738647052504738	1
chr6:34537880;C|T;Family=14359	0.0698660094514777	0.504775197875508	0.909362103311928	1
chr6:349000;C|T;Family=12100	-0.321105864290429	0.0909920075379025	0.636980633972185	1
chr6:35090681;GTTA|G;Family=11496	0.223918927573524	0.695897975177695	0.943239998355138	1
chr6:35248773;C|T;Family=11718	0.346627417121018	0.253888244956088	0.784352490465871	1
chr6:35291567;C|T;Family=13195	-0.335190960151047	0.0131529552507375	0.330230317159468	1
chr6:35575305;G|A;Family=11453	-0.336235423593464	0.187403284920314	0.749964161798872	1
chr6:35795046;A|C;Family=12624	-0.101037081656436	0.556800088539812	0.917436287142097	1
chr6:36138971;C|T;Family=13153	0.0782645217148869	0.405284158159115	0.862777559697545	1
chr6:36142734;C|T;Family=14433	0.0920785757193529	0.535567306635006	0.917436287142097	1
chr6:36490070;G|A;Family=14594	-0.00893436633212153	0.930757731866498	0.985079385214649	1
chr6:36741419;G|A;Family=12613	0.041288349380647	0.694803522773646	0.942474622199249	1
chr6:36925904;C|T;Family=11201	-0.11594374329312	0.559409442170533	0.917436287142097	1
chr6:37392924;G|GA;Family=13581	0.226714690180789	0.150182545765302	0.714440962169947	1
chr6:37630704;C|T;Family=12467	0.183752838621105	0.432374932554251	0.87975556076471	1
chr6:38152744;G|C;Family=14632	-0.179813858802989	0.222636503149021	0.770876892267304	1
chr6:38170191;A|G;Family=14384	0.128523056384063	0.207379974990439	0.759303203591094	1
chr6:38170360;T|A;Family=13531	0.256760035529524	0.0575690264879223	0.547045679682214	1
chr6:38173519;G|A;Family=12361	0.511014117050365	0.062380352290805	0.561210871897341	1
chr6:39861263;G|T;Family=11280	-0.0404719624569237	0.814957695988229	0.967507334776816	1
chr6:411271;C|T;Family=12316	-0.470681194905664	0.19344956864193	0.752043382342293	1
chr6:4116006;T|A;Family=13293	0.86143325859672	0.0788966355572026	0.614254331099621	1
chr6:43007441;CT|C;Family=14550	-0.112921139675651	0.466348701292974	0.896750665347334	1
chr6:43132030;G|A;Family=13808	0.0211591986339673	0.897145798170826	0.980690219813665	1
chr6:43141734;G|A;Family=11726	0.0240992527467225	0.924936362598118	0.985079385214649	1
chr6:43450471;G|A;Family=14486	0.267274273149927	0.0859984602132081	0.629289272880618	1
chr6:44003235;C|G;Family=14525	0.00413356911258545	0.982284151852734	0.99288835576478	1
chr6:44155232;T|TG;Family=14303	0.299467439718122	0.230746609522207	0.775034379582612	1
chr6:44447702;G|A;Family=14188	-0.0472516562104887	0.894471462650163	0.980690219813665	1
chr6:46160238;A|AT;Family=14640	-0.0475432353413997	0.847176032948908	0.97423553494761	1
chr6:47019974;C|A;Family=14131	-0.0156107146202068	0.912211087350104	0.985079385214649	1
chr6:49728384;A|G;Family=13589	-0.320652217145923	0.288718283855923	0.80442365911672	1
chr6:5104495;G|A;Family=12170	-0.0639406358746408	0.638141205940839	0.931507626906394	1
chr6:52189690;C|T;Family=11897	0.413198207899451	0.170856246265149	0.738647052504738	1
chr6:52190217;T|C;Family=12001	-0.126042522326908	0.653369794989288	0.933235540173379	1
chr6:52452690;A|G;Family=14163	-0.157294040819975	0.50869744954081	0.911971572282018	1
chr6:52497823;C|T;Family=11788	0.113985658753076	0.555689747239781	0.917436287142097	1
chr6:52502624;A|G;Family=13496	-0.0702526796016209	0.561248038961308	0.917436287142097	1
chr6:52750221;G|A;Family=11845	-0.0795151044578971	0.594964430188754	0.920405550444732	1
chr6:52791844;C|T;Family=13714	0.140693025808641	0.700047216221401	0.944431143103811	1
chr6:55499251;C|A;Family=13300	0.103726085946352	0.758004868263932	0.952116025265764	1
chr6:57026903;A|T;Family=14618	0.133954928121168	0.473878469548185	0.897881562972312	1
chr6:57105244;G|T;Family=12585	-0.155800043525538	0.59523697908188	0.920405550444732	1
chr6:57168724;G|A;Family=14682	0.0686332385179604	0.817996334118022	0.967804860741248	1
chr6:57184477;C|T;Family=13692	-0.0113435158519398	0.962742402399808	0.99138240818133	1
chr6:57185120;G|A;Family=13349	-0.0296969719932744	0.959802521240771	0.99138240818133	1
chr6:57188047;G|A;Family=12180	0.308429593696661	0.269765658279167	0.789330766576708	1
chr6:63277102;T|C;Family=14214	-0.32693054264579	0.111394025074059	0.664999901364936	1
chr6:63277177;G|A;Family=12956	-0.33392840680633	0.1855346659623	0.747536425646637	1
chr6:63703543;CCG|C;Family=14133	-0.384066507523698	0.161765167572198	0.723538490258879	1
chr6:63703547;C|A;Family=14133	0.668920038126902	0.0444810826645349	0.507255423462869	1
chr6:63713212;C|T;Family=13931	-0.0390280846862691	0.945472698963597	0.987086814234882	1
chr6:63713346;C|T;Family=14110	-0.282997964284224	0.0334946511965738	0.472632314909965	1
chr6:69699046;T|C;Family=14152	-0.619392136311281	0.243741710169079	0.784352490465871	1
chr6:7417611;C|G;Family=11190	0.043140568989529	0.834425965503742	0.971932437348597	1
chr6:75085289;T|C;Family=12211	-0.194297823026221	0.356042958937115	0.846828783267143	1
chr6:75717110;G|T;Family=14452	0.414266278405327	0.430489990287802	0.879267155823192	1
chr6:75915105;G|C;Family=14613	0.189476905764584	0.515265506116117	0.913526088748241	1
chr6:7882227;C|T;Family=11940	0.120810429898468	0.473298333816364	0.897881562972312	1
chr6:79488659;T|C;Family=14643	-0.339007262665345	0.0726037917575679	0.596591896243479	1
chr6:79700984;C|T;Family=14467	0.130411966098566	0.182056173940882	0.747046119691074	1
chr6:83553760;AC|A;Family=14233	-0.0089760413837636	0.984500916843305	0.993364199260465	1
chr6:83656787;CA|C;Family=12661	0.171517782778087	0.483466639767966	0.897881562972312	1
chr6:83665562;G|T;Family=11543	-0.516269935887536	0.148110325768486	0.712130458221991	1
chr6:84732935;T|C;Family=13424	0.0194928375741448	0.974203387685827	0.992286952548644	1
chr6:87169739;C|G;Family=14492	0.0357760732566465	0.70021464341376	0.944431143103811	1
chr6:88141988;A|G;Family=12396	0.437550814972458	0.224865490532324	0.772860595019102	1
chr6:88142066;A|C;Family=12541	0.409676435297192	0.0340157942511727	0.472632314909965	1
chr6:89634132;A|T;Family=12708	0.139360785584656	0.66369433560006	0.93790143566114	1
chr6:96795444;T|C;Family=11031	-0.0381638998724493	0.896027530997908	0.980690219813665	1
chr6:98837882;C|T;Family=14413	-0.815610979449908	0.0763602772870303	0.607325724862858	1
chr6:98873421;T|C;Family=14344	-0.455964183196627	0.254765484830872	0.784352490465871	1
chr6:99280481;C|T;Family=14658	0.162194624327057	0.31883779555887	0.820263829789197	1
chr6:99433895;T|A;Family=14526	-0.010037635835778	0.979784843600675	0.992393646307879	1
chr7:100034499;A|G;Family=11800	0.139471973360943	0.263539263087881	0.787012963356415	1
chr7:100070882;A|T;Family=11456	0.0400666362502105	0.891815463573967	0.980690219813665	1
chr7:100201111;G|T;Family=14227	0.204441856934734	0.250548117395546	0.784352490465871	1
chr7:100367651;T|C;Family=13082	0.187421453829059	0.22598503943425	0.772860595019102	1
chr7:100565841;C|T;Family=13497	0.248164779356464	0.518326958493699	0.913526088748241	1
chr7:100566755;G|A;Family=11348	0.0408794212979524	0.754652410669848	0.952116025265764	1
chr7:100627396;G|C;Family=11634	-0.11520971251922	0.482495034767755	0.897881562972312	1
chr7:100681069;C|T;Family=14129	0.0763944246974729	0.597503025889965	0.921506617302338	1
chr7:100865327;T|C;Family=14370	0.415211246838675	0.00166591307777012	0.113986898667425	1
chr7:100893782;C|T;Family=14533	-0.0224307919532889	0.856011604530303	0.976735411461456	1
chr7:101092639;G|A;Family=13589	0.1440617569035	0.598688639986688	0.922538975502486	1
chr7:101557594;G|A;Family=12860	0.00524318980484304	0.955017780604028	0.990948508062706	1
chr7:102256679;G|T;Family=12585	-0.0664618222057683	0.655254517262017	0.93442708313357	1
chr7:102457125;G|C;Family=13447	-0.676236070367391	6.86469725121327e-05	0.0111020876453713	0.244245928198168
chr7:103336877;T|A;Family=12975	-0.0405951479063425	0.943739941094116	0.985861690281867	1
chr7:103374495;G|C;Family=11336	0.245851987848757	0.0847228558355487	0.627011536731009	1
chr7:105107653;TC|T;Family=12952	0.224283301696982	0.0375643882848161	0.482505752770309	1
chr7:105116390;C|A;Family=14261	0.382319611502533	0.416100351452431	0.870444826908202	1
chr7:105116659;A|G;Family=13631	0.613516486560435	0.125521012073766	0.685982322281382	1
chr7:107196482;C|T;Family=11984	-0.314799823144255	0.175908911122389	0.744599654986115	1
chr7:107620052;T|G;Family=14412	-0.114376251625732	0.713296508814387	0.946744615792166	1
chr7:107623206;C|T;Family=12056	0.198683433089154	0.292142166497177	0.80442365911672	1
chr7:107765695;G|T;Family=12086	0.466600458140367	0.199996407328346	0.759303203591094	1
chr7:11028794;G|C;Family=12852	0.14208429404686	0.257988132239698	0.784352490465871	1
chr7:112287394;G|A;Family=13838	-0.154774955914344	0.511330583901791	0.912248580803326	1
chr7:112287729;G|C;Family=14041	0.0957075900826254	0.558784142545113	0.917436287142097	1
chr7:112491008;G|A;Family=14564	-0.551176842976837	0.335570825769883	0.832854915944102	1
chr7:112764605;A|C;Family=12758	-0.135383228074714	0.411547481095169	0.866954374029965	1
chr7:11374483;C|G;Family=12405	-0.501455414146756	0.304011617309305	0.808012965697486	1
chr7:114693111;A|C;Family=14115	0.396072569007282	0.16339534399824	0.725793550494056	1
chr7:115937292;T|C;Family=13863	0.279982410879864	0.538099058830527	0.917436287142097	1
chr7:117363392;C|G;Family=13211	0.245271327007348	0.685882745075903	0.941766201378044	1
chr7:120749567;T|C;Family=12686	0.17083994487313	0.584371431549469	0.918280435435728	1
chr7:12235662;G|C;Family=12180	-1.26433516545942	0.0561723529724159	0.543101173575695	1
chr7:12236724;T|G;Family=14007	-0.375997633681226	0.313786109680033	0.817814406427368	1
chr7:12237057;T|A;Family=11931	0.301004339567374	0.475378218439255	0.897881562972312	1
chr7:12237561;A|G;Family=14202	0.149705875535061	0.654304541649669	0.933820922258132	1
chr7:12331049;T|C;Family=14042	-0.575340704049803	0.00546993128354318	0.211091519740405	1
chr7:12344427;G|A;Family=11651	0.430594444735597	0.389401637174889	0.862777559697545	1
chr7:123538093;G|A;Family=13165	0.401688819066656	0.320503780177854	0.821404225562487	1
chr7:123638660;T|C;Family=13053	-0.0511892454185832	0.821156152914215	0.967804860741248	1
chr7:124031121;C|T;Family=13694	0.324710520331591	0.402542929519443	0.862777559697545	1
chr7:128299202;C|T;Family=11187	-0.180393330226953	0.128380648350956	0.6909393285005	1
chr7:128302575;G|A;Family=11252	-0.272410849057601	0.260214090053289	0.786611497374345	1
chr7:128307112;GCAAA|G;Family=11194	0.323724545449448	0.0135076926848895	0.331450831536805	1
chr7:129487405;G|C;Family=11731	-0.0218002337492337	0.932108142536389	0.985079385214649	1
chr7:131493457;G|A;Family=14685	-0.193135611347478	0.56325508940705	0.917436287142097	1
chr7:131495943;A|G;Family=14517	-0.437168971948557	0.226479446367964	0.772860595019102	1
chr7:134291115;G|C;Family=12219	-0.0378970274599848	0.86800915233253	0.97795435638332	1
chr7:134442682;G|A;Family=14444	0.222380785170192	0.392715519436166	0.862777559697545	1
chr7:135676391;TAATA|T;Family=11568	0.409730885976476	0.349694843563186	0.842963586312883	1
chr7:137388263;C|A;Family=14351	0.0389867946869143	0.920199388286973	0.985079385214649	1
chr7:137390098;T|C;Family=Hou-etal:rs3735025	-0.337286363517462	0.0722710793185673	0.596591896243479	1
chr7:138588097;A|T;Family=11954	-0.081296815975639	0.859085744883373	0.977182570426804	1
chr7:139565026;G|A;Family=11156	-0.218393433893555	0.226691135530646	0.772860595019102	1
chr7:139565092;G|T;Family=11156	-0.160421750142628	0.638200767433436	0.931507626906394	1
chr7:139571713;G|C;Family=12867	0.123169934614943	0.757903374157217	0.952116025265764	1
chr7:140024674;A|C;Family=13006	-0.11724321247845	0.340040615832876	0.83336368159844	1
chr7:140090201;T|C;Family=12303	0.406249114461664	0.408033110028614	0.862777559697545	1
chr7:140297460;G|A;Family=13349	0.104717452515646	0.358335661156121	0.846828783267143	1
chr7:141473065;G|C;Family=12875	0.116914945612039	0.721010081571557	0.946744615792166	1
chr7:14148804;T|G;Family=11055	0.666699124683595	0.0556223075669452	0.543101173575695	1
chr7:141593741;G|GC;Family=14174	-0.00703110037517102	0.981100024704174	0.992393646307879	1
chr7:141929166;T|G;Family=11152	-0.6405788252435	0.0112752818818352	0.320939623484557	1
chr7:142867025;C|T;Family=12681	-0.067928969164798	0.678190999259769	0.941530488859475	1
chr7:144453610;C|T;Family=13063	-0.0991756790422087	0.572427443078372	0.918169230061666	1
chr7:148800933;A|G;Family=11106	0.0177514859779053	0.882020304872462	0.980690219813665	1
chr7:150627483;G|C;Family=13035	-0.0486389914040919	0.822811968756313	0.968011325956374	1
chr7:151013039;C|T;Family=13092	0.103631692647227	0.47158010605357	0.897881562972312	1
chr7:151987279;C|T;Family=13556	-0.0516564982724995	0.634253270669963	0.931507626906394	1
chr7:152103925;A|G;Family=13066	0.00843817048685247	0.963549232554203	0.991700367205049	1
chr7:152230230;G|A;Family=11241	-0.155430421227015	0.552552645950489	0.917436287142097	1
chr7:155802541;CATG|C;Family=14042	-0.130655582752348	0.578815355867172	0.918280435435728	1
chr7:156682823;G|A;Family=11435	-0.290619126113663	0.398473012011083	0.862777559697545	1
chr7:157005028;C|T;Family=11062	-0.147769286774293	0.272184312947143	0.793146425443027	1
chr7:157414907;G|A;Family=12661	-0.13373527080424	0.270781797008781	0.79100298338033	1
chr7:159028719;C|T;Family=14554	0.173158811348705	0.196908918666801	0.754568900408943	1
chr7:16088825;A|C;Family=11382	1.11444897957506	1.342551044752e-06	0.000413298076744601	0.00477679661722761
chr7:17794399;T|C;Family=12540	0.157335906000728	0.372176322882835	0.857646763404051	1
chr7:17882719;G|A;Family=13514	-0.127972083593294	0.686355198866308	0.941766201378044	1
chr7:18998693;C|G;Family=12302	-0.402786432105212	0.190059206946994	0.752043382342293	1
chr7:19000716;C|A;Family=12302	-0.260703199918792	0.264400830767974	0.787228582320043	1
chr7:19695939;C|G;Family=12055	-0.118697634260745	0.754526082225761	0.952116025265764	1
chr7:19696724;A|G;Family=14357	-0.188395536630076	0.645673557755602	0.931507626906394	1
chr7:19721031;C|T;Family=13314	0.0622332717390894	0.827057533995879	0.969969860200699	1
chr7:20134737;T|C;Family=11729	-0.44598040944531	0.152335907509643	0.718808823781816	1
chr7:20139350;T|C;Family=11905	-0.111842900158385	0.493060250210594	0.902886448918834	1
chr7:20413493;G|A;Family=11181	-0.601994253152596	0.435363014763293	0.880626268634335	1
chr7:20659230;C|A;Family=11679	-0.11817965780639	0.388565391022737	0.862777559697545	1
chr7:22119418;T|A;Family=11931	-0.336771943692412	0.30064624802649	0.807460242615845	1
chr7:22192927;G|C;Family=14637	-0.0697521249398264	0.679098677032046	0.941766201378044	1
chr7:2252218;G|A;Family=11569	0.186899551798838	0.383391977404661	0.861906060273217	1
chr7:22937168;G|C;Family=13322	-0.468574124835987	0.342479965076166	0.836320445819086	1
chr7:22937598;CAA|C;Family=14695	0.0403984205125421	0.910165399393963	0.985079385214649	1
chr7:22939304;G|C;Family=13417	0.106067690511912	0.571370590146097	0.918169230061666	1
chr7:23174064;G|A;Family=11986	-0.362182267977512	0.0750190628312719	0.603886111917801	1
chr7:2442801;C|T;Family=14539	-0.138524354176506	0.389208983986661	0.862777559697545	1
chr7:24688192;G|T;Family=13592	-0.21129404655919	0.646191313944732	0.931507626906394	1
chr7:24798063;T|C;Family=14669	0.112628700017005	0.705845099281414	0.946105182553988	1
chr7:26373688;C|T;Family=14004	-0.34217135954881	0.287107929728982	0.801591780446894	1
chr7:2662074;C|T;Family=11277	-0.0684113559891274	0.479978610490347	0.897881562972312	1
chr7:26668101;G|A;Family=11499	0.567939919482318	0.12570558575814	0.685982322281382	1
chr7:2713256;C|A;Family=12113	-0.0902084812666355	0.618095767211195	0.927708006233402	1
chr7:2713592;C|T;Family=13764	-0.0187631907066724	0.906296100084134	0.983110220761997	1
chr7:2713712;A|G;Family=11561	0.107107846289882	0.289810266094659	0.80442365911672	1
chr7:27195268;T|C;Family=14482	-0.121040446317695	0.689211995926622	0.941766201378044	1
chr7:27247414;C|T;Family=14169	-0.158640256239481	0.327697903738668	0.828419494140879	1
chr7:28823143;C|G;Family=13555	-0.317687613474641	0.0658143358081896	0.576400314095542	1
chr7:29916016;G|T;Family=12173	-1.75184370022696	8.90535455511601e-06	0.00158426257535514	0.0316852515071028
chr7:30010714;A|G;Family=12938	0.0950239312601405	0.727373744299047	0.946744615792166	1
chr7:30081082;G|A;Family=14265	-0.506907789335169	0.0428111858837443	0.496163515877402	1
chr7:30161165;A|C;Family=12426	-0.165598371293996	0.612225425029391	0.927372648564035	1
chr7:30162556;C|G;Family=14186	-0.226287356810046	0.667749584488163	0.93790143566114	1
chr7:30923911;C|G;Family=13506	0.0679504496410131	0.550617145546365	0.917436287142097	1
chr7:31652930;A|AT;Family=11274	-0.00437850976888168	0.987511946766492	0.993364199260465	1
chr7:31751585;T|C;Family=13718	0.0327226258357966	0.867563513395633	0.97795435638332	1
chr7:32485421;T|C;Family=14600	-0.19178052416163	0.306435890353316	0.809643425403248	1
chr7:32587182;T|G;Family=12515	-0.110979903501892	0.740244883809225	0.947066269900475	1
chr7:36453260;A|G;Family=14525	0.583665001736874	0.300216753235129	0.807460242615845	1
chr7:37741364;G|A;Family=14186	-0.6378965519243	0.0068090872106936	0.235435681516952	1
chr7:41687210;A|G;Family=12526	0.185390345237463	0.763092455902498	0.95467051972612	1
chr7:41687963;C|A;Family=13823	-0.477629113337622	0.0416821987392561	0.494621050150111	1
chr7:41963579;T|C;Family=13631	-0.0016312006187495	0.992543064051144	0.995901923827966	1
chr7:41963952;G|C;Family=11117	-0.313373889405995	0.400823381100526	0.862777559697545	1
chr7:42917159;T|C;Family=13018	-0.451420006172623	0.00536883090488656	0.209915388566883	1
chr7:42921313;G|A;Family=12197	0.0414974375847139	0.903107969897356	0.981582905197022	1
chr7:43631800;C|T;Family=13512	-0.0203662667223062	0.930017814577445	0.985079385214649	1
chr7:44060113;G|A;Family=13028	0.0310679023185005	0.855972166686987	0.976735411461456	1
chr7:44379847;G|A;Family=14297	-0.124730798074912	0.285777912806248	0.799369350443891	1
chr7:44384444;G|A;Family=13881	-1.69192195025169	1.48090888241491e-08	1.12538293201228e-05	5.26907380363224e-05
chr7:44708801;C|G;Family=14147	-0.067782118294171	0.836619593968306	0.972294251213798	1
chr7:44767810;G|A;Family=13649	0.0153871213330488	0.93279714764588	0.985079385214649	1
chr7:44835049;G|A;Family=13628	-0.0016991674849897	0.987841397612481	0.993364199260465	1
chr7:44876364;T|C;Family=13211	-0.291033235263613	0.692212556280403	0.941766201378044	1
chr7:44962744;G|T;Family=14350	0.1902904940292	0.273418198186624	0.793273046223266	1
chr7:4769211;C|T;Family=13709	-1.03772365452472	2.93031490986559e-06	0.000734247175903114	0.0104260604493018
chr7:48272994;G|A;Family=11168	-0.188024892969802	0.702621701241207	0.944445205210929	1
chr7:50669862;G|A;Family=12676	0.0172692390574583	0.903713220187849	0.981582905197022	1
chr7:51064958;C|G;Family=14541	-0.0295791585881537	0.848366718656319	0.975132382942318	1
chr7:54550490;G|T;Family=12817	-1.02588327446196	0.0882021876328288	0.629913149243165	1
chr7:6164890;C|T;Family=14328	-0.315047074985445	0.00431851617134309	0.195119142802909	1
chr7:6330019;A|T;Family=13498	-0.103074554352288	0.589306824026191	0.919264071705076	1
chr7:64520411;T|C;Family=13570	-0.0284456077686662	0.915796034726027	0.985079385214649	1
chr7:64831687;C|T;Family=14598	-0.487267010477883	0.205017179203122	0.759303203591094	1
chr7:64972029;T|TTAAA;Family=11722	-0.534752193314072	0.253328448681737	0.784352490465871	1
chr7:65954605;G|A;Family=11404	0.0432462903066095	0.724964750376195	0.946744615792166	1
chr7:70292499;A|C;Family=14508	-0.519367605778276	0.0326775745944713	0.466934981554734	1
chr7:72946318;AG|A;Family=13941	0.0134365066049417	0.894996010349078	0.980690219813665	1
chr7:73340787;G|T;Family=13560	-0.863849049655148	3.30184227499995e-06	0.000734247175903114	0.0117479548144498
chr7:73441259;G|A;Family=13066	-0.40690128091545	0.197867561574352	0.754568900408943	1
chr7:74404154;G|A;Family=11411	-0.369871825844745	0.0491606146706868	0.523263449021235	1
chr7:75537252;G|A;Family=14361	-0.0326827996927798	0.7829831024018	0.9586620223513	1
chr7:7607184;A|G;Family=11282	0.245457380703632	0.172356582704938	0.740331577553253	1
chr7:76268794;G|C;Family=14551	0.199293936747914	0.368624170258716	0.857479456551592	1
chr7:7868502;A|G;Family=13383	0.0333057064813515	0.938411551493814	0.985079385214649	1
chr7:80674022;A|C;Family=13517	0.0233579083009841	0.893179621851102	0.980690219813665	1
chr7:8086554;C|A;Family=14214	0.229730672885235	0.083076796673	0.624037908705978	1
chr7:8094168;G|A;Family=13741	-0.472666314122707	0.161930372910329	0.723538490258879	1
chr7:8127875;T|C;Family=13072	-0.219972705004378	0.55398501145422	0.917436287142097	1
chr7:83366086;G|T;Family=12575	0.474770830614286	0.405245009688898	0.862777559697545	1
chr7:83958398;C|A;Family=14025	0.355576459378167	0.291949021840436	0.80442365911672	1
chr7:83960121;C|T;Family=13160	0.612771346625751	0.194880269398425	0.752043382342293	1
chr7:85050554;G|A;Family=14303	0.278578566403157	0.546073247402469	0.917436287142097	1
chr7:87830053;A|C;Family=13129	-0.0984113808111324	0.751347236455333	0.95075684973355	1
chr7:88199020;A|G;Family=12669	0.727791747708596	0.00648697030501373	0.231729648960316	1
chr7:896411;G|A;Family=14027	0.0939303010084654	0.538812282210123	0.917436287142097	1
chr7:90233483;G|A;Family=13206	0.446547062698044	0.0295121122450622	0.46107748873794	1
chr7:90899326;T|TG;Family=14046	0.00441850965049406	0.991413317260252	0.995048965532293	1
chr7:92108825;A|T;Family=13807	-0.234745039521979	0.143101810889806	0.703505581249478	1
chr7:92577109;G|C;Family=11056	-0.206927130608931	0.668055555714158	0.93790143566114	1
chr7:92615043;T|C;Family=13772	-0.178480484840059	0.0816682950477635	0.624037908705978	1
chr7:93100516;G|A;Family=11977	0.584379886019687	0.108963414054255	0.660519212548851	1
chr7:95585430;A|G;Family=11979	-0.455773410332261	0.248730449024506	0.784352490465871	1
chr7:98292716;C|T;Family=13502	-0.355589467982973	0.0271607427330795	0.441269053170305	1
chr7:99030080;C|T;Family=11266	-0.144698667684759	0.294984724833525	0.805127032018295	1
chr7:99391002;T|G;Family=11135	0.0802149449980115	0.482292454823153	0.897881562972312	1
chr7:99411780;C|G;Family=14506	-0.0853032751974681	0.555407691284198	0.917436287142097	1
chr7:99480615;A|G;Family=12517	-0.0405618832052784	0.892165171750646	0.980690219813665	1
chr7:99672808;C|G;Family=12707	0.0234506766713804	0.867036227407847	0.97795435638332	1
chr8:100141022;G|C;Family=12180	-0.0262739835609601	0.840134736040692	0.972500282796032	1
chr8:100918132;C|T;Family=13962	-0.276862110560043	0.43038050894672	0.879267155823192	1
chr8:101669616;T|G;Family=11897	-0.450839718487805	0.33222699345645	0.831398706367727	1
chr8:103068849;CT|C;Family=12418	-0.288893549679447	0.168833062901586	0.738647052504738	1
chr8:103068853;T|C;Family=12418	-0.136290089713063	0.685039073961977	0.941766201378044	1
chr8:103398998;G|C;Family=11117	-0.733344429988125	0.104227885382318	0.657522723741644	1
chr8:106707384;T|C;Family=14629	-0.208782607473488	0.635788685771766	0.931507626906394	1
chr8:107900711;G|A;Family=13977	-0.132105159543517	0.499021039460419	0.905104323336513	1
chr8:109243244;G|A;Family=13306	0.214675164210186	0.238129108716128	0.783777399456043	1
chr8:11315026;C|A;Family=12534	0.145813843794441	0.354773155906429	0.846828783267143	1
chr8:116643060;C|T;Family=13787	0.0459247939220645	0.91409990230516	0.985079385214649	1
chr8:116658921;C|T;Family=14492	0.182563917168574	0.137378315925731	0.703297910883093	1
chr8:117819709;G|A;Family=14364	-0.339547125048487	0.0208277396826744	0.413089745900359	1
chr8:118194453;C|T;Family=14240	0.239177821194642	0.245410935047078	0.784352490465871	1
chr8:11844416;A|G;Family=12550	0.333990548416361	0.360245838528393	0.848282391452032	1
chr8:119834135;A|G;Family=11685	0.0757081742375653	0.805330211057226	0.963893664624655	1
chr8:123100926;T|A;Family=13581	-0.353825138193294	0.0836610687051016	0.624037908705978	1
chr8:126552907;T|C;Family=11542	-0.987947644323873	0.0231015920072475	0.417888990515216	1
chr8:130053371;A|C;Family=13602	0.0687891001417023	0.777127401016431	0.957793469119761	1
chr8:13007100;A|T;Family=12796	-0.244208116609935	0.130705512557193	0.692677133933317	1
chr8:132127162;C|T;Family=13520	-0.570389455719407	0.000458614375407041	0.0453263874360625	1
chr8:132128104;G|A;Family=12056	0.221063819309852	0.47744606973481	0.897881562972312	1
chr8:132846315;G|T;Family=12720	0.238050409754129	0.555459514274193	0.917436287142097	1
chr8:133459207;G|A;Family=12656	-1.08213484838108	1.3939226871656e-06	0.000413298076744601	0.00495957692093521
chr8:140521925;G|A;Family=12001	0.351290706233356	0.478087402604549	0.897881562972312	1
chr8:140527463;G|C;Family=14699	-0.541833249420599	0.0258283921650803	0.430514557403007	1
chr8:140529731;G|A;Family=14154	-0.0758169719327813	0.707574258588528	0.946105182553988	1
chr8:140532572;T|C;Family=12412	0.131883855721856	0.453675484927533	0.895567628224711	1
chr8:141195681;A|G;Family=12738	0.54160109615023	0.0768945356821588	0.607325724862858	1
chr8:141448037;C|T;Family=12622	-0.00593285377741074	0.962897876576275	0.99138240818133	1
chr8:142544658;G|T;Family=11625	-0.0422177981933725	0.772280343111206	0.957218838631033	1
chr8:143297985;T|C;Family=11356	0.245851405400433	0.584949813718707	0.918280435435728	1
chr8:143318080;T|C;Family=14100	-0.215048178684037	0.164515534665404	0.728042627287946	1
chr8:143324603;G|A;Family=14111	-0.0618276815003601	0.673315180924516	0.939987145220056	1
chr8:143653484;TC|T;Family=11327	0.0341241084201023	0.932171207795825	0.985079385214649	1
chr8:143694347;C|T;Family=11277	0.210493715723086	0.173411636278404	0.740331577553253	1
chr8:144115745;G|A;Family=11568	-0.095418491987776	0.689691301232493	0.941766201378044	1
chr8:144502068;T|C;Family=12802	0.220813148772061	0.324354896287163	0.826236675352672	1
chr8:144527295;G|C;Family=11078	0.242219826603101	0.0751887429959488	0.603886111917801	1
chr8:17247873;C|G;Family=13277	0.123813154492669	0.378293601070132	0.859641646193955	1
chr8:17297014;G|C;Family=14549	-0.252803568500055	0.386125025646769	0.862777559697545	1
chr8:17566779;G|A;Family=13230	0.14725250300257	0.389729601286874	0.862777559697545	1
chr8:1782214;G|A;Family=12770	-0.222280617229916	0.230246870477626	0.775034379582612	1
chr8:18071404;T|A;Family=13252	0.193159248465239	0.377207110419242	0.859641646193955	1
chr8:18529285;A|G;Family=14691	-0.202418669951036	0.460669813355452	0.896452165866809	1
chr8:18531048;A|G;Family=14448	-0.159891819763098	0.260594935699287	0.787012963356415	1
chr8:1860162;C|T;Family=22017	0.406669670711154	0.00651861026611935	0.231729648960316	1
chr8:1958160;T|C;Family=13626	0.0358594641618256	0.722433905553892	0.946744615792166	1
chr8:2004228;T|C;Family=14557	-0.0835639183250776	0.55978899052332	0.917436287142097	1
chr8:2005051;A|G;Family=11424	0.139941455916547	0.760711504216615	0.952361552428824	1
chr8:2006315;T|A;Family=11546	-0.0359295803497926	0.878653794260956	0.980690219813665	1
chr8:21691253;C|A;Family=11610	0.0333154103154755	0.758893565335318	0.952361552428824	1
chr8:21909212;G|A;Family=12469	-0.186553360962515	0.140690336447	0.703505581249478	1
chr8:21909628;G|A;Family=13982	0.0702663085449536	0.755651719785164	0.952116025265764	1
chr8:22048473;C|T;Family=12373	0.0853437952456771	0.621374526639925	0.927708006233402	1
chr8:22209648;G|A;Family=11989	0.143359807584188	0.261945320929413	0.787012963356415	1
chr8:22250658;C|G;Family=11818	0.00477445510457789	0.975423086607781	0.992286952548644	1
chr8:22620003;GT|G;Family=14507	0.676183930938857	0.11318004175935	0.667055451997989	1
chr8:22620016;C|T;Family=12113	0.197756942207506	0.328397400121939	0.829267529903377	1
chr8:22621222;C|T;Family=11818	-0.0339465885894175	0.707767708371338	0.946105182553988	1
chr8:23020670;C|T;Family=14354	0.552106861121223	0.298223842359836	0.805679902138417	1
chr8:23136670;T|C;Family=12775	0.118995127493471	0.419573018173068	0.871477407273657	1
chr8:23566433;G|A;Family=11031	-0.0434538566896287	0.554595992855106	0.917436287142097	1
chr8:24357347;C|T;Family=12605	0.508403426504689	0.120956282631171	0.679877493841557	1
chr8:246847;T|C;Family=11552	0.63925983945498	0.00448514430923904	0.195502743586415	1
chr8:25412256;ATTAT|A;Family=13585	-0.0251706201921105	0.927930591706345	0.985079385214649	1
chr8:26410533;C|G;Family=11458	0.520104726132922	0.085669482941445	0.629289272880618	1
chr8:26505153;A|G;Family=11017	-0.0844100162432603	0.662181562497519	0.937541583512205	1
chr8:27236813;G|A;Family=11444	-0.149611439803467	0.275023475166977	0.793273046223266	1
chr8:27735798;CCAA|C;Family=11156	0.288932599759608	0.205569468440175	0.759303203591094	1
chr8:28812448;G|T;Family=11843	0.075273709439881	0.754925592783848	0.952116025265764	1
chr8:29051336;GTAT|G;Family=13584	0.010919127065035	0.933407307116773	0.985079385214649	1
chr8:29067835;T|C;Family=13808	0.161260421218452	0.233736380722345	0.777955138082416	1
chr8:30831849;A|G;Family=14163	0.120957817833741	0.644436603705537	0.931507626906394	1
chr8:33548607;G|T;Family=14283	0.0395035524175997	0.798802902756016	0.963066009877218	1
chr8:37745694;C|T;Family=14270	0.124449103472917	0.699850673209405	0.944431143103811	1
chr8:37845026;G|A;Family=13072	0.108064894046275	0.158792505759558	0.718808823781816	1
chr8:37859423;G|A;Family=14619	0.146109786285143	0.519197995474975	0.913526088748241	1
chr8:38274890;T|C;Family=11310	-0.063701153454221	0.773539017167712	0.957218838631033	1
chr8:38424684;C|T;Family=12703	-0.168869190452613	0.277924617754151	0.793273046223266	1
chr8:38989521;T|C;Family=14234	0.103392771556504	0.548664337744386	0.917436287142097	1
chr8:38991018;T|C;Family=13233	0.100431531826357	0.47021723176344	0.897881562972312	1
chr8:39637652;G|A;Family=13838	-0.12981657742094	0.56358546315435	0.917436287142097	1
chr8:39645438;G|C;Family=12892	0.422747581331598	0.249253705877119	0.784352490465871	1
chr8:40531284;A|C;Family=14660	0.953301485587287	0.000179088331528189	0.0227570101277606	0.637196283577296
chr8:42272348;G|C;Family=13772	-0.0561891119375797	0.671553116858973	0.939593389612357	1
chr8:42554909;T|C;Family=12113	-0.270712802536911	0.304750653272981	0.80834258376945	1
chr8:43024687;G|C;Family=13654	0.596996437166479	0.401272626728845	0.862777559697545	1
chr8:472182;A|T;Family=14491	0.00594511764408529	0.958219353964421	0.991376697122829	1
chr8:491999;C|T;Family=14474	-0.379030424738325	0.521994102560386	0.91383439572822	1
chr8:492350;T|C;Family=12796	0.143168733658326	0.642991261139884	0.931507626906394	1
chr8:53228434;CAG|C;Family=11172	-0.0999089706416189	0.508296960792237	0.911971572282018	1
chr8:55527291;G|A;Family=13069	0.231348413620271	0.684264888537146	0.941766201378044	1
chr8:55538529;T|C;Family=12984	0.139785662999926	0.800943022516679	0.963066009877218	1
chr8:56164546;A|C;Family=12314	-0.549924172811552	0.172691941650342	0.740331577553253	1
chr8:56217465;TAGAAGC|T;Family=11948	0.0628166262616726	0.747835027190274	0.949945386198855	1
chr8:56964164;G|C;Family=13870	-0.329585494770854	0.381746256300718	0.861358140023387	1
chr8:58448913;C|T;Family=11018	0.178110170702033	0.420329128426042	0.871784182413911	1
chr8:61606588;A|G;Family=13853	0.00424454792134832	0.990912659210962	0.994827099738319	1
chr8:61659074;C|G;Family=22315	-0.0840162772000114	0.501284131521044	0.906683635158332	1
chr8:61665222;C|T;Family=14053	0.169598543302032	0.280505003276849	0.793351988600182	1
chr8:63186531;G|C;Family=12674	-0.157763336732684	0.313978212248394	0.817814406427368	1
chr8:63187741;G|A;Family=12860	-0.0125676810520868	0.980914180663136	0.992393646307879	1
chr8:65602541;C|T;Family=13335	-0.620024600030854	0.425515978502887	0.875642482078237	1
chr8:65718492;G|A;Family=12597	0.41652072990614	0.0420320144680396	0.494621050150111	1
chr8:66514029;T|G;Family=14254	0.0488489164692294	0.641424513699073	0.931507626906394	1
chr8:66632325;T|C;Family=11922	-0.362134348926674	0.24731001301027	0.784352490465871	1
chr8:68233907;C|T;Family=12919	-0.214097247649021	0.58934736653975	0.919264071705076	1
chr8:68234749;G|A;Family=14669	-0.296657876030443	0.339721302834287	0.83336368159844	1
chr8:6924777;A|G;Family=12532	0.659999803579702	0.00150357112308411	0.109177674610883	1
chr8:69672964;C|T;Family=11195	-0.190021552277634	0.134564314149905	0.698948656562571	1
chr8:73420884;C|G;Family=13882	-0.352098811636379	0.356710631567492	0.846828783267143	1
chr8:73653867;C|T;Family=11018	0.460861798871491	0.245878654256823	0.784352490465871	1
chr8:73668999;C|T;Family=11679	0.338766321442067	0.432434315309748	0.87975556076471	1
chr8:74234772;CAAG|C;Family=12206	-0.155482469908863	0.681607855802436	0.941766201378044	1
chr8:74365934;T|G;Family=14110	-0.137196742088308	0.49478509397606	0.904648183127864	1
chr8:76865498;C|CG;Family=13613	0.301528128360243	0.247326666766032	0.784352490465871	1
chr8:76865499;C|T;Family=13613	-0.0944268282804975	0.745254711578961	0.948360609369793	1
chr8:76866525;C|T;Family=12638	0.363602114316997	0.136924495436868	0.701984661043768	1
chr8:76981153;T|C;Family=14692	-0.077924109777127	0.816749681971267	0.96769742539253	1
chr8:76982966;A|G;Family=13748	-0.29745642608703	0.310846742946323	0.813828338044899	1
chr8:78717932;G|A;Family=12541	-0.196999207414463	0.531440483152621	0.915952881844742	1
chr8:78738606;G|C;Family=12643	0.274365909290141	0.282901044564693	0.795909601033559	1
chr8:78740044;A|T;Family=22024	-0.695552758147686	0.26662298973083	0.788163537075341	1
chr8:80526198;G|C;Family=14253	-0.184552180164858	0.56268100797664	0.917436287142097	1
chr8:80971856;T|A;Family=11073	-0.814738120064758	0.0133651393116817	0.330230317159468	1
chr8:81480433;T|C;Family=13763	-0.0771025085920575	0.500304828529534	0.906356710747496	1
chr8:81701852;G|C;Family=13947	0.189716879043954	0.721234456005282	0.946744615792166	1
chr8:85124850;G|A;Family=14385	0.204623191690528	0.40835227951958	0.862777559697545	1
chr8:85480675;G|A;Family=13630	0.0203296990925606	0.946303836133445	0.98745438737862	1
chr8:88038481;C|A;Family=11838	0.343273264979882	0.464978400171328	0.896750665347334	1
chr8:89926047;G|T;Family=14285	0.629836931675992	0.00501908224692439	0.203394927232865	1
chr8:90957147;A|G;Family=11537	-0.27609654807217	0.0834827924516283	0.624037908705978	1
chr8:90993992;A|G;Family=14522	-0.358447159538945	0.232930733151191	0.77599957729582	1
chr8:9139918;A|C;Family=13948	0.306073999838346	0.155413065805309	0.718808823781816	1
chr8:91955087;C|G;Family=14152	-0.47798431195537	0.212363698577994	0.764607048059574	1
chr8:91956796;T|A;Family=12032	0.0868243055255567	0.879144951409934	0.980690219813665	1
chr8:93702337;TATG|T;Family=14271	-0.335848831175935	0.142472354484418	0.703505581249478	1
chr8:94127863;G|A;Family=22308	0.0271956622195286	0.769082244026435	0.956334280161488	1
chr8:94790581;A|G;Family=13375	-1.16764294489639	0.00204503379240912	0.134745004322067	1
chr8:94790790;AAT|A;Family=12499	-0.335506254048742	0.279886712344092	0.793351988600182	1
chr8:95047123;T|A;Family=14095	0.285202224714345	0.209301039563176	0.759841019511585	1
chr8:96610564;T|C;Family=11030	-0.161503209998743	0.751413226939501	0.95075684973355	1
chr8:97275271;G|A;Family=13082	0.471595025915852	0.0350572002553794	0.474976440926409	1
chr8:9780855;T|A;Family=13412	0.238699814751119	0.151467224486502	0.717603708019938	1
chr8:98432386;T|G;Family=14371	-0.369530459176296	0.277199714418006	0.793273046223266	1
chr8:99511216;G|A;Family=12922	0.034216774220609	0.930413863202394	0.985079385214649	1
chr9:101362333;G|A;Family=12111	0.360795486141286	0.334142206241786	0.831398706367727	1
chr9:105637531;T|C;Family=12377	-0.226461325285596	0.169582577825495	0.738647052504738	1
chr9:107012058;A|G;Family=11063	0.344410347499569	0.519365190671369	0.913526088748241	1
chr9:107331575;TC|T;Family=13575	-0.153887684642761	0.343330301409842	0.836320445819086	1
chr9:108868801;AG|A;Family=14371	0.0455693354251984	0.861375040574476	0.97795435638332	1
chr9:109073266;A|G;Family=14440	-0.514833276418603	0.0725145432507383	0.596591896243479	1
chr9:109172479;C|T;Family=11000	-0.354410927436896	0.315617348267112	0.818430393076135	1
chr9:109174247;C|G;Family=13592	-0.0678410920776249	0.851042774223452	0.975889816093081	1
chr9:110169350;T|G;Family=14314	-0.292986725718659	0.413660540358303	0.870375045886955	1
chr9:111361377;A|G;Family=13929	0.103885458021547	0.530719569967028	0.915761508216626	1
chr9:111544251;T|G;Family=13096	-0.251694180285113	0.378599904324319	0.859641646193955	1
chr9:112219628;A|C;Family=14509	0.276729388611839	0.404318982182826	0.862777559697545	1
chr9:112223846;A|G;Family=14081	0.118045799095762	0.553968901357252	0.917436287142097	1
chr9:112661862;T|TA;Family=12221	-0.00778072715630418	0.988026904454824	0.993364199260465	1
chr9:113291674;A|G;Family=12899	0.176187956421123	0.333705816492629	0.831398706367727	1
chr9:113315864;C|T;Family=11455	-0.0206281771833041	0.87819266718488	0.980690219813665	1
chr9:113408274;A|G;Family=11775	0.169516794320236	0.445666477279579	0.889333329310567	1
chr9:113408563;G|C;Family=14240	-0.695924091114555	0.16270065537645	0.724516810800263	1
chr9:120602066;A|G;Family=13946	0.195016705225215	0.112955248074784	0.667055451997989	1
chr9:121783329;C|T;Family=14202	-0.0659459772153848	0.53936610307825	0.917436287142097	1
chr9:122240838;G|A;Family=14116	0.102637403538208	0.469215108634484	0.897881562972312	1
chr9:122324182;T|G;Family=13660	0.07917919765788	0.713780732386555	0.946744615792166	1
chr9:123089820;C|A;Family=12637	-0.150912205232875	0.250194056328218	0.784352490465871	1
chr9:123123170;G|A;Family=13259	0.211409261554343	0.353807874003377	0.846828783267143	1
chr9:124482337;C|G;Family=13133	0.413893029309858	0.0150001404767929	0.351121709318612	1
chr9:124517762;A|G;Family=14042	-0.126880013275497	0.3422497113795	0.836320445819086	1
chr9:124812407;C|T;Family=11376	-0.0640309601448236	0.704250831567286	0.945199720375859	1
chr9:124814304;G|C;Family=12066	-0.144302530029027	0.275918748248646	0.793273046223266	1
chr9:124947542;G|A;Family=11671	0.292028227841628	0.127234992890097	0.687997119609372	1
chr9:125341338;A|G;Family=11922	0.281957163201712	0.0701153873095323	0.591067629265968	1
chr9:125437495;T|C;Family=13001	0.0782040811910068	0.76000875202503	0.952361552428824	1
chr9:125438213;G|A;Family=14291	-0.0782897186653024	0.589604389549741	0.919264071705076	1
chr9:126503518;G|A;Family=14246	0.0835095473909063	0.437732932957184	0.88144403069351	1
chr9:126696795;G|A;Family=14415	0.407765463746422	0.143184314025769	0.703505581249478	1
chr9:126882867;TG|T;Family=13581	0.329324098184977	0.0299831550320754	0.46107748873794	1
chr9:126990082;C|T;Family=11462	0.324591936888681	0.0124355589893193	0.330203983457828	1
chr9:127872724;G|A;Family=13601	0.0392874871277061	0.803637713132507	0.963066009877218	1
chr9:128163787;G|A;Family=12457	-0.216592564426338	0.225551907098905	0.772860595019102	1
chr9:128635951;G|A;Family=11009	-0.5077896517693	0.113049731201757	0.667055451997989	1
chr9:128809363;G|A;Family=14641	-0.160987578388072	0.193429139693582	0.752043382342293	1
chr9:129176594;G|A;Family=13649	-0.391827800540997	0.183297150784235	0.747046119691074	1
chr9:129810352;G|T;Family=13912	-0.0913337485878487	0.378396174144515	0.859641646193955	1
chr9:129827484;T|C;Family=14085	0.148836119653441	0.440709930302391	0.883877949245129	1
chr9:130234947;G|A;Family=14563	0.0278702592778536	0.846570665997661	0.97423553494761	1
chr9:131123084;TG|T;Family=11009	-0.135747030358313	0.204955072039311	0.759303203591094	1
chr9:131523662;G|A;Family=13332	0.187985354013417	0.00896658151902995	0.277418235171379	1
chr9:132262526;G|A;Family=14005	-0.105487569947428	0.5676895561357	0.917691704103054	1
chr9:132638219;A|G;Family=14550	0.113748571114333	0.615072601454367	0.927708006233402	1
chr9:133161106;T|C;Family=11004	0.228310015837336	0.206361192645659	0.759303203591094	1
chr9:133329726;C|T;Family=14410	0.235039304769674	0.613235894459655	0.927372648564035	1
chr9:133361896;C|T;Family=14053	-0.148434673602166	0.138220884737485	0.703505581249478	1
chr9:133363549;C|G;Family=11038	-0.121078559651701	0.355065582928624	0.846828783267143	1
chr9:133430005;G|A;Family=12062	0.0785247348883339	0.630519939364947	0.931507626906394	1
chr9:133449924;G|A;Family=14554	0.11096639817737	0.604911369370861	0.926905534979123	1
chr9:133763665;C|T;Family=13772	-0.0977335372435375	0.527040130827134	0.914467684310863	1
chr9:135566816;A|G;Family=14065	-0.104053193088039	0.523654488106242	0.91383439572822	1
chr9:135694297;CT|C;Family=13390	0.0684872773847385	0.643091245446931	0.931507626906394	1
chr9:136196867;T|A;Family=11857	-0.0254474122137495	0.848513169642894	0.975132382942318	1
chr9:136367682;G|A;Family=13443	0.220378378184294	0.261869973904917	0.787012963356415	1
chr9:136840556;G|A;Family=13094	0.0328172997719404	0.888371896080316	0.980690219813665	1
chr9:137007274;A|G;Family=12944	0.045560076177735	0.836866270658699	0.972294251213798	1
chr9:137010114;C|T;Family=14317	0.238182906047729	0.157992093411756	0.718808823781816	1
chr9:137011936;C|T;Family=12225	0.047309222221275	0.578978785118635	0.918280435435728	1
chr9:137013102;G|A;Family=14275	-2.00307922329104	2.37628892741624e-08	1.40913933395783e-05	8.45483600374697e-05
chr9:137078580;C|T;Family=14361	-0.0813003573685827	0.371244479332933	0.857646763404051	1
chr9:137087244;G|C;Family=13043	0.193425037600578	0.572758644866897	0.918169230061666	1
chr9:137161981;C|A;Family=14008	0.0687512491234838	0.696180807207824	0.943264018296054	1
chr9:137164953;C|T;Family=13780	0.00809817124046844	0.960454774386125	0.99138240818133	1
chr9:137273442;GT|G;Family=13636	-0.100093921173375	0.679923833949892	0.941766201378044	1
chr9:137301028;T|C;Family=14119	-0.175067376767011	0.457577730726945	0.896452165866809	1
chr9:137522810;C|T;Family=13251	0.119212691259236	0.530546023120264	0.915761508216626	1
chr9:14085340;GAA|G;Family=14147	-0.0605160153168151	0.562370828100523	0.917436287142097	1
chr9:14611924;C|T;Family=12247	0.253968894749741	0.614240404974776	0.927708006233402	1
chr9:14616772;T|C;Family=14687	-0.732306956323745	0.190309658941661	0.752043382342293	1
chr9:16416120;C|T;Family=12682	0.13301398092448	0.480947709479122	0.897881562972312	1
chr9:17300732;C|T;Family=13684	0.0100765308779817	0.958715307583034	0.99138240818133	1
chr9:18909049;G|T;Family=11964	-0.0426497862179504	0.70047908337987	0.944431143103811	1
chr9:19054207;T|TA;Family=11499	0.133733186760969	0.620483374069107	0.927708006233402	1
chr9:20865950;T|G;Family=11235	0.0420396539019969	0.911169923327555	0.985079385214649	1
chr9:21409905;C|T;Family=14149	-0.296365690464591	0.186831679939179	0.749964161798872	1
chr9:21480945;T|G;Family=12233	-0.263909601442909	0.479129253154121	0.897881562972312	1
chr9:21862263;GA|G;Family=22252	0.192315883533461	0.615936321586579	0.927708006233402	1
chr9:22003750;T|TG;Family=14696	0.541342657113756	0.0232552052057372	0.417888990515216	1
chr9:27327950;A|G;Family=11964	0.618894817201898	0.0952427479688596	0.636980633972185	1
chr9:27948743;A|G;Family=11300	0.0307243855439204	0.815864515532869	0.967596226886406	1
chr9:3218573;C|G;Family=11571	-0.508408004465587	0.247484182873876	0.784352490465871	1
chr9:3221259;A|G;Family=13311	-0.342562803521307	0.460637870856516	0.896452165866809	1
chr9:33104557;G|A;Family=13136	-0.283040831167223	0.0303997354811559	0.46107748873794	1
chr9:33112948;C|T;Family=11928	-0.122004782027256	0.648362905155546	0.932447541044234	1
chr9:33281041;G|A;Family=13509	-0.183729553811756	0.554176398521906	0.917436287142097	1
chr9:34400074;G|T;Family=13890	-0.074776291394015	0.583427911112247	0.918280435435728	1
chr9:34723228;G|C;Family=13203	-0.0165746079118266	0.90348430991842	0.981582905197022	1
chr9:34978932;A|G;Family=11792	0.471828424485	0.00327736201978041	0.174399569413095	1
chr9:36337040;A|C;Family=14084	-0.195149703725758	0.456355860829575	0.896089488317676	1
chr9:36835610;G|A;Family=12185	-0.157731181955413	0.246271727765954	0.784352490465871	1
chr9:36838268;C|T;Family=13932	0.0702942679427735	0.670505770336841	0.938887094803642	1
chr9:36838887;C|T;Family=13812	-0.011081442580409	0.925705401060779	0.985079385214649	1
chr9:37436817;C|T;Family=11627	-0.0178119283795895	0.861780047144067	0.97795435638332	1
chr9:37503112;TGAA|T;Family=13267	-0.38446804516278	0.00507013328599449	0.203394927232865	1
chr9:37515815;G|C;Family=14635	0.0845945248876359	0.535718683205146	0.917436287142097	1
chr9:4605416;T|A;Family=13415	0.0763081664627131	0.660572565004335	0.936311658757104	1
chr9:4707719;C|T;Family=11092	-0.281959139465283	0.386543076316372	0.862777559697545	1
chr9:5234229;C|T;Family=14175	0.0731919227916667	0.698188692617247	0.944431143103811	1
chr9:5235143;T|C;Family=13383	0.0173378150356869	0.875528375308314	0.98014189435521	1
chr9:5786983;C|A;Family=12498	0.215262979263268	0.384304124811109	0.861906060273217	1
chr9:5909470;C|A;Family=11164	-0.0450011688281588	0.857763480574415	0.976735411461456	1
chr9:6011694;C|A;Family=11615	-0.470149940287283	0.207050327700418	0.759303203591094	1
chr9:6014079;C|T;Family=12396	-0.159110485446181	0.291139228204558	0.80442365911672	1
chr9:69431314;C|T;Family=12382	0.00255042543019577	0.977733347590079	0.992286952548644	1
chr9:70532688;A|G;Family=13732	-0.0277854695666656	0.947061983224034	0.987876439844947	1
chr9:72353171;T|C;Family=12624	-0.381529942087285	0.130624481164757	0.692677133933317	1
chr9:74691212;A|G;Family=14268	-0.0215461622606737	0.834697152203302	0.971932437348597	1
chr9:77317670;A|T;Family=13623	-0.28329743156195	0.40086953888309	0.862777559697545	1
chr9:77419858;G|A;Family=22231	0.146778201288143	0.512426576265521	0.912519398574936	1
chr9:77719646;C|T;Family=14446	-0.137296435080199	0.566887094930677	0.917436287142097	1
chr9:78273599;T|A;Family=11316	-0.0463634048431033	0.825643675752498	0.969465725469649	1
chr9:78329763;T|C;Family=11685	-0.116239409039774	0.718147442850186	0.946744615792166	1
chr9:79722581;C|T;Family=11199	-0.037315480705605	0.873831450955585	0.98010665435265	1
chr9:8315243;G|A;Family=12923	-0.197003882933148	0.147296642287701	0.711345720043511	1
chr9:8316672;C|CCTGA;Family=12536	0.17270247969638	0.655969155536079	0.934692299736432	1
chr9:83247078;C|T;Family=13298	0.51737687452938	0.15418775275459	0.718808823781816	1
chr9:84876701;T|C;Family=14125	-0.136595500554395	0.67823008514526	0.941530488859475	1
chr9:86022196;G|A;Family=14394	0.172519627859065	0.708839942229293	0.946124826701462	1
chr9:87650018;G|A;Family=13884	-0.10847672239397	0.255244817023053	0.784352490465871	1
chr9:88992903;G|A;Family=12940	0.210187009875967	0.415109113283581	0.870444826908202	1
chr9:89002362;G|A;Family=14179	0.148879790727531	0.17055198902755	0.738647052504738	1
chr9:89007807;T|C;Family=14011	0.0423628585162574	0.768318728523519	0.956334280161488	1
chr9:89377705;G|A;Family=14613	0.0536321719922982	0.709662790454401	0.946124826701462	1
chr9:93034580;G|A;Family=12479	-0.090378872923048	0.529278958477559	0.915761508216626	1
chr9:93952040;GATC|G;Family=14109	-0.0868983371870227	0.690536360742772	0.941766201378044	1
chr9:94295032;C|T;Family=12493	0.472868921873218	0.071511446020823	0.595931423824117	1
chr9:95099215;G|A;Family=13300	-0.144319816232546	0.677455634765575	0.941530488859475	1
chr9:95467382;A|T;Family=13578	0.111893859965305	0.667116911437716	0.93790143566114	1
chr9:95467387;G|A;Family=13991	0.148742161609559	0.58900718286734	0.919264071705076	1
chr9:96320998;C|T;Family=12497	0.305024995239136	0.10211936236917	0.651148192310946	1
chr9:96756012;G|C;Family=14095	0.0833029045886451	0.782474168264141	0.9586620223513	1
chr9:96758618;A|G;Family=13159	-0.190276052084162	0.138296299264094	0.703505581249478	1
chr9:97673220;A|G;Family=13070	0.326928398460085	0.182426589947652	0.747046119691074	1
chr9:97855594;C|G;Family=12619	0.24207565133459	0.38871712142008	0.862777559697545	1
chr9:98849178;C|T;Family=11445	-0.270455550498016	0.309077498180249	0.812526390787914	1
