Element	logFC	pval	fdr	bonferroni
9-Sep_wgs	0.0313241177362654	0.785551580953937	0.933454354195181	1
ABCB5_wgs	-0.141241364535958	0.210719581817355	0.571924167449139	1
ABHD2_ssc	-0.075835389516886	0.215469339250847	0.575890779452263	1
AC010536.1_wgs	0.0729798537237298	0.213599436347848	0.574446454367046	1
AC010547.9_wgs	0.0324811539873285	0.654773520427121	0.885073172439419	1
ACAD11_ssc	0.0792757939975972	0.380823357044987	0.735785763228211	1
AGFG2_wgs	-0.117117363077123	0.0973896350292099	0.413438309732092	1
AGO4_wgs	-0.174984672692439	0.129028734913204	0.469776446618974	1
AKR1B1_ssc	0.156235780384971	0.0103229776997009	0.131005270951599	1
AKR1C1_wgs	-0.0222862968311852	0.793897789126265	0.937059685526083	1
AL117190.3_wgs	-0.0177290979974961	0.848305929308634	0.961121869876621	1
ALDH3A2_ssc	-0.540135486784041	0.0400976925744774	0.272047421928378	1
ALG14_wgs	-0.108438917251622	0.505247363213345	0.816342611686745	1
ALX4.1_wgs	-0.188019136634032	0.0239743086631842	0.215103914699896	1
ALX4_wgs	0.0184823503551848	0.868260938147101	0.964795683590463	1
AMPD2_wgs	0.326565142762615	0.118495548278804	0.449518596051206	1
AMZ1.1_wgs	0.110849331083258	0.0123394881695795	0.142267040072799	1
AMZ1_wgs	0.0843864390269597	0.26511913469427	0.629011639005638	1
ANGPTL4_wgs	-0.130653507322149	0.209619889832688	0.570191959390689	1
ANO8_wgs	-0.0657302397975196	0.199529348419297	0.560015545921464	1
ANTXR2_wgs	-0.120216522319977	0.419424173974176	0.763791852694993	1
AP3S2_wgs	0.0875757467425448	0.381120074358178	0.735956005657171	1
APOBEC3C_wgs	-0.100576247393313	0.308747269375232	0.668008062250614	1
ARFGAP2_wgs	-0.021261442613797	0.754629301904639	0.92422761825116	1
ARHGEF12_wgs	-0.0821243699131635	0.356119898537708	0.712239797075416	1
ARL3_wgs	-0.382425604029388	0.0506468674255842	0.303198247416822	1
ARPC4_wgs	0.295021445931435	0.0730250395350582	0.361843173426524	1
ASPH_wgs	0.442425371074069	0.135957038282807	0.477781991804383	1
ATP2B2_wgs	0.121044157638635	0.0511413122067798	0.304774576799863	1
ATP6V1A_wgs	-0.181901087573932	0.173750785862726	0.525555764498817	1
ATXN7L3_wgs	-0.0065689196135032	0.939808513101647	0.980285491760471	1
BAG2_wgs	-0.0974255819988791	0.341975013934144	0.696076212395358	1
BARX1_wgs	-0.0176680765889311	0.864725593651544	0.964795683590463	1
BAZ1B_wgs	0.186537541838331	0.420687003564152	0.763791852694993	1
BAZ2A_wgs	-0.39314228287303	0.0473158904277895	0.292782496685074	1
BCAS1_wgs	0.17403371046735	0.358414364636877	0.714134171899612	1
BCL2_wgs	0.00103420298890644	0.991527049062456	0.999066746506421	1
BEND7_wgs	0.10859155396119	0.0712798365191059	0.357901496793309	1
BMP3_wgs	0.571499386333688	0.00638180871579025	0.106366900712937	1
BRD1_wgs	0.172430572720396	0.328576817015526	0.68379675510764	1
BRI3_ssc	-0.130274635350592	0.163735703167567	0.515767464977835	1
BRI3_wgs	-0.0940078544112928	0.294595359048097	0.655730237679298	1
BTBD6_wgs	-0.0909981655737776	0.174548129545143	0.525555764498817	1
C10orf54_wgs	0.201042930331227	0.0357488827665002	0.260010114133931	1
C10orf71_wgs	0.0595367218396848	0.616103083478543	0.869559014114187	1
C11orf45_wgs	0.0282593825720472	0.818050320502085	0.948143501485209	1
C11orf68_wgs	-0.0959526538771727	0.313519716794147	0.672387665556811	1
C16orf54_wgs	-0.0672233270760812	0.454685056320605	0.789822195322055	1
C17orf102_wgs	0.028657371191231	0.760009237842109	0.926356136113385	1
C19orf44.1_ssc	-0.063667039856714	0.507615348791233	0.816342611686745	1
C19orf44_ssc	0.0579962023213965	0.53473958484098	0.828301210745779	1
C1orf116_ssc	-0.126950356980245	0.248789357781684	0.612072170030791	1
C1orf116_wgs	-0.04896302866912	0.682463593939931	0.894770485786387	1
C1orf233_wgs	-0.0726540700232571	0.382873175124517	0.73772613972654	1
C21orf33_wgs	0.066138881716152	0.458401093838995	0.790468759053555	1
C21orf37_wgs	-0.0509693082992322	0.575239627940338	0.846762962338232	1
C21orf49_wgs	0.0755065581639003	0.303178872980818	0.662300349149429	1
C22orf34_wgs	-0.125803561110491	0.056865068554563	0.325153909012153	1
C2CD4A_wgs	0.0450096109100811	0.497549272050562	0.813051519489839	1
C2orf88_wgs	-0.429356120317274	0.0713165397521815	0.357901496793309	1
C3orf52_wgs	0.0899279113158014	0.278889390244324	0.645390539641952	1
C4orf22_wgs	0.00586220946073314	0.941721133141235	0.980608383646529	1
C9orf139_wgs	-0.042434476726275	0.670838923209714	0.890758604506767	1
CACNA2D3_ssc	0.14445226093841	0.314188181423084	0.672387665556811	1
CCDC90B_wgs	-0.0241092385771603	0.87182806556063	0.964795683590463	1
CCNT1_wgs	-0.129520123348475	0.571348548778336	0.843749552151516	1
CD7_wgs	0.254527090907577	0.00754606482711433	0.110927152958581	1
CDC42EP4_wgs	0.0600862792967266	0.387527770883641	0.740226299771243	1
CDH5_wgs	-0.0540960151698207	0.48244489256734	0.803998857334707	1
CDS2_wgs	0.0690694454728193	0.736147640483916	0.916698193377979	1
CDYL2.1_wgs	-0.230917435294497	0.0174134640375778	0.179109915815085	1
CDYL2_wgs	-0.148873106857392	0.291237816783528	0.653414344841113	1
CELF6_asc	-0.159002028415505	0.0357436882490413	0.260010114133931	1
CENPN.1_wgs	0.0404963909478388	0.72310255267037	0.911753809280068	1
CHD5_wgs	-0.202437940329093	0.115933464164189	0.445548215219235	1
CLIP2_wgs	-0.0620149938456603	0.361874326192321	0.717646218553406	1
CMTR1_wgs	-0.0607879560112013	0.326091282043453	0.682685807456059	1
CNGB1_wgs	-0.303162149398902	0.023596078440745	0.212364705966705	1
CNKSR3_wgs	0.0814213261674901	0.229657407453155	0.593576068494307	1
CNNM2_wgs	-0.115215756993166	0.36619260207177	0.722150642878258	1
CNTF_wgs	0.170111279608264	0.0644764074921241	0.342579466313575	1
CNTLN_wgs	-0.0590211645498633	0.292612354935905	0.654395860182543	1
COCH_ssc	0.247480545838945	0.185946648797756	0.539985105053425	1
CRTC1_wgs	-0.0984073577508751	0.405637508652433	0.753538116648255	1
CSK_wgs	-0.0150592382477425	0.878817738050881	0.964795683590463	1
CTD-2132N18.3_wgs	0.427027555024741	0.000999753504784697	0.0391903373875601	1
CUX1_wgs	0.0253987960254471	0.775732898852042	0.932273313115002	1
DACT2_wgs	-0.0128890097999982	0.834879274186541	0.956171720250989	1
DCAF4_wgs	0.139620157331259	0.142215875111072	0.481514018610233	1
DCTN5_ssc	0.0814466841035086	0.30295336579694	0.662300349149429	1
DHRS7B_wgs	-0.0427056346393801	0.449736593061621	0.785480544713563	1
DIDO1_wgs	0.0248911220407904	0.882535269390842	0.964795683590463	1
DNAJC8_wgs	-0.199753216759347	0.00607108190102668	0.106366900712937	1
DPY19L3_wgs	0.225283108248012	0.00341121571424375	0.0771459553836664	1
DSE_wgs	0.0536300596261594	0.739452478430426	0.917661426699651	1
ECE2_wgs	0.00882320735785224	0.886857256769805	0.964795683590463	1
EMILIN2_wgs	-0.296323914058165	0.0903580189784944	0.399607356689742	1
EPB41L1_wgs	0.0403835133577451	0.682991455187906	0.894770485786387	1
EPM2AIP1_wgs	-0.172567611964591	0.0614135161894598	0.332821636123524	1
EPX_wgs	0.00463171160647116	0.943366458386631	0.980611922565715	1
ERICH1_wgs	0.0476847281826234	0.390300800792459	0.74230793811094	1
ETF1_wgs	-0.020401323111598	0.865339978708858	0.964795683590463	1
ETV3_wgs	0.455930842341407	0.228156341435699	0.591953702051588	1
F2RL3_wgs	-0.00382395288831446	0.971536146151245	0.992846860131786	1
FAM101B_wgs	0.364445357180101	0.00895039403509954	0.123347617796215	1
FAM127A_ssc	-0.066488725461228	0.583215852037247	0.851303489601962	1
FAM83F_wgs	-0.140990399272595	0.429640893696944	0.7717785503884	1
FANCC_wgs	0.186713247649344	0.506090490699986	0.816342611686745	1
FANCM_wgs	-0.141670773239496	0.158596114052297	0.507277507140982	1
FARP2_wgs	-0.214434026537741	0.0637619311456347	0.339806787132627	1
FAXC_wgs	-0.26265192515893	2.44542753393328e-05	0.00454077281037717	0.0862746833971662
FBXO31_wgs	-0.0139740581042176	0.873403985487457	0.964795683590463	1
FIGN_wgs	-0.218772342766182	0.110124682955509	0.438839616029696	1
FKTN_wgs	-0.17851707399434	0.284411255811123	0.647077862579138	1
FLJ14816_wgs	0.23888646189114	0.0390790811642104	0.268754382743342	1
FLVCR1_wgs	-0.659774258918753	0.035296812126107	0.260010114133931	1
FOSL2_wgs	0.0937786387640169	0.243629789204487	0.607663302056872	1
FRAS1_wgs	-0.087233485020101	0.726255474646919	0.912042086188988	1
FRK.1_wgs	-0.040713469639254	0.567967569388449	0.84329808483896	1
FST_wgs	0.0751737906406946	0.517993886560037	0.819897350956253	1
FTO_wgs	-0.068213459945816	0.190343867739925	0.544368531447921	1
FXYD3_wgs	-0.0131213839803681	0.862577492310617	0.964795683590463	1
GABPB2_wgs	0.179757768656902	0.258359487083792	0.621330791023597	1
GALNT11_wgs	0.0505818733893211	0.727043115469995	0.912042086188988	1
GET4_wgs	0.118625214827996	0.193872994170922	0.551847934939572	1
GFOD1_wgs	0.089684567307719	0.185927351124092	0.539985105053425	1
GLYAT_wgs	-0.283909750396074	0.0199002712003815	0.195022657763738	1
GMPS_wgs	0.110161925772138	0.0890569775388539	0.399228737937836	1
GNB1L_wgs	-0.0745572883835006	0.505394203891828	0.816342611686745	1
GNB4_wgs	-0.700573651028261	0.000244139832659625	0.0172265065924631	0.861325329623156
GPR132_wgs	0.00520907615637606	0.965258101513511	0.989663057872614	1
GPR88_wgs	0.00124074168860164	0.991080758446059	0.999066746506421	1
GRAMD2_ssc	-0.254298136238778	0.000779707293615424	0.0387437652376791	1
GRK4_wgs	-0.293595670691395	0.00318852361615091	0.0744974259455657	1
GRM6_wgs	0.342692878663394	0.111285228486005	0.439165868119266	1
GSG1L_wgs	-0.109601278914736	0.0857753927955597	0.392412779643044	1
GSKIP_wgs	-0.387242652871522	0.0240829558407469	0.215103914699896	1
GSPT1_wgs	0.0977597869082375	0.256140043519148	0.61975799037937	1
GSTA1_ssc	-0.0557160519073876	0.821813846223783	0.949675482960205	1
GSTA2_wgs	0.0883775178637132	0.628128971281135	0.87371936977957	1
GTF2H1_wgs	-0.0495002395320649	0.76620607213456	0.927347156980155	1
GTPBP2_wgs	-0.214464778327338	0.0140660402596086	0.157041107708541	1
GTPBP6_ssc	0.0526856937358487	0.535078828072576	0.828301210745779	1
GXYLT1.1_wgs	0.0351715544591648	0.666799214961058	0.889401750617245	1
HAP1_wgs	0.0432289471245761	0.531148821353172	0.826632763543998	1
HECA_wgs	0.629931902406127	0.113251462387875	0.440519470015904	1
HELLS_wgs	-0.0946462826828358	0.164505311496748	0.517268038289238	1
HHAT_wgs	-0.00178015066096552	0.986286685362135	0.999066746506421	1
HIST1H2BJ_wgs	0.204404661483338	0.0386405555347349	0.267530669035236	1
HIST1H2BN_wgs	0.261649687052513	0.0370432288353587	0.263879509028397	1
HK2_wgs	0.106428825434216	0.134461397972293	0.476292247435483	1
HLF_wgs	0.0178086119508343	0.888774856428131	0.965690697098382	1
HOXC11_wgs	-0.174602167296334	0.229647799704177	0.593576068494307	1
HS3ST1_wgs	0.259769229860948	0.0338775797235274	0.256819154308947	1
ICMT_wgs	-0.154726674469402	0.190060724659539	0.544368531447921	1
ICOSLG_wgs	-0.108730830282266	0.133752841782381	0.47568550988734	1
IDE_wgs	0.0759132972423507	0.630582405207181	0.87371936977957	1
IFNLR1_wgs	0.313089388563857	0.000665280022168543	0.0345162929148621	1
IGF1_wgs	0.109455611368626	0.138804797180998	0.477781991804383	1
IGFBP4_wgs	0.0860081426677647	0.300465931309305	0.662300349149429	1
IKBKB_wgs	-0.149096168417609	0.0317458839594971	0.246599477622861	1
IL10_wgs	-0.21073040632674	0.222533701697927	0.585894701186781	1
IL17A_wgs	0.1682025442583	0.279736821760922	0.645390539641952	1
IL20RB_wgs	-0.194527843548186	0.0269598122748429	0.225991316610661	1
INHBA_wgs	0.112812988194942	0.256260526321593	0.61975799037937	1
INO80C_wgs	-0.410262145975853	0.137426925723342	0.477781991804383	1
INPP4A_wgs	-0.0138394926255122	0.826153508129954	0.950952553566877	1
INPP5F_wgs	-0.275290823732368	0.00118921935795591	0.0426746425143578	1
INSL4_wgs	0.0102459246934096	0.930370859261946	0.978053751929722	1
IP6K1_wgs	-0.0564870382846926	0.567068079417407	0.84329808483896	1
IRGQ_wgs	0.013945824393722	0.80512481611267	0.941476630014779	1
IRS1_wgs	-0.0936080500886807	0.367983403468258	0.724293616148819	1
ITGA9_wgs	0.0827103248153228	0.529824593874148	0.826632763543998	1
KCNC4_ssc	0.0489429267509455	0.504579932909975	0.816342611686745	1
KCNJ12_wgs	0.0205644076676955	0.823798029530128	0.950227809629378	1
KCNK3_wgs	0.151113488927437	0.0182017882861849	0.182326519126666	1
KCNMA1.1_wgs	-0.029528024163495	0.809754481972088	0.944713562300769	1
KCNS1_wgs	-0.145181752710874	0.086567045967952	0.393700543661184	1
KCTD20_wgs	0.291490537988526	0.258013530285011	0.620922056511268	1
KIAA0226_ssc	0.154067536406962	0.00492914466441635	0.0956222453457359	1
KIAA0247_wgs	-0.0734834691486625	0.286343387077496	0.649090926308139	1
KIAA0319L_wgs	-0.0629204053486171	0.476892846064804	0.802326161619756	1
KIAA0930_wgs	-0.0646869512166508	0.788926187063026	0.934297186478221	1
KIAA1377_wgs	-0.235190533374825	0.106783981947389	0.433051691379017	1
KIAA1456_wgs	-0.237652297653377	0.0428530663441335	0.278940254727127	1
KIAA1751.1_ssc	0.0330873077045701	0.701462102855177	0.904597082075835	1
KIAA1751.2_ssc	0.0320920929926438	0.720849488322419	0.911753809280068	1
KIAA1751.3_ssc	0.0545837924255676	0.492344158105536	0.810358634816349	1
KIAA1751_ssc	0.0371465557333838	0.671137995131936	0.890758604506767	1
KIAA1755_wgs	-0.00799062804127641	0.920910996540915	0.977021363808501	1
KIT_wgs	0.194831204427208	0.358686437813524	0.714134171899612	1
KLHL3_wgs	0.165794448919478	0.103427423789376	0.426275643842193	1
KNCN_ssc	-0.0713157523620774	0.177224536688918	0.528974759254234	1
KNDC1_wgs	-0.0516642856626049	0.311904293721669	0.671383983068974	1
L1TD1_wgs	-0.213198264212549	0.140926869389448	0.479211273592914	1
LAMB3_wgs	-0.0865706238214637	0.462421731593185	0.792337964575404	1
LAPTM5_wgs	-0.171744717558491	0.113960439233877	0.441330877735585	1
LASP1_wgs	-0.232914370877836	0.0313263100228667	0.245863957994585	1
LENG8.1_wgs	0.0091490760551754	0.922321032814797	0.977021363808501	1
LENG8_wgs	0.0781193000163836	0.250350103550603	0.614210824288266	1
LGSN_wgs	0.103476111109794	0.100597336931928	0.421505231230215	1
LHX3_wgs	-0.118351214347266	0.232941980518317	0.598618831731307	1
LILRA6_wgs	-0.130263187485365	0.112311202744495	0.43977128000286	1
LMX1B_wgs	0.297128569996989	0.0071431024378647	0.110047447165007	1
LONP2_wgs	-0.20222874424925	0.00731399087509587	0.110137410672953	1
LPGAT1_wgs	-0.264728862848312	0.00733625042747844	0.110137410672953	1
LRRC15_wgs	-0.0261650650146228	0.80159847301265	0.94036080848717	1
LSMEM2_wgs	0.0112032323899934	0.875459289444789	0.964795683590463	1
LTN1_wgs	0.00152316327608265	0.996076182420743	0.999127576276812	1
LYRM2_wgs	0.0587671538901847	0.576581464206011	0.847470151447932	1
MAK_ssc	-0.0746478525993758	0.31891273419363	0.676096959888537	1
MAP1B_wgs	0.117334075458272	0.161441830829927	0.511940678739059	1
MAP2K3_wgs	-0.113767910563818	0.31578214623612	0.673566754486719	1
MAP4_wgs	-0.287785017710193	0.00293599993076106	0.0724350192708042	1
MAPKAP1.1_wgs	-0.108743924653579	0.233425024671858	0.59892645748504	1
MARVELD2_wgs	-0.0288007340299087	0.876197368417176	0.964795683590463	1
MAVS_wgs	-0.0731013043885706	0.541175017993544	0.829394206551357	1
MCF2L_wgs	-0.231367392485261	0.334289091361717	0.688885463974379	1
MEGF9_wgs	0.033985516994963	0.718578657910439	0.911753809280068	1
MFN2_wgs	0.0555593480095117	0.318561018397197	0.676096959888537	1
MGAT1_wgs	-0.234341984065995	0.0261958090685027	0.224500192697302	1
MGAT3_wgs	0.0543761866284231	0.349930873238371	0.704655320082748	1
MICB_wgs	0.0661295206441388	0.239010881390755	0.604204000895088	1
MINK1_ssc	0.103014080445209	0.182651334321512	0.536101420537684	1
MLXIP_wgs	-0.418435906689139	0.000162247675293989	0.0133263385866802	0.572409798437192
MPV17L_wgs	-0.111248548159833	0.309243164905478	0.668008062250614	1
MRPL54_ssc	0.155840860234991	0.125011299931288	0.460375643170754	1
MTMR6_wgs	0.0306880852946502	0.760268410526725	0.926356136113385	1
MTR_wgs	0.268718602453155	0.31334024193057	0.672387665556811	1
MUC2_ssc	-0.0906520102825015	0.412225119198576	0.758253503927307	1
MUC2_wgs	-0.175280966888526	0.0638918285994984	0.339985477072444	1
MYO9B_wgs	-0.0422150590536669	0.518683799115963	0.819897350956253	1
MYRF_wgs	0.297894264126081	0.0571928915996641	0.326305080068067	1
MYT1_wgs	-0.0859277786801417	0.323889637156844	0.682198590978714	1
NFAM1_wgs	0.162874791421399	0.0907008093102086	0.399607356689742	1
NHLRC2_wgs	-0.0525181566940045	0.495370494666734	0.811735766458076	1
NINJ2_wgs	0.0863906676827551	0.532076485294412	0.826945304017042	1
NIPA1_wgs	-0.239279414914867	0.0757932016620553	0.370909423580415	1
NME9_wgs	0.0242330316180281	0.672595445792613	0.890758604506767	1
NT5DC3_wgs	-0.00810508966035787	0.859612612222847	0.964795683590463	1
NTN1_wgs	-0.00708062077282222	0.935015094064791	0.979724755527348	1
NUDT14_ssc	-0.0693528697624346	0.143993444102217	0.484161831579368	1
NUDT3_wgs	-0.0902556338729062	0.203247185888099	0.565501633922091	1
NXN_wgs	-0.166216139271479	0.166782537674993	0.519649172681321	1
OLFML2A_wgs	-0.0541146004375043	0.605397668899605	0.86394639932494	1
OR2H1_wgs	-0.159944208801745	0.0658279324814227	0.345510556865483	1
ORMDL1_wgs	-0.0496257266934397	0.798544601942028	0.939835479218025	1
OSCAR.1_wgs	0.0302889396772903	0.628613382408602	0.87371936977957	1
OSCAR_wgs	0.000951278983337425	0.985748983395224	0.999066746506421	1
OTUB2_wgs	-0.155061189422544	0.179427542583262	0.530612213104567	1
P2RX3_ssc	0.0978722931274804	0.274261522533335	0.642920034217678	1
P2RX7_wgs	-0.0439456143496621	0.67196438759359	0.890758604506767	1
PAEP_wgs	-0.0598048964871401	0.382533733609677	0.73772613972654	1
PALM2-AKAP2_wgs	0.0428524807879134	0.710458705704484	0.908369023327345	1
PAQR9_wgs	0.0250825121287936	0.869800648771646	0.964795683590463	1
PARK7_wgs	0.0234879622219098	0.78598448055661	0.933467360169805	1
PARVB_wgs	-0.0229457705408164	0.839347883421769	0.95832340864466	1
PAX5.1_wgs	-0.00401145796515305	0.968955799405333	0.991724995736006	1
PAX5_wgs	-0.0152358087993715	0.86591761718893	0.964795683590463	1
PCBP3_wgs	-0.124038948383515	0.122443822324348	0.455609088801498	1
PCDH17_wgs	0.375528817784548	0.0760995423737171	0.371854827554673	1
PCDH7_wgs	0.0384715883237564	0.618838885354329	0.870519771742453	1
PCDHA6_ssc	0.208097917878915	0.226766366709359	0.589559131724847	1
PCMT1_ssc	-0.0196760530144099	0.874688368756929	0.964795683590463	1
PDCD1_wgs	0.0194438010345531	0.847840482882199	0.961121869876621	1
PDE7A_wgs	0.197738393595689	0.078194376532635	0.3763571083317	1
PDE9A_ssc	-0.192192360298478	0.0263381245993879	0.224500192697302	1
PEX2_wgs	0.0393936129796256	0.87268750187533	0.964795683590463	1
PHF12_wgs	0.129349824359567	0.527238471387136	0.8246194943843	1
PHF17_wgs	-0.16551792133896	0.0359464547539854	0.260117745901634	1
PHF21B_wgs	-0.212038813416636	0.0921858259458101	0.401594726017005	1
PIRT_wgs	0.240231776161176	0.0372969770279556	0.26422436737877	1
PKD1L2_wgs	-0.0760380421307225	0.269511230129056	0.635160734733006	1
PLA2R1_wgs	0.342663078726616	0.107599275417291	0.434803829251332	1
PLEKHG4B_wgs	-0.0607783131035304	0.513733960546805	0.819569852470929	1
PLIN4_wgs	0.172063661138646	0.118961510380032	0.450317820408532	1
PLK5_wgs	0.0763241609509571	0.613663604349994	0.869479998452521	1
POLR3D_ssc	0.0543801780374182	0.514826256540242	0.819569852470929	1
POLR3D_wgs	-0.0431450038437762	0.609892637674509	0.868022171753154	1
PPA2.1_ssc	-0.125658231801454	0.176274741649945	0.52837492654291	1
PPA2_ssc	-0.325712871707502	0.0147133991723579	0.161709882492457	1
PPARGC1A_wgs	-0.279470931756163	0.0307863818323941	0.243529944180911	1
PPHLN1_wgs	0.0669108828224704	0.303973021592995	0.663624269913421	1
PPP1R3B_wgs	0.17091437985727	0.111756331214333	0.43977128000286	1
PPP2R2B_wgs	-0.0502848771163343	0.579914295914807	0.849994863310112	1
PRKAR1A.1_wgs	-0.380178732957304	0.0613550540358441	0.332821636123524	1
PRKAR1A_wgs	0.114619637436133	0.589616472510291	0.852876963926325	1
PSAPL1_wgs	-0.291442436846952	0.021845444984961	0.204855809603009	1
PTGDR2_wgs	-0.0536777681148301	0.545434137689307	0.833748543226982	1
PTPLAD1.1_wgs	-0.0370556716017447	0.694172992839181	0.900412887558611	1
PTPLAD1_wgs	0.117014894513245	0.284774351172171	0.647077862579138	1
QSOX1_wgs	0.0503389806316592	0.548149408909963	0.835787679721335	1
RAB6B_wgs	0.152672016884455	0.011038535625431	0.13428949547076	1
RABGAP1L_wgs	0.182890154331529	0.417226170805701	0.762131521831688	1
RAET1G_wgs	-0.0484507959610863	0.581798723711848	0.850741758401657	1
RANBP10.1_wgs	-0.0499429597745316	0.560591662675789	0.841630232544602	1
RANBP10_wgs	0.0683103983114672	0.329728945093969	0.685090529029164	1
RAP1A_wgs	-0.000255341045493629	0.997746649254719	0.999309534202335	1
RBFOX1_wgs	-0.251621858334765	0.501257159072252	0.815740100942541	1
RBFOX2_wgs	-0.179389926671634	0.477642502584033	0.802337476373763	1
RBM28_wgs	-0.160743120794725	0.0798250088306812	0.379922803159075	1
RBM4_wgs	0.151338001435503	0.302940690369418	0.662300349149429	1
REEP1_wgs	-0.321934908887815	0.165488587298986	0.51759196453087	1
REM2_wgs	-0.73070193702681	0.00640100104699481	0.106366900712937	1
RFX7_wgs	0.00115453388659381	0.987661756257434	0.999066746506421	1
RIMS3_wgs	-0.0741096496373674	0.214077861031573	0.574446454367046	1
RNF130_wgs	0.041304015070256	0.612232539728276	0.86867998092901	1
RNF219_wgs	0.0554952778763734	0.683170556178347	0.894770485786387	1
RNF44_wgs	0.126641176630164	0.139212815808054	0.477840928883659	1
RYR3_wgs	-0.225501974412854	0.130888468502064	0.472645360158937	1
SAMD5_wgs	0.0271802805825075	0.901353128472096	0.971256299482268	1
SAR1B_wgs	0.0106936306101753	0.926973467223887	0.977420077235345	1
SBF1_wgs	-0.0896161859359714	0.297402478637101	0.659420395773666	1
SCAI_wgs	-0.123488575548254	0.146157923233735	0.487233471187715	1
SCARB2_wgs	0.00556974191501665	0.944799794661231	0.980651569631485	1
SCUBE1_wgs	-0.0722329338719874	0.260058138053229	0.623627831138391	1
SERAC1_wgs	0.0134278875668843	0.876204194265526	0.964795683590463	1
SF3B3_wgs	-0.330988769426676	0.00165622834097434	0.049518420228453	1
SFXN2_wgs	-0.0748880265180036	0.441981355885411	0.78160913461841	1
SH2B3_wgs	-0.11235511507495	0.0340841065201692	0.256819154308947	1
SH3PXD2A_wgs	0.0367732890930885	0.748118523045645	0.921886884144266	1
SHISA6_wgs	0.161610041742247	0.027035581794427	0.225991316610661	1
SHISA9_wgs	0.35854299065529	0.0208357276738972	0.198671479009485	1
SLC2A13_wgs	-0.345208286053794	0.102132178112276	0.423908616917778	1
SLC34A2_wgs	0.0036174070616107	0.943686276706257	0.980651569631485	1
SLC36A2_wgs	-0.0522042054109891	0.632923528654678	0.874189633014094	1
SLC39A9_ssc	-0.0146952136400719	0.780082582479311	0.932625696372166	1
SLC4A4_wgs	0.162460533583374	0.0814848516456774	0.383816497471228	1
SLC6A1_asc	0.152291574414313	0.0892109405436282	0.399411419083655	1
SLCO2A1_wgs	-0.0983955391924012	0.108123324281575	0.43595324350331	1
SMYD5_wgs	-0.145844989335801	0.167919235970516	0.520591238333033	1
SNX29.1_wgs	0.0134844405894674	0.862883834591238	0.964795683590463	1
SNX29.2_wgs	-0.0735164486074805	0.404808105574475	0.75325052556263	1
SNX29_wgs	-0.171491613571892	0.0154408396345638	0.165578365442982	1
SORCS2_wgs	0.114911232116344	0.174100188468819	0.525555764498817	1
SORD_ssc	0.161274785743843	0.0384703019063436	0.267530669035236	1
SOX21_wgs	0.0518225712117791	0.50808056221187	0.816342611686745	1
SP7_wgs	0.0790701331367876	0.379048181148307	0.735174262282149	1
SPATS2_wgs	-0.991335395127045	7.16222635587923e-05	0.0100294195524582	0.252683345835419
SPOCK1_wgs	0.309269560762248	0.136671400128647	0.477781991804383	1
SPRED3_wgs	0.0737511795657148	0.666386187241821	0.889401750617245	1
SPRR3_wgs	0.135495653863357	0.0948727918364851	0.409182407822884	1
SPRR4_wgs	-0.0931343397927639	0.203097710264816	0.565501633922091	1
SRRM4_wgs	0.0932729109356275	0.166209605453413	0.518926980566055	1
STK24_wgs	0.585857666221337	0.0146108615153889	0.161084748207163	1
STON1_ssc	0.151244257892644	0.0603857144953602	0.332821636123524	1
STON1_wgs	0.333044466727773	0.0041579326840291	0.0864652114393087	1
SURF4_wgs	-0.12805248463325	0.0403342849538995	0.272082901180416	1
SYNGR3_wgs	0.0328957399790612	0.624343944663349	0.871990069121997	1
SYNJ1_wgs	-0.0597954667548378	0.443483128081953	0.782304237936565	1
SYT3_wgs	0.176915159503224	0.0258168337888561	0.22433938326868	1
TACR2_wgs	0.0373189894606292	0.83726532302697	0.957494995020794	1
TDRP_wgs	-0.203504284497271	0.0304615180293588	0.242591953967445	1
TEKT1_wgs	0.10018612506063	0.179896597310522	0.531108950051482	1
TIMP3_wgs	0.182186235466223	0.0205670784952252	0.198169653432297	1
TIRAP_ssc	0.192345678556729	0.0195000033670501	0.191632345066721	1
TMEM55A_wgs	-0.545910886406493	0.132299011649138	0.473858795023512	1
TMEM63B_wgs	0.0454659703315692	0.555127220181878	0.840397716014062	1
TMEM95_wgs	-0.0505071932122082	0.558189117720998	0.841577439025505	1
TMEM98_wgs	0.0152742968659448	0.896364840373341	0.969500492270948	1
TMTC2_wgs	0.0928792043492641	0.3798892148482	0.735188782218568	1
TNRC6B_wgs	-0.0068719897978027	0.834913043580776	0.956171720250989	1
TOLLIP_wgs	0.0749156772274281	0.287415728298312	0.649671750429692	1
TPGS1_wgs	0.48018944077708	0.000168736419194555	0.0135295928845089	0.595302086918391
TPGS2_wgs	0.02567303896444	0.66986730357615	0.890758604506767	1
TRAF3_wgs	-0.062108351723148	0.485871386165301	0.804767253704781	1
TRAM2_wgs	0.041486260156036	0.601332800847557	0.862749947698325	1
TRIM2_wgs	-0.062259082615591	0.628254942565899	0.87371936977957	1
TSPAN14_wgs	0.157217657968125	0.115726542414304	0.445237995242819	1
TTC39C_wgs	0.0992460506885025	0.549617426636712	0.836157947897508	1
TTL_wgs	0.0374099776942731	0.642893072815715	0.880142320874599	1
UBAP2L_wgs	-0.340061047377334	8.39728644740902e-07	0.000423223236949414	0.0029625626586459
UBE2QL1_wgs	-0.042089239191094	0.604226657611026	0.863480198528253	1
UBE2V2_wgs	-0.171808323656288	0.0073353998822251	0.110137410672953	1
UTP6_wgs	-0.00639428563840085	0.961667994206696	0.988057322920631	1
VAV2_wgs	0.0317479636178425	0.65233856854826	0.884540635080326	1
WDFY2_wgs	-0.0845901378962928	0.173040816544959	0.525555764498817	1
WDR52_wgs	0.0709158918736683	0.496018259760947	0.812042886513514	1
WSCD1_wgs	-0.137721364304921	0.125609294510142	0.46113380960643	1
XAF1_wgs	-0.0125728231626041	0.946237025181949	0.980706294019365	1
XKR7_wgs	-0.084143408072811	0.431333688860804	0.77234208017208	1
YEATS2_wgs	0.251535819001777	0.386014430389815	0.738935925347405	1
YPEL5_wgs	0.198897133438423	0.0010821655366538	0.0418413662943966	1
ZBTB39_wgs	-0.0959442861034887	0.0680065826145914	0.349748139160756	1
ZC3H7B_wgs	0.073260496131011	0.570719791108729	0.84329808483896	1
ZKSCAN1_wgs	0.0774194083465572	0.594808578973399	0.857819549208922	1
ZNF208_wgs	0.104504325764805	0.201764933588944	0.562708842452012	1
ZNF234_wgs	-0.0187921894626963	0.818239304008207	0.948143501485209	1
ZNF280D_wgs	0.0776430370911327	0.226076225248593	0.588985541575107	1
ZNF414_wgs	-0.290042595523371	0.0118523094056448	0.139383158610382	1
ZNF544_wgs	-0.0122250994760215	0.839087913338216	0.95832340864466	1
ZNF592_wgs	-0.037186500186285	0.681538270615737	0.894770485786387	1
ZNF629_wgs	-0.0371636956367101	0.791126945365239	0.935353841571234	1
ZNF691_wgs	0.0177362000708764	0.881320152936595	0.964795683590463	1
ZNF771_wgs	-0.08627143900997	0.168392464861001	0.520950063833927	1
chr10:100555917;A|AC;Family=14036	0.0184565465322764	0.867159497204084	0.964795683590463	1
chr10:100993505;A|C;Family=11818	-0.254485960128318	0.00085150070437774	0.039097206983894	1
chr10:101785050;A|C;Family=14039	0.152215619693783	0.0463622725805516	0.29052592835557	1
chr10:101786330;T|C;Family=13626	-0.0152105398664066	0.896197618827844	0.969500492270948	1
chr10:102673925;T|A;Family=14458	0.0124046974453192	0.92187444693152	0.977021363808501	1
chr10:102674395;C|T;Family=14490	0.0772308025749774	0.230553837339273	0.595456762908458	1
chr10:102738597;C|T;Family=12788	-0.129118290149569	0.190119678758193	0.544368531447921	1
chr10:103077203;A|G;Family=14217	0.162298287774449	0.253385729274147	0.616664727247208	1
chr10:103084989;C|G;Family=14475	-0.470733656694487	0.020614928049467	0.198169653432297	1
chr10:103599336;G|A;Family=13239	0.0506933649380545	0.555977400560323	0.840397716014062	1
chr10:1040478;C|T;Family=14490	0.11647705107352	0.481080175112355	0.803689404748956	1
chr10:105264286;A|T;Family=14167	-0.181447960066173	0.231423690008895	0.597266114375554	1
chr10:110292906;G|A;Family=22087	-0.0232553514421964	0.734041177755042	0.915901584585743	1
chr10:11288488;C|T;Family=14011	-0.000952354279102355	0.988957542217903	0.999066746506421	1
chr10:11335913;G|A;Family=14080	-0.0433421070207624	0.681991195684311	0.894770485786387	1
chr10:113912877;C|T;Family=12613	-0.293517065515513	0.000425671121923656	0.0254536901380789	1
chr10:113916527;A|G;Family=11753	-0.268743112223409	0.167719029614753	0.520591238333033	1
chr10:11454999;C|A;Family=14368	0.145755762707716	0.161650202980531	0.511940678739059	1
chr10:114863518;G|A;Family=14358	0.16972634641749	0.330566962817674	0.685756027814437	1
chr10:116672228;T|C;Family=12837	0.096917291587453	0.29181068454756	0.653655933386535	1
chr10:116674330;TG|T;Family=13177	-0.0582964629274702	0.674902244814913	0.892565525057767	1
chr10:117277554;T|C;Family=13557	0.0179855189974026	0.942251252993689	0.980608383646529	1
chr10:118685229;C|T;Family=13462	0.266948113338064	0.00969776899247509	0.128141307136525	1
chr10:119575344;T|C;Family=14361	-0.33947084347225	0.222433874836493	0.585894701186781	1
chr10:119828703;T|C;Family=13964	-0.134443501165337	0.26107970282566	0.624890903371052	1
chr10:120906250;C|G;Family=13043	0.126769384914444	0.428042006531489	0.769879963001861	1
chr10:122441654;G|A;Family=14234	0.0184621383778968	0.890825615152606	0.966728012998583	1
chr10:122457129;G|A;Family=14433	-0.164830922181953	0.0624513220451044	0.335866256364525	1
chr10:124007668;T|C;Family=14417	0.0370501866091324	0.709671092648508	0.908186937836579	1
chr10:126504992;A|AG;Family=14563	0.0191657632340514	0.819530011654466	0.948901175292733	1
chr10:128083596;G|A;Family=13867	0.194990081629129	0.0261908211639099	0.224500192697302	1
chr10:12830453;G|A;Family=14412	0.112036695246196	0.0706759447931016	0.357739932898225	1
chr10:12831770;A|G;Family=11905	0.125654212689484	0.166965487016272	0.519649172681321	1
chr10:130067553;C|T;Family=13964	0.207528489041307	0.00751972032409187	0.110927152958581	1
chr10:132417688;A|G;Family=14265	0.0128301989611274	0.908906146509261	0.974477376477082	1
chr10:133226372;C|T;Family=11587	-0.205280806184933	0.183589880524972	0.537363741598129	1
chr10:13441561;C|A;Family=14096	0.131030659075139	0.213934572164738	0.574446454367046	1
chr10:18679337;G|A;Family=11412	0.212280328381382	0.421291639449783	0.763791852694993	1
chr10:21742762;G|A;Family=13888	-0.0119114018897535	0.856148513390099	0.963781734282153	1
chr10:22536841;C|T;Family=14137	0.130947855842165	0.361676838294738	0.717646218553406	1
chr10:27673518;TCTAA|T;Family=11679	0.233008917943892	0.220290381902728	0.582471632320787	1
chr10:27674431;CA|C;Family=13528	0.133439373061479	0.45449494896024	0.789822195322055	1
chr10:28610739;AATTC|A;Family=14204	-0.193394619873926	0.232224866498558	0.59845823886553	1
chr10:32876908;T|A;Family=13188	0.185210393766289	0.468063639839885	0.798295741307903	1
chr10:38058596;C|T;Family=14206	-0.0650700678131598	0.758619923455349	0.926323790739011	1
chr10:38064613;C|T;Family=14603	-0.14624825784447	0.079904399077107	0.379922803159075	1
chr10:42589230;T|C;Family=14258	-0.234971231661145	0.455714423408182	0.789989222524966	1
chr10:44936816;G|A;Family=14225	0.136020576271372	0.0549763720165309	0.318483810302662	1
chr10:45454685;A|T;Family=14293	-0.0915858826910447	0.486234212018039	0.804990286250418	1
chr10:45455701;G|T;Family=14012	0.415065631747941	0.00174038210936655	0.0511672340153765	1
chr10:46311665;G|A;Family=14070	0.0480304539175518	0.736635752655161	0.916698193377979	1
chr10:49327099;G|A;Family=13533	0.0601550633262654	0.517128563303464	0.819897350956253	1
chr10:4982907;G|A;Family=13868	-0.0851834611364508	0.442630641144157	0.781973411094936	1
chr10:50306955;T|C;Family=13928	0.0737436745875509	0.484844298384692	0.80419872341382	1
chr10:51908110;C|A;Family=14132	0.151180671854188	0.18668024355382	0.540728981328306	1
chr10:52296787;C|T;Family=13237	0.298377658954751	0.0888295438463312	0.398715815127044	1
chr10:53821903;G|A;Family=14423	-0.060010500242273	0.653878111193166	0.884540635080326	1
chr10:53938946;C|T;Family=14400	-0.154559598940896	0.398105128509235	0.74668521710823	1
chr10:58396347;T|C;Family=13801	-0.241781788300621	0.0780208815239005	0.376035068328307	1
chr10:61414817;G|A;Family=12716	-0.0132007987812231	0.94110703529177	0.980574607356575	1
chr10:62195207;A|G;Family=13988	-0.1312679394972	0.570733680306869	0.84329808483896	1
chr10:68343012;T|C;Family=14209	-0.289477124799205	0.0244498844842434	0.216188452281731	1
chr10:68911219;AAC|A;Family=13929	0.18504078078746	0.200316897772871	0.560870811988941	1
chr10:69404819;A|G;Family=14139	-0.195727145817607	0.0879060364980245	0.396082371347421	1
chr10:70425648;A|G;Family=14221	0.0567314205858688	0.55537211013686	0.840397716014062	1
chr10:71747722;G|A;Family=14065	0.144369698934566	0.133232683637423	0.474972363970571	1
chr10:71750800;C|T;Family=14356	0.0722890957798169	0.51304617501882	0.819569852470929	1
chr10:71750965;C|T;Family=14293	-0.0247034705874377	0.646882710442196	0.882332479170016	1
chr10:71816558;A|G;Family=14004	-0.174635598733181	0.132180984203826	0.473858795023512	1
chr10:72335546;C|A;Family=13237	0.107810578755646	0.218263001032979	0.578739162213339	1
chr10:73136826;C|T;Family=13928	0.100686146465846	0.228740526302582	0.592508499849861	1
chr10:74101002;A|G;Family=14402	-0.133907624546105	0.350993187429089	0.705908744989314	1
chr10:76875350;G|T;Family=14594	0.264715612693756	0.298220904501864	0.660052290516045	1
chr10:76876859;C|T;Family=14658	0.0204313333736794	0.741619100649308	0.918046381435353	1
chr10:77001472;G|T;Family=13008	-0.0959150579197	0.294854625255358	0.655893516961478	1
chr10:79316375;C|CTGTA;Family=13567	1.53951808238828	2.99650751613474e-06	0.00132145981461542	0.0105716785169234
chr10:80090866;G|A;Family=12568	0.191429037448941	0.00597339839942483	0.106366900712937	1
chr10:80529499;G|C;Family=13505	0.17806682406564	0.0581945146667383	0.330080784154747	1
chr10:812367;A|G;Family=12318	0.106882372809942	0.278286217971956	0.645390539641952	1
chr10:87552910;C|G;Family=14175	-0.0993384254691373	0.568279877025984	0.84329808483896	1
chr10:87967103;GT|G;Family=11224	-0.13125318514905	0.540098261065157	0.828301210745779	1
chr10:91282878;A|G;Family=14301	-0.183468292713102	0.249535641157161	0.613065279946007	1
chr10:92051693;C|G;Family=11568	-0.0464786269438202	0.598503285485592	0.860590452503468	1
chr10:92558801;G|A;Family=12412	-0.0265951492584355	0.821276023982526	0.949675482960205	1
chr10:92901375;T|C;Family=11954	-0.195851457643698	0.56757622864256	0.84329808483896	1
chr10:93306532;T|TCTAA;Family=11718	0.228454448591737	0.0875302135292419	0.395398967133375	1
chr10:93665442;C|T;Family=14017	0.0257929518828073	0.86174449041214	0.964795683590463	1
chr10:94325123;C|T;Family=22349	0.219286604069433	0.04133117191966	0.275103546575575	1
chr10:94535820;C|G;Family=14160	-0.299420431844458	0.252109273454016	0.615956729048317	1
chr10:95210747;G|A;Family=14484	0.0191244921540957	0.787713121912533	0.934135090456274	1
chr10:96364842;C|T;Family=13026	0.282324859600761	0.103978416218153	0.42704988640005	1
chr10:96989266;T|C;Family=12689	-0.194133900271914	0.0133565502040553	0.151517392668511	1
chr10:98247936;T|C;Family=13916	0.101584593445454	0.361421442933824	0.717646218553406	1
chr11:101033498;C|A;Family=13863	0.5611568650257	0.0606541132891664	0.332821636123524	1
chr11:101034122;G|A;Family=14161	0.175045194524134	0.283676954815713	0.647077862579138	1
chr11:101998918;C|T;Family=13001	-0.00755137211146674	0.932300577292475	0.978915606157099	1
chr11:102712136;ATTT|A;Family=13154	-0.238480078982847	0.131697160101078	0.473428777241419	1
chr11:102715386;A|G;Family=12653	-0.120380415448421	0.237683561061488	0.604204000895088	1
chr11:102722552;G|A;Family=12534	-0.0190902255922344	0.88064130718054	0.964795683590463	1
chr11:103908523;A|G;Family=11172	-0.270191333145133	0.0542903363527266	0.316131686549312	1
chr11:104890491;T|C;Family=11722	0.130984980389127	0.301672767794276	0.662300349149429	1
chr11:106674176;C|T;Family=14015	0.167408041832693	0.536358930183009	0.828301210745779	1
chr11:106676736;C|G;Family=14043	0.116060846271955	0.546749311470813	0.83478033208548	1
chr11:107665691;A|G;Family=11471	0.0546326406953625	0.702261162523697	0.904649168805868	1
chr11:107707617;C|T;Family=14296	-0.0678117531912307	0.634482726805128	0.874396507878317	1
chr11:108506922;C|T;Family=12351	-0.00565210657566046	0.946055589967809	0.980706294019365	1
chr11:110464436;A|G;Family=11300	-0.260471324751507	0.0217903306569415	0.204855809603009	1
chr11:110578017;A|AGGTT;Family=11749	0.0157289980199361	0.89370514070542	0.968661055732326	1
chr11:111755330;G|A;Family=11484	0.108536200028204	0.508915971544026	0.816342611686745	1
chr11:111759888;C|G;Family=11355	0.214462299743093	0.025458936634605	0.221775625794781	1
chr11:112020819;G|C;Family=12864	-0.400505333490799	0.0719934478127768	0.36027359416096	1
chr11:112082999;G|A;Family=13010	0.211326844475246	0.0363156552886025	0.261472718077938	1
chr11:113733596;C|A;Family=14454	-0.132374467716136	0.152719174851045	0.498684893222827	1
chr11:114313231;C|T;Family=12653	-0.0109864936003549	0.939331071245149	0.980285491760471	1
chr11:116776461;G|A;Family=13748	-0.0757192226325463	0.587300200665129	0.851623719425684	1
chr11:116777302;T|A;Family=13853	-0.211621552704657	0.041203682891622	0.275028877391942	1
chr11:117204647;T|C;Family=13694	0.00374969425808099	0.966981376332254	0.990278750566093	1
chr11:118000915;T|C;Family=14243	0.218523956041374	0.0107256388093168	0.132772118313228	1
chr11:118396788;C|T;Family=12655	-0.309929161093379	0.240164226004753	0.604529705395762	1
chr11:118448406;C|G;Family=12695	-0.116177015569004	0.484685779431977	0.80419872341382	1
chr11:118544742;G|A;Family=14525	0.17817248414638	0.0672298108538061	0.348113932858824	1
chr11:119356346;G|A;Family=22106	-3.20493065853189e-05	0.99973560288363	0.999860252104749	1
chr11:119418127;G|A;Family=13900	-0.161948438238496	0.0741608271203969	0.365929228084979	1
chr11:11956188;A|C;Family=11094	-0.880240393654337	2.66331718213532e-05	0.00469809150928671	0.0939618301857342
chr11:120112232;T|G;Family=14653	0.0390313328111907	0.644803496007875	0.881048309030126	1
chr11:120487883;G|A;Family=12857	0.105500759669401	0.289359321298164	0.651889965223451	1
chr11:12263478;C|T;Family=12899	0.0256967513518448	0.798681405963696	0.939835479218025	1
chr11:12263717;A|G;Family=11989	-0.197199339893011	0.2224711818359	0.585894701186781	1
chr11:124188074;C|T;Family=13948	0.0667028092909585	0.481641026563099	0.803998857334707	1
chr11:124767889;G|A;Family=12019	-0.149277522291056	0.069157649455588	0.354119284875638	1
chr11:125101218;G|A;Family=12647	-0.116971044612061	0.340111745774199	0.694643873364674	1
chr11:125583699;A|C;Family=13195	-0.117916188175012	0.218339519531166	0.578739162213339	1
chr11:125777019;T|C;Family=11452	-0.00148425845338202	0.983592393548798	0.998306664108216	1
chr11:125943602;G|A;Family=11824	-0.029113196569751	0.899926315610084	0.970587488034822	1
chr11:126291555;C|T;Family=14661	0.064402374626715	0.500786694205603	0.815740100942541	1
chr11:1275105;C|G;Family=14076	-0.0932551932267567	0.383947968716764	0.737785048353919	1
chr11:128812544;T|TA;Family=12029	0.393068000903056	0.144707357201451	0.484371495452295	1
chr11:128901589;G|C;Family=14230	0.0386650649752971	0.739657900397803	0.917661426699651	1
chr11:128902526;G|A;Family=14209	0.0908937403543118	0.379431017195254	0.735188782218568	1
chr11:128917908;A|G;Family=14187	-0.167897696468001	0.0272758441083641	0.226955608524313	1
chr11:129452030;GTTTTT|G;Family=13512	-0.26520279322346	0.103614540602889	0.426548540544915	1
chr11:129859531;C|CT;Family=11691	0.0765899341285168	0.468532163175268	0.798295741307903	1
chr11:129902006;A|G;Family=14174	0.0598465659134602	0.570784330148877	0.84329808483896	1
chr11:132416102;T|C;Family=13572	0.215834097345458	0.415422247282621	0.760877041931774	1
chr11:134245909;C|G;Family=11305	-0.229158258848538	0.00528129789955143	0.100278381578075	1
chr11:13729935;A|T;Family=12351	-0.0317589871141301	0.840307875225839	0.958798895147723	1
chr11:15246372;A|C;Family=12243	-0.0907512703851143	0.535919563671983	0.828301210745779	1
chr11:1555259;G|C;Family=11350	-0.0302301378632461	0.640992294652199	0.87890432006722	1
chr11:17088319;G|A;Family=12440	-0.0722480383351451	0.587370337629485	0.851623719425684	1
chr11:17373816;C|T;Family=14188	0.126142064935191	0.238789662390484	0.604204000895088	1
chr11:17427056;A|G;Family=13692	0.0599875234273986	0.559782097844781	0.841610212430537	1
chr11:17429244;G|A;Family=13057	-0.218026274871834	0.0228648698219374	0.21007099148905	1
chr11:18020918;G|A;Family=12285	0.120881249338985	0.104967829826297	0.430612213519971	1
chr11:18279726;G|A;Family=11108	0.0769851323172638	0.468251727172789	0.798295741307903	1
chr11:18366513;A|G;Family=12790	0.135555067729098	0.095114090558095	0.409567993337298	1
chr11:18366682;A|G;Family=13336	-0.0931332698107667	0.625992763926894	0.87292587791861	1
chr11:18703455;A|T;Family=12624	-0.0649301936417288	0.334926839096988	0.689796782448438	1
chr11:18703822;A|C;Family=14648	-0.0418873652019115	0.740007584739373	0.917661426699651	1
chr11:18728563;G|A;Family=11060	0.162173729619688	0.0698474450035787	0.354563720823922	1
chr11:18728740;C|A;Family=13115	0.213769773244856	0.0230315143403143	0.210505654385049	1
chr11:22281573;G|C;Family=12243	-0.285747421447534	0.159605526218429	0.5087441517544	1
chr11:27495352;T|C;Family=11181	0.105609147419185	0.443149934066369	0.782304237936565	1
chr11:27657333;T|G;Family=14055	0.0426625817985676	0.811896117668409	0.945546988541333	1
chr11:27657533;A|AT;Family=14509	0.208431694115285	0.51176181643406	0.819190421224756	1
chr11:294999;C|T;Family=13546	-0.0721944072125029	0.539344569157224	0.828301210745779	1
chr11:31663622;A|T;Family=12810	-0.0545161737941043	0.710508502120922	0.908369023327345	1
chr11:33704138;C|T;Family=12032	-0.238212762981317	0.00400962928875752	0.0845545466710919	1
chr11:33710221;C|T;Family=14174	0.191858839109135	0.00484646403251313	0.0956222453457359	1
chr11:35190037;C|T;Family=14068	-0.305696259471822	0.0170093386047024	0.177446900713518	1
chr11:35254980;C|G;Family=11552	-0.101124627854917	0.531494425669274	0.826632763543998	1
chr11:35813130;C|CA;Family=13266	0.0276712763652768	0.686546346876891	0.896755095069113	1
chr11:35813437;T|C;Family=14631	0.0562116388203888	0.585442075452442	0.851623719425684	1
chr11:35816752;C|G;Family=11895	0.0579843317958621	0.659291739968849	0.8867637280252	1
chr11:381974;G|T;Family=14292	0.0812638570275949	0.397612658590948	0.74668521710823	1
chr11:4138349;A|G;Family=14472	0.0272155128732165	0.730151225071817	0.914593741995146	1
chr11:43494116;C|CA;Family=13781	0.450503063058907	0.0631794950510121	0.338749633039469	1
chr11:44261939;C|T;Family=11359	0.0646004254843419	0.234503080140541	0.59977274372708	1
chr11:44263819;C|G;Family=11942	0.021198126667133	0.814487162621356	0.946479153401892	1
chr11:44263856;G|A;Family=14521	-0.169419581749644	0.0865962647055212	0.393700543661184	1
chr11:44933723;G|C;Family=11578	0.0715149125313203	0.499288204220211	0.814749669051297	1
chr11:45228552;G|A;Family=11575	0.120802997749319	0.405899492486423	0.753538116648255	1
chr11:45231207;T|G;Family=14285	0.147456254164409	0.0947921637006827	0.409182407822884	1
chr11:4596536;C|T;Family=13054	0.0864010153976209	0.72499024912018	0.912042086188988	1
chr11:4600333;G|A;Family=14070	0.0880908448395081	0.348878545814422	0.703339148361875	1
chr11:46672547;G|C;Family=11033	0.0306216536375394	0.723025468116722	0.911753809280068	1
chr11:46743981;T|C;Family=12052	-0.208325131887597	0.00593639203630727	0.106366900712937	1
chr11:47165115;T|G;Family=12852	-0.0223135120076018	0.835988722066843	0.956655274554597	1
chr11:47166582;C|A;Family=13215	-0.272369192484259	0.0200206591884313	0.195658962927384	1
chr11:48132413;C|A;Family=14153	0.166469235121235	0.539994717796415	0.828301210745779	1
chr11:48170486;G|T;Family=13962	0.0130885263895149	0.848394351639634	0.961121869876621	1
chr11:498026;C|T;Family=13893	0.154948139528675	0.0979008615270713	0.414141773941855	1
chr11:5004713;A|G;Family=12595	0.292997896078813	0.0453134405829105	0.288339997402995	1
chr11:55639482;C|T;Family=12324	0.128135565668942	0.531240317868677	0.826632763543998	1
chr11:56033816;G|A;Family=12231	-0.0100824288379912	0.924744071667271	0.977021363808501	1
chr11:56702320;A|G;Family=11234	0.177432318516135	0.195682131989147	0.554511294504186	1
chr11:57370014;C|T;Family=12836	-0.011409446408784	0.89786221682515	0.969500492270948	1
chr11:57501029;G|A;Family=12691	0.0697608154773739	0.248914542050395	0.612072170030791	1
chr11:57737902;C|CT;Family=11642	0.0787296795362788	0.216261858598128	0.577571413424827	1
chr11:58527350;TA|T;Family=14696	0.19493710196555	0.136304139991527	0.477781991804383	1
chr11:58625337;G|A;Family=12449	0.0158702521170446	0.861523274958195	0.964795683590463	1
chr11:58709471;G|A;Family=14100	-0.109800846629166	0.245735079426831	0.609050771067072	1
chr11:59367652;G|A;Family=12923	-0.0429618250900666	0.612360292678698	0.86867998092901	1
chr11:59517618;T|C;Family=12894	-0.82821710011266	0.00416640758069231	0.0864652114393087	1
chr11:59518549;T|C;Family=12728	-0.372996297697644	0.0110033051379985	0.13428949547076	1
chr11:59793434;A|G;Family=13795	-0.0437676131247592	0.701694036206587	0.904597082075835	1
chr11:59835969;A|G;Family=11404	0.224773060241915	0.00566517229533169	0.103914124578012	1
chr11:60071017;T|C;Family=12066	-0.27781737753405	0.0441410778943782	0.283144950566121	1
chr11:60095790;G|A;Family=14257	0.0447208785128643	0.820756844329112	0.949631450496988	1
chr11:6019567;G|A;Family=12832	0.146011675243063	0.0711319157072736	0.357901496793309	1
chr11:6021602;G|A;Family=11094	-0.146293094301633	0.598932597161864	0.860706396247273	1
chr11:60308270;C|T;Family=12449	0.224396696259827	0.168237010062585	0.520950063833927	1
chr11:60404647;C|T;Family=12451	0.131588463277182	0.406637416366159	0.753538116648255	1
chr11:60852177;T|C;Family=13924	-0.00489574888594779	0.954760314780868	0.985548298625331	1
chr11:61282803;C|G;Family=11074	0.287259231223796	0.0090893419972053	0.123938990370754	1
chr11:61743803;C|T;Family=12457	0.067451243913616	0.519317052537191	0.819897350956253	1
chr11:61786465;G|T;Family=13237	-0.201170988576227	0.0468662025190207	0.292127142203366	1
chr11:61789183;T|TA;Family=11518	0.00182945325308605	0.99253291627864	0.999066746506421	1
chr11:618678;T|G;Family=12641	0.155489836685907	0.091012287025025	0.399607356689742	1
chr11:62751389;G|C;Family=13070	-0.291227263772869	0.0220215890152064	0.204992522547885	1
chr11:62790431;GTTTT|G;Family=13920	-0.279307670954869	0.0551682182769403	0.318611231069168	1
chr11:62885204;C|T;Family=13102	-0.023495878316346	0.707810368623609	0.907744180393903	1
chr11:62981062;G|A;Family=14039	-0.0804519483984545	0.238426144263414	0.604204000895088	1
chr11:63409814;C|G;Family=11942	-0.406645551205759	0.217525697751519	0.578739162213339	1
chr11:63409852;C|T;Family=11241	-0.0448517117796259	0.717690467988646	0.911753809280068	1
chr11:63409912;T|C;Family=14433	0.051415392154078	0.682164940127762	0.894770485786387	1
chr11:63762350;T|C;Family=12083	0.0741538485200278	0.431224590949336	0.77234208017208	1
chr11:6394244;C|T;Family=14240	0.062960199500046	0.539417069845091	0.828301210745779	1
chr11:64267590;G|A;Family=11377	-0.0124729104439853	0.968644692079024	0.991694275581775	1
chr11:64606383;G|A;Family=11407	-0.0846165130678886	0.284838979757767	0.647077862579138	1
chr11:64765438;T|C;Family=12673	-0.0390735444793372	0.474062961977034	0.801002935754298	1
chr11:64949800;G|T;Family=14275	-0.00959382081966818	0.940967937092364	0.980574607356575	1
chr11:65121232;G|C;Family=11723	-0.0421112153546514	0.734713234344257	0.916248953964842	1
chr11:65281124;G|A;Family=14101	0.154953597623093	0.204920633435825	0.566496377026412	1
chr11:65321589;G|A;Family=12955	-0.0547946711043011	0.652748366591338	0.884540635080326	1
chr11:65352130;C|G;Family=13866	0.0375647192917292	0.648633321267056	0.882434382903829	1
chr11:65411530;G|A;Family=13374	-0.393033163544608	8.28346430215091e-05	0.0100772627786167	0.292240620579884
chr11:6547555;G|A;Family=12687	0.157355150686997	0.124120401463617	0.458976385978585	1
chr11:65853562;C|T;Family=14169	0.0389093582548202	0.700511747343484	0.904283002059207	1
chr11:65865967;G|A;Family=14284	-0.119122645700077	0.109161879421195	0.437639898406792	1
chr11:65916856;A|C;Family=14481	-0.0565994267808086	0.612319666980136	0.86867998092901	1
chr11:65916912;CTGTG|C;Family=11252	-0.0580998803766109	0.549282035687256	0.836008206171112	1
chr11:66624490;C|G;Family=14637	-0.0340873416842867	0.677976840779002	0.8935265122136	1
chr11:66640573;G|GTC;Family=14658	0.183671371939815	0.0615302290343014	0.332942711707079	1
chr11:6680814;T|G;Family=14594	0.416508308714778	0.0959411140455993	0.41077700285543	1
chr11:6681539;T|G;Family=11740	-0.0817101420005017	0.151633233716616	0.498102466063522	1
chr11:67432652;G|T;Family=12939	0.0423141026529634	0.669955925647257	0.890758604506767	1
chr11:67463954;G|A;Family=12788	0.0234018778566383	0.861286233818743	0.964795683590463	1
chr11:68029139;C|T;Family=13264	0.147894617541344	0.0681966819489996	0.350215274987002	1
chr11:68156383;GTTAA|G;Family=13907	-0.344866755939619	0.0565187843872194	0.324180360392084	1
chr11:68158808;G|A;Family=11729	-0.0969319234979469	0.252305621552765	0.616009849714987	1
chr11:68166240;G|A;Family=12859	-0.0415035135379693	0.725662402351752	0.912042086188988	1
chr11:68171572;C|G;Family=11519	-0.160894678647388	0.156134711574848	0.503053207704167	1
chr11:68413826;C|T;Family=13277	-0.136371495804885	0.182160966841521	0.535107319747615	1
chr11:68614239;TTG|T;Family=14154	-0.174400926175399	0.252065999862278	0.615956729048317	1
chr11:68911444;G|A;Family=13752	-0.0561487514710032	0.515251114733707	0.819569852470929	1
chr11:69772347;G|C;Family=12540	-0.276563073955241	0.00772995965643697	0.112691312677312	1
chr11:72002499;T|G;Family=12956	0.151502791044811	0.0826063215147815	0.385729449844432	1
chr11:72093661;G|A;Family=11417	0.239949809771304	0.00162541858351927	0.0490126219030425	1
chr11:72685573;G|C;Family=13886	0.0215591905745373	0.790315041061857	0.934707162207922	1
chr11:727113;CCT|C;Family=12906	-0.051565797609326	0.480414008366953	0.803689404748956	1
chr11:73864332;C|T;Family=12340	0.366196743626058	0.0342622849577288	0.257185832618866	1
chr11:74837928;T|C;Family=11207	0.0072306318815413	0.9617197699766	0.988057322920631	1
chr11:75081895;A|G;Family=13611	-0.0908030821623264	0.446984716537153	0.783127767060724	1
chr11:76403845;C|T;Family=13853	-0.0106829580402509	0.88094526342209	0.964795683590463	1
chr11:77217266;A|AATCT;Family=12952	0.379506051527589	7.3363962895131e-06	0.0023091462484752	0.0258828061094022
chr11:77660108;G|A;Family=13093	0.319228503157201	0.159085776704448	0.5079227332247	1
chr11:77664650;A|G;Family=11003	0.530213241353024	0.0646721847903254	0.343102959308674	1
chr11:801461;C|T;Family=14686	0.04787487050473	0.530746014523815	0.826632763543998	1
chr11:8102656;T|C;Family=11071	-0.0617805379457519	0.736743293671524	0.916698193377979	1
chr11:8105153;C|T;Family=12655	0.170455561252452	0.138152799267936	0.477781991804383	1
chr11:82977622;C|T;Family=14525	-0.0700581836208815	0.609047470735729	0.867818851678373	1
chr11:831871;G|A;Family=12281	-0.225839129512755	0.026535311891943	0.224500192697302	1
chr11:83261214;G|A;Family=14697	0.119955263394671	0.236050531452033	0.602594989119228	1
chr11:86808954;G|T;Family=11827	0.12605532322105	0.57969458854995	0.849994863310112	1
chr11:86946390;A|G;Family=12463	-0.0521445136295181	0.722086566141531	0.911753809280068	1
chr11:92981626;G|A;Family=12646	0.0398417418501102	0.711154151260713	0.908369023327345	1
chr11:93147909;C|A;Family=13051	-0.275263372168467	0.211924078271096	0.573805178925885	1
chr11:94377370;T|C;Family=11276	-0.154273804611011	0.491499293364855	0.809906355437276	1
chr11:94871680;G|A;Family=12238	0.052753447907917	0.543559255738328	0.831270308662963	1
chr12:100207757;A|G;Family=13561	-0.382776195621747	0.0141689713448516	0.157691264683396	1
chr12:101396195;C|G;Family=11397	0.00838103404093357	0.898326845020899	0.969500492270948	1
chr12:102396966;G|T;Family=11470	-0.130730396839252	0.101115223078222	0.421671994113437	1
chr12:10324400;C|A;Family=13561	-0.0590574812199662	0.56564262171773	0.84329808483896	1
chr12:103268201;C|T;Family=14307	-0.25385885214061	0.325457998758048	0.682685807456059	1
chr12:103772774;G|A;Family=11158	-0.214578078440319	0.00503331651771144	0.0970357413906337	1
chr12:103775848;A|G;Family=14257	-0.0595142106960683	0.446712636879375	0.783127767060724	1
chr12:103777193;G|A;Family=13146	-0.00108091110357187	0.991729915244431	0.999066746506421	1
chr12:103932337;G|T;Family=13167	-0.378151487016659	0.0134022651701944	0.15154869077066	1
chr12:104350238;AAAAAC|A;Family=13621	-0.0610480116806584	0.85226328222558	0.961555759415365	1
chr12:105008304;C|T;Family=13738	0.185483822671005	0.215112497233379	0.57537292664091	1
chr12:106715462;C|A;Family=13874	0.177179013240268	0.0312491195942204	0.245863957994585	1
chr12:108780125;G|A;Family=14652	-0.0411138162483908	0.644694670677452	0.881048309030126	1
chr12:108784717;T|C;Family=13160	-0.141593430264544	0.200601311602699	0.560870811988941	1
chr12:109110834;GAT|G;Family=11456	-0.104612275492848	0.623240418652039	0.871499087199522	1
chr12:111348592;A|G;Family=11415	-0.099761318768836	0.624827351116896	0.871990069121997	1
chr12:111449380;T|C;Family=13617	-0.0491426589507149	0.63343705544601	0.874189633014094	1
chr12:111449493;T|A;Family=12795	-0.143218015737275	0.0873610759655769	0.395140866675071	1
chr12:111453948;C|T;Family=11731	0.382949003251896	0.424528916810742	0.768070778722204	1
chr12:111816200;C|T;Family=14519	-0.108276565689665	0.391705781891524	0.744435640582919	1
chr12:111816750;A|T;Family=13187	-0.0973766763617649	0.162104561304769	0.512919185904238	1
chr12:111816778;T|C;Family=14260	0.025486447324177	0.825254441538702	0.950413810291319	1
chr12:112053609;C|T;Family=11033	0.214026644522926	0.0264347983909143	0.224500192697302	1
chr12:112508927;G|T;Family=13160	0.289549186361502	0.386808037909903	0.739251764759555	1
chr12:112970080;G|A;Family=12296	0.0737406522371184	0.513691839086302	0.819569852470929	1
chr12:116717020;TA|T;Family=14416	-0.0740416415231385	0.597926183850675	0.860590452503468	1
chr12:116859326;T|A;Family=13567	0.119070252008333	0.243201882871722	0.607663302056872	1
chr12:117209070;C|T;Family=14507	-0.16792059531219	0.113647883115787	0.441330877735585	1
chr12:117215112;C|T;Family=14284	-0.0186882649462015	0.807534378820552	0.942746951846098	1
chr12:119159576;C|T;Family=14522	0.0902405249139619	0.460985850524596	0.791705035388974	1
chr12:120460320;C|T;Family=14095	0.071669120453137	0.330031625624171	0.685315818247248	1
chr12:120696586;A|C;Family=22349	-0.289712847433496	0.062449590025724	0.335866256364525	1
chr12:120762897;A|C;Family=11196	-0.0241323883992864	0.815663333905043	0.947221936147792	1
chr12:120764969;C|T;Family=13996	0.0229136835707341	0.784109041288129	0.932682635760121	1
chr12:12094817;G|A;Family=14108	0.0603278478386969	0.38175391534616	0.736776703140729	1
chr12:121004021;A|G;Family=11205	-0.0144292551072865	0.885256001539538	0.964795683590463	1
chr12:121020607;A|G;Family=13532	-0.06765310218437	0.279468797998335	0.645390539641952	1
chr12:121165437;C|T;Family=14257	0.17907361564675	0.148945530124455	0.493635806212662	1
chr12:121185462;G|C;Family=14696	-0.0480869420047243	0.672613640137763	0.890758604506767	1
chr12:121649034;C|T;Family=11215	-1.03567816990649	1.49769785655913e-09	2.64193901897031e-06	5.28387803794061e-06
chr12:121649978;T|G;Family=12719	-0.0366322332929531	0.727203624843998	0.912042086188988	1
chr12:122142004;G|A;Family=12867	-0.261271111047291	0.0170642621728585	0.177446900713518	1
chr12:122143154;C|T;Family=11118	-0.447362038017366	3.00003727770394e-05	0.00504006262654261	0.105841315157395
chr12:122145614;C|T;Family=13152	0.104253310985172	0.326298667635856	0.682685807456059	1
chr12:122473224;T|C;Family=14484	-0.0743765495994112	0.476385616938912	0.802326161619756	1
chr12:122985855;C|T;Family=12068	0.0692030809540507	0.601103648346116	0.862749947698325	1
chr12:123291583;A|G;Family=14363	-0.0115076975753932	0.933830463098571	0.979065044223405	1
chr12:123295534;G|A;Family=13041	0.193496169969328	0.101517282375157	0.422398396039354	1
chr12:124014248;G|A;Family=12728	0.037716252526127	0.713491030937987	0.909797540689865	1
chr12:125028457;C|T;Family=12512	-0.0244975653312162	0.921291413699221	0.977021363808501	1
chr12:125029809;T|G;Family=13097	-0.0866091825895453	0.267751616571924	0.632156958903041	1
chr12:125143296;G|A;Family=12532	0.0792796990727488	0.701209055608857	0.904597082075835	1
chr12:125657481;T|C;Family=11233	0.140492524622552	0.400046348951085	0.748364659181594	1
chr12:125658027;G|C;Family=11233	-0.0947240907695852	0.239282412162265	0.604204000895088	1
chr12:125658842;A|G;Family=14613	-0.00395231102049482	0.97258467931277	0.992846860131786	1
chr12:130456610;C|A;Family=11345	0.281307604988528	0.0083676314456928	0.120878972649939	1
chr12:131944583;C|T;Family=14524	0.120817413114295	0.179024651919899	0.530580890140007	1
chr12:132196741;C|T;Family=11673	-0.092915370925925	0.329202847218609	0.684400497930026	1
chr12:132511604;C|T;Family=11470	0.036354593878146	0.676853934963049	0.893021945605698	1
chr12:132584068;T|C;Family=11142	-0.0298622701785064	0.869814233015619	0.964795683590463	1
chr12:132775108;C|T;Family=11345	-0.0940828085997037	0.198104857851984	0.557948118519414	1
chr12:133018678;A|G;Family=13167	-0.196184946076023	0.13285062973432	0.474870336071612	1
chr12:133107244;CAG|C;Family=12206	-0.0741509418424407	0.655661271965824	0.885073809162942	1
chr12:13551970;G|GA;Family=11121	-0.283087368273677	0.105497954243409	0.431782810406899	1
chr12:13558545;G|A;Family=11057	-0.190317022918919	0.0506625533848833	0.303198247416822	1
chr12:14981780;C|T;Family=14124	-0.151699876736701	0.540227065171779	0.828301210745779	1
chr12:15596275;G|A;Family=11654	-0.0273665380208189	0.587543121621915	0.851623719425684	1
chr12:16594312;C|T;Family=11003	-0.1609047649489	0.4945767470208	0.811735766458076	1
chr12:190601;C|T;Family=13580	0.153876965658418	0.0674803818250938	0.348539402599028	1
chr12:19372221;G|A;Family=12297	0.138283827216522	0.17416960616245	0.525555764498817	1
chr12:19373120;C|A;Family=13835	0.236219235738458	0.301910965821238	0.662300349149429	1
chr12:1950195;G|GTC;Family=12950	0.163743742750531	0.106745264961104	0.433051691379017	1
chr12:20711418;A|G;Family=13533	-0.159716087962946	0.190739130470282	0.544482316195676	1
chr12:20737256;G|T;Family=12906	0.094144871106306	0.239318724479541	0.604204000895088	1
chr12:21924680;C|A;Family=13118	1.16436614933746	0.000284792953385541	0.0185346584564784	1
chr12:26079613;T|C;Family=14576	0.0504605719161092	0.76486291450018	0.927347156980155	1
chr12:26121198;T|C;Family=11356	-0.000272574656784593	0.998571570781778	0.99942008260889	1
chr12:26338385;G|A;Family=11168	0.1847894246615	0.372401135921413	0.72990622640597	1
chr12:26964790;G|C;Family=14554	0.0721125456905621	0.65133763240967	0.884373674184204	1
chr12:26964838;T|C;Family=14545	-0.524453309030865	0.044960698793955	0.286837875850042	1
chr12:30719113;G|A;Family=14474	0.126137218592886	0.0791244992703349	0.377741858492208	1
chr12:30996424;G|A;Family=11578	0.149088886519862	0.121342090272715	0.453385711355317	1
chr12:31667984;G|A;Family=12603	0.0723829549983286	0.386226148298206	0.738940266375309	1
chr12:31992971;TTAAG|T;Family=11333	0.0204593106523656	0.927828752454981	0.977420077235345	1
chr12:32643133;A|G;Family=14608	-0.319313701312447	0.0651850559336922	0.344270774452195	1
chr12:32645051;C|G;Family=13462	-0.391099749773541	0.0350623691848087	0.259329221140472	1
chr12:32791196;A|C;Family=11098	0.356785542683616	0.283724570569889	0.647077862579138	1
chr12:3283454;C|T;Family=13623	-0.117221767330552	0.17514325244312	0.526131992506743	1
chr12:3593554;A|G;Family=13174	0.272096732894763	0.0392940217690649	0.269706826461597	1
chr12:39553047;A|G;Family=12314	-0.131996134579869	0.476560269623605	0.802326161619756	1
chr12:39950119;T|C;Family=14692	0.122506236837033	0.413259914373638	0.759760801412295	1
chr12:39951106;T|C;Family=13895	-0.0299718350437742	0.879554895093194	0.964795683590463	1
chr12:42084882;A|G;Family=13211	0.106409505441696	0.616784692467125	0.869559014114187	1
chr12:42085385;C|T;Family=14452	-0.105077030916608	0.316179636815372	0.674007104945397	1
chr12:42442154;G|A;Family=12799	-0.0701673852247942	0.629226519339398	0.87371936977957	1
chr12:42445266;T|G;Family=14061	0.346597551068295	0.00167843355111315	0.0497606182212369	1
chr12:4500258;C|T;Family=14402	0.0700476722225903	0.629570166368825	0.87371936977957	1
chr12:45920025;T|G;Family=12341	0.235742165501976	0.256498418907525	0.619812617743664	1
chr12:47075765;T|C;Family=12845	-0.120993670559824	0.340323587209739	0.694643873364674	1
chr12:47744519;T|G;Family=12300	-0.054808817807199	0.695109207642042	0.900935078824807	1
chr12:47780985;C|T;Family=13645	0.14654386559953	0.190187039935377	0.544368531447921	1
chr12:47788073;A|C;Family=11918	-0.157518835398906	0.0407671316793825	0.27395512488545	1
chr12:48134794;G|A;Family=13471	0.0384752904176511	0.703640501099878	0.905010458578334	1
chr12:48338099;G|A;Family=13447	-0.0024682618848582	0.98071292148852	0.996817973786084	1
chr12:48692215;T|C;Family=12529	-0.114879792194491	0.377511181830859	0.733402780561272	1
chr12:48827626;C|A;Family=12457	-0.0256932854257871	0.780200822346588	0.932625696372166	1
chr12:48914552;C|A;Family=14412	0.158621572695013	0.0774867272882979	0.374814499963578	1
chr12:48966507;G|A;Family=12346	0.10349299914144	0.302421598553255	0.662300349149429	1
chr12:49019250;C|A;Family=14095	-0.0277555327113368	0.883618858736129	0.964795683590463	1
chr12:49020756;A|G;Family=12804	0.0292722714855953	0.76175566508087	0.92639572092565	1
chr12:49463191;G|C;Family=13116	-0.438812507984076	0.0521832965326031	0.308460811354242	1
chr12:49867275;G|A;Family=11208	-0.000204078852144754	0.998343452501805	0.99942008260889	1
chr12:49957401;C|T;Family=14675	-0.0735909524752557	0.341216116916195	0.695442207094358	1
chr12:50477022;T|A;Family=12641	-0.281826818122376	0.287453968940121	0.649671750429692	1
chr12:50746032;A|T;Family=13364	0.107047177065323	0.253702826121807	0.616664727247208	1
chr12:51196813;T|G;Family=11194	0.094429658609868	0.488432810189838	0.807115201100585	1
chr12:51352434;C|T;Family=13815	0.480916558341795	0.100254833938043	0.421070302539782	1
chr12:51507933;C|T;Family=14017	-0.0615835159251485	0.726987914896471	0.912042086188988	1
chr12:51722551;T|C;Family=13210	-0.296822265061144	0.0752249814110001	0.370144678407264	1
chr12:53025344;G|A;Family=13335	-0.0161162694746884	0.861646766638479	0.964795683590463	1
chr12:53064322;A|G;Family=13617	0.167875858190312	0.414023337551505	0.76076788275089	1
chr12:53327895;G|A;Family=12585	0.0471926185051268	0.607899530056899	0.866533148299289	1
chr12:53977028;G|A;Family=12498	0.171810869921539	0.116593584272485	0.447597568349648	1
chr12:54532250;G|C;Family=13764	0.400388865222364	0.0525891805793141	0.310258577063245	1
chr12:55367547;A|C;Family=11575	-0.0813816597777803	0.407468402853609	0.753538116648255	1
chr12:55367558;A|C;Family=11575	-0.341291847990619	0.000553537026947281	0.0320142729866567	1
chr12:55555603;C|A;Family=14077	0.0106371371564286	0.962401491571881	0.988057322920631	1
chr12:55751470;G|A;Family=14668	-0.0732663463719198	0.396188315728518	0.74668521710823	1
chr12:55757313;A|C;Family=11573	0.229510068930795	0.248957926302207	0.612072170030791	1
chr12:55821637;C|T;Family=11843	0.133002703516966	0.445667315186046	0.782839241413405	1
chr12:56037956;A|C;Family=11198	-0.234508651079608	0.0261130919929457	0.224500192697302	1
chr12:56712871;A|G;Family=11198	-0.178177623229113	0.232888036072126	0.598618831731307	1
chr12:57001546;T|C;Family=11933	0.0298808536745838	0.628734566153848	0.87371936977957	1
chr12:57028607;G|A;Family=12325	0.00377883733916946	0.962720500615283	0.988057322920631	1
chr12:57028838;C|T;Family=13187	-0.187739375414306	0.0870874458626605	0.394915821341216	1
chr12:57235470;C|A;Family=11671	-0.113377351631352	0.23817383419605	0.604204000895088	1
chr12:57823411;G|T;Family=14158	0.264484714898195	0.000266525730321892	0.0180827457033776	0.940302776575635
chr12:59779592;C|A;Family=14475	-0.0969949816169471	0.298001273939691	0.659980222510502	1
chr12:6122766;C|T;Family=14609	-0.097880974519254	0.217507135319687	0.578739162213339	1
chr12:61709191;T|A;Family=11552	0.0795905598816483	0.663358188311057	0.888668009663117	1
chr12:62335564;A|G;Family=13929	0.119888856451703	0.558018152567824	0.841577439025505	1
chr12:62405485;C|G;Family=11556	0.0406771486862701	0.751528150397249	0.922900767850382	1
chr12:62414589;G|A;Family=12550	-0.0522748932271063	0.560848264374251	0.841630232544602	1
chr12:62501626;A|G;Family=11905	-0.220804872596867	0.00396588712394394	0.0845545466710919	1
chr12:62561094;C|A;Family=12220	0.143757128635467	0.514177976757526	0.819569852470929	1
chr12:62645630;T|A;Family=13616	0.267582153408315	0.0386991265267866	0.267530669035236	1
chr12:63146591;C|G;Family=14570	0.10744147938181	0.474361671517963	0.80112397181205	1
chr12:6329869;G|T;Family=14152	0.128085882084951	0.136199841413422	0.477781991804383	1
chr12:64714808;G|C;Family=12929	0.0956969503680189	0.611536912479351	0.86867998092901	1
chr12:64715064;G|C;Family=11931	-0.0851800558065354	0.480566357606574	0.803689404748956	1
chr12:65466681;C|T;Family=11216	0.575556636878528	0.00394680702416892	0.0845545466710919	1
chr12:6570170;T|C;Family=12891	-0.155700911875681	0.518062864403998	0.819897350956253	1
chr12:66345813;C|T;Family=11781	0.235286922085232	0.212566464956263	0.574222426007424	1
chr12:67311074;C|T;Family=13314	0.0214861690550525	0.821794647013855	0.949675482960205	1
chr12:67659038;C|T;Family=13010	0.0503766502460444	0.351153584879888	0.705908744989314	1
chr12:68661243;G|GA;Family=14188	-0.180374234150557	0.585066449411329	0.851623719425684	1
chr12:68667799;A|C;Family=14619	-0.209848294725438	0.450486250912487	0.786400540929863	1
chr12:68765817;A|T;Family=12108	-0.0304242784640223	0.850343342309201	0.961136217328526	1
chr12:68773240;T|C;Family=13694	0.260649988143186	0.0820854067691713	0.385102812608559	1
chr12:68777610;C|A;Family=13565	0.239569637361131	0.125237042170412	0.460726052948085	1
chr12:68839652;G|A;Family=11947	0.0170843526198313	0.831678373018835	0.954819817771054	1
chr12:68845263;G|A;Family=13560	0.418266834922248	0.301429304366022	0.662300349149429	1
chr12:68851407;C|T;Family=14123	0.00858431526873272	0.938233189418316	0.980285491760471	1
chr12:69353396;A|T;Family=14551	-0.201551206366447	0.285512964194738	0.648191594388054	1
chr12:69575266;T|G;Family=11424	-0.373026076505817	0.201067667791924	0.561290277144454	1
chr12:69683242;T|C;Family=13012	-0.548601130627039	0.00136199695138026	0.0453311687480763	1
chr12:69683587;A|T;Family=13012	-0.379246392024548	0.00589326832123135	0.106366900712937	1
chr12:6976750;A|G;Family=11892	0.0462330343942339	0.612170995707037	0.86867998092901	1
chr12:6977262;C|G;Family=14036	0.123369724766913	0.144370251366637	0.484161831579368	1
chr12:6981145;C|T;Family=12669	-0.0630450703336099	0.501048546480203	0.815740100942541	1
chr12:70432230;C|T;Family=14346	0.0225865055476306	0.82361392316095	0.950227809629378	1
chr12:70433211;A|C;Family=11644	0.216071631371686	0.345083622030493	0.700089142336732	1
chr12:71786240;A|G;Family=13216	-0.0993934513903968	0.420761757653028	0.763791852694993	1
chr12:71791230;A|G;Family=12290	-0.0614543501438297	0.427656955793138	0.769850459111513	1
chr12:74540835;C|T;Family=11678	-0.274498362077465	0.050704922328777	0.303198247416822	1
chr12:75277651;G|C;Family=13057	-0.0798773237022631	0.620028163271728	0.871150681012608	1
chr12:75432182;T|C;Family=11981	0.263597347013359	0.224755028299887	0.588231261010388	1
chr12:75500348;A|C;Family=11167	-0.105508410188339	0.752303622443132	0.923174671297172	1
chr12:76044822;T|C;Family=11042	0.00349521934138938	0.986634951107317	0.999066746506421	1
chr12:76047956;A|AT;Family=11520	-0.00223494081375186	0.991853233218973	0.999066746506421	1
chr12:79451261;G|A;Family=13537	0.145707167607336	0.461290285366081	0.791705035388974	1
chr12:79592274;C|T;Family=14561	0.261783125218355	0.247812704692864	0.610532976366218	1
chr12:79774887;C|G;Family=12645	-0.20917886351654	0.224936401378618	0.588269550825622	1
chr12:80679096;C|T;Family=11086	0.246605620616571	0.0905421715639801	0.399607356689742	1
chr12:83132643;A|G;Family=14022	0.106142988455471	0.226195374602769	0.588985541575107	1
chr12:85958506;T|C;Family=12201	-0.183423878629925	0.50406310045755	0.816342611686745	1
chr12:85960376;A|G;Family=13874	-0.12558764206862	0.238441194700586	0.604204000895088	1
chr12:85964312;T|G;Family=12682	0.667579410971495	0.0504352455919792	0.303198247416822	1
chr12:85968103;G|T;Family=11056	0.340647287637087	0.125370839612818	0.460737835577106	1
chr12:88093626;TTTTA|T;Family=12238	-0.411923771590783	0.0765978273185629	0.373771970649917	1
chr12:89421060;G|A;Family=13903	0.180346001764793	0.175702595700863	0.527107787102588	1
chr12:916707;C|CA;Family=11201	0.0658199993148497	0.522145227773258	0.821643879275796	1
chr12:926902;AAGAG|A;Family=14501	-0.0246147508398851	0.713551529220197	0.909797540689865	1
chr12:927165;G|A;Family=13965	0.0944779190129609	0.415042380459895	0.760877041931774	1
chr12:92775906;A|G;Family=13998	0.222276921162283	0.374074161502474	0.731157408957312	1
chr12:93512803;G|A;Family=11946	0.0482683531401518	0.820931595228425	0.949631450496988	1
chr12:95934176;A|G;Family=14386	0.193298410883425	0.195538684462514	0.554511294504186	1
chr12:9716586;T|C;Family=11417	-0.110378038843521	0.264381129573264	0.62852872313644	1
chr12:9754370;A|G;Family=12494	-0.0201508070254809	0.946634730238847	0.980830346044831	1
chr13:101722669;G|A;Family=12972	-0.164116740830748	0.112844882900966	0.440519470015904	1
chr13:108307449;CT|C;Family=14603	-0.147741876741745	0.52393273471916	0.821643879275796	1
chr13:109207141;C|T;Family=14456	0.200222406348781	0.0218907710375098	0.204855809603009	1
chr13:112910075;T|C;Family=11305	0.0570025470305287	0.666760370159457	0.889401750617245	1
chr13:112917269;C|T;Family=12869	0.0778450578291362	0.352298551540646	0.707404262854524	1
chr13:112956885;A|G;Family=14165	-0.246132403657106	0.000144220241109177	0.0124099758691018	0.508809010633175
chr13:113090030;C|T;Family=11099	0.213380415827164	0.000998573110956242	0.0391903373875601	1
chr13:113816042;G|T;Family=14358	0.117729448601318	0.185448804212201	0.539985105053425	1
chr13:113816271;A|C;Family=12964	0.0384594696211576	0.747954248728187	0.921886884144266	1
chr13:113816283;G|T;Family=12964	0.141566506305289	0.205376649440665	0.566496377026412	1
chr13:20138542;C|T;Family=14370	-0.0941539711448252	0.493407908972585	0.810723867635692	1
chr13:20141428;G|A;Family=14484	0.0124287674258169	0.906404444141671	0.972893834907543	1
chr13:20780589;G|C;Family=11089	-0.131687001265722	0.562707854234551	0.842161995394661	1
chr13:21154518;C|G;Family=13869	0.181394797661823	0.0662693635408392	0.346881772362137	1
chr13:21158043;T|C;Family=14097	-0.219484587693244	0.146298271605886	0.487233471187715	1
chr13:21492794;T|C;Family=13070	-0.404838730272294	0.0604079663648972	0.332821636123524	1
chr13:25249228;G|A;Family=14315	-0.0652474752727578	0.658726958040886	0.8867637280252	1
chr13:25341928;C|T;Family=11497	0.251346604214857	0.286071124106089	0.649041109868991	1
chr13:29509496;G|A;Family=14577	-0.0456896501436273	0.779990840101487	0.932625696372166	1
chr13:30459362;G|C;Family=11509	-0.252913730905706	0.180222075066071	0.531541341374489	1
chr13:32776757;A|G;Family=14687	0.116906823347211	0.576778280484911	0.847470151447932	1
chr13:36847210;G|A;Family=13034	0.0435031227086755	0.791473835335816	0.935450482768763	1
chr13:39789275;A|G;Family=11194	-0.186327517942888	0.364226818241288	0.719883593700429	1
chr13:41129088;C|A;Family=13524	0.00841975110983789	0.959085737256155	0.988057322920631	1
chr13:41252566;G|C;Family=13876	-0.230044027573337	0.0551789858796093	0.318611231069168	1
chr13:42166660;A|T;Family=12680	-0.118245830829861	0.546960238901469	0.83478033208548	1
chr13:42233480;C|T;Family=14586	-0.0875660467169107	0.515043874913548	0.819569852470929	1
chr13:42235436;T|TA;Family=13163	0.380790252302929	0.249850409587187	0.613411443996935	1
chr13:44022567;G|A;Family=11360	0.0422678234768181	0.635623505134481	0.874796204283988	1
chr13:44434270;C|T;Family=13608	-0.0189188809176275	0.849561354726706	0.961136217328526	1
chr13:45782571;C|T;Family=13162	-0.185120746384022	0.33784982706981	0.691778403889896	1
chr13:48263554;C|G;Family=12184	-0.117779256429323	0.207292106031007	0.566496377026412	1
chr13:48267396;G|T;Family=14084	-0.0930776205938786	0.173976260050198	0.525555764498817	1
chr13:49699807;G|A;Family=13621	-0.189399472833959	0.0675739658100156	0.348539402599028	1
chr13:50955833;A|G;Family=14633	0.0463793333991914	0.726526288477189	0.912042086188988	1
chr13:51374698;G|A;Family=14687	-0.103686402177776	0.283136158693938	0.646958787482004	1
chr13:51760323;C|G;Family=13649	-0.309563554870048	0.00327694533978743	0.0749923624398964	1
chr13:57726742;T|G;Family=12837	-0.031763071032935	0.766352098568354	0.927347156980155	1
chr13:66302882;G|A;Family=14681	0.0209535614964161	0.88455888511799	0.964795683590463	1
chr13:67224268;A|T;Family=11152	0.181802433278345	0.265383284160596	0.629215205993671	1
chr13:71440244;T|TGTAA;Family=14023	0.0239041570712892	0.844332343945645	0.959580749586354	1
chr13:72756094;T|TAAC;Family=14237	0.305793950100106	0.266850679874035	0.631845099728587	1
chr13:73077466;A|C;Family=13324	-0.292641169112953	0.227436257324694	0.590865328307453	1
chr13:76880244;ATT|A;Family=11083	-0.063336503221051	0.672574064268105	0.890758604506767	1
chr13:77045036;G|A;Family=11010	0.39342000919843	0.0986969514307519	0.416510579722121	1
chr13:78600311;T|TA;Family=13534	-0.0807134201819922	0.671803214296311	0.890758604506767	1
chr13:78614347;A|C;Family=11544	-0.0176871758548598	0.884468235507997	0.964795683590463	1
chr13:87683876;A|C;Family=13580	-0.232017461854025	0.232617163022196	0.598618831731307	1
chr13:94436896;G|T;Family=14007	0.385598834704319	0.0202751749642752	0.19705459304122	1
chr13:94711191;C|T;Family=12014	0.133544016309014	0.0883404151476693	0.397228260229866	1
chr13:95207885;T|C;Family=13023	-0.242343222765998	0.0165129405741583	0.173385876028663	1
chr13:95793362;G|A;Family=13932	-0.0362682181808494	0.703103180517486	0.904649168805868	1
chr13:97464506;A|G;Family=11433	-0.0967842126540926	0.18608266180043	0.539985105053425	1
chr13:98024108;C|T;Family=14291	-0.0995629823427883	0.457810748238222	0.790193894219397	1
chr13:98400083;C|T;Family=22161	-0.122854164792659	0.428147530444912	0.769879963001861	1
chr13:98404385;C|A;Family=12686	-0.00232495772652632	0.986471311528464	0.999066746506421	1
chr13:98452189;C|T;Family=11115	-0.107842587659718	0.478164998068032	0.802337476373763	1
chr13:98856517;C|T;Family=12375	-0.0363470644881988	0.611770919313719	0.86867998092901	1
chr13:99892578;C|T;Family=12308	-0.119256773039429	0.561269235531787	0.84190385329768	1
chr14:100132753;GAGA|G;Family=14566	0.0654629252229953	0.410840382624332	0.756890271487542	1
chr14:100139286;A|G;Family=14195	0.0184908222284104	0.737237672318463	0.916804549855318	1
chr14:100292534;C|T;Family=12851	0.099654436587071	0.22624200167013	0.588985541575107	1
chr14:101562759;G|A;Family=14305	-0.0262802754436718	0.816685981921296	0.948097447916529	1
chr14:101927185;C|T;Family=14537	-0.153699765146387	0.299724107854915	0.662202051123473	1
chr14:102047898;A|C;Family=13094	0.184651843577965	0.0925443628831703	0.401594726017005	1
chr14:102086072;G|C;Family=11812	-0.0879554687173988	0.385995271323261	0.738935925347405	1
chr14:102195033;T|C;Family=14215	0.0841527209617638	0.214603295594038	0.574446454367046	1
chr14:102210028;T|G;Family=13106	-0.552802193516816	0.103126974997479	0.425540864974983	1
chr14:102213013;C|T;Family=14115	-0.0144609570656512	0.879112431272034	0.964795683590463	1
chr14:102213969;G|C;Family=13375	0.0279633834584527	0.683505232197935	0.894770485786387	1
chr14:102229211;T|C;Family=13206	-0.0190907929263055	0.872784418747824	0.964795683590463	1
chr14:102506416;G|C;Family=12749	-0.24083757373155	0.00532082756696719	0.100384383188557	1
chr14:102906678;T|C;Family=13968	-0.112198397558954	0.406531605685571	0.753538116648255	1
chr14:102907234;C|T;Family=11333	-0.0837450474978639	0.471415312454026	0.798824794590684	1
chr14:102910062;C|G;Family=12048	-0.0430298267591801	0.659131838014038	0.8867637280252	1
chr14:102911499;C|T;Family=14450	0.326636992014379	0.000569411361912583	0.0320142729866567	1
chr14:102932637;G|A;Family=13552	0.0715577890541447	0.368688550811164	0.724642455299045	1
chr14:103342934;A|G;Family=12858	0.0447632739689529	0.751430869929934	0.922900767850382	1
chr14:103704906;G|A;Family=14133	-0.0846171264760236	0.217703984124322	0.578739162213339	1
chr14:103705880;C|T;Family=13267	0.0464830788123441	0.523315910349599	0.821643879275796	1
chr14:103734576;C|T;Family=14066	0.186205908364855	0.0541617649459372	0.316131686549312	1
chr14:104112623;G|T;Family=12536	0.156883409187641	0.00398787920677463	0.0845545466710919	1
chr14:104721982;C|G;Family=12301	-0.000463581893793644	0.995782224107452	0.999127576276812	1
chr14:104747250;G|GT;Family=13316	-0.158124904978918	0.505926507198959	0.816342611686745	1
chr14:105049685;G|A;Family=11792	-0.0989065545767377	0.243115387665869	0.607663302056872	1
chr14:105173014;TGGA|T;Family=14535	-0.0195625590815461	0.775920973593071	0.932273313115002	1
chr14:105470468;G|A;Family=14042	0.134307191407166	0.0420156759182386	0.276035949049433	1
chr14:19782641;G|A;Family=11730	0.137463815122576	0.123745493570734	0.458450415873886	1
chr14:19880987;T|G;Family=22364	-0.163720973964352	0.444486303460331	0.782342425104903	1
chr14:20031416;G|T;Family=11498	0.000459827618730639	0.997539090700101	0.999309534202335	1
chr14:20425908;T|C;Family=13050	0.0490117605271954	0.806819552923056	0.942536219441239	1
chr14:20700952;C|T;Family=13309	-0.0382278114789151	0.573246322956177	0.8454903960658	1
chr14:20996199;G|A;Family=13621	-0.0263167244012968	0.878904120286789	0.964795683590463	1
chr14:22774371;G|A;Family=12300	0.206401156725054	0.538306483593948	0.828301210745779	1
chr14:22887622;G|A;Family=13750	-0.181417121191352	0.0909432975293801	0.399607356689742	1
chr14:22900579;T|C;Family=13250	-0.247670712932227	0.361478735432715	0.717646218553406	1
chr14:22901745;A|C;Family=12955	0.171264718043039	0.118215400116723	0.449518596051206	1
chr14:22972415;T|C;Family=12775	-0.324700713514627	0.000973191688204708	0.0391903373875601	1
chr14:23043475;C|T;Family=14348	0.0428007597175923	0.745244384300158	0.920273779422806	1
chr14:23300858;C|T;Family=13508	-0.238138078827163	0.00542769796173024	0.101855948983959	1
chr14:23530131;G|A;Family=11328	0.42377930773088	0.00142623575142757	0.0453311687480763	1
chr14:24075435;C|T;Family=14339	-0.0626769480587983	0.595460758388414	0.858164034148009	1
chr14:24119799;G|A;Family=12501	0.0655523972725167	0.336756330580229	0.691618809498985	1
chr14:24123924;G|A;Family=14349	0.0792355821412574	0.291332416223093	0.653414344841113	1
chr14:24187426;C|T;Family=11028	0.0111818953119826	0.885816400179283	0.964795683590463	1
chr14:30619431;CAT|C;Family=13412	-0.615942061268222	0.00623859319200777	0.106366900712937	1
chr14:30889794;G|A;Family=14587	-0.0809695175857444	0.552199028359636	0.838638903165216	1
chr14:31073045;A|G;Family=11645	0.0629535479916288	0.724481477956728	0.912042086188988	1
chr14:31446717;C|T;Family=12014	0.155941954704064	0.320704965030725	0.678325609489446	1
chr14:33680780;A|C;Family=11800	0.0702789912270958	0.377107087176249	0.733021379370692	1
chr14:33803547;G|A;Family=12697	0.29917842899163	0.0114640263786432	0.136872450042028	1
chr14:35050255;C|T;Family=14675	-0.122062417108096	0.174658544820971	0.525555764498817	1
chr14:35099374;T|C;Family=13600	-0.117769556203663	0.332454885067681	0.687112381088915	1
chr14:35871556;G|A;Family=14376	0.187557728460113	0.0728623018178401	0.36166368266813	1
chr14:36677286;A|G;Family=11303	0.0964826941429393	0.390161297657785	0.74230793811094	1
chr14:39182369;T|A;Family=14270	0.169445027144989	0.436625529443021	0.775636892182768	1
chr14:45200776;A|C;Family=14568	-0.100560172408725	0.4311791019799	0.77234208017208	1
chr14:49783018;G|A;Family=12692	-0.0924724653596416	0.415736063747599	0.760877041931774	1
chr14:49786048;G|A;Family=12681	0.0466240444996569	0.471303089250129	0.798824794590684	1
chr14:50330962;C|T;Family=13023	-0.0201128690369894	0.900489874619004	0.970647197572822	1
chr14:51254398;C|T;Family=12020	0.0439246480026061	0.799539391085652	0.939835479218025	1
chr14:52005391;C|T;Family=13718	0.0180470164855023	0.809535570598051	0.944713562300769	1
chr14:52009877;C|T;Family=11089	0.0335331309997002	0.854628512307905	0.963300125055045	1
chr14:52707428;C|G;Family=13903	0.242559201192759	0.00179769575994304	0.0518158492905612	1
chr14:52771440;T|G;Family=14081	-0.73860409799671	0.0399240911985467	0.271632458792415	1
chr14:53040793;G|A;Family=14412	-0.10999635753288	0.534582062789548	0.828301210745779	1
chr14:54424277;A|G;Family=11721	0.312435867579383	0.0843905427414773	0.387669055718661	1
chr14:54789343;G|A;Family=12225	0.0329562692098834	0.4822560075804	0.803998857334707	1
chr14:54790002;G|C;Family=11107	-0.0256350737400957	0.681288693995044	0.894770485786387	1
chr14:54792246;G|A;Family=14110	-0.237990772700819	0.00118254543386536	0.0426746425143578	1
chr14:55046970;C|T;Family=14640	0.545132665320271	0.0101299443086978	0.129487114206832	1
chr14:55066791;A|G;Family=14210	-0.283506414312933	0.0263522651196815	0.224500192697302	1
chr14:55069842;TC|T;Family=12396	0.0619007331579384	0.662358966334004	0.887842869766857	1
chr14:55368655;T|A;Family=13047	0.048901202611308	0.687722433232635	0.897397982063516	1
chr14:56609267;A|G;Family=12161	-0.153527915515445	0.196067927884089	0.555158627267309	1
chr14:57206134;G|A;Family=12132	-0.0277176495487999	0.898257640315304	0.969500492270948	1
chr14:59369246;C|CA;Family=14606	0.179573524558655	0.255537250324082	0.619611971919835	1
chr14:60644825;T|G;Family=13007	-0.376749239864928	0.00161712339827485	0.0490126219030425	1
chr14:60710671;G|A;Family=13305	0.0567750937382715	0.517861621157521	0.819897350956253	1
chr14:61550781;A|G;Family=13005	0.173873007694629	0.289319533606258	0.651889965223451	1
chr14:62081161;C|T;Family=13012	-0.254183356978205	0.00144429184419253	0.0454951930920646	1
chr14:63373754;G|A;Family=11897	0.169222933208404	0.345600291287302	0.70029972407357	1
chr14:64471001;G|C;Family=12346	0.680200491414004	9.92953508045713e-05	0.0103033528717214	0.350313997638528
chr14:64481638;C|G;Family=13630	-0.156440521954399	0.150520039393767	0.495830718002999	1
chr14:64587318;G|A;Family=11804	0.217021709984554	0.0142930212726573	0.158074542476285	1
chr14:64744664;G|A;Family=11520	0.401351365247057	0.000580757786606017	0.0320142729866567	1
chr14:64947292;C|T;Family=12073	0.0678588627693734	0.501509414431873	0.815740100942541	1
chr14:67333928;G|A;Family=13884	0.0797592195347707	0.709227198987213	0.908186937836579	1
chr14:67471834;G|A;Family=12481	0.0462119738051376	0.423404603236846	0.766429676869981	1
chr14:67471937;C|T;Family=11505	-0.0464599271300975	0.397460184367097	0.74668521710823	1
chr14:67588167;C|T;Family=12780	-0.0577042615788237	0.586108592220833	0.851623719425684	1
chr14:67762324;C|T;Family=12451	0.115489954084203	0.164360608302037	0.517268038289238	1
chr14:67783324;C|T;Family=11933	0.0149893496168094	0.876782218331577	0.964795683590463	1
chr14:69349262;G|T;Family=12507	0.130347863037295	0.0471686585626426	0.292462262581728	1
chr14:69458622;C|T;Family=11117	-0.0615270689727548	0.45970205774586	0.791136029135314	1
chr14:69528683;G|A;Family=11775	-0.3389249082517	0.00519306854512997	0.0995714447131442	1
chr14:69714507;C|T;Family=13961	-0.241713301781454	0.009789539124156	0.128817357145031	1
chr14:69714839;G|C;Family=13709	-0.0557669429041767	0.477870319731918	0.802337476373763	1
chr14:70051018;G|A;Family=13618	0.109339096659044	0.239519854902506	0.604204000895088	1
chr14:70672191;A|G;Family=13271	-0.0890945239793798	0.354326020822552	0.709456413996574	1
chr14:70672279;A|G;Family=14165	-0.0865132392348448	0.530563082686785	0.826632763543998	1
chr14:71741218;T|C;Family=14463	0.0766228309487514	0.705261392727453	0.906764647792439	1
chr14:72951816;C|T;Family=14216	-0.0210809710862905	0.84423675619907	0.959580749586354	1
chr14:72957270;A|G;Family=11775	0.559249803114944	0.122554712378861	0.455609088801498	1
chr14:72970085;C|T;Family=11051	-0.00753246180052266	0.907898769625463	0.973872562857596	1
chr14:73219147;C|T;Family=12304	-0.0391080040334183	0.783659025173609	0.932628523384658	1
chr14:73219800;A|G;Family=14084	0.0414232679577012	0.659872404389986	0.886868511500141	1
chr14:73264024;T|C;Family=14378	0.0558514096205383	0.453172831409409	0.788748766261666	1
chr14:74199900;A|G;Family=14234	-0.136516472394075	0.456124729672153	0.789989222524966	1
chr14:74675817;G|A;Family=11462	-0.164066567928531	0.00894439749714689	0.123347617796215	1
chr14:74905829;C|T;Family=14342	-0.0251911988497098	0.666199405828145	0.889401750617245	1
chr14:75014738;C|G;Family=11382	0.216937917812176	0.261990371458438	0.625796906232477	1
chr14:76501674;T|C;Family=13568	-0.175897030465635	0.30079259712062	0.662300349149429	1
chr14:76780525;A|G;Family=12674	-0.00937129822430877	0.923544031413169	0.977021363808501	1
chr14:76788186;G|C;Family=11924	-0.0108734122318424	0.844955530725326	0.959580749586354	1
chr14:77131926;A|G;Family=11366	-0.206078794208417	0.00707286166641166	0.110014710207266	1
chr14:77275778;G|A;Family=11110	-0.0363516347267189	0.695479524070055	0.901084010620328	1
chr14:77331556;C|T;Family=13621	-0.156833152743592	0.26654948701141	0.63155580267042	1
chr14:77672418;A|G;Family=12015	-0.00610080509140951	0.976914377873668	0.995037088024034	1
chr14:80198034;C|T;Family=11108	-0.103398054826418	0.445417487311976	0.782839241413405	1
chr14:81472756;T|C;Family=12426	-0.143126722042291	0.569440056638728	0.84329808483896	1
chr14:85638868;A|C;Family=14172	1.00280104727395	3.38707354815869e-07	0.000284943587034713	0.00119495954779038
chr14:85639167;T|A;Family=13705	0.0213417602264188	0.882226012755215	0.964795683590463	1
chr14:85640939;T|C;Family=12407	-0.0388351145982188	0.707824331140484	0.907744180393903	1
chr14:85645691;A|C;Family=14344	0.16556521184719	0.279937568450909	0.645390539641952	1
chr14:87941540;C|T;Family=11107	-0.204297031251234	0.115548840173991	0.445237995242819	1
chr14:88465931;AATT|A;Family=11366	-0.220515508756554	0.470270437380683	0.798824794590684	1
chr14:88467813;C|G;Family=14590	-0.0202137890971321	0.919979873817933	0.977021363808501	1
chr14:90043800;G|A;Family=13335	0.0619174127267215	0.719540419759929	0.911753809280068	1
chr14:90533760;G|C;Family=14268	-0.0162047295797382	0.863223599843953	0.964795683590463	1
chr14:90538579;G|A;Family=14394	0.130289409290367	0.238532973170214	0.604204000895088	1
chr14:92045541;A|C;Family=12892	-0.0648813494473324	0.36357831910623	0.719407913520347	1
chr14:92047191;C|T;Family=14135	-0.0941375766510659	0.326830025168164	0.682685807456059	1
chr14:92053999;A|G;Family=11164	0.0334727670217843	0.749929591748393	0.922829298810022	1
chr14:92054370;G|C;Family=12099	-0.232772182986804	0.0650933384067361	0.344270774452195	1
chr14:93227678;G|C;Family=14006	0.298433803602065	0.0306915611507644	0.243529944180911	1
chr14:93720913;C|A;Family=14227	-0.0254346184945832	0.758486813634709	0.926323790739011	1
chr14:94039397;GACAA|G;Family=14096	-0.198712120911413	0.00141312756155417	0.0453311687480763	1
chr14:94569714;G|A;Family=11310	-0.0261097847588809	0.770631663845844	0.929856736493016	1
chr14:95185595;A|G;Family=11201	0.081836054448569	0.379700625338785	0.735188782218568	1
chr14:96243117;G|GA;Family=14404	0.0750992473998731	0.508028970724445	0.816342611686745	1
chr14:96385707;G|A;Family=11526	-0.310522685051847	0.0215329437686161	0.203427707886817	1
chr14:99501572;T|C;Family=14618	-0.252082367638324	0.0232992920334042	0.211914611737173	1
chr14:99508667;G|C;Family=14525	-0.237587031874259	0.0142892556632925	0.158074542476285	1
chr14:99940981;T|G;Family=11575	-0.282847328404693	0.224496108101965	0.588231261010388	1
chr15:100567287;C|T;Family=14290	0.0431460546107343	0.696761175783478	0.901412101456506	1
chr15:100915213;C|G;Family=14525	-0.0315596723825465	0.741542779366931	0.918046381435353	1
chr15:101027693;G|A;Family=12036	-0.132037859515134	0.283985900367211	0.647077862579138	1
chr15:101029230;C|T;Family=13822	0.738255111713343	0.000114841939769425	0.0106621674606982	0.405162363506532
chr15:101068817;G|A;Family=12550	0.0324048106183894	0.74911806042896	0.922740511376382	1
chr15:101069279;G|T;Family=14260	-0.0508526885949639	0.488051243846568	0.807115201100585	1
chr15:101177327;C|T;Family=14043	0.289061737919383	0.065647969085412	0.345342159953808	1
chr15:101270931;G|C;Family=12796	0.0749083683635683	0.559377230382402	0.841610212430537	1
chr15:101271238;C|T;Family=14047	-0.151911350941017	0.567303528891748	0.84329808483896	1
chr15:101346652;G|A;Family=13532	-0.0832014326276477	0.322713601750459	0.680534122519797	1
chr15:22827571;A|G;Family=13624	-0.389309325017854	0.00421238747905432	0.0869082048310154	1
chr15:23441288;T|A;Family=14697	-0.0863105522293356	0.469789034620112	0.798791176524741	1
chr15:23567590;T|G;Family=12925	-0.0216912149763689	0.867207449369046	0.964795683590463	1
chr15:24982024;C|T;Family=14272	0.142776340861738	0.210743032223322	0.571924167449139	1
chr15:25334715;T|C;Family=12162	-0.0426706686347794	0.560073346876385	0.841610212430537	1
chr15:25677943;G|A;Family=14245	0.00266820455685426	0.973229556507467	0.993217782863276	1
chr15:25679685;C|T;Family=12132	-0.00721012273942397	0.955099102324265	0.985548298625331	1
chr15:25680190;T|C;Family=14465	-0.0413062462834851	0.671846520712473	0.890758604506767	1
chr15:26583387;C|T;Family=12573	0.295433172862515	0.0772303257455032	0.374814499963578	1
chr15:27535641;C|CA;Family=13634	0.00359471631279861	0.970424055815845	0.992364077947334	1
chr15:28260857;G|A;Family=14243	0.00680730232235363	0.918298864582899	0.977021363808501	1
chr15:28269371;A|C;Family=11469	-0.102405113495063	0.136945703157715	0.477781991804383	1
chr15:29121091;G|A;Family=12246	0.13095264331848	0.0370916848501198	0.263879509028397	1
chr15:32638104;T|C;Family=14070	0.106142121681883	0.598607984819589	0.860590452503468	1
chr15:32768823;G|A;Family=13673	0.0268353604135487	0.905446680214218	0.972721037696638	1
chr15:32770748;C|A;Family=11380	-0.0316080962393266	0.755831670923969	0.924995392197226	1
chr15:34228531;C|G;Family=11484	-0.126373349929701	0.245624793971696	0.609050771067072	1
chr15:34904362;T|G;Family=13050	-0.403106663289623	0.0207269280375617	0.198169653432297	1
chr15:40091406;A|G;Family=14446	0.193021052537237	0.00329473247680951	0.0749923624398964	1
chr15:40272478;G|A;Family=11368	0.100085870560212	0.331834910368202	0.686881695087364	1
chr15:40324948;T|G;Family=11014	-0.265978817324865	0.0609444397767629	0.332821636123524	1
chr15:40375689;C|G;Family=13585	-0.0126950987341244	0.868345263298001	0.964795683590463	1
chr15:40663005;G|T;Family=12716	0.0227816184881008	0.890403975597581	0.966728012998583	1
chr15:40736463;C|A;Family=11578	0.180514195836158	0.165907667140047	0.518443090938961	1
chr15:40765303;A|C;Family=11220	-0.0908960119168427	0.504007785005635	0.816342611686745	1
chr15:40767256;C|T;Family=13544	0.0658978005015454	0.439506199113615	0.778443293743726	1
chr15:40814773;C|T;Family=13948	-0.0886702870252429	0.232965888879559	0.598618831731307	1
chr15:41280038;A|G;Family=12656	-0.207604524799534	0.220787042549717	0.583036441703145	1
chr15:41898395;T|G;Family=11257	-0.373367442840842	0.108340405369965	0.43632985176397	1
chr15:42239720;C|T;Family=14118	0.438924619481001	0.0177213954683302	0.180176032312015	1
chr15:42352520;C|T;Family=12510	-0.0511684259708303	0.656864120849148	0.885524118592203	1
chr15:42355683;T|C;Family=12858	0.0101128430792372	0.950020559617072	0.98251240567283	1
chr15:42567837;C|T;Family=13888	0.0523393654170386	0.589405512742009	0.852876963926325	1
chr15:42569418;C|T;Family=14385	-0.0572686305097756	0.625915179182493	0.87292587791861	1
chr15:42718825;G|A;Family=11339	-0.0727420279987028	0.483580546083991	0.80419872341382	1
chr15:42728672;CT|C;Family=12622	-0.0233264065108446	0.807520856677872	0.942746951846098	1
chr15:48460268;G|A;Family=11018	0.333779575033749	0.000850335998625027	0.039097206983894	1
chr15:48989689;A|G;Family=11364	0.245710065796951	0.280234628757451	0.645390539641952	1
chr15:49859538;T|C;Family=12759	0.0791030887981068	0.613461479049726	0.869479998452521	1
chr15:50499413;T|C;Family=11030	-0.194861176479242	0.458642162636799	0.790468759053555	1
chr15:50501626;A|G;Family=12161	-0.023235015736884	0.898660937237611	0.969564460726083	1
chr15:50561366;T|C;Family=13998	-0.346627017132127	0.0474692710044961	0.292782496685074	1
chr15:51208400;C|T;Family=11551	0.25145728021229	0.0382408806160804	0.267530669035236	1
chr15:52121290;C|T;Family=12108	0.103529198056558	0.328094915079565	0.683305112397111	1
chr15:52229152;C|T;Family=11329	-0.112983115926775	0.172879466955324	0.525555764498817	1
chr15:52383145;G|C;Family=14068	0.078696615979665	0.426383882879079	0.769538069389255	1
chr15:53514080;G|A;Family=14209	0.0198235924654565	0.939679812182051	0.980285491760471	1
chr15:55359693;G|A;Family=12563	-0.0887448663850539	0.563041737214509	0.842161995394661	1
chr15:55539177;C|T;Family=11079	0.118273163045007	0.612721378058557	0.868842854417439	1
chr15:55613938;G|A;Family=12021	-0.0274403603178806	0.783423717992745	0.932628523384658	1
chr15:56088533;TTTTG|T;Family=11181	-0.360024240559809	0.308988654363973	0.668008062250614	1
chr15:56093321;G|A;Family=13684	0.0697257393877798	0.40006115283914	0.748364659181594	1
chr15:56396701;G|C;Family=12906	0.0514592159733524	0.676002007640123	0.892565525057767	1
chr15:56397396;T|G;Family=12906	-0.365525753901657	0.00463769349338769	0.0929646741174533	1
chr15:56398111;T|A;Family=12906	0.180357524296957	0.158255294829831	0.506646715208388	1
chr15:56653398;A|C;Family=12572	0.0922381768904011	0.115203060791883	0.444678772947224	1
chr15:57547895;A|G;Family=12648	0.0834801688241384	0.0337054285018214	0.256599229466978	1
chr15:58590855;AACC|A;Family=14608	-0.448025223329579	0.141678873722399	0.480156644085133	1
chr15:59132694;T|C;Family=13169	-0.0221435814612594	0.799712615819873	0.939835479218025	1
chr15:59134897;T|G;Family=14109	-0.224372091041117	0.138935381219201	0.477781991804383	1
chr15:59137358;A|G;Family=11246	-0.00387127537634308	0.969770879168498	0.991983665325155	1
chr15:60422471;T|A;Family=13916	0.170932002916844	0.354603633506781	0.709609539995419	1
chr15:60423023;T|C;Family=12246	0.154097485136629	0.347220908193726	0.702003073987086	1
chr15:60451608;A|G;Family=12802	0.370695201372842	0.110674102626371	0.438839616029696	1
chr15:62069453;C|T;Family=14228	0.0583269087450177	0.522419471003485	0.821643879275796	1
chr15:63322397;C|T;Family=11546	-0.320233357248031	0.150065624270201	0.495258673924481	1
chr15:63599874;T|G;Family=13258	-0.28267802781229	0.00864551031642849	0.122168287982741	1
chr15:63600869;A|G;Family=13082	0.269634764525897	0.385192197147975	0.738935925347405	1
chr15:63601973;A|C;Family=14038	-0.0185664321979467	0.822570891327204	0.950227809629378	1
chr15:64168554;G|T;Family=14004	0.0746113483101168	0.75915564621261	0.926356136113385	1
chr15:64424311;G|C;Family=14304	-0.236302567933641	0.328037367430621	0.683305112397111	1
chr15:64503001;T|C;Family=13026	0.0698193958294853	0.415942004402247	0.760877041931774	1
chr15:64866999;C|T;Family=11998	-0.111748039868377	0.358573932196424	0.714134171899612	1
chr15:65577405;C|CG;Family=14244	0.0910968800837382	0.464380694352701	0.794922411293706	1
chr15:65577406;A|C;Family=14244	0.141865617563625	0.177984879324187	0.529899286291757	1
chr15:65896118;C|G;Family=12161	-0.0445288456132845	0.83699338289247	0.957494375760257	1
chr15:65906121;G|A;Family=12056	0.46157054890465	0.00439917247873486	0.0897126040750091	1
chr15:66337167;T|C;Family=12238	-0.182795242526506	0.247011304767741	0.609795368790033	1
chr15:66553131;C|T;Family=14675	-0.0423984658378398	0.679318281428033	0.893599886979158	1
chr15:66781212;G|A;Family=14671	-0.0221196597222338	0.857726470457393	0.964634678920523	1
chr15:67373445;T|C;Family=14523	0.310069916652455	1.5901852483596e-05	0.00350635847263293	0.0561017355621269
chr15:67373521;GT|G;Family=12548	-0.0260665334074085	0.786433720365627	0.933467360169805	1
chr15:67501603;C|A;Family=12532	0.238763953988995	0.313754031720181	0.672387665556811	1
chr15:67530050;T|C;Family=14596	0.00669858607018128	0.95887402024076	0.988057322920631	1
chr15:68779354;T|TG;Family=14207	-0.282159300516152	0.247364056575226	0.609853523128859	1
chr15:69270974;G|A;Family=14464	0.124840924333459	0.455176605013795	0.789898210766685	1
chr15:70049346;C|T;Family=13977	0.0130260253438282	0.885722774582435	0.964795683590463	1
chr15:71959179;C|T;Family=11445	0.194054460954854	0.443840920201253	0.782342425104903	1
chr15:72141795;AAGATT|A;Family=13776	-0.288864558296862	0.0469522291288828	0.292147203468604	1
chr15:72208624;C|T;Family=12795	-0.00447386780082733	0.943061774922777	0.980611922565715	1
chr15:72593154;T|A;Family=13763	-0.30702259135652	0.090957252846753	0.399607356689742	1
chr15:72756402;A|C;Family=14428	-0.0796486650247846	0.243719833449681	0.607663302056872	1
chr15:72774997;T|C;Family=12704	-0.191195984065735	0.0134824346393103	0.151968145071842	1
chr15:73739396;G|A;Family=13166	0.107593608074425	0.216941569225826	0.578510851268868	1
chr15:73946452;T|A;Family=14240	0.0423103987704651	0.593533499618743	0.856902152797994	1
chr15:73981283;G|A;Family=14342	-0.006092976411863	0.924957600398466	0.977021363808501	1
chr15:73981895;G|A;Family=14458	0.000449739406831101	0.996295582012989	0.999127576276812	1
chr15:74630849;G|C;Family=11731	-0.146897015765896	0.142382727217571	0.481616741729235	1
chr15:74803022;T|C;Family=12492	-0.0476686935706549	0.577273102322151	0.847532045356865	1
chr15:74845146;GA|G;Family=14257	-0.0182453005805462	0.804042318386005	0.940849518827803	1
chr15:74901292;G|A;Family=14290	0.154578078186805	0.0668055378815121	0.347625276763974	1
chr15:75355796;C|T;Family=13122	0.0405350467171884	0.483943195128405	0.80419872341382	1
chr15:75370263;G|A;Family=11504	-0.0500504494762582	0.714418841403549	0.909916849267769	1
chr15:75463370;A|G;Family=14482	0.254027875683251	0.0848968488199009	0.388981925502091	1
chr15:75661407;G|C;Family=14620	0.00925079548390142	0.969626586455142	0.991983665325155	1
chr15:76728599;C|T;Family=14558	0.0360483888590723	0.648504367048878	0.882434382903829	1
chr15:77007986;G|A;Family=12279	0.0380727826767107	0.647493987690241	0.882332479170016	1
chr15:77107216;T|C;Family=12618	0.0314342065512555	0.730793582393514	0.914593741995146	1
chr15:78163484;A|G;Family=14436	0.206247937652114	0.536928166633181	0.828301210745779	1
chr15:78478334;C|T;Family=13364	-0.148033393526307	0.311534642699514	0.671131128658501	1
chr15:78490631;A|G;Family=13557	-0.0137448362457878	0.945025755011785	0.980651569631485	1
chr15:78536282;C|G;Family=11303	0.0633949647640461	0.619823525798753	0.871150681012608	1
chr15:78594137;CTTACT|C;Family=22349	0.206177034894402	0.421297887002397	0.763791852694993	1
chr15:78925354;A|G;Family=11963	-0.331006245458941	0.0740034914115604	0.365664310504181	1
chr15:79295340;G|A;Family=11989	-0.0620720201363225	0.692429623551909	0.899444665644747	1
chr15:79845082;C|T;Family=22249	0.824710133644824	0.000230232766010983	0.0168280267105541	0.812261198486749
chr15:81303649;C|T;Family=14369	0.427679410579638	0.0101005065078088	0.129487114206832	1
chr15:82043046;G|A;Family=14351	-0.228396690330952	0.0461303836167503	0.29052592835557	1
chr15:82687129;TGAA|T;Family=13394	-0.245002611422479	0.0318035040585039	0.246599477622861	1
chr15:82842933;T|C;Family=13673	0.0543543376609624	0.696683761445965	0.901412101456506	1
chr15:83017414;C|T;Family=12588	-0.0314211476384123	0.874123313727392	0.964795683590463	1
chr15:83138723;C|T;Family=13191	0.135903741203904	0.4951032188757	0.811735766458076	1
chr15:84802623;C|T;Family=11729	0.176734147820695	0.0717352881240934	0.35949161434915	1
chr15:84804014;A|G;Family=13466	-0.0915221357124125	0.613958411319253	0.869548484598284	1
chr15:84806138;A|G;Family=11203	-0.21793712427653	0.245358808680185	0.609050771067072	1
chr15:86909044;C|A;Family=13724	0.00927427646830697	0.85713449326032	0.96427630491786	1
chr15:86910332;A|T;Family=14254	-0.153772808428211	0.376469963964708	0.732921530291402	1
chr15:87861035;T|G;Family=14410	0.185441838297683	0.137641204426411	0.477781991804383	1
chr15:87874420;G|A;Family=11458	0.0268641626722016	0.527307703892001	0.8246194943843	1
chr15:88480591;A|T;Family=14635	-0.0671086342916485	0.505612484016328	0.816342611686745	1
chr15:89195431;G|A;Family=14575	-0.0264054998451836	0.730433349149416	0.914593741995146	1
chr15:89202100;G|A;Family=14536	-0.426296960921261	0.161467455722202	0.511940678739059	1
chr15:89326709;ACTCCTC|A;Family=14565	0.0554595257185629	0.62208548449531	0.871499087199522	1
chr15:89681678;C|T;Family=13484	0.221283582987476	0.283037075914179	0.646958787482004	1
chr15:89682026;G|C;Family=11411	-0.153874213656757	0.309389221575256	0.668008062250614	1
chr15:89833427;A|T;Family=11456	0.0860657586783972	0.314458866675128	0.672387665556811	1
chr15:89834264;A|T;Family=13666	0.197348145434856	0.00385170120542274	0.0836942059553269	1
chr15:90273069;G|T;Family=14633	0.0273004726455748	0.771424006972182	0.929988117223408	1
chr15:90365138;GA|G;Family=13589	0.0486224577535832	0.563104713720046	0.842161995394661	1
chr15:90500172;T|G;Family=11047	0.0585040186067111	0.264221417138897	0.62852872313644	1
chr15:90883330;G|A;Family=Hou-etal:rs4702	-0.00844728679507839	0.933686151241919	0.979065044223405	1
chr15:91300272;G|A;Family=14344	0.164195133445838	0.295138261006176	0.65611076548821	1
chr15:92618243;G|A;Family=11089	0.0684330310314566	0.382710174715289	0.73772613972654	1
chr15:92901779;A|C;Family=12687	0.14451722549749	0.369221379830885	0.725285650358219	1
chr15:92901780;T|A;Family=12687	0.222673918953174	0.257871691215971	0.620922056511268	1
chr15:93045173;G|A;Family=11627	-0.100347478177643	0.277856221719803	0.645390539641952	1
chr15:93045216;C|T;Family=13333	0.0287658771935736	0.770267375673896	0.929856736493016	1
chr15:94481478;G|C;Family=13732	0.0546380929310744	0.458965199870751	0.790639270089848	1
chr15:94481988;A|G;Family=12483	-0.601434031780794	0.0362422450262223	0.261472718077938	1
chr15:96338680;G|GT;Family=12493	-0.146506927178754	0.526734334239752	0.824453740549177	1
chr15:98961301;G|A;Family=13914	0.108279134914516	0.403922220862856	0.75239577360304	1
chr15:99713046;T|C;Family=11045	0.0733581079259875	0.517015011469834	0.819897350956253	1
chr15:99713868;T|C;Family=13628	0.211958707584489	0.479570678309503	0.803689404748956	1
chr15:99715933;A|G;Family=13251	-0.17919715783291	0.336303801639567	0.691421801972256	1
chr16:10528610;T|G;Family=12729	0.0184591707207	0.915679064118883	0.977021363808501	1
chr16:10532068;C|T;Family=13234	-0.15080543077035	0.0806730788715856	0.381010203827248	1
chr16:10940794;C|T;Family=13850	0.121016662097903	0.100979107707409	0.421602712416258	1
chr16:11372558;G|C;Family=14393	0.0656491813503898	0.434138744455671	0.774338468371894	1
chr16:11549237;CA|C;Family=11417	-0.182625045272755	0.0454981157054383	0.288339997402995	1
chr16:11871306;C|T;Family=13015	0.222061538926296	0.0222649357147969	0.206712350531061	1
chr16:1213915;A|G;Family=14061	0.174145491069484	0.0502820692930625	0.303198247416822	1
chr16:12569002;G|T;Family=14493	-0.0119224839571515	0.913790997925559	0.976629700297295	1
chr16:12569318;T|TGC;Family=12285	0.0406965641306561	0.5466222292425	0.83478033208548	1
chr16:12569804;A|G;Family=14265	-0.0758413585044379	0.379646662878066	0.735188782218568	1
chr16:12573936;CTT|C;Family=11839	-0.107151239517098	0.0859793306870954	0.392412779643044	1
chr16:1321063;C|T;Family=14016	-0.0224591685195549	0.803840690121269	0.940849518827803	1
chr16:1321177;C|T;Family=11685	0.0371443274239824	0.617149748440401	0.869559014114187	1
chr16:13237326;G|A;Family=14058	0.0845444899055601	0.522573037583292	0.821643879275796	1
chr16:1324951;G|A;Family=14321	-0.428447669554693	0.00940446213829611	0.126155674615622	1
chr16:13948562;T|C;Family=12821	0.243729559212821	0.0117516387469276	0.138661476585821	1
chr16:13949970;A|AT;Family=11479	0.0405247681580833	0.678564892157483	0.8935265122136	1
chr16:189971;T|C;Family=14122	-0.192738235394322	0.0301088050941492	0.240325485004883	1
chr16:19267192;C|T;Family=14257	-0.0460045423669796	0.518560262124924	0.819897350956253	1
chr16:1938368;C|T;Family=13263	-0.0482933036266616	0.509034014055528	0.816342611686745	1
chr16:19856813;C|A;Family=11298	-0.586435811314451	0.000983090237319889	0.0391903373875601	1
chr16:1993957;C|T;Family=12014	-0.00640432323065141	0.925863277694499	0.977021363808501	1
chr16:20032346;T|C;Family=12325	0.104850774285098	0.120906737047088	0.453058320618569	1
chr16:2081694;C|T;Family=14601	-0.0555458129354717	0.671703242360195	0.890758604506767	1
chr16:2086268;C|T;Family=12621	-0.00858008352384304	0.939684840685385	0.980285491760471	1
chr16:21179846;G|A;Family=14379	0.047302655698033	0.426997600048823	0.76958868944301	1
chr16:21251033;C|T;Family=12631	0.0406656387980739	0.768261047019607	0.928654771896737	1
chr16:23063202;T|C;Family=13364	-0.371625297579836	0.0176761962290774	0.180176032312015	1
chr16:23464668;G|A;Family=14519	-0.00694788161012584	0.9216733437921	0.977021363808501	1
chr16:23667172;T|C;Family=12647	0.101951484947973	0.326805346260683	0.682685807456059	1
chr16:24215158;A|G;Family=13136	-0.0326385756943668	0.776365927985226	0.932273313115002	1
chr16:25239158;G|T;Family=11352	0.28116585971792	0.0179394218464384	0.180829372212099	1
chr16:2707660;C|A;Family=14036	0.146212782367746	0.107697760879383	0.434803829251332	1
chr16:2707663;G|A;Family=14036	0.0133471945718005	0.900159370989211	0.970587488034822	1
chr16:27449743;C|T;Family=14061	-0.0680131510739575	0.174554478974019	0.525555764498817	1
chr16:27788100;C|A;Family=11993	-0.0382440926423079	0.762754844826581	0.926652580078573	1
chr16:28484111;A|G;Family=13368	-0.166089339097862	0.0476911545989784	0.293126120949819	1
chr16:28873529;G|A;Family=13076	0.0254333900218425	0.756449599368036	0.925044778707255	1
chr16:29743897;C|T;Family=11301	0.0307782432537766	0.802825043980543	0.94036080848717	1
chr16:29992683;G|C;Family=11003	-0.0443930171684033	0.722919466036525	0.911753809280068	1
chr16:30095091;C|T;Family=11055	-0.0689621688257802	0.294581055673211	0.655730237679298	1
chr16:30532838;G|A;Family=22030	-0.0588312932462997	0.484536250611775	0.80419872341382	1
chr16:30780397;T|G;Family=12829	0.118886579780771	0.244649983643178	0.609050771067072	1
chr16:30990077;T|A;Family=11540	0.031373654804828	0.709714112135898	0.908186937836579	1
chr16:31193345;A|G;Family=14416	0.0144011804926372	0.761197970122648	0.926356136113385	1
chr16:31332096;C|T;Family=11484	0.0192238609914238	0.872874536666744	0.964795683590463	1
chr16:3140739;C|G;Family=12536	-0.0603830193516952	0.437657004290762	0.775906488008949	1
chr16:3535329;G|T;Family=14149	0.10569013940128	0.180463184933085	0.531541341374489	1
chr16:3656675;G|A;Family=13424	0.11879197742076	0.163357545947688	0.515036123416839	1
chr16:3704332;A|T;Family=12073	-0.0432642212299615	0.846777986966695	0.960589304829099	1
chr16:4190888;C|T;Family=11235	-0.247708119118263	0.0030481390447001	0.0741643762048411	1
chr16:46657240;T|A;Family=12719	-0.025703799731386	0.866456214423758	0.964795683590463	1
chr16:4690849;G|A;Family=14653	0.274103325711715	0.0122092241782966	0.141226698036165	1
chr16:46929467;AG|A;Family=12779	-0.20011286643844	0.0103745751517648	0.131188176112639	1
chr16:4752418;C|T;Family=14070	0.200028134090372	0.179116167844883	0.530580890140007	1
chr16:48352917;C|G;Family=12788	-0.243651573160788	0.0635781280955231	0.339590779618162	1
chr16:48538924;C|T;Family=14617	-0.00708559149621324	0.937841454919273	0.980285491760471	1
chr16:49279058;G|T;Family=13283	-0.152046508051557	0.326068238397124	0.682685807456059	1
chr16:49490000;C|T;Family=14598	-0.0463422381465778	0.719905672625363	0.911753809280068	1
chr16:50707935;A|G;Family=13504	-0.173194907188526	0.21347446258877	0.574446454367046	1
chr16:53491584;A|AAGAT;Family=14637	-0.324042560540895	0.0918504514038324	0.40104999078307	1
chr16:53934071;C|T;Family=13882	0.133982259653744	0.347983158564658	0.702661163755866	1
chr16:54115899;A|G;Family=14641	0.0869467717739709	0.404248308750197	0.752605822306435	1
chr16:54118659;A|G;Family=11587	-0.0917750270634384	0.156776456751757	0.503643736045143	1
chr16:56847265;ATC|A;Family=13856	0.0320491511178545	0.732837935061588	0.915901584585743	1
chr16:56944000;G|A;Family=12020	1.22649555207638	0.000286146166909253	0.0185346584564784	1
chr16:57082663;G|A;Family=14247	0.069208431435207	0.558021149719238	0.841577439025505	1
chr16:57148331;G|GTACA;Family=11056	-0.0999621984250707	0.223101901651876	0.586078562194951	1
chr16:57167173;C|A;Family=14042	0.0686812825174377	0.447501581177557	0.783127767060724	1
chr16:57252813;A|G;Family=12975	-0.043650078495542	0.621374955262191	0.871499087199522	1
chr16:57252942;G|GA;Family=14423	-0.277949330110629	0.210980042487664	0.572127278936571	1
chr16:57883767;A|G;Family=13129	0.0119410733030674	0.898118554502599	0.969500492270948	1
chr16:583935;G|A;Family=14161	-0.111751439466291	0.39703758810364	0.74668521710823	1
chr16:58512675;T|C;Family=12318	0.00434899202624487	0.96130334254356	0.988057322920631	1
chr16:58520791;C|T;Family=13143	-0.0395615613546885	0.690032504130696	0.898646982123698	1
chr16:59123;A|G;Family=13681	-0.023789330401117	0.719059584183897	0.911753809280068	1
chr16:61653156;G|T;Family=12469	-0.173019355128291	0.238269076837759	0.604204000895088	1
chr16:62660;C|T;Family=14680	0.034842062310073	0.65967589012975	0.886868511500141	1
chr16:66400812;C|T;Family=12086	-0.175932709334545	0.0112284488388082	0.135201254277526	1
chr16:66404214;G|A;Family=14152	0.0113781125875698	0.892511942416027	0.967665068483019	1
chr16:66612716;C|T;Family=12662	0.0300809983463652	0.855312004207226	0.963503656884165	1
chr16:66616749;C|T;Family=11775	0.0681601323852965	0.508670122293302	0.816342611686745	1
chr16:66854047;G|C;Family=13259	-0.103432725145948	0.204559277776129	0.566496377026412	1
chr16:66911921;C|T;Family=13351	-0.0256612503304979	0.783629519183053	0.932628523384658	1
chr16:66942147;A|G;Family=13938	-0.232601887619434	0.0346407908611692	0.258172226557601	1
chr16:67198680;C|G;Family=11276	-0.388741806902331	0.000112332813606455	0.0106621674606982	0.396310166403572
chr16:67270740;A|G;Family=14244	-0.360691157777818	0.00746553217759201	0.110665535809011	1
chr16:67647175;G|A;Family=11150	-0.143038957256861	0.419854732741883	0.763791852694993	1
chr16:67683136;C|G;Family=14645	0.13423294598774	0.481832096258661	0.803998857334707	1
chr16:67724986;C|G;Family=14645	-0.0860515015887539	0.327465590583832	0.683241876647448	1
chr16:67725007;C|G;Family=14645	0.145202639109652	0.0923810145379612	0.401594726017005	1
chr16:67843938;T|C;Family=13808	-0.161501030266429	0.432219566925864	0.772869048208033	1
chr16:67951940;A|G;Family=14151	-0.0332717267885499	0.642427674139084	0.879846597190484	1
chr16:68300417;G|GTTGA;Family=13929	0.0922448695222023	0.292926577629977	0.654395860182543	1
chr16:68687595;C|G;Family=14402	0.0679007603290635	0.30180336787186	0.662300349149429	1
chr16:69340788;T|C;Family=13143	0.0105125456262873	0.921378241254522	0.977021363808501	1
chr16:69356055;A|C;Family=14454	-0.200643956034242	0.0163389202103357	0.172070777618102	1
chr16:70247662;G|T;Family=11509	0.523954181844314	0.041549356443643	0.275103546575575	1
chr16:70483943;C|T;Family=14265	0.00362090901787582	0.96653549806368	0.990181023139936	1
chr16:70572436;C|T;Family=11753	-0.473935141077106	3.93159566533104e-05	0.00630484977603996	0.138706695072879
chr16:70573035;A|T;Family=14597	-0.0988094521434927	0.324772001110623	0.682685807456059	1
chr16:70662896;C|T;Family=14417	-0.0490511988311368	0.534693210265961	0.828301210745779	1
chr16:70687915;C|T;Family=11168	-0.0151568992829927	0.873504657984912	0.964795683590463	1
chr16:70785746;C|A;Family=11003	0.0676146788208203	0.396246621093246	0.74668521710823	1
chr16:71282674;A|T;Family=11256	-0.18414978608947	0.375478326214605	0.731871566234876	1
chr16:71456106;G|A;Family=12518	0.0728543380523067	0.495875294564082	0.812042886513514	1
chr16:71641521;GA|G;Family=14192	-0.0999262157809203	0.164958195047823	0.517283554952055	1
chr16:71765565;C|T;Family=11207	0.119160314220961	0.469636138392581	0.798791176524741	1
chr16:718549;C|T;Family=11397	-0.129821208847759	0.1529220610642	0.498684893222827	1
chr16:71855434;G|A;Family=11307	0.122825418579377	0.444438112070696	0.782342425104903	1
chr16:72027420;C|T;Family=11368	0.0761083955576977	0.339220132507661	0.693690567786853	1
chr16:72086073;A|C;Family=13391	-0.247479069015046	0.0436029963012552	0.28174243763888	1
chr16:729185;T|G;Family=14467	-0.0680613367458724	0.4326060309643	0.773168225553218	1
chr16:74448548;G|A;Family=14679	0.432774322700236	0.125941558100658	0.461872990622787	1
chr16:74622513;T|C;Family=11707	0.021590306866121	0.921465462524527	0.977021363808501	1
chr16:74672149;T|G;Family=11883	-0.240556093589669	0.0826687754194484	0.385729449844432	1
chr16:75108224;G|GT;Family=14633	0.0195149088357025	0.89689695854798	0.969500492270948	1
chr16:75114636;C|T;Family=12664	0.0202125206073645	0.867034393835825	0.964795683590463	1
chr16:75234913;C|T;Family=12154	-0.00621075688295068	0.929649608006816	0.978053751929722	1
chr16:75235814;T|G;Family=14219	-0.0794809294248302	0.348143909933462	0.702661163755866	1
chr16:75568310;G|C;Family=13773	0.114084375701098	0.117928413979961	0.44938534714533	1
chr16:77741983;G|C;Family=12739	0.0667479091609067	0.447135189068796	0.783127767060724	1
chr16:785736;G|C;Family=14131	-0.451859770341127	0.000853312057188163	0.039097206983894	1
chr16:80599464;G|A;Family=12738	-0.181686311634236	0.173963435007611	0.525555764498817	1
chr16:80604158;G|A;Family=14321	-0.213292996708077	0.0138652383123857	0.155785225369734	1
chr16:80604272;C|T;Family=12154	-0.103260130583681	0.118736643594358	0.449949386252302	1
chr16:80968023;GAA|G;Family=14363	-0.348184911935689	0.072241480675153	0.361002753288867	1
chr16:81022785;C|T;Family=12180	-0.09088676877854	0.394414413106371	0.74668521710823	1
chr16:81171803;A|G;Family=12937	-0.11341261341729	0.414985330221449	0.760877041931774	1
chr16:81173810;G|A;Family=14666	0.0777307607796113	0.274894036719459	0.643605610981765	1
chr16:81174389;G|A;Family=12180	-0.188159542891674	0.0311573142495504	0.245863957994585	1
chr16:81267919;C|A;Family=12083	0.144009631768928	0.110445115739608	0.438839616029696	1
chr16:81388913;C|G;Family=11417	-0.262630522824686	0.396755212903673	0.74668521710823	1
chr16:81959671;G|A;Family=22280	0.233201619027941	0.0125236301552714	0.143919762826702	1
chr16:81991522;G|A;Family=14521	-0.276605145306308	0.0439906730557176	0.282804665762732	1
chr16:83344870;G|A;Family=11492	-0.44437766796703	0.00614481989916714	0.106366900712937	1
chr16:83670854;A|G;Family=11642	-0.07112766900323	0.383823045251611	0.737785048353919	1
chr16:84054426;C|G;Family=11121	-0.0203168536417075	0.825005981373983	0.950413810291319	1
chr16:84122855;T|C;Family=14363	0.099020803259644	0.41187158215463	0.757998404716502	1
chr16:84159689;G|C;Family=12057	0.0843487693014733	0.570748523405188	0.84329808483896	1
chr16:84329819;A|C;Family=13874	-0.172868151371754	0.0416604427807276	0.275239779270425	1
chr16:84779105;G|A;Family=14402	0.107280532336922	0.271760971317352	0.639008306039478	1
chr16:84907429;G|A;Family=13631	0.115373624512471	0.232028641778033	0.59838965511177	1
chr16:8648242;C|T;Family=13947	-0.111948742797455	0.284316811595206	0.647077862579138	1
chr16:87330135;C|G;Family=11561	-0.154244794635965	0.156787291859765	0.503643736045143	1
chr16:87409016;G|A;Family=11417	0.0487522309246381	0.766743666924918	0.927347156980155	1
chr16:87831950;G|A;Family=11078	0.0950554561144765	0.267986396923217	0.632156958903041	1
chr16:88863449;C|T;Family=13714	0.0388766824956953	0.844990357147114	0.959580749586354	1
chr16:8898628;C|A;Family=14675	-0.271550727316285	0.0834615629515614	0.385749622230187	1
chr16:8902160;G|C;Family=13855	0.16166347472296	0.219553641248509	0.581084205795002	1
chr16:89145960;G|A;Family=11404	-0.0342079180549061	0.6828558276545	0.894770485786387	1
chr16:8915256;T|C;Family=12211	0.0780091644902848	0.614949828523177	0.869559014114187	1
chr16:89280322;C|A;Family=13875	-0.0631971108497644	0.565092651792385	0.842979651384158	1
chr16:89284363;CTTTG|C;Family=12507	0.0647384921502276	0.609928277714305	0.868022171753154	1
chr16:89285006;G|A;Family=13038	-0.133286391495024	0.0935528242759701	0.40497467981058	1
chr16:89529318;A|T;Family=11809	-0.17764350024494	0.0341406415450386	0.256819154308947	1
chr16:89537204;G|A;Family=13882	0.2126637985033	0.00486297091328514	0.0956222453457359	1
chr16:89935278;G|A;Family=13371	-0.0815710397683398	0.307878342015526	0.668008062250614	1
chr16:90062141;G|A;Family=11726	0.00805867443286404	0.902046833257872	0.971435051200785	1
chr16:9753839;G|T;Family=14468	0.188476999712614	0.050298581901206	0.303198247416822	1
chr17:1002576;A|C;Family=11172	-0.317999869278533	0.00430137487706865	0.08822820096685	1
chr17:10711013;A|G;Family=11027	-0.180915711998967	0.0105132784664704	0.131732174107401	1
chr17:10824130;G|C;Family=13539	0.0438553311308987	0.727084956985766	0.912042086188988	1
chr17:11561421;T|A;Family=11305	0.0565766859352089	0.5191385245334	0.819897350956253	1
chr17:12766872;A|G;Family=13456	-0.184090431873512	0.119788439206026	0.452477102268586	1
chr17:12984718;A|G;Family=11216	0.122853342513382	0.15688902095057	0.503643736045143	1
chr17:1495860;C|T;Family=13565	0.0746737905711776	0.288121052052368	0.650346175074059	1
chr17:15976942;GCT|G;Family=13006	0.00510058473737934	0.962503287441049	0.988057322920631	1
chr17:16443567;G|T;Family=13998	-0.137933199557637	0.12383878864167	0.458450415873886	1
chr17:1705283;C|T;Family=14119	0.0644837457910565	0.57080380572433	0.84329808483896	1
chr17:17186364;G|A;Family=11345	-0.384165369504314	7.95985678766528e-05	0.0100294195524582	0.280823747468831
chr17:17202707;G|A;Family=11013	-0.385791033575735	0.00289927179333809	0.0720326118795547	1
chr17:17213402;T|C;Family=12923	-0.137293550695133	0.0548004492899073	0.31798681759012	1
chr17:17246958;A|G;Family=13578	-0.044110443713959	0.706987090433538	0.907744180393903	1
chr17:17347119;G|C;Family=13991	0.223813562446166	0.0483883900711061	0.296894330731934	1
chr17:17347268;C|T;Family=13147	-0.110089442141198	0.122856736785751	0.456251123558031	1
chr17:17810691;C|T;Family=14023	0.0300483328525642	0.774414590074555	0.932151031655759	1
chr17:17844299;C|T;Family=12787	-0.0330209987253065	0.814974585983564	0.946733730441229	1
chr17:18209382;C|T;Family=11277	0.0316251656891483	0.75296798311209	0.9236686524407	1
chr17:19336672;A|T;Family=14566	-0.204647657565012	0.383444749488322	0.737785048353919	1
chr17:19336685;G|A;Family=12368	0.790082892752557	0.00730489196266298	0.110137410672953	1
chr17:19675582;C|G;Family=12796	-0.187197896672111	0.167923137534861	0.520591238333033	1
chr17:19675745;C|T;Family=11167	0.135610625094972	0.184939767266135	0.539675350632691	1
chr17:19774141;T|C;Family=11412	-0.441440530387492	0.00955028417771358	0.127626524920354	1
chr17:19904509;T|C;Family=13239	-0.480202349812146	0.0244187501040606	0.216188452281731	1
chr17:2060730;G|A;Family=14418	-0.0901833317797071	0.17701158893842	0.528786524788101	1
chr17:21314581;G|A;Family=14524	-0.0512365911170556	0.494875574426223	0.811735766458076	1
chr17:21418873;T|G;Family=14414	-0.0321553356146286	0.71286511740903	0.909579795377598	1
chr17:21528779;A|G;Family=11963	0.0732924813183323	0.760884499064332	0.926356136113385	1
chr17:2384552;A|T;Family=11266	0.00413131706867004	0.976232384006649	0.99494318227469	1
chr17:2385999;G|A;Family=12647	-0.085429110270836	0.235091711840077	0.600581867756547	1
chr17:2685270;C|T;Family=11872	0.11096072693333	0.171031254530131	0.525555764498817	1
chr17:2689537;C|A;Family=11396	-0.114858724919539	0.20648963961207	0.566496377026412	1
chr17:27307982;C|T;Family=14662	0.187915382532498	0.205712202386589	0.566496377026412	1
chr17:28328570;G|A;Family=11203	0.184349478143812	0.0697348697039857	0.354563720823922	1
chr17:28396592;G|T;Family=22196	-0.452934011247406	0.00594273120243378	0.106366900712937	1
chr17:28493652;G|T;Family=14242	-0.00238588006037041	0.976330299613089	0.99494318227469	1
chr17:28592000;G|T;Family=12662	0.0651720274908871	0.407826280328174	0.753538116648255	1
chr17:28907331;C|T;Family=13289	0.13674016666326	0.240832660484755	0.604784411792077	1
chr17:28912324;T|A;Family=14692	0.156984399978272	0.0817135099873032	0.384380350980274	1
chr17:29561734;C|G;Family=14668	-0.0301766088378797	0.694195877029315	0.900412887558611	1
chr17:29613847;T|TC;Family=11458	0.293888656183632	0.000867039529629148	0.0391903373875601	1
chr17:30469229;G|A;Family=13875	0.456905642069797	0.0074336328132747	0.110657622638115	1
chr17:30469801;G|C;Family=13211	-0.079437225185846	0.780511908993119	0.932625696372166	1
chr17:30522508;T|G;Family=12784	0.0928336371315416	0.198562707113764	0.55819062206961	1
chr17:30522509;G|A;Family=12784	0.139462632344048	0.0612466336273302	0.332821636123524	1
chr17:30784103;C|CT;Family=14319	0.217803204838916	0.109126497932799	0.437639898406792	1
chr17:31357330;C|T;Family=12061	0.0789557269448386	0.58110428075913	0.850741758401657	1
chr17:31861451;C|CA;Family=13507	0.0273390627922377	0.810289577808038	0.944747504923229	1
chr17:31862034;G|A;Family=13001	-0.0197110358228734	0.887939513654749	0.965497526459084	1
chr17:32324631;T|C;Family=12331	0.0666615096009225	0.783799198366075	0.932628523384658	1
chr17:32942652;G|C;Family=13706	0.281052096845956	0.000625326800544348	0.033244546960588	1
chr17:32944107;A|G;Family=11678	0.0398633783668137	0.547055591774838	0.83478033208548	1
chr17:33013379;T|TG;Family=11156	0.0981036762134107	0.345548386837108	0.70029972407357	1
chr17:34272198;T|A;Family=13981	-0.122595319233688	0.473390648015513	0.800633847650398	1
chr17:35188649;T|A;Family=22004	0.149494399889106	0.292320869465439	0.654383266163748	1
chr17:3610294;C|T;Family=11346	0.0745725414525817	0.332780514511459	0.687382702105637	1
chr17:36504501;C|G;Family=12368	-0.0522382202761372	0.74154479729892	0.918046381435353	1
chr17:36510788;C|T;Family=11714	0.0439858990491009	0.655756245766942	0.885073809162942	1
chr17:36547463;C|T;Family=13302	-0.0848078136694964	0.509057184158401	0.816342611686745	1
chr17:36943831;A|T;Family=13894	0.0173563934802248	0.87987196839272	0.964795683590463	1
chr17:37087183;C|T;Family=12512	0.398241456132512	0.00145899634073053	0.0455516733636931	1
chr17:37516990;C|T;Family=13881	-0.0306566895987422	0.653393709916719	0.884540635080326	1
chr17:37610970;G|A;Family=14691	0.0141596556256106	0.906886932927878	0.973083059418964	1
chr17:37687135;C|G;Family=12189	0.0338978960708374	0.568969611686656	0.84329808483896	1
chr17:3812829;G|A;Family=13593	-0.0006775898702122	0.991276684662122	0.999066746506421	1
chr17:38403853;C|T;Family=14017	-0.114115916342727	0.261685137937103	0.625491305313076	1
chr17:38920410;G|C;Family=11115	0.0306501828954083	0.776790578366986	0.932309683910856	1
chr17:3897556;C|T;Family=12029	0.150657424076109	0.0402652710610145	0.272082901180416	1
chr17:39065232;G|A;Family=13802	0.29512875743951	0.0292917973937364	0.236479316258815	1
chr17:39532426;C|CA;Family=14127	-0.046911727901791	0.789816898857612	0.934653051405797	1
chr17:39533534;C|A;Family=13296	0.411598845252669	0.0582950410360735	0.330120232384057	1
chr17:40457313;C|T;Family=11456	0.0840276432481732	0.343297845167527	0.698071929539502	1
chr17:40629233;C|T;Family=12378	-0.027601986963322	0.909740449426901	0.97466271047012	1
chr17:40641579;T|TTG;Family=14632	0.0343817989715847	0.886593506025988	0.964795683590463	1
chr17:40643454;T|C;Family=11714	-0.398867355119709	0.00246417104365958	0.0629970684205144	1
chr17:41117259;GC|G;Family=13893	0.22353342586268	0.110705005177559	0.438839616029696	1
chr17:41723692;T|C;Family=14360	0.170579310260943	0.0541969564855201	0.316131686549312	1
chr17:4174000;A|G;Family=14350	0.162168075672919	0.135529533911516	0.477613016406618	1
chr17:42125692;G|A;Family=13681	-0.0657641958043224	0.699356632053397	0.903453020096809	1
chr17:42544022;C|T;Family=12070	0.0105839996284513	0.904337366183585	0.972714093870636	1
chr17:42582715;T|C;Family=11118	-0.142908164907274	0.0396930528864263	0.271295042665628	1
chr17:42613932;G|A;Family=13992	-0.026935544299249	0.799500698376395	0.939835479218025	1
chr17:43049164;C|G;Family=22105	-0.318219849991766	0.0758009337872674	0.370909423580415	1
chr17:43049165;C|A;Family=22105	0.325362817213298	0.000901183964180136	0.0391903373875601	1
chr17:43076586;T|C;Family=13973	-0.0729203163648464	0.63383704117065	0.874189633014094	1
chr17:44192213;ACT|A;Family=12796	-0.019759631141286	0.820968232430786	0.949631450496988	1
chr17:442839;C|A;Family=13251	-0.00466661640408175	0.952077095158583	0.9838687732043	1
chr17:44399519;C|T;Family=12250	-0.248134651045248	0.00368411592908078	0.0817456666528113	1
chr17:44775654;G|A;Family=13956	0.32455232923617	0.10167390374761	0.422503571756852	1
chr17:44781583;G|A;Family=14185	0.151880808168092	0.134699819841153	0.476292247435483	1
chr17:44903598;T|C;Family=12223	-0.179952160775316	0.130602182364137	0.472094773955611	1
chr17:45024340;G|T;Family=13631	-0.214501351335384	0.403028783516115	0.751922553275966	1
chr17:45098660;C|T;Family=11349	0.0948260306329397	0.287281658409035	0.649671750429692	1
chr17:45150929;TAAAC|T;Family=14028	-0.442430338966415	0.0223829832648036	0.207262900152827	1
chr17:46764427;G|C;Family=14351	0.0853038028738649	0.343984008781418	0.698672305691211	1
chr17:47120685;AG|A;Family=12786	-0.0037378672401901	0.984432924488047	0.998872406555603	1
chr17:47311174;C|T;Family=11106	0.0876777406812473	0.250602070828488	0.614401741405773	1
chr17:47441140;T|C;Family=13287	-0.190556346277668	0.0275677725449471	0.228844944796643	1
chr17:47828659;T|C;Family=14065	-0.00955431211538465	0.901605550114634	0.971256299482268	1
chr17:47948532;C|A;Family=13872	0.0927932483584459	0.416767316398279	0.761842016711465	1
chr17:48726725;G|A;Family=12184	-0.0151253936387592	0.870815866922805	0.964795683590463	1
chr17:4886482;T|C;Family=14522	0.00819316355913047	0.913433732640771	0.976629700297295	1
chr17:48933294;C|T;Family=13852	0.0196054626889901	0.803766072822475	0.940849518827803	1
chr17:49173339;A|G;Family=11843	-0.203374291993395	0.0694010601210213	0.354330416943664	1
chr17:49711223;C|T;Family=11654	0.223449980329968	0.0182429878831386	0.182326519126666	1
chr17:49718010;C|G;Family=11359	-0.107075926201758	0.539664881162181	0.828301210745779	1
chr17:49830597;C|G;Family=14058	0.179373004132404	0.0285676723743032	0.233302657723476	1
chr17:50184292;C|T;Family=13195	-0.205226623573839	0.0139601115329788	0.156353249169362	1
chr17:50550045;G|A;Family=13842	-0.19466223517801	0.033114865814852	0.253976623032169	1
chr17:5444498;C|A;Family=11414	0.284212602983892	0.0061464551499517	0.106366900712937	1
chr17:55162413;G|A;Family=14405	0.0672103037164274	0.410723364794923	0.756890271487542	1
chr17:55163759;C|T;Family=13111	-0.142776112422255	0.385958001535784	0.738935925347405	1
chr17:55323951;CATT|C;Family=12605	-0.162311489204637	0.315611708648735	0.673566754486719	1
chr17:56595478;T|C;Family=11924	-0.278635835717378	0.225451729623793	0.588853690599304	1
chr17:57862980;G|T;Family=13748	-0.292139372298694	0.0282652736669806	0.231804681563872	1
chr17:58599593;T|C;Family=11107	-0.101958718444471	0.244568349131498	0.609050771067072	1
chr17:59015731;C|T;Family=13784	0.120889680467892	0.214549131929006	0.574446454367046	1
chr17:59119468;AT|A;Family=14247	-0.0448260460228252	0.816989329169685	0.948137616220608	1
chr17:59399446;A|G;Family=13398	-0.126795549868502	0.220408058148597	0.582471632320787	1
chr17:59400046;T|C;Family=11986	0.000141767035627807	0.997893279193545	0.999309534202335	1
chr17:6121900;C|T;Family=14502	-0.0597569035219303	0.565887739708965	0.84329808483896	1
chr17:61484112;C|T;Family=14216	-0.189806391156078	0.198318293827479	0.557948118519414	1
chr17:61944501;A|T;Family=11414	-0.196646203847016	0.282454227853087	0.646958787482004	1
chr17:61945223;G|A;Family=14229	-0.269651202554743	0.206449258059068	0.566496377026412	1
chr17:62692794;G|A;Family=13985	0.0365877958076837	0.696962855654432	0.901412101456506	1
chr17:63697720;G|A;Family=12794	-0.0625709993472652	0.58346140528842	0.851303489601962	1
chr17:63831128;C|T;Family=11768	-0.128178459721987	0.242909233004631	0.607663302056872	1
chr17:63833991;G|A;Family=11678	-0.10647277056268	0.174738353672651	0.525555764498817	1
chr17:63928961;C|T;Family=12902	0.0291890942400646	0.771563270723616	0.929988117223408	1
chr17:6454236;C|T;Family=13154	0.276782967736087	0.00492701508504179	0.0956222453457359	1
chr17:64594082;T|C;Family=13139	0.241226775623956	0.0215651821852804	0.203427707886817	1
chr17:6685348;G|A;Family=12891	0.0976921794959854	0.246411744925675	0.609635789689888	1
chr17:6685661;C|T;Family=14472	-0.0198291912696424	0.851245332285489	0.961136217328526	1
chr17:67032752;G|A;Family=12430	0.0687029937645476	0.526295497333876	0.824453740549177	1
chr17:67338372;T|A;Family=12766	0.29317789669705	0.315076340115775	0.672874895840468	1
chr17:67347395;G|A;Family=11365	0.228285662305625	0.221905922099579	0.585552799676377	1
chr17:6773804;G|T;Family=13951	0.285035039888427	0.0061242885496513	0.106366900712937	1
chr17:6774202;G|T;Family=11359	-0.222897255449183	0.0964696024115291	0.411498661888993	1
chr17:6787629;C|T;Family=11216	0.0561737289044888	0.344646850911631	0.699605345233737	1
chr17:6798690;A|C;Family=12623	0.0454134177947669	0.47808468167876	0.802337476373763	1
chr17:6812943;G|T;Family=12588	-0.00987885979616499	0.92274209876486	0.977021363808501	1
chr17:68267884;T|C;Family=13628	0.0891939702168081	0.690845185552518	0.899041613658902	1
chr17:68531332;ATGTCC|A;Family=12798	-0.173027694863705	0.433141354093962	0.773733011262531	1
chr17:68531339;T|A;Family=12798	0.0640303570981925	0.632460300650715	0.874189633014094	1
chr17:68906046;G|A;Family=13882	-0.0134316502365913	0.923162278434711	0.977021363808501	1
chr17:70178963;C|T;Family=13584	0.238977094817491	0.0829843119138106	0.385729449844432	1
chr17:72124442;G|A;Family=11954	0.171986969729521	0.129455060048938	0.470842733868716	1
chr17:7221992;C|T;Family=14452	-0.0100831756149052	0.896855814004128	0.969500492270948	1
chr17:73283762;C|A;Family=13383	0.0902316755024864	0.152704279039131	0.498684893222827	1
chr17:73334918;GC|G;Family=13531	-0.025483967330384	0.781417675305024	0.932625696372166	1
chr17:73337763;C|T;Family=14609	-0.262506158572597	0.00892355743967914	0.123347617796215	1
chr17:7357133;C|A;Family=14236	0.0737651834677599	0.243677797136695	0.607663302056872	1
chr17:742897;C|CT;Family=11258	-0.0391610010150275	0.838207521739725	0.957641235977251	1
chr17:7444181;A|T;Family=14658	-0.164906125132064	0.388542174439379	0.740929085135907	1
chr17:75165697;C|T;Family=11474	0.128041338032397	0.0667970908841162	0.347625276763974	1
chr17:7577693;C|T;Family=12655	0.142180009358511	0.107158536126823	0.434047434506808	1
chr17:7577700;C|T;Family=12655	0.00446804353336113	0.963469436689453	0.988116329255928	1
chr17:75777838;A|ATAAAT;Family=12932	0.714183641838531	0.000162424194792304	0.0133263385866802	0.573032559227248
chr17:76543242;C|T;Family=14432	0.0396775854891559	0.762201760618271	0.926423718840992	1
chr17:76714842;T|G;Family=11350	-0.13076486868563	0.543296225680523	0.831270308662963	1
chr17:76947974;C|T;Family=14048	-0.218807687231125	0.0288211077376378	0.234313232577175	1
chr17:77483029;G|A;Family=14215	-0.0350363752265009	0.788725250056528	0.934297186478221	1
chr17:78111987;G|A;Family=11918	0.164102375063982	0.015295905874515	0.16521845828356	1
chr17:78424093;G|A;Family=11587	-0.188077662126826	0.0126222332343645	0.144581944320903	1
chr17:7908710;C|T;Family=12630	-0.095393440734379	0.447375274085105	0.783127767060724	1
chr17:79835251;G|A;Family=13234	0.134285959411864	0.27103147551355	0.638317119901072	1
chr17:79933683;G|A;Family=11220	0.0756357909347131	0.433866091436561	0.774243586539296	1
chr17:800033;T|C;Family=11348	-0.181543062845113	0.0574353918587801	0.32682590722222	1
chr17:80210139;T|C;Family=14224	0.120315655133883	0.262703784761699	0.627076422624677	1
chr17:80212028;T|C;Family=14157	0.0339366204873701	0.736892311910416	0.916698193377979	1
chr17:80394450;G|A;Family=14658	0.0738702427660937	0.432207954949897	0.772869048208033	1
chr17:80398303;G|T;Family=11045	0.153844917786495	0.292773827560263	0.654395860182543	1
chr17:80730645;A|G;Family=14484	-0.0352669085376265	0.634183583919041	0.874325785098232	1
chr17:81106117;C|T;Family=11599	0.216046086117188	0.0411266797373797	0.275028877391942	1
chr17:81312831;C|T;Family=13709	-0.10201217799837	0.267460410975142	0.632090470764424	1
chr17:81511373;C|T;Family=11510	-0.0573767232938451	0.584005917279861	0.85147268428104	1
chr17:81540218;G|A;Family=12997	-0.0802508869014374	0.399877415385931	0.748364659181594	1
chr17:81558391;C|T;Family=22196	-0.0597609403377944	0.415673860023098	0.760877041931774	1
chr17:81562756;T|C;Family=11382	-0.122223183951524	0.132574310066992	0.474363251436458	1
chr17:81843605;C|T;Family=14687	-0.0505546890614183	0.653121240486597	0.884540635080326	1
chr17:81843632;G|A;Family=14569	0.0916386859074203	0.415374143429082	0.760877041931774	1
chr17:8204924;G|A;Family=11499	0.0758846686702506	0.47826409093368	0.802337476373763	1
chr17:82058007;G|T;Family=11345	0.0423960154413538	0.707527114601771	0.907744180393903	1
chr17:82314871;A|G;Family=14364	0.406251774248067	0.000290873290719774	0.0185346584564784	1
chr17:82324717;C|T;Family=12675	-0.0313868856972578	0.711658724624938	0.908369023327345	1
chr17:82945181;C|G;Family=11258	-0.148985758583478	0.476778142248121	0.802326161619756	1
chr17:8369111;C|T;Family=11201	0.121934355167191	0.0486563315134236	0.298020030519719	1
chr17:8468015;T|C;Family=11572	-0.286579864918806	0.100593911026402	0.421505231230215	1
chr17:9240239;C|T;Family=14544	0.139516144017472	0.274198697238553	0.642920034217678	1
chr17:9241327;C|T;Family=13034	0.032967582933606	0.72526233798753	0.912042086188988	1
chr17:9241513;C|T;Family=12053	-0.104606095765642	0.192263095065451	0.548346159572282	1
chr17:9612389;C|T;Family=14160	0.0589918928138527	0.417937180915297	0.762400400346002	1
chr18:10485563;C|T;Family=13748	0.0224000992208645	0.839903093773239	0.95864707694338	1
chr18:10714782;G|T;Family=13373	0.210079375241279	0.0240833464587469	0.215103914699896	1
chr18:21529536;G|A;Family=11225	0.269166693622376	0.0985402378365112	0.41634725639187	1
chr18:24020189;A|G;Family=14315	0.0204393272391232	0.850664645310181	0.961136217328526	1
chr18:24132833;C|T;Family=12792	0.0417424460636885	0.860737179079789	0.964795683590463	1
chr18:26914607;A|G;Family=11924	-0.026519292262846	0.832546855215038	0.955505954846667	1
chr18:2915670;A|G;Family=14524	-0.243904350166058	0.0998634765982359	0.419926514229531	1
chr18:3066874;G|A;Family=11563	-0.125063426210805	0.0614053550554499	0.332821636123524	1
chr18:31414171;T|TA;Family=12694	0.239921995460943	0.297561584487436	0.659420395773666	1
chr18:31624157;A|G;Family=14189	-0.0630398949212613	0.800727106654568	0.94036080848717	1
chr18:3498616;C|G;Family=11524	0.134035629248283	0.140192029216497	0.478744341226813	1
chr18:35140698;C|T;Family=11834	-0.596682812444346	0.00964109889933385	0.128141307136525	1
chr18:35334598;A|G;Family=14157	0.00194963368978397	0.982246148139962	0.997514222981516	1
chr18:36796092;T|C;Family=13567	0.225947177049929	0.13440768278744	0.476292247435483	1
chr18:36796660;C|T;Family=13083	0.0610386696972837	0.431143505464617	0.77234208017208	1
chr18:45848704;C|T;Family=12923	0.0607749909804383	0.635764588374191	0.874796204283988	1
chr18:45899442;C|T;Family=11456	-0.0664561913584075	0.845516864882316	0.959580749586354	1
chr18:46668357;C|G;Family=12115	-0.183739302843725	0.0249314109629581	0.218801039495811	1
chr18:47115270;C|T;Family=11521	-0.0120821497475927	0.84556584370276	0.959580749586354	1
chr18:47816184;C|G;Family=14200	-0.15344764690985	0.353119177513116	0.708648724838608	1
chr18:47816216;T|C;Family=13865	0.228573852770918	0.19040125960454	0.544368531447921	1
chr18:49591399;A|G;Family=11310	-0.786906914930524	0.167523122170335	0.520591238333033	1
chr18:50282491;C|A;Family=13300	-0.0808949829456893	0.530542135973382	0.826632763543998	1
chr18:50949666;T|C;Family=11201	-0.215896367753937	0.100795217353005	0.421602712416258	1
chr18:50952338;T|C;Family=12341	0.15235991673786	0.40543140946295	0.753538116648255	1
chr18:51078306;A|G;Family=11277	-0.0885764034807541	0.359292085310067	0.714936535236276	1
chr18:5398077;G|A;Family=12462	-0.0756494537285096	0.372049000179411	0.729621385565849	1
chr18:5398115;A|G;Family=13884	0.125002173770128	0.183734210736136	0.537363741598129	1
chr18:54154498;C|A;Family=12210	0.269310496689262	0.143355884918101	0.484161831579368	1
chr18:54296322;C|T;Family=12210	-0.192426172988853	0.168727566826773	0.520950063833927	1
chr18:54297523;G|T;Family=14202	-0.147331259346729	0.2786283044292	0.645390539641952	1
chr18:55261466;C|T;Family=12358	-0.00718191060782672	0.954826277287626	0.985548298625331	1
chr18:56614458;C|T;Family=11014	0.202737857839246	0.109334714599806	0.437835270270278	1
chr18:57028033;C|T;Family=14007	0.0366542460710644	0.622425631138189	0.871499087199522	1
chr18:57028951;G|A;Family=14484	0.327170968455943	0.00889873627328917	0.123347617796215	1
chr18:57033380;A|G;Family=13207	-0.118569445528831	0.489394573400785	0.807712097292027	1
chr18:57034521;T|C;Family=11156	0.0364655900437684	0.665236460747275	0.88933468492474	1
chr18:57035806;A|T;Family=11715	0.0327307944089282	0.733965626754783	0.915901584585743	1
chr18:57149865;C|T;Family=11590	0.0112512989383056	0.943191856975278	0.980611922565715	1
chr18:57487405;G|A;Family=14044	-0.347419794372385	0.175228200452218	0.526131992506743	1
chr18:57487406;G|A;Family=14044	0.173242570401391	0.314657606528995	0.672387665556811	1
chr18:57606629;T|C;Family=11064	0.0135727434829703	0.91995574748386	0.977021363808501	1
chr18:58748284;C|T;Family=13484	0.00329303292060866	0.971972011408757	0.992846860131786	1
chr18:58751043;T|A;Family=11488	-0.0647244306906194	0.522035196183253	0.821643879275796	1
chr18:5884848;GT|G;Family=14568	-0.131024388063716	0.605595080932703	0.86394639932494	1
chr18:5884859;C|T;Family=14568	-0.1390907222621	0.668847028810394	0.890758604506767	1
chr18:5889282;A|G;Family=14526	-0.0689413782702694	0.509592833373427	0.816830311740777	1
chr18:61813756;G|A;Family=13973	0.0662013080789502	0.549069996485917	0.836008206171112	1
chr18:62088565;A|T;Family=13776	0.344862155213982	0.205024767102644	0.566496377026412	1
chr18:62385817;C|T;Family=13602	0.0475216827934996	0.672070177051341	0.890758604506767	1
chr18:63124075;C|T;Family=12449	-0.102512797280692	0.29951015732017	0.662202051123473	1
chr18:63328839;A|G;Family=13891	-0.612275552504686	0.00555452949150181	0.103684550508034	1
chr18:63805290;G|T;Family=14641	-0.0348841483514803	0.909182778299095	0.974477376477082	1
chr18:66501913;C|T;Family=13881	0.173090924387171	0.322332546138218	0.680507039114762	1
chr18:68675115;T|C;Family=13776	-0.0340309598195022	0.678993902539884	0.8935265122136	1
chr18:69862004;G|A;Family=12938	0.180517946573841	0.462714469936563	0.792454684435046	1
chr18:74506010;C|T;Family=11353	0.211470119470244	0.12827910064771	0.468013099364139	1
chr18:74521168;T|G;Family=13944	0.00150900456619997	0.985241399942591	0.999066746506421	1
chr18:74522851;G|A;Family=14231	0.0286207203576674	0.772061146173647	0.930270397438738	1
chr18:74920754;T|A;Family=14474	0.155984632849552	0.206131953689201	0.566496377026412	1
chr18:75417385;C|T;Family=11711	0.300875074114865	0.0346864045885212	0.258172226557601	1
chr18:77013595;G|A;Family=14128	0.18901900660921	0.0288242468646525	0.234313232577175	1
chr18:79756556;G|C;Family=14041	0.320449465370851	0.038008696642699	0.26712087999092	1
chr18:80158760;G|T;Family=12858	0.339334411677875	0.000141755229765273	0.0124099758691018	0.500112450611884
chr18:8809860;A|G;Family=12643	-0.133154296519741	0.0738792600758826	0.36556245378361	1
chr18:911279;T|G;Family=13898	0.490109050183867	0.0463422062492716	0.29052592835557	1
chr19:10114668;A|G;Family=14455	0.168999227788895	0.0918367882640077	0.40104999078307	1
chr19:10118718;TG|T;Family=12803	-0.0961584852474567	0.431285453880567	0.77234208017208	1
chr19:10143955;C|T;Family=13576	0.207810230445982	0.011676071915029	0.138661476585821	1
chr19:10154316;G|A;Family=14481	-0.121265366882874	0.111143481839323	0.439097652776183	1
chr19:10285641;C|T;Family=13913	-0.0418579854330438	0.709706537034484	0.908186937836579	1
chr19:10350591;C|G;Family=13355	0.00400459958819912	0.945350336824456	0.980651569631485	1
chr19:10690815;G|A;Family=14299	-0.0301375098565446	0.766164953566385	0.927347156980155	1
chr19:10713003;C|T;Family=14008	0.246760553172159	0.0355637312298504	0.260010114133931	1
chr19:11059881;C|T;Family=13551	0.0617416472016421	0.496446132318323	0.812366398339074	1
chr19:11377614;A|T;Family=12210	0.0976991481814582	0.493380526991789	0.810723867635692	1
chr19:11378471;G|A;Family=14264	-0.170137206447597	0.112057648046124	0.43977128000286	1
chr19:11466260;T|A;Family=11544	0.173293032746465	0.0801935227936124	0.380784318190935	1
chr19:11553400;G|C;Family=11883	0.241835742266683	0.00657255792387194	0.106366900712937	1
chr19:11869154;T|C;Family=11453	0.140988369821623	0.226378796591793	0.588985541575107	1
chr19:12078532;C|T;Family=13517	-0.177548540767714	0.153683621552893	0.498800199483539	1
chr19:12080709;CTG|C;Family=14468	-0.220096992347418	0.289092393212114	0.651889965223451	1
chr19:1230053;G|A;Family=11296	-0.270068862945427	0.0067588237817391	0.106928835434868	1
chr19:12348291;C|T;Family=22161	0.0204999456075695	0.76378728601761	0.926739371766365	1
chr19:1258219;G|A;Family=13333	0.0191506852553703	0.814138779630125	0.946479153401892	1
chr19:12679459;T|C;Family=14028	0.337687226487953	0.00138853539284308	0.0453311687480763	1
chr19:12700352;G|A;Family=12803	-0.0111680038475978	0.916563259830194	0.977021363808501	1
chr19:12924715;G|T;Family=14149	0.088636474499604	0.293729049166584	0.655456094534921	1
chr19:12948759;C|T;Family=14264	-0.212843591767832	0.00311584783703812	0.0744974259455657	1
chr19:13884982;G|A;Family=12916	-0.000379054711142302	0.996204413965475	0.999127576276812	1
chr19:1388885;C|T;Family=11444	-2.69048283869089e-05	0.999860252104749	0.999860252104749	1
chr19:1394448;T|TCCTC;Family=13298	0.0223275786647388	0.78822657775041	0.934297186478221	1
chr19:1472499;C|T;Family=12154	-0.1545562355378	0.105626518434975	0.431808061458393	1
chr19:14793055;G|A;Family=12529	-0.0484401604977849	0.775717914675295	0.932273313115002	1
chr19:1535410;T|C;Family=11993	0.0934722260849847	0.408927307770851	0.75417586419525	1
chr19:1574146;G|A;Family=13573	-0.036280528249036	0.57654924410556	0.847470151447932	1
chr19:16242202;C|T;Family=14107	0.0533169686857933	0.617170003214831	0.869559014114187	1
chr19:16550303;G|A;Family=13963	-0.147907842160993	0.0728863033948528	0.36166368266813	1
chr19:16744472;G|A;Family=11494	0.129186711670703	0.102890620312577	0.425540864974983	1
chr19:16890067;C|A;Family=11047	1.38805112999652	1.99307762589877e-10	7.03157786417088e-07	7.03157786417088e-07
chr19:16891891;C|T;Family=12833	-0.0858674611881397	0.406824474628291	0.753538116648255	1
chr19:17213067;G|A;Family=14261	0.0719570422167824	0.511269431440285	0.818773742224841	1
chr19:17219683;C|T;Family=11092	-0.0755073513986034	0.339373560090734	0.693690567786853	1
chr19:17323501;G|A;Family=14150	-0.100384543834897	0.0838145940920826	0.386028574356224	1
chr19:17604526;G|T;Family=11062	0.192954994063662	0.154068096922696	0.49958846134492	1
chr19:17721451;C|T;Family=11622	-0.135830972042726	0.108654040593443	0.43697957549139	1
chr19:17829854;G|A;Family=14116	0.0957674924824757	0.436492112844636	0.775636892182768	1
chr19:17998453;C|T;Family=13042	0.114362833514293	0.0784916964687551	0.376760143050025	1
chr19:18150377;G|A;Family=14100	-0.0528430380055201	0.53870826937697	0.828301210745779	1
chr19:18208337;G|A;Family=11883	-0.27299357343726	0.00157689480262457	0.0483763901187781	1
chr19:18367064;G|A;Family=13681	0.179425424690127	0.138587935041918	0.477781991804383	1
chr19:1853494;G|A;Family=12011	-0.127549069042831	0.283020317183568	0.646958787482004	1
chr19:18777792;CTGTT|C;Family=12360	-0.158306058430032	0.160459882270973	0.510462096169516	1
chr19:18779780;C|T;Family=14080	0.0602286194004314	0.507837694533226	0.816342611686745	1
chr19:1918203;C|T;Family=13076	-0.00826501574441287	0.930129225625168	0.978053751929722	1
chr19:19279297;C|T;Family=13913	0.0101094480940189	0.924407293822809	0.977021363808501	1
chr19:2038196;C|T;Family=14458	-0.303256726455919	0.00153469343819663	0.0474947232452432	1
chr19:20621313;G|C;Family=12804	-0.155306647144949	0.470517903388897	0.798824794590684	1
chr19:2099397;A|T;Family=13808	-0.0860747227567701	0.25097319167042	0.614884319592529	1
chr19:21122952;C|T;Family=13618	-0.572398166024024	0.000958967676144207	0.0391903373875601	1
chr19:21291272;ATAT|A;Family=12299	-0.122080444100307	0.659118765322085	0.8867637280252	1
chr19:21397466;GTC|G;Family=11201	-0.11397589353325	0.0596900746505608	0.332821636123524	1
chr19:21407616;A|G;Family=13409	-0.0528413016648307	0.756124558286786	0.924995392197226	1
chr19:2231507;CCT|C;Family=13277	-0.480175831923799	0.277625466875075	0.645390539641952	1
chr19:22391242;ACT|A;Family=11453	-0.0831019895221869	0.663662845922605	0.888668009663117	1
chr19:23359291;C|T;Family=11399	0.411385696749743	1.42082963540119e-05	0.00334179130246359	0.0501268695369539
chr19:2734559;G|T;Family=14511	0.0598552205056354	0.589176973093057	0.852876963926325	1
chr19:2755615;T|A;Family=13001	0.0718463830590964	0.213636095875837	0.574446454367046	1
chr19:2834546;A|G;Family=14147	0.0539531033793535	0.558185105542206	0.841577439025505	1
chr19:2881957;T|A;Family=12375	0.192536565598663	0.134695706848826	0.476292247435483	1
chr19:3123668;A|G;Family=11031	-0.0668121285254422	0.526632210131782	0.824453740549177	1
chr19:31275868;C|T;Family=11472	0.0624819462404467	0.776344448252574	0.932273313115002	1
chr19:3146448;C|G;Family=12206	0.184845123927365	0.0108959983430178	0.133475979701968	1
chr19:3207844;C|T;Family=13654	-0.0661886465435869	0.307805089196512	0.668008062250614	1
chr19:32412068;G|T;Family=14303	0.192652310225879	0.038396375551693	0.267530669035236	1
chr19:32597322;TGTTAA|T;Family=14561	-0.104424037930161	0.594978581891789	0.857819549208922	1
chr19:32597979;T|G;Family=13466	-0.0133126357381972	0.874688563621436	0.964795683590463	1
chr19:3295674;TC|T;Family=14532	0.0279144050057089	0.786620879190711	0.933467360169805	1
chr19:32976941;C|T;Family=11452	-0.0347829990996846	0.722890222049647	0.911753809280068	1
chr19:33382215;T|G;Family=12189	-0.0737609008193742	0.483849700382469	0.80419872341382	1
chr19:33387249;G|A;Family=14058	0.0208104474471143	0.78246967824839	0.932628523384658	1
chr19:34353858;A|G;Family=22019	0.0210141227960035	0.897183960447127	0.969500492270948	1
chr19:34505830;G|T;Family=12976	-0.187614309732108	0.0178715023972655	0.180829372212099	1
chr19:3466720;C|T;Family=12184	-0.0894650500097482	0.642326567438772	0.879846597190484	1
chr19:3468506;G|A;Family=12163	0.0679604758551422	0.437415628920191	0.775871890051235	1
chr19:34685912;T|C;Family=14545	-0.0559160080301764	0.684650963371314	0.895605709593621	1
chr19:34743021;A|G;Family=11346	-0.0279673608854192	0.819044179069844	0.948649988101907	1
chr19:35066529;CT|C;Family=13381	0.290430234123616	0.00120137660466644	0.0426746425143578	1
chr19:35121615;C|T;Family=11888	-0.127199343044155	0.0282072605146449	0.231804681563872	1
chr19:3579044;C|T;Family=12522	-0.204172735578741	0.327934293022847	0.683305112397111	1
chr19:36103510;A|ATATC;Family=12552	0.208527636920409	0.0774571457714682	0.374814499963578	1
chr19:36511520;G|A;Family=13265	0.142759462868891	0.15558277825856	0.502192169895883	1
chr19:36632666;C|T;Family=14469	0.143717728976489	0.280254622089419	0.645390539641952	1
chr19:36979879;G|A;Family=13805	-0.239058351034685	0.334204118245053	0.688885463974379	1
chr19:37244076;T|TTTA;Family=13531	0.953235507996356	0.00362681183212232	0.080983494580554	1
chr19:37470333;G|A;Family=11193	0.0886544924243438	0.554486985939088	0.840397716014062	1
chr19:37668818;A|G;Family=14058	0.206949166053233	0.252003732057872	0.615956729048317	1
chr19:38211798;C|T;Family=13159	-0.35895993300563	0.0018560731780132	0.0524433458006719	1
chr19:38330214;C|A;Family=12111	-0.238395556881323	0.138229099796261	0.477781991804383	1
chr19:38365061;G|A;Family=13293	-0.0562340702564712	0.397379703293369	0.74668521710823	1
chr19:38396241;C|T;Family=11508	0.14726861185543	0.253730644216676	0.616664727247208	1
chr19:39178674;C|T;Family=13266	-0.00994816254893703	0.929431873471488	0.978053751929722	1
chr19:39179269;A|G;Family=12694	-0.0655899156923943	0.346819772523101	0.701594126984805	1
chr19:39201012;G|T;Family=13266	0.0312101463765116	0.563932694557109	0.842161995394661	1
chr19:39328516;A|G;Family=11895	0.0421442522351035	0.521438878239005	0.821643879275796	1
chr19:39398321;G|A;Family=22017	0.0411106803481395	0.647933290975772	0.882434382903829	1
chr19:40030601;C|T;Family=12121	-0.112315387117131	0.523655226801585	0.821643879275796	1
chr19:40234708;G|A;Family=12764	0.188164578042172	0.060019597566279	0.332821636123524	1
chr19:4038153;C|T;Family=13602	0.0602407765872493	0.378100003663487	0.734142439694432	1
chr19:40394770;C|T;Family=12853	-0.0224034041871343	0.842115038359593	0.958999953302984	1
chr19:4047049;C|T;Family=11250	0.0401207274966134	0.79000436487871	0.934653051405797	1
chr19:40557132;C|T;Family=11678	0.0390314484960447	0.74661263063952	0.921421585964537	1
chr19:40605167;C|G;Family=13152	0.00929944510833771	0.927558285020304	0.977420077235345	1
chr19:40691570;C|A;Family=13346	-0.316012067346456	0.0410366639072703	0.275028877391942	1
chr19:40765253;C|T;Family=11724	-0.204427854576432	0.131767546919839	0.473428777241419	1
chr19:40898180;G|A;Family=14363	-0.0418214007867542	0.508676816739904	0.816342611686745	1
chr19:41294573;C|T;Family=12462	-0.0737647534280015	0.368199227450903	0.724293616148819	1
chr19:41424943;G|A;Family=13040	-0.0207118151313427	0.823634251658382	0.950227809629378	1
chr19:42042637;C|T;Family=14452	-0.168509678910837	0.15141766838808	0.497857906871524	1
chr19:42042700;C|T;Family=13628	0.122495292235245	0.264763237404034	0.629011639005638	1
chr19:42059505;C|A;Family=11301	0.0210649729430301	0.837918385206802	0.957641235977251	1
chr19:43496094;G|A;Family=11154	0.128301084554761	0.138006766881462	0.477781991804383	1
chr19:43496423;G|A;Family=14153	-0.330699627221887	0.00118004103916948	0.0426746425143578	1
chr19:4360558;G|A;Family=11935	0.138594616558118	0.0953104655697056	0.409567993337298	1
chr19:4361009;C|T;Family=11083	-0.307506107014986	0.0353127925656251	0.260010114133931	1
chr19:44133777;G|A;Family=14357	0.117270171551932	0.72997188904966	0.914593741995146	1
chr19:44158856;C|T;Family=12938	0.0304652362390888	0.800740982603539	0.94036080848717	1
chr19:44428981;G|A;Family=13722	0.146019499100284	0.0488022559841497	0.298395769691647	1
chr19:44662215;A|G;Family=12498	0.026903668888366	0.72393824930002	0.911836538211521	1
chr19:44662421;A|G;Family=13118	-0.114793230436285	0.702444993532485	0.904649168805868	1
chr19:44819769;C|T;Family=12390	0.0168830442333585	0.873318198197521	0.964795683590463	1
chr19:44903002;C|T;Family=11723	-0.155148799034125	0.109984501851395	0.438839616029696	1
chr19:4502335;G|A;Family=14427	0.234433824952931	0.0220136991112319	0.204992522547885	1
chr19:45350309;C|T;Family=13572	-0.0430365871806213	0.874475013496202	0.964795683590463	1
chr19:45485605;G|A;Family=14221	0.0588232781309609	0.617666633449427	0.869564199046121	1
chr19:45526843;G|A;Family=12231	-0.0794125236667485	0.616625162357914	0.869559014114187	1
chr19:45553149;A|G;Family=14503	-0.180099946179105	0.0186564840445999	0.185932417258046	1
chr19:45553435;G|A;Family=13466	-0.00328099843948273	0.960354922022318	0.988057322920631	1
chr19:45626789;A|G;Family=14125	0.0210247687245107	0.83361228160915	0.955795947194371	1
chr19:45873286;A|T;Family=14453	0.0890317773445745	0.312741376145491	0.672365371749722	1
chr19:4675897;G|A;Family=11545	0.00485317875881979	0.981814947212481	0.997514222981516	1
chr19:4676194;C|G;Family=11963	-0.0362389263416286	0.720470638269595	0.911753809280068	1
chr19:47065223;A|G;Family=11172	-0.0495448604080605	0.392923603156283	0.745688258168567	1
chr19:47065629;T|C;Family=11264	0.067777520436042	0.477319348867996	0.802337476373763	1
chr19:47342993;T|C;Family=12036	0.124619090107019	0.194368496721692	0.552119208079008	1
chr19:4797792;T|A;Family=11947	0.0656738627361819	0.778529441550244	0.932625696372166	1
chr19:4798670;G|A;Family=12301	0.150383071050294	0.268057485974759	0.632156958903041	1
chr19:48382990;A|G;Family=14338	0.017379418092488	0.934225532948287	0.979188259132964	1
chr19:48481022;C|A;Family=12341	0.20741425773251	0.00451157303644916	0.091476032601107	1
chr19:49068615;T|TATC;Family=14095	0.0302931537374689	0.750803458238799	0.922900767850382	1
chr19:49150245;C|T;Family=12415	0.0381961650960616	0.732655582596363	0.915901584585743	1
chr19:49521773;G|A;Family=14470	0.125788049448923	0.160746101836588	0.51091193448602	1
chr19:49865263;C|G;Family=14103	-0.0760676330499643	0.50459842186744	0.816342611686745	1
chr19:50048609;C|T;Family=11390	0.108372104873688	0.0383836289276452	0.267530669035236	1
chr19:50292334;G|A;Family=13968	-0.126580055298299	0.275368078202568	0.644195657686796	1
chr19:50430640;G|A;Family=11928	-0.746423814119916	0.000416788163349322	0.025352217936145	1
chr19:50480191;C|T;Family=11325	0.0526179398959339	0.46772091121994	0.798295741307903	1
chr19:50624899;C|T;Family=14498	0.181985659664154	0.00382523842887202	0.0836942059553269	1
chr19:50820232;C|T;Family=14232	-0.135569459872058	0.0702598880336121	0.35614494968762	1
chr19:50977229;G|A;Family=22349	-0.306580025287359	0.00198465176505308	0.0541245181167815	1
chr19:519440;G|A;Family=13808	0.436603689153864	0.00117635842914436	0.0426746425143578	1
chr19:51993635;C|T;Family=12447	0.0948366501596466	0.170279399008892	0.523753896864317	1
chr19:52291570;A|G;Family=13301	-0.391499856033252	0.102515844506501	0.424502229364947	1
chr19:52294516;G|A;Family=12707	-0.0533297333623055	0.723575392080416	0.911753809280068	1
chr19:52321837;T|G;Family=14113	-0.0112907978423173	0.947913479840782	0.981578736976308	1
chr19:52839554;G|C;Family=12308	0.0394187504560368	0.621519217279851	0.871499087199522	1
chr19:52839774;A|G;Family=12382	-0.074113173880982	0.337545698049867	0.691778403889896	1
chr19:53050896;G|A;Family=12550	-0.0952159514628659	0.279435874543149	0.645390539641952	1
chr19:53875413;T|C;Family=12804	0.0491222699282507	0.519407760597286	0.819897350956253	1
chr19:53987427;G|A;Family=12377	0.0781773169080423	0.610999217408834	0.86867998092901	1
chr19:54095620;G|C;Family=13015	-0.0332076582558562	0.711065166738699	0.908369023327345	1
chr19:54459074;C|T;Family=11420	0.0678667742733407	0.39512513476967	0.74668521710823	1
chr19:54459097;T|C;Family=14153	0.0154805970288989	0.883359969587813	0.964795683590463	1
chr19:54994369;A|G;Family=13738	-0.0367068282252876	0.628206889499497	0.87371936977957	1
chr19:5559309;G|A;Family=12864	-0.569678056021618	0.00237137509044206	0.0615425275970813	1
chr19:55702673;C|T;Family=14188	-0.0730274252885972	0.649765576595908	0.883250727309762	1
chr19:5587029;G|A;Family=11569	0.446921185349692	0.0387494818245481	0.267530669035236	1
chr19:5612196;G|A;Family=14482	0.105969608928203	0.39753396187852	0.74668521710823	1
chr19:5657345;T|C;Family=11303	-0.64332975443226	5.47455923453964e-06	0.00197038362073702	0.0193142449794559
chr19:57218288;C|T;Family=14385	-0.00291672638663135	0.988922117658019	0.999066746506421	1
chr19:57219010;A|G;Family=13546	0.0138934647374163	0.910426925231973	0.975099464980299	1
chr19:57220445;A|C;Family=13644	-0.234062226855099	0.023305801971095	0.211914611737173	1
chr19:57542734;C|T;Family=13996	-0.0529182277580947	0.633497201790211	0.874189633014094	1
chr19:57862221;T|C;Family=12565	-0.042924926412841	0.57699073236336	0.847470151447932	1
chr19:58340391;G|C;Family=12134	-0.230977295003178	0.0608100876649221	0.332821636123524	1
chr19:58342329;C|T;Family=12861	-0.971010977055194	5.03151032518847e-07	0.000295852807121082	0.00177511684272649
chr19:58498453;C|A;Family=12867	0.0948164588297798	0.272169239210813	0.639289664404625	1
chr19:58555781;G|C;Family=13601	-0.560922161658646	1.02192288887075e-05	0.00257524567995428	0.0360534395193599
chr19:6212463;T|C;Family=11625	-0.155578936791488	0.15963145578008	0.5087441517544	1
chr19:643682;C|T;Family=12770	-0.167558588380637	0.121010910038555	0.453058320618569	1
chr19:7112336;C|CA;Family=13028	0.0263002630519581	0.867257400456741	0.964795683590463	1
chr19:7643024;G|T;Family=14452	-0.0102133596671566	0.944558291205514	0.980651569631485	1
chr19:831970;C|G;Family=13093	-0.436045959798392	0.000258932442942974	0.0179120325235845	0.913513658702812
chr19:8374252;C|G;Family=12662	-0.18148057145439	0.0656815729390603	0.345342159953808	1
chr19:8580323;G|C;Family=11892	-0.122648326197803	0.0357784968279043	0.260010114133931	1
chr19:9412868;C|T;Family=12409	-0.0959996165278649	0.481120187876926	0.803689404748956	1
chr19:9647926;A|G;Family=11723	-0.158387242534863	0.242140735019351	0.606727637179169	1
chr19:9810940;T|C;Family=14623	0.00548075461736047	0.95585056698138	0.986035321728161	1
chr19:9848601;G|A;Family=11324	-0.0460272323946444	0.471807606309505	0.799037048172794	1
chr20:10057886;C|CTTGT;Family=13221	0.298132939411787	0.110465855433392	0.438839616029696	1
chr20:10306498;G|A;Family=12953	0.232515877988714	0.136536135063918	0.477781991804383	1
chr20:10306532;A|G;Family=13042	-0.0598340440787937	0.59616393009419	0.858826600805351	1
chr20:1167310;A|G;Family=13358	0.0367937802557728	0.831608511697747	0.954819817771054	1
chr20:13167426;G|A;Family=14040	0.0306931262963617	0.707585983195465	0.907744180393903	1
chr20:13300465;C|CA;Family=14500	-0.742917305606463	0.0993070996761852	0.418085259734584	1
chr20:1563946;A|G;Family=12759	-0.00313283370873244	0.975090177740191	0.994593289870862	1
chr20:16051769;A|G;Family=13560	0.0475426434255738	0.715387477965893	0.910164811490686	1
chr20:17609122;T|G;Family=14130	0.0306497295305393	0.813462960126795	0.946223977358171	1
chr20:17609764;A|G;Family=14526	-0.034142810671317	0.593856508954392	0.856902152797994	1
chr20:17967954;C|A;Family=13815	0.0390517102337713	0.739980500703382	0.917661426699651	1
chr20:18443421;G|A;Family=11114	-0.194753772269932	0.082043330028982	0.385102812608559	1
chr20:19722220;G|A;Family=13770	0.00337532546042446	0.954903401162242	0.985548298625331	1
chr20:1979101;A|G;Family=13931	0.134794277002441	0.024361976749729	0.216188452281731	1
chr20:20390331;G|A;Family=11676	0.27600362847336	0.129878286004446	0.470925583785905	1
chr20:22563339;C|A;Family=13513	-0.250538641186865	0.0270161594627761	0.225991316610661	1
chr20:23046871;C|T;Family=13580	-0.292114132085946	0.0343416566014091	0.257234319511192	1
chr20:23081038;A|G;Family=14416	0.0300668348697525	0.830079453897658	0.953915411514964	1
chr20:23081535;C|G;Family=11096	-0.031889373679694	0.798747122436858	0.939835479218025	1
chr20:23603144;C|T;Family=12394	0.170679267919204	0.0300160714472263	0.240325485004883	1
chr20:25006517;C|T;Family=14652	-0.0678380729378514	0.458627007124703	0.790468759053555	1
chr20:25297973;G|A;Family=12858	-0.609964924765863	0.00029420092788061	0.0185346584564784	1
chr20:25774788;AC|A;Family=14168	0.127109368712308	0.140246106748546	0.478744341226813	1
chr20:31937413;A|G;Family=12006	-0.202963961983334	0.0332702988385455	0.254158951495684	1
chr20:31945717;G|A;Family=14019	0.101560036790044	0.19075400873522	0.544482316195676	1
chr20:31999641;G|A;Family=11495	0.0808874959601399	0.521299727786829	0.821643879275796	1
chr20:32000279;T|C;Family=12358	-0.22168140986531	0.0783372250229057	0.37653096714007	1
chr20:32031392;G|GC;Family=12568	0.169304825239164	0.0952520497861756	0.409567993337298	1
chr20:33647201;G|A;Family=13053	0.260170865976483	0.00097675427983833	0.0391903373875601	1
chr20:33658734;C|T;Family=12782	0.139567892433566	0.120672348871612	0.453058320618569	1
chr20:354689;C|T;Family=14472	0.00290413329489309	0.959392957749059	0.988057322920631	1
chr20:36231225;G|A;Family=14303	0.158537689386945	0.0958048526770119	0.410692005157349	1
chr20:3646918;G|A;Family=13905	0.169777715016115	0.171209682303544	0.525555764498817	1
chr20:3648438;A|G;Family=14291	-0.0507898229818234	0.357576301781592	0.713534611247429	1
chr20:36782751;C|T;Family=14219	0.0900679026972372	0.469735959136316	0.798791176524741	1
chr20:36784635;C|T;Family=13970	0.0576791357549949	0.518769104494177	0.819897350956253	1
chr20:38210994;C|T;Family=13383	-0.000943755250908646	0.991792506339992	0.999066746506421	1
chr20:3825394;G|A;Family=11067	0.1965146474068	0.0111933626081319	0.135201254277526	1
chr20:3866241;T|C;Family=13750	0.0382514236881382	0.693436996823215	0.900412887558611	1
chr20:3874352;T|C;Family=14578	0.0872393744857753	0.0965762165657841	0.411498661888993	1
chr20:41175517;G|A;Family=13023	0.0982381748668636	0.263663521595322	0.628119276517518	1
chr20:41402484;C|T;Family=13941	-0.00249411147834326	0.990034771445377	0.999066746506421	1
chr20:41402974;T|G;Family=14346	-0.148710881993824	0.436934008534834	0.775794253704527	1
chr20:43716304;TC|T;Family=14282	-0.0416577246263263	0.604534039219044	0.863480198528253	1
chr20:44490900;A|AC;Family=13486	0.083743943280615	0.711480289441217	0.908369023327345	1
chr20:44904975;G|A;Family=11869	-0.0320879058952866	0.802132611137566	0.94036080848717	1
chr20:45092483;T|C;Family=12759	-0.0534970291536308	0.560779780459083	0.841630232544602	1
chr20:45373619;C|A;Family=12201	0.105200655570291	0.112082206295281	0.43977128000286	1
chr20:45648601;G|A;Family=14610	-0.0505073792565785	0.766732700223691	0.927347156980155	1
chr20:47188268;GAC|G;Family=13703	-0.000846669421949385	0.992860545720218	0.999066746506421	1
chr20:4784171;T|C;Family=14394	-0.0674880741292463	0.374697447674269	0.731157408957312	1
chr20:49892051;T|C;Family=13324	0.191457265795329	0.0415618453301535	0.275103546575575	1
chr20:51390478;G|A;Family=12617	0.125110507664161	0.21019179336024	0.571307124017664	1
chr20:51598823;T|C;Family=14311	0.0518513061432853	0.641261655934718	0.87893205988255	1
chr20:51600915;G|A;Family=14455	0.0621482046843526	0.622574883671917	0.871499087199522	1
chr20:5195022;A|C;Family=14547	0.172900578490787	0.0683470916103243	0.350477527908756	1
chr20:53944804;G|T;Family=11526	-0.137779347871649	0.383949361898468	0.737785048353919	1
chr20:57169515;G|C;Family=12100	0.0348782276862773	0.780745149454942	0.932625696372166	1
chr20:58364108;T|C;Family=12708	-0.0704652375956614	0.622855352528986	0.871499087199522	1
chr20:58444831;C|G;Family=12394	-0.0125756993842701	0.818048880204587	0.948143501485209	1
chr20:58449461;A|G;Family=14231	-0.320359168213458	0.120370099077405	0.453058320618569	1
chr20:58856372;G|A;Family=12735	0.382560346305789	0.119770042081292	0.452477102268586	1
chr20:58903684;G|A;Family=14373	0.00847063966215858	0.91371491238621	0.976629700297295	1
chr20:58909186;C|G;Family=11132	0.0696012662587316	0.587464496116952	0.851623719425684	1
chr20:59028971;C|T;Family=11181	-0.0146224535836443	0.88558158230115	0.964795683590463	1
chr20:59325214;C|T;Family=14063	0.164647217688572	0.0354558937691146	0.260010114133931	1
chr20:59947941;CAT|C;Family=11018	-0.148611900613091	0.139539345837646	0.478420614300501	1
chr20:61975114;T|C;Family=13718	-0.480499225357402	0.113776307922062	0.441330877735585	1
chr20:62286187;G|T;Family=14481	0.725320690867494	0.00654625179378056	0.106366900712937	1
chr20:62668294;C|T;Family=11189	0.0150621145470661	0.888056129116553	0.965497526459084	1
chr20:62671759;G|A;Family=12719	-0.00934384283300196	0.856823116676549	0.964233478671408	1
chr20:62877971;A|G;Family=13026	-0.0576032591457888	0.785310257408465	0.933454354195181	1
chr20:62878254;G|A;Family=13738	-0.226976942832998	0.204241566784027	0.566496377026412	1
chr20:62968800;G|C;Family=13496	0.0414170491601833	0.629402333964089	0.87371936977957	1
chr20:63743053;G|A;Family=12578	-0.237201913162699	0.000853214384750046	0.039097206983894	1
chr20:63746676;G|A;Family=12738	-0.0171902398997418	0.863060596560331	0.964795683590463	1
chr20:64240571;G|A;Family=12623	0.027983722211576	0.723275841797552	0.911753809280068	1
chr20:64275397;A|T;Family=14209	0.0290318589905216	0.870259339002866	0.964795683590463	1
chr20:7978072;A|G;Family=12360	0.0850598663782248	0.373794096629261	0.731157408957312	1
chr20:9480988;G|A;Family=11835	0.0314967674884587	0.765773887089886	0.927347156980155	1
chr21:17565664;C|T;Family=12680	-0.0918983542000804	0.24485751391461	0.609050771067072	1
chr21:21539712;C|T;Family=13039	0.0352414623528116	0.603858340066088	0.863480198528253	1
chr21:28929048;T|C;Family=12497	-0.451663947508729	0.00630094582043344	0.106366900712937	1
chr21:30592947;A|T;Family=13524	0.0421970520758374	0.760844240135324	0.926356136113385	1
chr21:32044396;G|T;Family=11246	-0.116718042808859	0.149404477288872	0.494000933341276	1
chr21:33517446;T|C;Family=12197	0.124245873384315	0.302203377063758	0.662300349149429	1
chr21:34102835;G|T;Family=14531	0.167787893538657	0.263550660559832	0.628119276517518	1
chr21:34717175;G|A;Family=12480	0.0909064991758884	0.333208727808043	0.687623215161666	1
chr21:34788264;A|G;Family=14223	-0.601233842781606	0.0243353274059028	0.216188452281731	1
chr21:36375813;G|C;Family=13129	-0.105242471022742	0.55197743644313	0.838638903165216	1
chr21:37516066;C|T;Family=14550	0.0854028673278819	0.396828876463671	0.74668521710823	1
chr21:37608596;G|A;Family=13903	-0.00114894305380535	0.992363903754406	0.999066746506421	1
chr21:38301666;C|A;Family=13938	0.0744607034226168	0.692372149422243	0.899444665644747	1
chr21:39175161;G|A;Family=12295	-0.123746107309892	0.333286762450807	0.687623215161666	1
chr21:39196527;GT|G;Family=14292	-0.15058912073222	0.41916524995396	0.763791852694993	1
chr21:41465356;G|A;Family=14040	0.0768815806979345	0.383738838045802	0.737785048353919	1
chr21:41801553;T|C;Family=14348	-0.138576644991706	0.165243357831906	0.517283554952055	1
chr21:41885311;C|A;Family=12483	-0.126158605279672	0.173552860683102	0.525555764498817	1
chr21:42775306;G|A;Family=14216	0.0688196765758679	0.306574330995867	0.666827521426276	1
chr21:43529357;T|G;Family=12445	0.033188288518709	0.812076920430907	0.945546988541333	1
chr21:43693482;C|T;Family=13543	0.02033521971877	0.885575744460552	0.964795683590463	1
chr21:44079633;C|A;Family=12308	-0.1421311535542	0.188522209653228	0.543387545471068	1
chr21:44087918;C|T;Family=22364	-0.0139092639699963	0.86477751143346	0.964795683590463	1
chr21:44145706;G|A;Family=13942	-0.0628819957078634	0.47090909971533	0.798824794590684	1
chr21:44228232;C|T;Family=11299	0.037819476554722	0.673259610707535	0.891279514662733	1
chr21:44319382;A|G;Family=22252	0.0207295985085296	0.605126601638342	0.86394639932494	1
chr21:44459443;T|C;Family=14203	0.229859643165306	0.0449107499088163	0.286837875850042	1
chr21:45223082;C|G;Family=13752	-0.0556825018167072	0.57364209637799	0.845720566661742	1
chr21:45264278;G|A;Family=13620	-0.140405003437131	0.209400352384713	0.570191959390689	1
chr21:45942406;GC|G;Family=12793	-0.281084553791567	0.00195327224264328	0.0538370661878555	1
chr21:46129683;G|A;Family=14375	-0.0669539418165231	0.263852825339842	0.628119276517518	1
chr22:17114976;A|G;Family=12478	0.0566507887742926	0.57203988367995	0.844063868516464	1
chr22:17115083;A|G;Family=12437	-0.0107482019654484	0.916457958642063	0.977021363808501	1
chr22:17115310;GA|G;Family=14026	-0.00652389137638918	0.970948496414138	0.99261266164853	1
chr22:17555822;G|A;Family=11169	0.101227191396265	0.27930341951649	0.645390539641952	1
chr22:17788481;G|C;Family=14587	-0.00125153361024433	0.988913272307339	0.999066746506421	1
chr22:17788756;T|TG;Family=13394	0.100985497984122	0.1889009532728	0.543411414060793	1
chr22:17789787;C|T;Family=13195	0.178491071915231	0.228243497932843	0.591953702051588	1
chr22:17790452;C|T;Family=11305	-0.217057559720358	0.0520308840778801	0.308460811354242	1
chr22:18095494;G|A;Family=12902	-0.0779450981942691	0.23342513578286	0.59892645748504	1
chr22:19783767;C|T;Family=13239	-0.0217905439658766	0.825182895616539	0.950413810291319	1
chr22:19894032;T|A;Family=13942	0.0267007947834263	0.818338141162829	0.948143501485209	1
chr22:20111199;C|T;Family=12942	0.0123876953511526	0.879177297927694	0.964795683590463	1
chr22:20987529;G|GT;Family=12907	0.12998407599781	0.12081840336395	0.453058320618569	1
chr22:20995791;G|T;Family=13016	0.106896824890636	0.282243740592279	0.646958787482004	1
chr22:20996054;G|A;Family=14192	-0.0176098312065401	0.878464947326638	0.964795683590463	1
chr22:21447279;C|T;Family=12329	-0.0844285537706049	0.338987527502922	0.693690567786853	1
chr22:21756331;C|T;Family=12014	0.0010624283815483	0.995732670969684	0.999127576276812	1
chr22:21757478;G|A;Family=14523	0.104770020059105	0.378801223558699	0.735099404133714	1
chr22:21763712;T|C;Family=12314	0.166526534981311	0.163354527407166	0.515036123416839	1
chr22:21920263;G|A;Family=13099	-0.0755219565661951	0.593704570834194	0.856902152797994	1
chr22:21958603;A|G;Family=12323	0.184575721180253	0.0455230664834093	0.288339997402995	1
chr22:23164296;G|A;Family=12964	0.144854797201948	0.0834592838337478	0.385749622230187	1
chr22:23739329;G|A;Family=14470	0.0710864587276542	0.789173927354053	0.934297186478221	1
chr22:23743320;A|G;Family=12197	-0.0243602589975468	0.722330080806294	0.911753809280068	1
chr22:24586266;T|C;Family=14185	0.084250938717057	0.579022740902988	0.849393858588666	1
chr22:24588307;G|A;Family=13551	-0.0507926376400619	0.564031108529488	0.842161995394661	1
chr22:25351735;T|G;Family=14290	-0.142557746974512	0.201097196800054	0.561290277144454	1
chr22:25722315;G|C;Family=14539	-0.0840555377482611	0.291092194184712	0.653414344841113	1
chr22:28757200;G|A;Family=12683	0.383323784951776	0.0106087316319551	0.132253021899427	1
chr22:29259151;T|C;Family=13050	0.0445346293977734	0.69912667656819	0.903453020096809	1
chr22:29730488;C|G;Family=13089	0.121549850879329	0.0989746237472588	0.417183360311026	1
chr22:30334131;G|A;Family=14560	0.0657864876112357	0.564188117444643	0.842161995394661	1
chr22:30423991;T|C;Family=11489	-0.148215823740778	0.0859719034296406	0.392412779643044	1
chr22:30461448;C|G;Family=11989	-0.145961893173635	0.117950915945741	0.44938534714533	1
chr22:31683328;G|A;Family=12382	-0.128718465283865	0.172137335210158	0.525555764498817	1
chr22:31906668;C|T;Family=12360	-0.214491875784626	0.131828404764209	0.473428777241419	1
chr22:32861747;G|A;Family=12796	0.0790921840917807	0.554836200887923	0.840397716014062	1
chr22:33273439;T|C;Family=12457	0.0685533983315016	0.373152307839698	0.730972427572712	1
chr22:35294562;C|G;Family=12697	0.0128471060222621	0.91908132142072	0.977021363808501	1
chr22:35740448;C|T;Family=11415	0.163783958920385	0.31831866507102	0.676096959888537	1
chr22:36282343;G|A;Family=12976	-0.422749117959735	0.000916821744424878	0.0391903373875601	1
chr22:36467645;C|G;Family=14380	0.0967498970079426	0.183177293674608	0.537198247783888	1
chr22:37180478;C|T;Family=13007	0.152154362554411	0.103837157490064	0.426966773455649	1
chr22:37180625;C|T;Family=11029	-0.122803166589605	0.0861654084884986	0.392753954970831	1
chr22:37697628;G|A;Family=11368	0.000610980921668281	0.993899524605981	0.999127576276812	1
chr22:37813556;C|T;Family=13576	0.0132500115427143	0.876937354894479	0.964795683590463	1
chr22:37968182;C|CTCTTA;Family=13071	0.0327516712724714	0.701780672800896	0.904597082075835	1
chr22:38221428;C|T;Family=11502	0.100295533478773	0.318268583547303	0.676096959888537	1
chr22:38485351;A|G;Family=14649	-0.0579921397546911	0.570414304329401	0.84329808483896	1
chr22:38733162;C|T;Family=14467	-0.12803437084257	0.206157057655427	0.566496377026412	1
chr22:38863175;C|G;Family=12631	0.189138509109235	0.105969604190419	0.432208975241387	1
chr22:39018581;T|C;Family=12407	-0.0911581945791803	0.207236685916414	0.566496377026412	1
chr22:39020064;G|A;Family=12671	-0.0852264953253625	0.152436130071421	0.498684893222827	1
chr22:39490288;T|A;Family=14249	0.101189544193389	0.284233977363412	0.647077862579138	1
chr22:40036181;C|T;Family=11835	-0.0159082470086737	0.897230359439221	0.969500492270948	1
chr22:40329704;C|T;Family=11312	-0.0694993136752699	0.417457111656565	0.762131521831688	1
chr22:40331447;G|C;Family=13034	0.198339665931669	0.0447291427326609	0.286396398477001	1
chr22:40332081;T|G;Family=14046	-0.0606704084913452	0.538511031872542	0.828301210745779	1
chr22:40361509;A|T;Family=13203	0.044348775335705	0.649920319755142	0.883250727309762	1
chr22:40364303;C|T;Family=12738	0.0522059941850111	0.441801807813509	0.78160913461841	1
chr22:40835633;G|C;Family=14515	-0.0530103351073763	0.644331126653576	0.881048309030126	1
chr22:41358553;C|G;Family=13807	0.0553559758254289	0.687529772688352	0.897397982063516	1
chr22:41898660;A|G;Family=11415	0.233527030777388	0.00665226137673137	0.106598763158666	1
chr22:41898705;C|G;Family=12120	0.0425982335561281	0.603233600249077	0.863480198528253	1
chr22:41903002;G|A;Family=14644	-0.0239118749077288	0.756147026954875	0.924995392197226	1
chr22:42031433;G|A;Family=11159	0.0383882675305612	0.77692473659238	0.932309683910856	1
chr22:42383755;CT|C;Family=11219	0.0744455333723638	0.518643144840384	0.819897350956253	1
chr22:42510354;G|A;Family=14458	-0.277882949267667	0.0330175605667282	0.253976623032169	1
chr22:43068521;G|A;Family=12976	-0.189195164598858	0.0370987064847179	0.263879509028397	1
chr22:43163169;G|A;Family=14659	-0.0826545442928595	0.319864010772395	0.676952747453514	1
chr22:43199409;A|G;Family=13146	-0.0484204299042804	0.531033947994099	0.826632763543998	1
chr22:43238370;G|A;Family=11057	-0.325801452387549	0.0012289621265712	0.0426746425143578	1
chr22:44244437;G|A;Family=11235	-0.147277140989847	0.0834421043914611	0.385749622230187	1
chr22:44247500;C|G;Family=14356	-0.185984536593884	0.023561845356772	0.212364705966705	1
chr22:44881542;TG|T;Family=14096	-0.373639982864421	0.0355541287627897	0.260010114133931	1
chr22:44882646;C|CCATG;Family=11304	-0.179399673179857	0.110259739174114	0.438839616029696	1
chr22:45190914;TAGAG|T;Family=11942	-0.0199413146257175	0.865675677739666	0.964795683590463	1
chr22:46293891;C|G;Family=14470	0.0742836070089379	0.456672842908003	0.790162721814338	1
chr22:46361866;G|T;Family=13599	0.0246552794160141	0.744582293253436	0.920273779422806	1
chr22:47173887;C|T;Family=11424	0.0607361753743797	0.586659753420499	0.851623719425684	1
chr22:49773989;G|A;Family=11645	0.13760390237184	0.391841548912268	0.744435640582919	1
chr22:49774277;G|A;Family=11301	-0.0270257226154271	0.619857789993545	0.871150681012608	1
chr22:49888231;T|C;Family=14629	0.129735896438602	0.28967745133191	0.652124289866187	1
chr22:49901548;TTG|T;Family=14486	-0.179125897423637	0.173340355483098	0.525555764498817	1
chr22:50178310;C|T;Family=12201	-0.287518895197191	0.0106509004948334	0.132311186428776	1
chr22:50218044;G|A;Family=12463	0.0825489672219907	0.474946789821282	0.801574722676251	1
chr22:50275338;G|A;Family=13364	-0.216872402544292	0.0492069891454198	0.30034992682533	1
chr22:50445576;G|C;Family=14316	-0.127526838067611	0.107715007586639	0.434803829251332	1
chr2:100280585;C|T;Family=11810	0.0433871783765361	0.828428292985006	0.95294914171865	1
chr2:10057444;C|T;Family=13984	0.000410696741587998	0.995386350996495	0.999127576276812	1
chr2:101397685;C|T;Family=12641	0.0671516078135752	0.335229296620716	0.690016895261311	1
chr2:102344264;C|T;Family=12679	-0.117293857685452	0.0520323991951804	0.308460811354242	1
chr2:102533057;A|G;Family=13634	-0.148862979952709	0.158870659182471	0.507695367387463	1
chr2:102717597;C|A;Family=12681	-0.109599855729178	0.0607213272774903	0.332821636123524	1
chr2:105266592;G|A;Family=22027	0.117515107112984	0.153297878564321	0.498684893222827	1
chr2:106093641;G|A;Family=12289	0.145487096430978	0.194541677789473	0.55216656415226	1
chr2:106093764;TA|T;Family=14157	0.127509137602968	0.419128739993283	0.763791852694993	1
chr2:108785373;A|G;Family=11077	-0.442444063463643	0.0153136156062143	0.16521845828356	1
chr2:108894943;A|C;Family=12313	0.261523410041921	0.000233430901476274	0.0168280267105541	0.823544220408294
chr2:109502878;TTTC|T;Family=13542	0.136420836423578	0.385205565109394	0.738935925347405	1
chr2:111166684;G|A;Family=13621	-0.182101928909901	0.198972821323564	0.55889817964135	1
chr2:112215489;A|AAAAT;Family=13858	0.202179275980999	0.143776522613071	0.484161831579368	1
chr2:112333897;G|A;Family=12597	0.121487657192742	0.461379124931896	0.791705035388974	1
chr2:112533293;G|T;Family=14026	-0.0100273545373618	0.916709099619371	0.977021363808501	1
chr2:112536119;A|G;Family=13619	-0.307459633612019	0.00839437310069023	0.120878972649939	1
chr2:112573587;G|A;Family=11276	0.0574961739456664	0.614563449042314	0.869559014114187	1
chr2:112588364;TAC|T;Family=13064	0.0319736568793949	0.750479199807784	0.9228618392896	1
chr2:113027836;C|A;Family=11545	0.00521026733204767	0.93985181893951	0.980285491760471	1
chr2:113206331;G|A;Family=14375	0.156759704517458	0.171780964334334	0.525555764498817	1
chr2:113216257;C|T;Family=11933	-0.14427960617558	0.0808225395258345	0.381205774661958	1
chr2:113742122;T|C;Family=12766	-0.347671506583357	0.0559828112115137	0.321887991735329	1
chr2:120104264;G|A;Family=12637	0.149847063252454	0.185322243690882	0.539985105053425	1
chr2:120984534;A|T;Family=13071	-0.0083911062375362	0.933673875767075	0.979065044223405	1
chr2:120989430;G|A;Family=13097	-0.0745655466409261	0.476849778872505	0.802326161619756	1
chr2:121221318;C|T;Family=11266	0.0740781410407379	0.617589943600482	0.869564199046121	1
chr2:127048247;C|T;Family=13988	0.0657644755983147	0.602919566132819	0.863480198528253	1
chr2:127701340;G|C;Family=14613	-0.1015959833835	0.304294403499165	0.663803883040368	1
chr2:127941254;C|G;Family=12907	0.568599496157996	0.0019086951869821	0.0530226505486051	1
chr2:128172585;T|C;Family=22026	0.101903853153342	0.534299120631843	0.828301210745779	1
chr2:128190451;CTT|C;Family=14623	0.231066606572899	0.105847830954274	0.432208975241387	1
chr2:128190905;G|A;Family=12722	0.166402063024095	0.119919467848785	0.452487574941724	1
chr2:128191396;C|A;Family=11800	0.402759843672108	0.106789957908091	0.433051691379017	1
chr2:130765137;A|T;Family=11810	-0.275231792915983	0.261535488359947	0.625491305313076	1
chr2:131049416;G|A;Family=11883	0.0605390115718988	0.502532457290019	0.816342611686745	1
chr2:131147540;T|C;Family=13916	0.0543375166900936	0.618709847261154	0.870519771742453	1
chr2:134449703;C|T;Family=12727	0.0123264714494151	0.936870005473433	0.980285491760471	1
chr2:134956020;T|C;Family=12052	0.0891288233216317	0.577618868509496	0.847686925167014	1
chr2:135224442;A|G;Family=14570	-0.19491431131468	0.306812214769523	0.666933760755932	1
chr2:135839883;C|T;Family=11031	0.073996592598157	0.454921322450421	0.789843713388329	1
chr2:143049382;C|T;Family=14411	-0.15085547706404	0.135648594795757	0.477613016406618	1
chr2:143050341;C|T;Family=13592	0.336723021828688	0.0168765117595494	0.176677547441217	1
chr2:143053230;A|G;Family=12989	-0.124272167812438	0.276944575701395	0.645350371911837	1
chr2:143939613;TTTC|T;Family=13881	-0.223452508747522	0.33214857477864	0.686881695087364	1
chr2:144462320;T|C;Family=13211	-0.585869321916231	9.38272538476313e-05	0.0103033528717214	0.331022551574443
chr2:147928575;A|ATAAC;Family=11307	-0.197771291846079	0.148629269855401	0.493635806212662	1
chr2:148471094;A|T;Family=14363	0.882217259108947	0.0090707951293585	0.123938990370754	1
chr2:151482061;CTT|C;Family=14617	0.132409528152814	0.466134916976959	0.797151714539366	1
chr2:152654408;T|C;Family=11336	-0.188663524217556	0.489480857145792	0.807712097292027	1
chr2:152656191;C|CT;Family=12499	0.604846307578514	0.0259515418331774	0.224500192697302	1
chr2:154857794;T|A;Family=14449	-0.296651164792629	0.00641474697315258	0.106366900712937	1
chr2:157312188;A|G;Family=13988	-0.131106466032777	0.380274416889839	0.735398625007967	1
chr2:158338688;G|A;Family=13148	0.168281401669814	0.307202545197493	0.66737104646352	1
chr2:158625346;G|C;Family=12162	0.247331007661344	0.00123379068493892	0.0426746425143578	1
chr2:159771089;G|A;Family=13924	-0.0375306433742685	0.863236169126627	0.964795683590463	1
chr2:159946682;A|C;Family=13918	0.0649344925752557	0.533192276822898	0.828301210745779	1
chr2:160101510;T|C;Family=12788	0.0394028198450993	0.801493981151215	0.94036080848717	1
chr2:161983203;AG|A;Family=14644	-0.0253820994186673	0.805408066490344	0.941476630014779	1
chr2:162008566;G|T;Family=13579	-0.0825867097164148	0.325168575973975	0.682685807456059	1
chr2:162008659;T|C;Family=13409	-0.13837141327721	0.153241079262024	0.498684893222827	1
chr2:163606073;T|C;Family=12091	-0.242946482832039	0.0394742065709422	0.270417477247154	1
chr2:163607844;T|C;Family=11285	-0.171711829274052	0.278486144070222	0.645390539641952	1
chr2:165094381;C|T;Family=14595	0.0115297109892188	0.924737887341362	0.977021363808501	1
chr2:165344801;C|T;Family=14280	0.055199696462965	0.566452277548474	0.84329808483896	1
chr2:165344869;C|A;Family=11892	0.0618399586813008	0.444613538076908	0.782342425104903	1
chr2:165354309;G|T;Family=11114	-0.07119688189327	0.414587527276695	0.760877041931774	1
chr2:165374868;T|C;Family=13544	0.0199715876044975	0.905392853193401	0.972721037696638	1
chr2:165989378;A|G;Family=13752	0.230638208162344	0.402499515569925	0.751730169894493	1
chr2:165991496;T|C;Family=12340	0.0529375472280197	0.558736784532649	0.841610212430537	1
chr2:165991561;G|A;Family=12499	0.0797240753628575	0.253797387744599	0.616664727247208	1
chr2:165998144;A|C;Family=13891	-0.0250329325617316	0.886782057869856	0.964795683590463	1
chr2:166046848;G|C;Family=13988	-0.119911652044787	0.153506744342401	0.498684893222827	1
chr2:166198309;C|T;Family=12449	0.324356373139111	0.156574598249586	0.503643736045143	1
chr2:168774857;TG|T;Family=12748	0.36554158982487	0.0201451142105315	0.196331389322528	1
chr2:168923786;G|A;Family=11251	-0.183315439130321	0.0585852634888813	0.330243050955009	1
chr2:170847738;G|A;Family=12630	0.0548729734645331	0.770224050544029	0.929856736493016	1
chr2:170991658;G|GATCT;Family=12626	0.0540274857160719	0.6941506454219	0.900412887558611	1
chr2:170992470;C|A;Family=13403	0.123437976323418	0.255176098751317	0.619161813201269	1
chr2:171319581;C|T;Family=11187	-0.181873448992915	0.0896629261673165	0.399607356689742	1
chr2:171555749;G|A;Family=12396	0.188672819503485	0.124383825029023	0.459023153454384	1
chr2:172081770;G|T;Family=11480	0.0747764940207043	0.368132964440177	0.724293616148819	1
chr2:172100315;A|G;Family=13051	0.0206889212160557	0.786384318952803	0.933467360169805	1
chr2:172504612;A|C;Family=11172	-0.00650010680761431	0.937223505788117	0.980285491760471	1
chr2:172600469;C|T;Family=13508	0.0370129342810638	0.880605241005046	0.964795683590463	1
chr2:172603764;C|T;Family=13556	-0.137239610354211	0.313281880709164	0.672387665556811	1
chr2:175925325;G|C;Family=14093	-0.263834129403614	0.0538524797671641	0.316131686549312	1
chr2:176124206;G|A;Family=13709	0.096057898397344	0.281823868485979	0.646958787482004	1
chr2:177629027;A|T;Family=12925	-0.103262160622321	0.240728022883782	0.604784411792077	1
chr2:178136552;C|T;Family=22105	-0.0918280592878642	0.345782913644036	0.70029972407357	1
chr2:178137904;G|C;Family=14468	0.12609339252709	0.385823271435879	0.738935925347405	1
chr2:178402055;T|G;Family=12867	-0.0253385641671024	0.780025511261989	0.932625696372166	1
chr2:178402563;A|G;Family=11198	-0.21626413905436	0.168874049883398	0.520950063833927	1
chr2:178873393;A|G;Family=14017	-0.810185387574713	0.00566626271755004	0.103914124578012	1
chr2:178874946;T|A;Family=14226	0.0752877677796758	0.539720543408058	0.828301210745779	1
chr2:178875519;C|T;Family=14406	-0.2999283086633	0.252637095782061	0.616392582240049	1
chr2:182142011;G|C;Family=11552	-0.0840873704283763	0.629988123635523	0.87371936977957	1
chr2:182142017;C|T;Family=12316	0.194742533122276	0.260803689840504	0.624654051430615	1
chr2:182780190;C|T;Family=13787	-0.0312866820162818	0.838048521222724	0.957641235977251	1
chr2:182782843;T|C;Family=13947	-0.358128384392802	9.4986284520236e-05	0.0103033528717214	0.335111611787393
chr2:182788544;T|C;Family=11030	-0.268052170621135	0.115623905618922	0.445237995242819	1
chr2:182791335;T|C;Family=13981	-0.246699103358472	0.146391008916944	0.487233471187715	1
chr2:185761040;GA|G;Family=12598	-0.292297963158996	0.0264930671666966	0.224500192697302	1
chr2:186679617;A|G;Family=13214	-0.251697245681423	0.430062057401959	0.772141953442296	1
chr2:189034022;C|T;Family=14085	-0.0299464350351664	0.771012318509446	0.929959473402162	1
chr2:189458825;G|A;Family=12184	0.0988119419031775	0.281582810892257	0.646958787482004	1
chr2:189775364;T|G;Family=12833	-0.304785376760367	0.245830016439771	0.609050771067072	1
chr2:189854023;A|C;Family=12227	0.053306468262493	0.685633085622026	0.896225834040203	1
chr2:189864171;T|C;Family=11441	-0.0811520749043501	0.585367932198309	0.851623719425684	1
chr2:190202057;T|C;Family=14031	-0.197844357471537	0.237557715877108	0.604204000895088	1
chr2:190204763;A|G;Family=14470	-0.190604984235708	0.168774165675871	0.520950063833927	1
chr2:191692786;C|G;Family=12420	-0.00411875709981113	0.987672804396271	0.999066746506421	1
chr2:196135862;A|C;Family=14564	0.406464686692798	0.0359800056689335	0.260117745901634	1
chr2:197392121;C|T;Family=12686	0.0243098074580299	0.89080344341638	0.966728012998583	1
chr2:197551264;G|A;Family=13154	-0.0923929240940152	0.719752383637674	0.911753809280068	1
chr2:199933186;G|A;Family=12843	0.197601085794144	0.0289426166554165	0.234734601288067	1
chr2:200489752;G|C;Family=12314	0.157712413052303	0.186435243441978	0.540463055762775	1
chr2:201163531;C|T;Family=12401	0.0476244714321252	0.636509137689263	0.875339439535437	1
chr2:201623884;G|A;Family=13574	-0.0841686610838451	0.761111905979544	0.926356136113385	1
chr2:201889137;A|C;Family=11164	-0.000453065525882701	0.996916481878247	0.999182201155243	1
chr2:202962073;T|C;Family=13741	0.177835808730448	0.0924717721456347	0.401594726017005	1
chr2:203402659;C|T;Family=13471	-0.0261442911081747	0.72466371928428	0.912042086188988	1
chr2:203431051;G|GA;Family=12388	0.135095665618005	0.0829744094087284	0.385729449844432	1
chr2:20449434;A|G;Family=14575	0.393251888007488	0.204753184766665	0.566496377026412	1
chr2:20618580;G|A;Family=13624	-0.310490179414571	0.000231478161345835	0.0168280267105541	0.816654953228104
chr2:206619891;G|A;Family=14540	0.205247690644084	0.0348988857735426	0.259206882124333	1
chr2:207601814;G|C;Family=12478	-0.0851311731947903	0.389816736038429	0.742187503909108	1
chr2:207763431;C|T;Family=14598	-0.101754609244642	0.485829365557583	0.804767253704781	1
chr2:208285776;C|T;Family=11679	0.114135063932274	0.299755293549939	0.662202051123473	1
chr2:21024411;A|G;Family=14214	-0.0499153621331762	0.591892629963274	0.855467922372155	1
chr2:210678792;A|G;Family=14058	0.212252180116425	0.129725791070943	0.470856574998238	1
chr2:211382007;C|G;Family=13929	0.458121573230464	0.0620583452277597	0.334773458659841	1
chr2:213930055;G|A;Family=12430	0.0805074638747888	0.427694699506396	0.769850459111513	1
chr2:215346766;G|A;Family=14303	-0.0261297297471544	0.765606252404794	0.927347156980155	1
chr2:215346790;G|A;Family=11657	0.18249432962071	0.00873276154925448	0.122745747991115	1
chr2:216501655;C|T;Family=13869	-0.326306048667723	0.0432453719890651	0.28010815962467	1
chr2:217801751;T|C;Family=11571	0.143937166062774	0.114892952406735	0.443967509409594	1
chr2:218234999;G|A;Family=12716	0.0111479051008983	0.925331384793329	0.977021363808501	1
chr2:219163441;A|G;Family=12367	-0.1647525908388	0.129638129370126	0.470856574998238	1
chr2:219180733;A|T;Family=12469	-0.0522430029920492	0.451390661419238	0.787589640695881	1
chr2:219216033;G|A;Family=14124	-0.195278646984172	0.0708423928811228	0.357901496793309	1
chr2:219506756;CAAG|C;Family=13197	-0.163074827296924	0.0842398815603557	0.387481489106825	1
chr2:221420166;A|G;Family=14653	0.0491045059669303	0.763294743533293	0.926739371766365	1
chr2:223967681;A|G;Family=11401	-0.0415734519915159	0.888323404446198	0.965497526459084	1
chr2:224473722;C|T;Family=14303	-0.0151222325784839	0.92385057275536	0.977021363808501	1
chr2:224807721;G|A;Family=13843	0.291482493206743	0.00652024307026402	0.106366900712937	1
chr2:226732343;G|A;Family=12636	0.272614132874223	0.00199438417096984	0.0541245181167815	1
chr2:226995818;G|A;Family=11264	-0.0313502759718191	0.747733404410237	0.921886884144266	1
chr2:227981684;G|T;Family=11981	0.145716491551628	0.240235444151037	0.604529705395762	1
chr2:230907364;C|T;Family=14147	0.114203514938698	0.167030091218996	0.519649172681321	1
chr2:231372229;C|T;Family=12444	0.367916144881625	0.0098765616806751	0.128817357145031	1
chr2:232238540;C|A;Family=11625	0.00613254856592626	0.932658763596014	0.979000332629199	1
chr2:232260352;C|T;Family=13041	0.0985314132766689	0.252987552890334	0.616664727247208	1
chr2:232263310;C|T;Family=11012	0.0221859214394761	0.751936354418289	0.923045044672137	1
chr2:232336039;G|A;Family=13722	0.170151305733969	0.0918245448766241	0.40104999078307	1
chr2:232531616;G|A;Family=11729	0.14691106101375	0.202244317103302	0.563600277046169	1
chr2:232858311;A|G;Family=12289	-0.33228772856034	0.00915625558774392	0.123938990370754	1
chr2:233519539;T|C;Family=11597	0.152166833057936	0.690740225038682	0.899041613658902	1
chr2:235055422;G|A;Family=12638	0.1225916515021	0.205906786530662	0.566496377026412	1
chr2:236120386;G|A;Family=11000	-0.0801703760948474	0.5051705558076	0.816342611686745	1
chr2:236124576;C|T;Family=13611	-0.106224421526325	0.186117315120455	0.539985105053425	1
chr2:238099394;T|C;Family=12724	0.371576851635587	0.00921553097571765	0.124093104131038	1
chr2:238152501;TG|T;Family=11540	0.182458001715736	0.224478074905507	0.588231261010388	1
chr2:239050745;C|T;Family=13272	-0.311124218968185	0.0419291363279631	0.275981330158683	1
chr2:240482185;C|G;Family=11946	-0.0198967860337733	0.844404541752852	0.959580749586354	1
chr2:240520532;G|A;Family=13398	-0.0549423063649362	0.5229129897452	0.821643879275796	1
chr2:241183251;C|T;Family=14202	0.0422864181210397	0.592673380670035	0.856245572073662	1
chr2:241353409;A|C;Family=13564	-0.0213294169086357	0.906434817273553	0.972893834907543	1
chr2:241445606;C|T;Family=13385	0.148024246441419	0.0462733730536811	0.29052592835557	1
chr2:241749408;G|A;Family=14576	0.0314306598964486	0.581483383083249	0.850741758401657	1
chr2:241749817;C|T;Family=14146	0.0117922201982738	0.915787048817432	0.977021363808501	1
chr2:241755178;C|T;Family=13136	-0.0365864275540609	0.758696446770702	0.926323790739011	1
chr2:24175802;G|T;Family=13930	-0.252144659431925	0.0836666883170314	0.385851080238545	1
chr2:241850685;G|A;Family=13309	-0.00635964228900431	0.941647493219844	0.980608383646529	1
chr2:24789958;C|T;Family=11800	-0.357725032476949	0.000989617584810254	0.0391903373875601	1
chr2:25145559;G|A;Family=14386	-0.0399677660498505	0.648819384708768	0.882434382903829	1
chr2:25156660;C|T;Family=11353	0.0748682811822621	0.407952891949594	0.753538116648255	1
chr2:25157831;T|C;Family=13513	0.0990311279481205	0.370122746238905	0.726651668742825	1
chr2:25230242;G|A;Family=11715	-0.467527630073697	7.85423894039184e-06	0.0023091462484752	0.0277097549817024
chr2:25230513;GA|G;Family=14027	0.0170606222330696	0.85359085389597	0.962438009761899	1
chr2:25234307;G|A;Family=14336	-0.0536541304515012	0.72002141505271	0.911753809280068	1
chr2:26730402;C|T;Family=14100	0.242191459137265	0.00727032019963678	0.110137410672953	1
chr2:26732705;C|G;Family=11246	0.0615999534588251	0.376640230844193	0.732921530291402	1
chr2:26947441;G|A;Family=11056	-0.0236897751979199	0.643896383595073	0.881048309030126	1
chr2:27136929;G|A;Family=14192	-0.0730064061003984	0.277996246510081	0.645390539641952	1
chr2:27243927;C|T;Family=11931	-0.0782736362735659	0.446434414752554	0.783127767060724	1
chr2:279906;C|T;Family=13932	0.213918430123656	0.312208229135886	0.671628434385003	1
chr2:28415715;T|C;Family=13946	-0.0134473217554058	0.885589097647612	0.964795683590463	1
chr2:28643133;C|T;Family=12281	-0.0630201417966696	0.487097257198678	0.806040864632709	1
chr2:30159423;C|T;Family=14652	0.0815121221386485	0.259302254047563	0.622749048522671	1
chr2:31267680;A|C;Family=12850	-0.325107216062339	0.0101787043825496	0.129640682532978	1
chr2:32089567;C|G;Family=14480	0.300944902487339	0.165207740220088	0.517283554952055	1
chr2:32220466;C|G;Family=13805	0.149668484803093	0.171621395895602	0.525555764498817	1
chr2:32307549;T|C;Family=11869	-0.057549620068923	0.850954373886214	0.961136217328526	1
chr2:32312264;G|A;Family=11981	0.0118201492943287	0.885145183522907	0.964795683590463	1
chr2:3550465;G|A;Family=12964	0.0459373078552229	0.67897479903428	0.8935265122136	1
chr2:3644481;TA|T;Family=14522	-0.0129661815942084	0.924296001171488	0.977021363808501	1
chr2:36759377;G|T;Family=22105	-0.119038616095693	0.653467564696316	0.884540635080326	1
chr2:37251942;A|C;Family=13905	-0.289801292170611	0.361501130310269	0.717646218553406	1
chr2:38734005;C|T;Family=11773	0.0068595696339582	0.92563160183898	0.977021363808501	1
chr2:38974699;T|C;Family=14680	0.0349147316776383	0.70876195925915	0.908186937836579	1
chr2:40098122;C|T;Family=12360	0.22578349519612	0.290036668640897	0.652166581877045	1
chr2:40104941;G|T;Family=11869	-0.133389141297539	0.305470445184161	0.665657647072094	1
chr2:40110232;G|A;Family=13393	-0.0773875615275158	0.479066009767547	0.803300799648245	1
chr2:40110784;A|G;Family=13629	-0.254541821295809	0.0153606015562428	0.165220128934222	1
chr2:43565070;T|C;Family=12346	0.0781424021317161	0.760100609746192	0.926356136113385	1
chr2:44318697;G|A;Family=14343	0.444762227581816	0.0659094684723554	0.345510556865483	1
chr2:46185708;C|T;Family=13166	-0.20870947271378	0.122002618457825	0.454514506778465	1
chr2:46186250;C|G;Family=13556	0.192767016031645	0.130418805958141	0.471915433251611	1
chr2:47074316;G|A;Family=22364	-0.0657798403783723	0.466134597294298	0.797151714539366	1
chr2:47074774;C|T;Family=12302	-0.12143042653826	0.234604984791205	0.59977274372708	1
chr2:47799713;G|A;Family=13890	0.229928463405205	0.095702494648668	0.410692005157349	1
chr2:48375630;A|G;Family=14007	0.110076126031376	0.67900923447978	0.8935265122136	1
chr2:48377199;A|C;Family=14531	0.174908294003282	0.523106574389602	0.821643879275796	1
chr2:48595331;A|G;Family=11456	0.275394270882246	0.0151637679391215	0.164608533197602	1
chr2:50207689;G|C;Family=11679	-0.239691142658953	0.196891479352728	0.556151432471117	1
chr2:50918317;A|G;Family=12014	-0.339275489466243	0.051942792085021	0.308460811354242	1
chr2:53887396;G|A;Family=14339	0.0657396750226924	0.555901345517469	0.840397716014062	1
chr2:54065901;T|C;Family=11469	0.041134140628066	0.687895884862105	0.897397982063516	1
chr2:54660185;T|G;Family=14502	-0.316389421220086	0.0465761797247275	0.291180687793523	1
chr2:5696599;G|A;Family=14153	-0.0292392248114538	0.851647069988442	0.961167902405382	1
chr2:5698500;A|G;Family=14479	-0.0940324849647147	0.791783856501743	0.935503498237826	1
chr2:60899234;C|T;Family=13589	-0.166027666831688	0.0372564533166021	0.26422436737877	1
chr2:61018400;CAGG|C;Family=11018	0.0745273008947175	0.520938428233326	0.821643879275796	1
chr2:65083821;A|G;Family=11543	0.0450283661195607	0.67146015736164	0.890758604506767	1
chr2:65084839;G|A;Family=11505	-0.0865897563240046	0.514907511004496	0.819569852470929	1
chr2:65310885;T|G;Family=11013	-0.21245242406491	0.586598044328106	0.851623719425684	1
chr2:67401400;A|G;Family=13895	-0.110455066157421	0.66448588704402	0.888668009663117	1
chr2:67402535;A|G;Family=11485	0.228519275703287	0.306481176912521	0.666827521426276	1
chr2:69325719;A|G;Family=14301	-0.0956499679310186	0.433655968434336	0.774243586539296	1
chr2:69461843;C|T;Family=14195	-0.0283034692096968	0.825047293616398	0.950413810291319	1
chr2:69941432;G|C;Family=11429	0.059535049898856	0.562676006260705	0.842161995394661	1
chr2:69942862;T|C;Family=11429	-0.238284110102773	0.14931902048922	0.494000933341276	1
chr2:70150021;TGCA|T;Family=14618	-0.476425647381848	0.000908306352597759	0.0391903373875601	1
chr2:70277199;C|G;Family=13991	-0.18394378330831	0.0723841523025097	0.361204086737276	1
chr2:70660965;G|T;Family=11018	0.0385921249015995	0.540057456171402	0.828301210745779	1
chr2:70986440;AG|A;Family=13001	0.0926923160109675	0.152958853193609	0.498684893222827	1
chr2:72131287;G|A;Family=11063	-0.116143937643516	0.136377495985526	0.477781991804383	1
chr2:72934343;T|C;Family=12019	0.144803309806224	0.176823240782642	0.528671519899289	1
chr2:72944993;G|A;Family=13787	0.0755471667257497	0.622578056379786	0.871499087199522	1
chr2:73226979;G|A;Family=11954	-0.114479360035686	0.111503224504461	0.439534498381831	1
chr2:74216301;T|G;Family=11121	0.0945896470406776	0.495353455482169	0.811735766458076	1
chr2:74394294;G|A;Family=11986	0.0659852047469838	0.479905036861953	0.803689404748956	1
chr2:74395549;T|C;Family=12621	0.060174499893712	0.510259472275363	0.817527437868973	1
chr2:74494487;C|T;Family=13358	0.00223114815903008	0.976986528604097	0.995037088024034	1
chr2:74891539;T|C;Family=12628	-0.0789493330741266	0.275994431896	0.644372178803311	1
chr2:85544374;C|A;Family=12316	0.0224509313121851	0.783286844311767	0.932628523384658	1
chr2:85606685;G|A;Family=14228	0.779368607072375	0.0091689559202854	0.123938990370754	1
chr2:85658908;TAC|T;Family=14424	-0.0406100003067498	0.786923839535478	0.93351288025594	1
chr2:8853370;C|T;Family=12867	-0.283741732302228	0.14409150534725	0.484161831579368	1
chr2:8854433;C|T;Family=11265	-0.32206750728008	0.0923205878904828	0.401594726017005	1
chr2:9481403;C|T;Family=12687	-0.158212877719153	0.282001001160895	0.646958787482004	1
chr2:9489450;A|G;Family=11651	-0.187080972991358	0.234382463551506	0.59977274372708	1
chr2:95384419;C|T;Family=12687	-0.0978355665227451	0.313813638806144	0.672387665556811	1
chr2:96114264;C|T;Family=12701	-0.0225265802060136	0.840621618496616	0.958846773377324	1
chr2:96329291;C|T;Family=12749	-0.137867872228529	0.675629906637292	0.892565525057767	1
chr2:96702316;C|T;Family=12619	0.0637672055124703	0.277679998526841	0.645390539641952	1
chr2:96832748;G|T;Family=12778	0.028631198814891	0.707357630910384	0.907744180393903	1
chr2:98588361;C|T;Family=13836	0.159016582364409	0.0339706721367195	0.256819154308947	1
chr3:100181264;A|C;Family=13221	-0.0110515398298988	0.938444172539824	0.980285491760471	1
chr3:100357788;C|T;Family=13037	0.09488446763083	0.457710168862339	0.790193894219397	1
chr3:10099443;C|T;Family=11407	-0.20740450070151	0.00636246062909249	0.106366900712937	1
chr3:101671350;T|C;Family=12676	0.136780255609239	0.629334532392259	0.87371936977957	1
chr3:10325764;C|T;Family=13543	-0.0238815007729574	0.717923235562381	0.911753809280068	1
chr3:10325905;T|C;Family=13925	-0.220591240670885	0.188122598791903	0.543278915942443	1
chr3:105576696;C|T;Family=12335	0.0540336370172653	0.537862715142107	0.828301210745779	1
chr3:105655851;C|T;Family=14051	0.0600735452239584	0.792133198090739	0.935602920275905	1
chr3:107811324;A|C;Family=11038	-0.15156370519265	0.27158713972662	0.639008306039478	1
chr3:108043546;C|CA;Family=14670	-0.0740677455986911	0.531641082902872	0.826632763543998	1
chr3:108191577;G|A;Family=12299	0.123417860752476	0.265079023503638	0.629011639005638	1
chr3:111606844;G|T;Family=12859	0.145282903652158	0.254296777109155	0.617452876559601	1
chr3:111975878;TTGTC|T;Family=12775	-0.568837865489746	0.021525428563206	0.203427707886817	1
chr3:112117415;G|A;Family=13267	-0.0337659704819151	0.763877010514906	0.926739371766365	1
chr3:113291328;C|T;Family=11214	0.164918782516915	0.138927758033357	0.477781991804383	1
chr3:113719696;AT|A;Family=13533	-0.102617444716358	0.676375696043549	0.892724824407648	1
chr3:113809668;A|G;Family=14645	-0.0656380461555282	0.74494005315807	0.920273779422806	1
chr3:113933626;G|A;Family=13614	0.0356506610432813	0.640197402379291	0.878155690355419	1
chr3:113961731;A|T;Family=13466	-0.144637760050628	0.300037287243048	0.662300349149429	1
chr3:114005793;G|C;Family=14320	0.00180083467417387	0.987665331344916	0.999066746506421	1
chr3:11809017;G|A;Family=13625	-0.221299609933712	0.0317631146383741	0.246599477622861	1
chr3:119211871;T|C;Family=13619	-0.187976382230336	0.110932576901984	0.438950326267306	1
chr3:119447066;T|C;Family=11888	-0.0246223246641263	0.710768247440336	0.908369023327345	1
chr3:119486870;C|T;Family=13835	-0.121965055843267	0.212512938267813	0.574222426007424	1
chr3:120167266;C|T;Family=11721	0.0352837406970192	0.677784741349751	0.8935265122136	1
chr3:121158446;A|T;Family=13128	0.264722604799769	0.0620105875521285	0.334773458659841	1
chr3:121626977;T|C;Family=13071	-0.0495156410046842	0.267378942340642	0.632090470764424	1
chr3:121694586;C|A;Family=14637	-0.133733215634633	0.353393540818864	0.708796140994288	1
chr3:122120916;C|T;Family=12681	-0.154191594069977	0.188992575128286	0.543411414060793	1
chr3:122574927;A|T;Family=14652	-0.244698161516947	0.41602375677052	0.760877041931774	1
chr3:123274084;T|G;Family=12692	-0.297106440374449	0.133731639455317	0.47568550988734	1
chr3:123944909;A|G;Family=11094	-0.372759489443668	0.00188710669792915	0.0528389875420163	1
chr3:124746887;C|T;Family=13787	0.377293071479785	0.00637078136375345	0.106366900712937	1
chr3:125226421;C|T;Family=14534	-0.410991286076586	0.208366789130899	0.568183874092098	1
chr3:125231841;G|T;Family=14687	-0.245542144301519	0.162778635288695	0.514129834645047	1
chr3:12584278;G|A;Family=11108	-0.0123610565004703	0.851346564385387	0.961136217328526	1
chr3:126103832;T|G;Family=13802	-0.0902746805905054	0.183494686703053	0.537363741598129	1
chr3:126135218;G|C;Family=11263	0.273501854704128	0.0262806324859118	0.224500192697302	1
chr3:127035373;G|C;Family=11474	-0.065464765984886	0.4725962557579	0.799673664419122	1
chr3:127615888;C|A;Family=14118	0.0366203574476437	0.551419157047177	0.838176124973046	1
chr3:127676379;T|G;Family=14320	0.172503347216331	0.0539729495254152	0.316131686549312	1
chr3:127986875;C|T;Family=12056	-0.0342175412383228	0.627705056993556	0.87371936977957	1
chr3:128480896;G|C;Family=11504	0.130367644513869	0.147973359509707	0.492035826908808	1
chr3:129040491;G|T;Family=12011	0.272125621879694	0.0112026995260333	0.135201254277526	1
chr3:131165459;C|T;Family=14136	-0.0734952763000738	0.692231119738875	0.899444665644747	1
chr3:1321790;A|G;Family=12964	0.0311688881427988	0.802577032089145	0.94036080848717	1
chr3:1329859;G|A;Family=12385	-0.0610305850323205	0.650843504764918	0.884164761190078	1
chr3:133826778;G|A;Family=11413	0.272910246163	0.0946485087057672	0.409182407822884	1
chr3:133827116;G|T;Family=12724	0.157306865770746	0.0390034596506634	0.268754382743342	1
chr3:133934381;C|A;Family=14482	0.0828454637851034	0.218082278696699	0.578739162213339	1
chr3:134478503;C|G;Family=22052	0.264405518685536	0.0405253226934827	0.272849882562227	1
chr3:136145938;T|C;Family=14243	0.0169859979146709	0.918523150981911	0.977021363808501	1
chr3:136149821;A|G;Family=12779	0.141805833591779	0.144341431228428	0.484161831579368	1
chr3:136327689;A|G;Family=14211	0.0774793393486495	0.387911490656373	0.740558300343985	1
chr3:136338071;A|G;Family=11236	0.147566710696287	0.178276877375228	0.530321098971167	1
chr3:136338441;T|TTGA;Family=13006	0.269208439179223	0.0605347935929361	0.332821636123524	1
chr3:136980530;C|G;Family=13129	-0.0320000091080971	0.746696234204255	0.921421585964537	1
chr3:136989446;C|G;Family=11356	0.0230232875182056	0.823907842873092	0.950227809629378	1
chr3:137010732;C|G;Family=13940	-0.0426822884990277	0.456099541200122	0.789989222524966	1
chr3:138167118;T|C;Family=13798	-0.0461317786552933	0.721529424391187	0.911753809280068	1
chr3:13818784;A|AT;Family=11453	0.0811116554644362	0.421113230325083	0.763791852694993	1
chr3:138324244;G|A;Family=12759	0.0141929376232582	0.905908628226059	0.972893834907543	1
chr3:138405114;G|A;Family=12324	-0.162078113953514	0.0225120940188602	0.207912742666332	1
chr3:139561332;T|C;Family=13555	-0.126792473877453	0.117284451729336	0.448298532720583	1
chr3:140571367;A|G;Family=14452	0.0784817363539635	0.761502879992904	0.92639572092565	1
chr3:14130863;C|T;Family=13412	0.0892658788598923	0.205209868245639	0.566496377026412	1
chr3:141817086;G|A;Family=11069	0.0303423365646529	0.770484608706744	0.929856736493016	1
chr3:141946431;CT|C;Family=13375	0.267813240093204	0.00989498406641255	0.128817357145031	1
chr3:141946441;A|C;Family=13375	-0.117790024872797	0.178836237619175	0.530580890140007	1
chr3:14198632;G|C;Family=12782	-0.0259540996384226	0.656279219039188	0.885073809162942	1
chr3:142961716;T|G;Family=12303	0.120513770142062	0.253505029091578	0.616664727247208	1
chr3:143057916;C|T;Family=11580	0.218685747697512	0.0425861540706004	0.277947488322492	1
chr3:143059102;A|AT;Family=11142	0.280981824136657	0.0672941332793985	0.348113932858824	1
chr3:14490580;A|C;Family=11121	-0.0556661469350775	0.675143579419297	0.892565525057767	1
chr3:148742791;T|G;Family=13028	0.174664634556662	0.549973750170143	0.836339392500113	1
chr3:149965507;CTT|C;Family=11455	-0.171083128479847	0.0270958976548497	0.225991316610661	1
chr3:150464875;AG|A;Family=13023	0.0621364337571326	0.812023848029547	0.945546988541333	1
chr3:150543729;T|G;Family=12975	0.260870782042553	0.214261118629649	0.574446454367046	1
chr3:151435545;T|C;Family=12313	-0.00363653576217194	0.978928476994837	0.995864955835578	1
chr3:153168786;A|G;Family=11919	-0.204272492454565	0.291137637544798	0.653414344841113	1
chr3:154272947;A|T;Family=14536	0.0963766762601554	0.461710541151574	0.791888570336778	1
chr3:155833498;G|A;Family=12929	0.284210757668213	0.0206184587195609	0.198169653432297	1
chr3:155940583;C|T;Family=14200	0.111744424930332	0.207310486237395	0.566496377026412	1
chr3:155941178;G|A;Family=11046	-0.167256285857119	0.0376492798664966	0.265653318738	1
chr3:155942209;C|T;Family=11544	-0.0492241716883475	0.445291272651902	0.782839241413405	1
chr3:156537898;T|C;Family=14258	-0.250657189913315	0.00565218188754968	0.103914124578012	1
chr3:156538430;A|C;Family=14076	-0.114619845156777	0.51374079641069	0.819569852470929	1
chr3:156925112;G|C;Family=11718	-0.190769829184321	0.571975220112465	0.844063868516464	1
chr3:157148062;G|C;Family=12324	0.186951702816817	0.403758148148023	0.75239577360304	1
chr3:157152211;A|G;Family=12512	-0.487924828826418	0.0295949329111722	0.238381103448894	1
chr3:160417783;G|A;Family=13082	-0.00209794809581984	0.981988123423359	0.997514222981516	1
chr3:161071100;G|C;Family=11462	0.0555821060622654	0.633377792096973	0.874189633014094	1
chr3:161252221;T|C;Family=11227	-0.138981231671685	0.397928731893765	0.74668521710823	1
chr3:169779365;C|A;Family=11195	0.164618767183442	0.0172014852732491	0.177446900713518	1
chr3:169926859;G|C;Family=13254	-0.158642735286015	0.259678291348279	0.623227899235871	1
chr3:170396591;G|A;Family=12396	-0.117795081541464	0.700334350728442	0.904283002059207	1
chr3:170890492;G|A;Family=13583	-0.113449060596015	0.732261600763577	0.915901584585743	1
chr3:171859042;T|A;Family=14011	-0.0141865051588452	0.896270276595861	0.969500492270948	1
chr3:171859268;G|C;Family=14011	-0.0356165438402456	0.78365097441465	0.932628523384658	1
chr3:175808323;G|A;Family=12430	0.263592921925036	0.166663960494992	0.519649172681321	1
chr3:175808777;T|C;Family=11349	-0.329779000861414	0.050127214762386	0.303198247416822	1
chr3:175808943;A|G;Family=14360	0.103582525179223	0.581870709473695	0.850741758401657	1
chr3:177024818;A|G;Family=11897	-0.188400260104158	0.0669400152358825	0.347632795198018	1
chr3:179397074;A|T;Family=13523	-0.0144694816812462	0.942251146407733	0.980608383646529	1
chr3:179399799;A|G;Family=13706	-0.564065265798808	0.00304791964317343	0.0741643762048411	1
chr3:179626617;G|A;Family=14671	-0.0516061403021188	0.462274695659706	0.792337964575404	1
chr3:179797486;A|G;Family=14155	-0.0154681111120654	0.931885920344595	0.978915606157099	1
chr3:180610162;A|C;Family=14557	-0.249722338660598	0.0572513731752079	0.326305080068067	1
chr3:182944935;C|T;Family=14247	0.140681296301338	0.149014210208754	0.493635806212662	1
chr3:183272134;G|A;Family=14425	0.0496914422921484	0.829717846527077	0.953811152419772	1
chr3:183681295;A|G;Family=11172	-0.0323645059881793	0.912286923766631	0.975909116752175	1
chr3:183949843;G|A;Family=11159	0.0408688453989217	0.65583837335053	0.885073809162942	1
chr3:183963531;G|A;Family=11793	-0.113063277456924	0.0790253670643318	0.377741858492208	1
chr3:184292359;C|G;Family=12304	0.0535281085926349	0.453870390021394	0.78918419713922	1
chr3:184322831;G|C;Family=11265	-0.00946791397230115	0.922745871590732	0.977021363808501	1
chr3:184322841;C|T;Family=12523	0.0546320340368419	0.538359498590265	0.828301210745779	1
chr3:184325022;A|C;Family=12285	0.111385735271527	0.180495047326145	0.531541341374489	1
chr3:184353323;C|T;Family=11205	-0.157713877354768	0.102434500496239	0.424502229364947	1
chr3:184371956;G|A;Family=12375	-0.0605970370857508	0.492462843833971	0.810358634816349	1
chr3:185079873;C|G;Family=12794	0.171067124176394	0.211421777330794	0.57288481599312	1
chr3:185081076;G|GT;Family=12210	0.268821063179857	0.0893687815415872	0.399607356689742	1
chr3:185484490;A|G;Family=12921	0.0104639752135511	0.861285828957052	0.964795683590463	1
chr3:185491643;A|G;Family=12573	0.0818008409267005	0.40085332448868	0.74944914085642	1
chr3:185631246;G|A;Family=11263	-0.066089209811118	0.506083732614787	0.816342611686745	1
chr3:186551141;G|A;Family=11380	0.476991688263704	0.00626456969720532	0.106366900712937	1
chr3:186855227;T|A;Family=13383	0.184503242485348	0.0250579459365374	0.219365839365022	1
chr3:186856850;A|T;Family=11046	-0.277377619448749	0.169202411495067	0.520950063833927	1
chr3:187077425;G|C;Family=12326	0.203154516754752	0.00858808520713482	0.122168287982741	1
chr3:188746522;A|G;Family=11749	0.0536616607676785	0.584060061213186	0.85147268428104	1
chr3:188877000;T|C;Family=12055	-0.0424066534744703	0.795691709339917	0.938862993495393	1
chr3:190308176;A|G;Family=11101	0.229685037399122	0.112590876074722	0.44037761728561	1
chr3:190429125;TC|T;Family=14527	-0.109612691789589	0.384410700257685	0.738269434136697	1
chr3:190648856;A|AT;Family=14551	-0.0435311655490167	0.72361413434926	0.911753809280068	1
chr3:191263055;G|A;Family=11458	0.256893548595632	0.133119944285293	0.474972363970571	1
chr3:191397225;A|G;Family=12653	-0.191262354334435	0.131195266394701	0.47278539309551	1
chr3:193274903;G|A;Family=11651	0.140430539299146	0.431487029483892	0.77234208017208	1
chr3:195741032;C|T;Family=14112	-0.330118200465666	0.0119936489953079	0.140111237269689	1
chr3:195765065;A|G;Family=11984	-0.408647339136426	2.23770346690586e-05	0.00438589879513549	0.0789461783124389
chr3:195863418;C|T;Family=14007	-0.237631992528694	0.0180575039301207	0.181501065143777	1
chr3:196353313;G|A;Family=14186	-0.36333030708054	0.00491354378559615	0.0956222453457359	1
chr3:197787323;C|T;Family=13210	-0.0667290354602232	0.596674654082652	0.859211501879019	1
chr3:197882964;G|T;Family=12661	0.143423488543551	0.475915773887375	0.802326161619756	1
chr3:19984533;C|CA;Family=11017	0.279556889540375	0.0496833590813747	0.301691722614613	1
chr3:21419460;T|C;Family=13018	-0.133541041978079	0.451935784930105	0.788150988251809	1
chr3:21564628;G|A;Family=14224	0.094445562527086	0.311229337523095	0.671131128658501	1
chr3:24118529;A|G;Family=12779	-0.0621092909058175	0.805645676307998	0.941476630014779	1
chr3:24144679;T|C;Family=11027	-0.0602348504287936	0.335752161754959	0.690690161324488	1
chr3:3069823;G|A;Family=13601	0.0182651942033161	0.740576638545168	0.917721946184528	1
chr3:35690133;GACA|G;Family=11944	0.153078363552713	0.301620350822827	0.662300349149429	1
chr3:36987921;A|G;Family=11023	-0.103199648742536	0.155347455539747	0.501987795582263	1
chr3:37819231;G|C;Family=12255	-0.0839364029253079	0.331997829952714	0.686881695087364	1
chr3:37981612;T|C;Family=13636	-0.437233213519423	0.010008380021249	0.129487114206832	1
chr3:38141218;G|A;Family=11062	0.077903893371679	0.362371962605743	0.718066672528107	1
chr3:38230542;C|T;Family=14463	0.0362042762665976	0.799088100028308	0.939835479218025	1
chr3:38253849;C|T;Family=14603	0.0312601646119875	0.736010682421886	0.916698193377979	1
chr3:38254090;C|T;Family=14603	-0.069835191174762	0.664042381008987	0.888668009663117	1
chr3:38413212;G|A;Family=11347	-0.240384298653613	0.0225759627080451	0.207958215232332	1
chr3:39525249;G|A;Family=12303	0.109453357739204	0.45701418816289	0.790193894219397	1
chr3:40258343;TCAG|T;Family=12493	-0.0964122014943327	0.169019014966309	0.520950063833927	1
chr3:40464578;G|A;Family=13346	0.0250582626612703	0.644735972971381	0.881048309030126	1
chr3:42203612;G|A;Family=12585	-0.025256563495222	0.848609587490271	0.961121869876621	1
chr3:42536507;G|A;Family=13724	0.083005316770668	0.429282011766696	0.771526712945952	1
chr3:42536824;C|T;Family=11324	0.0565758319491712	0.590422469032506	0.853692815879788	1
chr3:42647134;A|C;Family=14617	0.0713043118626331	0.435043802857102	0.774777655971658	1
chr3:43349876;T|G;Family=12518	-0.061919603070143	0.395434278111969	0.74668521710823	1
chr3:43350246;A|G;Family=12778	-0.121801943346185	0.470889387279025	0.798824794590684	1
chr3:4362061;T|C;Family=12154	0.124921797179509	0.0374566105740856	0.264823491193134	1
chr3:43717811;G|T;Family=12320	0.00558216453221176	0.943289925959313	0.980611922565715	1
chr3:44439695;A|C;Family=13856	-0.0262996995469295	0.781334975149584	0.932625696372166	1
chr3:45547599;G|A;Family=11184	0.0607086406354308	0.507436987546585	0.816342611686745	1
chr3:45679692;C|T;Family=13835	-0.0726687906803733	0.407820870190393	0.753538116648255	1
chr3:45680381;C|T;Family=12006	-0.0904978609251175	0.233989422752397	0.599502311888494	1
chr3:45756935;G|C;Family=13684	0.00919045790591816	0.927600425352432	0.977420077235345	1
chr3:45901659;G|T;Family=14058	-0.162969668088076	0.00231164973432971	0.0608619422590687	1
chr3:45919816;A|T;Family=14292	-0.147671195148838	0.0678475777741576	0.34943978742661	1
chr3:46710394;T|C;Family=11472	0.698366426956271	0.000233722593202141	0.0168280267105541	0.824573308817153
chr3:47846504;G|A;Family=11356	0.000667817629257758	0.994439712659605	0.999127576276812	1
chr3:47852360;C|T;Family=13169	0.00566610550160993	0.950207576007851	0.98251240567283	1
chr3:48270786;C|A;Family=14351	0.148157040038917	0.0397561046083133	0.271295042665628	1
chr3:48294675;G|A;Family=13600	0.0668066019132432	0.365240293651911	0.721482506161223	1
chr3:48404401;G|T;Family=13973	-0.0910613019987456	0.131910569169023	0.473428777241419	1
chr3:48415712;C|A;Family=12689	0.0514473132916436	0.603982636817836	0.863480198528253	1
chr3:48561884;G|A;Family=12108	-0.000127993151897094	0.998853517936209	0.99942008260889	1
chr3:48637346;C|T;Family=13895	-0.0371271613563888	0.733465864432216	0.915901584585743	1
chr3:49683365;T|C;Family=12440	-0.121607261512746	0.281022480490999	0.646736667431339	1
chr3:49713972;A|G;Family=13307	-0.00429491993663419	0.966605284493748	0.990181023139936	1
chr3:49721483;G|T;Family=12412	0.00312861239405671	0.978859900504449	0.995864955835578	1
chr3:49724909;A|T;Family=11245	-0.0339329739498688	0.753303484923768	0.923759018008707	1
chr3:49724965;G|A;Family=13831	0.000623370970028645	0.993403102818743	0.999066746506421	1
chr3:50101065;G|A;Family=13900	0.194475153881733	0.0269997636037065	0.225991316610661	1
chr3:50287240;G|T;Family=13486	0.0154345723763035	0.849630710303644	0.961136217328526	1
chr3:50325514;C|T;Family=22280	0.00208281435716615	0.98060068861255	0.996817973786084	1
chr3:50326397;C|T;Family=13833	-0.314342935548201	0.00731713808675784	0.110137410672953	1
chr3:50584208;G|A;Family=12548	-0.0924631784905658	0.31717150941262	0.675305422575573	1
chr3:50607476;C|T;Family=12162	0.0826196124357823	0.322507871145091	0.680507039114762	1
chr3:51382348;G|A;Family=22308	-0.117829726891439	0.0346374038779214	0.258172226557601	1
chr3:51397631;T|TA;Family=11108	0.0588712460075866	0.485385492618319	0.804718053551424	1
chr3:51981177;A|G;Family=13988	-0.0744883874892575	0.48093475541503	0.803689404748956	1
chr3:52710657;G|C;Family=14404	-0.130373754975497	0.124773134762873	0.459978703702629	1
chr3:52840077;G|T;Family=11736	0.18343166644098	0.0601213434738269	0.332821636123524	1
chr3:53091713;TC|T;Family=12524	0.0679265428075083	0.635619961107663	0.874796204283988	1
chr3:53815743;G|A;Family=11196	-0.07761355842803	0.630665516408907	0.87371936977957	1
chr3:56570051;G|C;Family=14314	0.10302235578064	0.304431599421574	0.663803883040368	1
chr3:57091151;T|C;Family=11888	-0.536745449843446	0.0804252582715747	0.381010203827248	1
chr3:57095219;G|C;Family=13584	-0.0995745982177616	0.3091617945633	0.668008062250614	1
chr3:57627731;CAT|C;Family=11718	-0.225406163259736	0.121578663737129	0.453413874909715	1
chr3:57897178;G|A;Family=12238	0.107781756460547	0.539238057998508	0.828301210745779	1
chr3:58323856;C|T;Family=11045	0.147893518691637	0.453636378351301	0.789166243995754	1
chr3:59749398;CT|C;Family=12899	-0.0414738116430841	0.498152862181086	0.813649674895774	1
chr3:62294279;TA|T;Family=14236	0.136701624833223	0.448268515133871	0.783304270129914	1
chr3:69029837;T|C;Family=14245	-0.00647031847616195	0.948625035385971	0.98202732536435	1
chr3:69108646;A|G;Family=14446	0.147609330627347	0.169220173796395	0.520950063833927	1
chr3:71675490;C|A;Family=11753	0.243881346498547	0.157344308735581	0.504187757692215	1
chr3:71684633;G|A;Family=11000	-0.0868028361676967	0.488282636818337	0.807115201100585	1
chr3:73068369;GAT|G;Family=13298	-0.905778018554953	0.00237238768514826	0.0615425275970813	1
chr3:8890175;C|T;Family=13026	-0.0566093008974133	0.871677959561163	0.964795683590463	1
chr3:8981576;G|A;Family=12907	0.030691111349641	0.647333591100803	0.882332479170016	1
chr3:9047394;C|T;Family=12657	-0.141210459571786	0.337826859366426	0.691778403889896	1
chr3:9384861;T|C;Family=11325	-0.402751793019008	0.000739055723573644	0.0377882404748959	1
chr3:9447908;G|A;Family=13576	0.153447582374172	0.026762943077417	0.225884361667769	1
chr3:9476186;G|A;Family=13306	-0.0494738311479088	0.580305503737126	0.850215040359045	1
chr3:9499170;C|G;Family=11229	0.00912017641954648	0.924248595698134	0.977021363808501	1
chr3:9499781;G|T;Family=11229	-0.0886944596339355	0.325945745939529	0.682685807456059	1
chr3:98134403;G|T;Family=11396	-0.838278037586696	0.00140486652223092	0.0453311687480763	1
chr3:98154572;T|C;Family=13167	0.109430272889778	0.388735753000727	0.740929085135907	1
chr3:98797515;T|C;Family=13160	-0.0275881554000638	0.88110472334321	0.964795683590463	1
chr3:9962571;C|A;Family=12271	0.00406808907662176	0.985915371200399	0.999066746506421	1
chr3:9963806;T|C;Family=14017	-0.179849762128605	0.374668173781429	0.731157408957312	1
chr3:99799179;T|C;Family=11115	0.416272683144716	0.0775375299357961	0.374814499963578	1
chr4:102723006;G|C;Family=14542	-0.0446735238466974	0.76385106671178	0.926739371766365	1
chr4:10442850;T|C;Family=12055	0.180353656915395	0.177454415322631	0.529145967721528	1
chr4:104469009;G|A;Family=12162	-0.221355356866134	0.13894680373903	0.477781991804383	1
chr4:105275518;C|T;Family=11348	-0.667634728704562	9.5539991225974e-05	0.0103033528717214	0.337065089045236
chr4:106247280;G|C;Family=14493	0.241793514278418	0.276163589394506	0.644372178803311	1
chr4:107912006;A|C;Family=14147	0.0702852499554513	0.77066357639047	0.929856736493016	1
chr4:108005229;A|G;Family=12748	-0.197110913925746	0.374024068762592	0.731157408957312	1
chr4:109688545;T|TAAAC;Family=12838	0.0707527500568041	0.658211983600202	0.886663565537042	1
chr4:109713597;T|C;Family=14006	-0.534676801161018	0.0424557269834657	0.277892031164503	1
chr4:109844314;A|G;Family=12456	-0.0056743820818011	0.924518542390157	0.977021363808501	1
chr4:110046164;G|A;Family=14414	-0.448140791068201	0.00324433316562534	0.0748105059367726	1
chr4:110047183;T|A;Family=14414	-0.137917832614487	0.336833052558129	0.691618809498985	1
chr4:110049519;T|C;Family=14424	-0.0975340767972592	0.754647444413626	0.92422761825116	1
chr4:112187019;C|T;Family=12689	0.095414184590523	0.543577268164812	0.831270308662963	1
chr4:112190766;C|G;Family=11383	0.152560050267508	0.340938459233543	0.695277967731758	1
chr4:112539345;G|GA;Family=13870	-0.00135872630713652	0.996671838684529	0.999182201155243	1
chr4:113901005;G|C;Family=14175	-0.265527750210273	0.395089051600642	0.74668521710823	1
chr4:113901299;T|G;Family=14175	-0.36039463095983	0.0544496510328546	0.31647177733758	1
chr4:11394410;A|C;Family=13066	-0.211621273572366	0.0148499600595315	0.162200182941261	1
chr4:118714922;G|A;Family=14127	-0.097312165312203	0.294233998085208	0.655730237679298	1
chr4:118797718;C|T;Family=12150	-0.0374124068961264	0.871377322999135	0.964795683590463	1
chr4:118817391;G|T;Family=12638	-0.000436289976560063	0.995841621397678	0.999127576276812	1
chr4:119294495;T|C;Family=13277	-0.0384063213209462	0.903246708841747	0.972133736666773	1
chr4:120693224;C|T;Family=14233	0.0338164721157889	0.802506051762927	0.94036080848717	1
chr4:120837941;C|T;Family=12613	0.298169033472115	0.121442601255889	0.453385711355317	1
chr4:122922243;T|G;Family=11775	0.160990937746078	0.0806575971684249	0.381010203827248	1
chr4:127724380;A|C;Family=11215	0.14260012075773	0.399417079376741	0.748364659181594	1
chr4:128017501;C|T;Family=14395	0.376355087465431	0.0117241022893809	0.138661476585821	1
chr4:128862284;C|T;Family=13660	0.0317943033562384	0.801734529598366	0.94036080848717	1
chr4:128874168;A|AT;Family=12507	0.259960038807044	0.176687889977457	0.528671519899289	1
chr4:129039751;C|T;Family=14514	0.169373395418483	0.417573761819913	0.762131521831688	1
chr4:133193466;C|A;Family=12637	-0.177516792593266	0.678436061471268	0.8935265122136	1
chr4:133194330;A|G;Family=13504	0.0720666698284519	0.715249838410308	0.910164811490686	1
chr4:134197149;C|T;Family=14288	0.110347328397568	0.527918228111617	0.824842395066598	1
chr4:13568956;G|A;Family=11245	0.277150055240572	0.257115380619595	0.620453531344685	1
chr4:13614601;C|T;Family=22364	0.318094651226334	0.0074282680256236	0.110657622638115	1
chr4:138164683;C|T;Family=13732	0.242318689158912	0.172702987765697	0.525555764498817	1
chr4:1387646;AT|A;Family=13916	-0.105488239277683	0.443465073248098	0.782304237936565	1
chr4:1389494;C|T;Family=12782	-0.193111824773446	0.0757728992487668	0.370909423580415	1
chr4:139045662;G|A;Family=13415	-0.276090073473655	0.0190829007271394	0.188583960127025	1
chr4:1391008;T|G;Family=14198	-0.0627417689486862	0.709167481999564	0.908186937836579	1
chr4:139388551;G|A;Family=14016	0.162380151850534	0.205533535721777	0.566496377026412	1
chr4:139476470;C|T;Family=13620	-0.046156751540077	0.743096351380152	0.919229988663806	1
chr4:139533260;C|T;Family=14081	-0.0151968903089673	0.831380438940877	0.954819817771054	1
chr4:139599880;C|A;Family=11266	-0.0657483618522551	0.623063481531105	0.871499087199522	1
chr4:139600680;G|A;Family=11422	-0.0917322764690158	0.408939463777073	0.75417586419525	1
chr4:140859934;C|T;Family=12130	0.425258767663021	0.154783478269769	0.500987258106188	1
chr4:140865880;T|C;Family=13523	-0.247156495801477	0.0592398407380866	0.332270521659729	1
chr4:140866639;T|TA;Family=13683	0.127488857965911	0.134344756731986	0.476292247435483	1
chr4:141234067;A|G;Family=11172	-0.0572352728868363	0.569206304701306	0.84329808483896	1
chr4:144109810;C|T;Family=11573	0.0421848973554317	0.835523865728347	0.956433549088127	1
chr4:145123027;G|A;Family=13548	-0.114211673307823	0.655953690166224	0.885073809162942	1
chr4:146514083;G|A;Family=13296	0.0542616125401005	0.558064860591399	0.841577439025505	1
chr4:146641146;CAAGT|C;Family=12340	1.01552878757942	2.08917780619341e-08	2.45687310008345e-05	7.37061930025034e-05
chr4:15069288;GCTGA|G;Family=12738	-0.00185526664312007	0.987802174950961	0.999066746506421	1
chr4:151120728;T|C;Family=14314	-0.0452143855523422	0.881232104632677	0.964795683590463	1
chr4:152628346;T|C;Family=11798	-0.239664605764522	0.00274043115197748	0.0685690858452237	1
chr4:153336200;G|A;Family=11198	-0.0220000471186369	0.81813608391044	0.948143501485209	1
chr4:15444954;A|T;Family=11307	-0.132741042137013	0.0697504659867379	0.354563720823922	1
chr4:154535187;CACA|C;Family=14351	-0.295672489236059	0.089988782716747	0.399607356689742	1
chr4:155713102;T|A;Family=14523	0.074820358073602	0.524007576068748	0.821643879275796	1
chr4:155919994;C|T;Family=12396	-0.321701608303416	0.139234828484241	0.477840928883659	1
chr4:158905380;T|G;Family=14047	-0.169710377391728	0.653791483526806	0.884540635080326	1
chr4:158905911;A|C;Family=11979	-0.00619469204019523	0.960730075018899	0.988057322920631	1
chr4:16161394;C|T;Family=11018	-0.179694173642986	0.15231483547127	0.498684893222827	1
chr4:1641396;C|T;Family=14112	0.131804141692267	0.247057792467617	0.609795368790033	1
chr4:165079061;A|G;Family=14208	-0.14446488382506	0.172967132192567	0.525555764498817	1
chr4:166074932;C|T;Family=13092	-0.0921495926217673	0.135474658077423	0.477613016406618	1
chr4:166734175;A|T;Family=11447	-0.0584360208112941	0.717911768732989	0.911753809280068	1
chr4:167000419;G|C;Family=14373	-0.203456358705608	0.389568605140246	0.742115571779044	1
chr4:1692863;TAAC|T;Family=14411	0.152675090619633	0.374256435738313	0.731157408957312	1
chr4:1717219;G|A;Family=14292	-0.0506717104018201	0.574994914345938	0.846762962338232	1
chr4:173331978;A|C;Family=11280	-0.0316367299274408	0.843189395538718	0.959580749586354	1
chr4:174637083;T|A;Family=13898	0.0786161565386657	0.735394182294601	0.916450256141064	1
chr4:17629337;A|G;Family=13131	-0.211194198543586	0.19040554643048	0.544368531447921	1
chr4:176328690;T|C;Family=14137	0.154520028983131	0.630625219856375	0.87371936977957	1
chr4:17802844;T|C;Family=11107	0.00548935787016101	0.961777283239452	0.988057322920631	1
chr4:17817327;T|C;Family=11086	-0.198749727238345	0.0105296125562038	0.131732174107401	1
chr4:1805617;G|A;Family=11966	0.0956212912524393	0.452941856717258	0.788735868952856	1
chr4:184089729;G|A;Family=14560	0.0811345634437383	0.422473790222544	0.765137336706949	1
chr4:185366907;T|TA;Family=11412	-0.0822863027890211	0.386762692021912	0.739251764759555	1
chr4:186274383;A|G;Family=13742	-0.0422201157676032	0.858886942752605	0.964795683590463	1
chr4:1942178;A|T;Family=11057	-0.157661538441066	0.631200512090804	0.873969939818037	1
chr4:1942314;T|C;Family=12346	-0.0896364551191054	0.653769557146944	0.884540635080326	1
chr4:1947391;C|T;Family=11537	-0.175485832488204	0.162309580797662	0.513107707037771	1
chr4:2065821;G|A;Family=13928	-0.0651234919524453	0.61486543049789	0.869559014114187	1
chr4:23883160;G|T;Family=13692	-0.372752515274084	0.00646259628829675	0.106366900712937	1
chr4:2512438;AAAG|A;Family=13927	-0.24830104570234	0.000954583631190539	0.0391903373875601	1
chr4:25677688;C|T;Family=13409	-0.0723942572061646	0.397476355071842	0.74668521710823	1
chr4:25678077;A|G;Family=11256	-0.078257725874021	0.154696340552059	0.500987258106188	1
chr4:26432168;G|T;Family=13336	0.59868514511582	0.00312757579375618	0.0744974259455657	1
chr4:2833952;G|A;Family=12343	-0.0800494916063421	0.427112997145525	0.76958868944301	1
chr4:2838715;A|G;Family=13152	-0.0600930339903861	0.599997478121442	0.861885628180964	1
chr4:2938451;T|C;Family=14379	0.0411594963049852	0.778031285364152	0.932625696372166	1
chr4:2965551;A|C;Family=14022	-0.188051591925977	0.0119735935156071	0.140111237269689	1
chr4:2966118;A|G;Family=12719	0.0728297061900334	0.403506119754383	0.75239577360304	1
chr4:3255979;G|A;Family=12802	0.133051552657097	0.17295510040448	0.525555764498817	1
chr4:3256094;C|G;Family=11346	0.0313686741519349	0.747910133389158	0.921886884144266	1
chr4:3493275;C|T;Family=12749	0.0745596160887984	0.406967542121393	0.753538116648255	1
chr4:3493768;G|C;Family=14485	-0.042548414924665	0.739190358547457	0.917661426699651	1
chr4:38690744;C|T;Family=11067	0.0913142285632842	0.226331720770758	0.588985541575107	1
chr4:39547814;A|G;Family=14460	0.0594911272970126	0.699326346536754	0.903453020096809	1
chr4:39898284;A|G;Family=12108	0.142295612457323	0.535382242782938	0.828301210745779	1
chr4:40157562;C|T;Family=11413	0.233237102276809	0.0775821087213479	0.374814499963578	1
chr4:42412029;T|C;Family=13822	0.177085185729666	0.136328403683076	0.477781991804383	1
chr4:4321136;C|T;Family=11946	0.0267101729663512	0.798843807409905	0.939835479218025	1
chr4:44699882;C|T;Family=13543	1.18135840261783	0.00315040280533056	0.0744974259455657	1
chr4:44706524;T|C;Family=12778	-0.363044528986358	0.19827256093537	0.557948118519414	1
chr4:51994125;T|G;Family=14044	-0.0341164591900798	0.750352979979973	0.9228618392896	1
chr4:52592741;A|C;Family=11491	0.120945716291454	0.074520824449849	0.367191995333893	1
chr4:52596840;C|T;Family=14670	-0.104077588588636	0.514800294623921	0.819569852470929	1
chr4:54296702;G|A;Family=11096	0.02064659388142	0.921787130924484	0.977021363808501	1
chr4:54740149;T|G;Family=14541	0.257538967158827	0.322266916044331	0.680507039114762	1
chr4:56393831;T|C;Family=14535	-0.0775308863846258	0.380414538163135	0.735398625007967	1
chr4:5897783;G|T;Family=11498	0.115508903726357	0.247167623971017	0.609795368790033	1
chr4:6322500;G|A;Family=13341	0.0128347644954713	0.877592786388621	0.964795683590463	1
chr4:6323061;C|G;Family=13737	0.185906025307334	0.186961478818608	0.541099341486505	1
chr4:67606634;T|C;Family=12662	-0.245675175434079	0.108749452177279	0.43697957549139	1
chr4:67821539;G|C;Family=22016	-0.305877223908131	0.319602439197793	0.676805165360033	1
chr4:68227184;G|A;Family=13592	0.1975152898701	0.530351063141206	0.826632763543998	1
chr4:68311189;G|C;Family=14134	-0.30859432933955	0.00126032271168172	0.0431691119108069	1
chr4:68497139;A|G;Family=11101	-0.020605236075551	0.909291248118638	0.974477376477082	1
chr4:6881297;A|T;Family=13005	0.00365951165885028	0.972518466453302	0.992846860131786	1
chr4:6883369;A|C;Family=14686	0.771743742273623	0.00239096947732527	0.0615718271241136	1
chr4:69480687;G|T;Family=12113	-0.0451673716816505	0.651749306371579	0.884373674184204	1
chr4:70158581;C|T;Family=11075	-0.135604714004045	0.045880206579137	0.290081306113253	1
chr4:7032861;G|A;Family=11489	-0.0699780912027926	0.528151635616623	0.824842395066598	1
chr4:70815920;A|G;Family=11263	0.216519158222541	0.00674675275601296	0.106928835434868	1
chr4:70817047;AG|A;Family=13265	0.119683042034576	0.600749898787434	0.862615239284521	1
chr4:70817164;CAAGTTT|C;Family=12175	0.27258960092839	0.179349239937045	0.530612213104567	1
chr4:71568932;C|T;Family=11916	0.0700578982978782	0.536537024853709	0.828301210745779	1
chr4:7431400;G|A;Family=14681	-0.0783018303666418	0.324808284980939	0.682685807456059	1
chr4:75655166;A|G;Family=12523	0.192388089099798	0.0656527090319631	0.345342159953808	1
chr4:76159602;G|A;Family=11381	-0.124394825612942	0.199690821891734	0.560023227054084	1
chr4:76159718;C|CA;Family=14329	-0.0743807806589734	0.518686751981521	0.819897350956253	1
chr4:76179611;A|G;Family=13195	0.0482068361248951	0.534211434356475	0.828301210745779	1
chr4:76263795;A|G;Family=11497	-0.165706324830526	0.184081760370663	0.537616267042797	1
chr4:767899;C|T;Family=13879	0.24467457681961	0.32748356389196	0.683241876647448	1
chr4:7741984;G|A;Family=11258	0.0911321942702515	0.236903173374557	0.603897684729361	1
chr4:7742481;T|C;Family=13628	-0.100891324210172	0.228358556828858	0.591953702051588	1
chr4:77717094;A|C;Family=12972	-0.0861517548036844	0.436537145829227	0.775636892182768	1
chr4:77718086;T|G;Family=14346	-0.171801483489349	0.575381167227482	0.846762962338232	1
chr4:78071689;C|T;Family=11325	0.097564389573259	0.35795147230506	0.713879476705625	1
chr4:78912468;T|C;Family=11673	-0.333231657090799	0.308882003685186	0.668008062250614	1
chr4:78919845;C|T;Family=11450	0.222689806948779	0.117556366846357	0.448851582504273	1
chr4:78920280;CGTT|C;Family=13034	-0.148591951588292	0.246362980539736	0.609635789689888	1
chr4:78926636;G|A;Family=13748	0.151928713667642	0.11385843130576	0.441330877735585	1
chr4:7966592;A|G;Family=11407	0.0542723866888849	0.726938814063999	0.912042086188988	1
chr4:79903699;G|A;Family=13578	0.0699687315289591	0.719836631356155	0.911753809280068	1
chr4:8007268;G|A;Family=11031	0.111060103748486	0.205819948020783	0.566496377026412	1
chr4:80870473;A|G;Family=13997	0.168541192924601	0.0725082842557749	0.361312467308438	1
chr4:81054276;T|A;Family=14419	-0.0677361557315916	0.765400347712588	0.927347156980155	1
chr4:82355303;C|T;Family=11041	1.15272280437904	9.7462253178763e-05	0.0103033528717214	0.343846829214676
chr4:82423553;G|C;Family=12673	0.479376767634293	0.0317076012737243	0.246599477622861	1
chr4:82918607;C|A;Family=11568	-0.282082100271919	0.183842980756503	0.537363741598129	1
chr4:82931083;C|T;Family=13916	-0.272553521619754	0.0626967476326133	0.336672946191568	1
chr4:83462178;C|T;Family=13054	0.0444796742593938	0.685372089606487	0.896216727995436	1
chr4:84649853;GAAA|G;Family=12867	-0.419029761871444	0.00707861088918633	0.110014710207266	1
chr4:849961;G|A;Family=11798	-0.0321766980222754	0.775723438429448	0.932273313115002	1
chr4:8606838;G|A;Family=12529	0.137235212723956	0.223286201030755	0.586126277705731	1
chr4:8618435;C|T;Family=12656	0.0936114664885849	0.406475829580242	0.753538116648255	1
chr4:87812148;T|C;Family=11310	-0.0112252930438597	0.931522462748203	0.978915606157099	1
chr4:88707192;T|G;Family=13568	-0.093610936813584	0.558725420694096	0.841610212430537	1
chr4:95156901;A|G;Family=11368	2.08256049300001	4.03831614278221e-07	0.000284943587034713	0.00142471793517356
chr4:95167823;A|G;Family=13344	-0.101007845963226	0.186019827136585	0.539985105053425	1
chr4:95169196;T|C;Family=13654	0.0108061691654821	0.911431811785256	0.975290091591867	1
chr4:98471525;A|G;Family=13089	0.111898267855857	0.575549201725363	0.846762962338232	1
chr4:98874417;GCAC|G;Family=12860	-0.241560096756673	0.14967510679272	0.494432375247863	1
chr5:103277917;C|A;Family=11490	0.223185388722374	0.14563994448121	0.486569814516768	1
chr5:103549489;T|C;Family=13651	-0.153877110206479	0.469810570093208	0.798791176524741	1
chr5:1038589;G|A;Family=14036	0.0355949282972083	0.721119744516895	0.911753809280068	1
chr5:10651985;A|G;Family=12572	-0.0943862132430673	0.213171880176841	0.574446454367046	1
chr5:10655067;C|T;Family=11954	0.0268184630073919	0.616650325746489	0.869559014114187	1
chr5:107878371;G|A;Family=12645	0.453652965116438	0.0114836295953629	0.136872450042028	1
chr5:107880810;T|C;Family=12071	0.0488497427496318	0.844616566742161	0.959580749586354	1
chr5:109194136;G|C;Family=14596	0.0979563538672298	0.13850815295063	0.477781991804383	1
chr5:109195086;A|G;Family=13894	-0.193539682018558	0.222884873691837	0.586078562194951	1
chr5:109196078;A|G;Family=12969	0.0434200182011675	0.703065266764295	0.904649168805868	1
chr5:11017999;C|T;Family=12467	-0.469786834657107	0.0147736458436587	0.161867771852261	1
chr5:111473367;G|A;Family=11933	0.0543523108232403	0.661295037821953	0.887393753382948	1
chr5:112164264;A|G;Family=12758	-0.14293598276957	0.411351780090948	0.757436889436776	1
chr5:113018686;G|C;Family=13160	0.13199062640942	0.276342150376817	0.644372178803311	1
chr5:113532927;C|T;Family=11788	0.158377745539794	0.368305767395403	0.724293616148819	1
chr5:115126066;G|C;Family=14291	-0.150837343666815	0.562621660074054	0.842161995394661	1
chr5:115206875;G|A;Family=12206	0.00226609775768893	0.990565838255642	0.999066746506421	1
chr5:115522383;T|C;Family=11957	-0.199367413863574	0.199983321121307	0.560398059504345	1
chr5:115805085;TC|T;Family=14481	-0.178060512384216	0.207094499244375	0.566496377026412	1
chr5:123193715;A|G;Family=13843	-0.277463183477582	0.0650105336686145	0.344270774452195	1
chr5:124637274;C|A;Family=13876	-0.111390333550363	0.504332006206812	0.816342611686745	1
chr5:126543387;C|T;Family=14129	-0.0622313717602975	0.624054102482072	0.871945692497722	1
chr5:127051416;G|A;Family=11524	-0.0295709665221554	0.792903830700731	0.936199703718935	1
chr5:131200111;T|G;Family=13486	-0.118239949244544	0.426573464950336	0.769538069389255	1
chr5:132483133;G|A;Family=13575	-0.290000333122988	0.212236141022799	0.574209436754936	1
chr5:132861482;T|C;Family=14463	-0.0143191930933402	0.938456998612869	0.980285491760471	1
chr5:134579061;G|T;Family=22231	-0.237683159621435	0.0178995629679958	0.180829372212099	1
chr5:134602714;C|T;Family=13064	0.338389793866683	0.0176815566127947	0.180176032312015	1
chr5:134603713;C|G;Family=12175	0.0094861716095083	0.922173560998748	0.977021363808501	1
chr5:134751145;T|C;Family=14206	-0.174523674775685	0.336987736260985	0.691618809498985	1
chr5:134751653;A|C;Family=12705	-0.0559338656537578	0.609672473491328	0.868022171753154	1
chr5:134900029;ACT|A;Family=14032	-0.0264006083141026	0.855628389177463	0.963503656884165	1
chr5:135446401;G|A;Family=13053	0.038537894424535	0.658130677554876	0.886663565537042	1
chr5:135826564;C|T;Family=13620	-0.0804059551514897	0.498678996587288	0.814132114743152	1
chr5:135872456;C|T;Family=12162	0.0495339658193446	0.44260175229432	0.781973411094936	1
chr5:135947137;G|A;Family=14686	0.172133658050976	0.493073633015204	0.810723867635692	1
chr5:136247596;C|T;Family=14339	0.0220339774177817	0.754733494382537	0.92422761825116	1
chr5:136977317;C|T;Family=11388	0.185024391729687	0.208398507107476	0.568183874092098	1
chr5:136978143;T|C;Family=12997	-0.184657610165866	0.213835230326624	0.574446454367046	1
chr5:137620150;C|T;Family=13812	0.0954156918379617	0.120844649273566	0.453058320618569	1
chr5:138160986;G|T;Family=12837	0.329585797732161	0.00787658403457305	0.114356331168616	1
chr5:138468105;A|G;Family=11721	0.167109893830079	0.121098071525882	0.453058320618569	1
chr5:138506911;AG|A;Family=14015	0.218174724454619	0.0771629842840113	0.374814499963578	1
chr5:139412675;C|A;Family=11254	-0.028011596746234	0.671428369819237	0.890758604506767	1
chr5:139448778;C|T;Family=11696	-0.120555350159434	0.279872633049412	0.645390539641952	1
chr5:139473349;C|T;Family=13750	-0.0233700776848495	0.780936714946623	0.932625696372166	1
chr5:139844466;A|G;Family=13985	-0.0158562538789348	0.920052985939041	0.977021363808501	1
chr5:140116673;C|T;Family=12118	0.367758928612932	0.247135289288622	0.609795368790033	1
chr5:140566826;G|A;Family=12456	0.0920749124625621	0.363445867352136	0.719407913520347	1
chr5:140668697;C|T;Family=13589	-0.173903861707638	0.069414226948334	0.354330416943664	1
chr5:141011417;G|A;Family=12494	0.227590929808077	0.140447957247662	0.478744341226813	1
chr5:141124503;C|T;Family=13577	-0.0169310057522898	0.939665597515216	0.980285491760471	1
chr5:141218712;C|T;Family=13612	-0.186329061994327	0.0108947574016309	0.133475979701968	1
chr5:141511592;C|T;Family=12261	0.0504049330289056	0.434788134905468	0.774777655971658	1
chr5:141574181;C|T;Family=11265	0.132130605100876	0.141549971670528	0.480156644085133	1
chr5:141944620;C|T;Family=13064	-0.102439786125312	0.734175079707619	0.915901584585743	1
chr5:144485013;G|A;Family=11918	0.17940411767064	0.260198460157514	0.623627831138391	1
chr5:146063236;G|A;Family=12628	0.533429308823403	0.00122158753171914	0.0426746425143578	1
chr5:146510584;G|A;Family=14540	-0.127426334747047	0.0903227337524142	0.399607356689742	1
chr5:14708976;T|TCTGC;Family=11700	-0.0648791253233226	0.694564692685048	0.900560174859556	1
chr5:148286243;G|A;Family=12932	-0.268238760902793	0.114652540193483	0.443524300222159	1
chr5:149042833;G|A;Family=12497	-0.0545477022890345	0.480430788108925	0.803689404748956	1
chr5:149369334;G|A;Family=13586	-0.00274511944911673	0.962237819790871	0.988057322920631	1
chr5:149632765;G|A;Family=12908	0.0741458888598421	0.331693563160057	0.686881695087364	1
chr5:149852282;CCT|C;Family=12053	-0.0286535990076927	0.773423987175657	0.931276391384204	1
chr5:150114767;G|A;Family=14044	0.0766382745721063	0.376856643739675	0.732938389809026	1
chr5:150132781;C|T;Family=14058	0.0832169137278115	0.351550778044312	0.706304752243925	1
chr5:150296819;C|G;Family=12802	0.112077136100586	0.137434176332794	0.477781991804383	1
chr5:150405353;G|T;Family=12790	0.0128029617655489	0.883033832593321	0.964795683590463	1
chr5:150651253;G|A;Family=12972	0.0233968354669252	0.715045631210537	0.910164811490686	1
chr5:150653430;C|A;Family=11118	0.0209495651944742	0.869263571113274	0.964795683590463	1
chr5:150715573;G|A;Family=11250	0.0306188389945401	0.810586932370356	0.944747504923229	1
chr5:151181061;G|A;Family=12681	-0.431576849531968	0.000887097025049824	0.0391903373875601	1
chr5:151315542;G|A;Family=13503	-0.128951314785331	0.256762860380404	0.620026948269723	1
chr5:151794181;A|G;Family=14642	-0.0814504730771211	0.638237669775659	0.876418761265941	1
chr5:153991515;CA|C;Family=11676	0.0722108362661628	0.637519291708498	0.876185454284216	1
chr5:153992232;T|C;Family=11519	-0.112400065134131	0.236541901400589	0.603412746306058	1
chr5:154417976;C|T;Family=14214	-0.0237983486197876	0.841955299250336	0.958999953302984	1
chr5:154968991;A|T;Family=11634	0.0469255746881732	0.772949219180244	0.931022480460192	1
chr5:157086815;CCCA|C;Family=14307	0.241919232831283	0.059449981840845	0.332821636123524	1
chr5:157502848;G|A;Family=14455	0.143153206154255	0.172350098315394	0.525555764498817	1
chr5:157759964;G|A;Family=11055	-0.115849313401235	0.362493408098798	0.718066672528107	1
chr5:158698174;C|T;Family=14456	0.143260195869996	0.000614939961205662	0.033244546960588	1
chr5:160259707;C|A;Family=14681	-0.0143855597939736	0.926065601070189	0.977021363808501	1
chr5:161289036;T|A;Family=11931	0.0622760819555698	0.177581866718336	0.529145967721528	1
chr5:161897364;A|G;Family=14046	-0.0553880149657961	0.555109174648308	0.840397716014062	1
chr5:162153429;T|A;Family=14317	0.110667710939005	0.503843095341458	0.816342611686745	1
chr5:162159552;G|A;Family=11827	0.219524002123825	0.275662278506889	0.644195657686796	1
chr5:169598511;C|T;Family=11336	-0.0704506957510461	0.63477300943359	0.874454969653146	1
chr5:170047567;T|TA;Family=12916	-0.0169560847090437	0.797637733014412	0.939835479218025	1
chr5:171028985;T|G;Family=14333	0.55658302101776	0.00760500128549555	0.111329645374391	1
chr5:172044771;G|A;Family=14563	-0.0488558915106911	0.604346263684997	0.863480198528253	1
chr5:172044784;C|T;Family=11298	0.0626656136961827	0.445783456915967	0.782839241413405	1
chr5:172334322;C|G;Family=13151	-0.0392400635013943	0.740419837778081	0.917721946184528	1
chr5:172690788;T|A;Family=11159	0.0534345702245847	0.245361320058761	0.609050771067072	1
chr5:172950895;A|C;Family=11895	-0.0398118345361962	0.651538238138619	0.884373674184204	1
chr5:173092121;A|C;Family=14185	0.188389637375152	0.420925353010667	0.763791852694993	1
chr5:173958259;G|A;Family=13290	0.440924449032595	0.0171590698295987	0.177446900713518	1
chr5:175709168;A|G;Family=11079	-0.190083217272327	0.0063111262873455	0.106366900712937	1
chr5:175883914;C|T;Family=11707	-0.2472587872307	0.000197249850154049	0.0154643882520774	0.695897471343485
chr5:176378052;G|A;Family=13582	-0.0709972663770462	0.568835013054646	0.84329808483896	1
chr5:176508338;GT|G;Family=13975	0.0482057152507191	0.62365755056829	0.871736861491651	1
chr5:176508958;G|A;Family=11671	0.31987807360833	0.00250895248758412	0.0636804631381063	1
chr5:176526703;G|A;Family=13629	-0.245545931794573	0.0234740750845219	0.212364705966705	1
chr5:177307387;G|C;Family=12817	-0.202157344240168	0.058691154463943	0.330243050955009	1
chr5:177490390;G|A;Family=14124	-0.201518217169036	0.112289716155956	0.43977128000286	1
chr5:177524227;G|A;Family=11781	0.0617295812136658	0.533525077671384	0.828301210745779	1
chr5:178123185;G|A;Family=12858	-0.141856976283939	0.0902020103229313	0.399607356689742	1
chr5:178123307;G|A;Family=12563	0.110584156720083	0.197420257949495	0.557198936036654	1
chr5:178619898;T|C;Family=12618	-0.0084987651032718	0.929114582205047	0.978053751929722	1
chr5:178620162;A|G;Family=14288	0.0182882680647168	0.876805710941179	0.964795683590463	1
chr5:178979903;C|G;Family=12739	0.273309806617353	0.0527343937847595	0.310595895279852	1
chr5:179917699;TA|T;Family=12795	0.153001194055324	0.178444699243392	0.530373124625685	1
chr5:180241066;T|C;Family=11563	0.205796021399957	0.127978833637815	0.467400957633761	1
chr5:180791412;T|C;Family=14263	-0.344952909207138	0.00843505974788335	0.120971100774522	1
chr5:180950161;G|A;Family=14696	-0.0593783952429746	0.554176016490018	0.840397716014062	1
chr5:181006559;C|T;Family=12899	-0.240429161341825	0.325118573003461	0.682685807456059	1
chr5:188554;TGAC|T;Family=13874	-0.0206403845801214	0.891419130083374	0.967074628208531	1
chr5:24492863;GA|G;Family=12329	0.0119783785998735	0.924864022462123	0.977021363808501	1
chr5:2754211;C|T;Family=12498	-0.150807905738798	0.173993667725242	0.525555764498817	1
chr5:32787669;G|A;Family=12888	0.125531109888002	0.18075946780328	0.53187606539614	1
chr5:33947127;G|A;Family=13885	-0.157155568388932	0.0332827198387205	0.254158951495684	1
chr5:35060331;G|A;Family=14513	0.0968667089109085	0.302013199214006	0.662300349149429	1
chr5:35876241;G|A;Family=14310	-0.270446567666045	0.0206945252655469	0.198169653432297	1
chr5:36100376;T|C;Family=12415	-0.038046598286786	0.744262847063451	0.920273779422806	1
chr5:36103518;G|GT;Family=11348	0.0487381940393291	0.751557229601516	0.922900767850382	1
chr5:36194589;A|G;Family=12858	0.188502498045037	0.582453346553886	0.851240847821918	1
chr5:38947440;A|T;Family=14188	-0.129553314635212	0.707425797194229	0.907744180393903	1
chr5:40760134;C|T;Family=14336	0.666489873565487	0.0101280639401843	0.129487114206832	1
chr5:40981661;C|T;Family=13148	0.11372195393468	0.206738582080488	0.566496377026412	1
chr5:41310859;C|T;Family=11055	0.327085144831498	0.00180650494975596	0.0518158492905612	1
chr5:42721448;G|C;Family=11931	-0.116339027967457	0.459269676219163	0.790777656271941	1
chr5:43380844;A|G;Family=11348	0.609865554844685	0.0384482099051505	0.267530669035236	1
chr5:43444768;T|C;Family=12605	-0.238295420500424	0.446795065516824	0.783127767060724	1
chr5:52952473;A|G;Family=12415	0.090859441404569	0.542409175007059	0.830924693627835	1
chr5:52954074;C|A;Family=14285	0.113044374536124	0.0906420381558842	0.399607356689742	1
chr5:53045071;C|T;Family=12430	0.355788741764629	0.0429727150360887	0.279203938577019	1
chr5:5319376;CAG|C;Family=14124	-0.0035272819437687	0.97812763642887	0.995624437772952	1
chr5:53486850;G|A;Family=11325	0.147843752353138	0.137501266256487	0.477781991804383	1
chr5:53573684;G|A;Family=12313	0.123358484179006	0.078699739928266	0.377245492482231	1
chr5:55350930;A|G;Family=22349	-0.0490203020544873	0.805190848713947	0.941476630014779	1
chr5:55936960;T|C;Family=14472	-0.494300268286409	0.128673625529308	0.46896751122665	1
chr5:56895756;A|G;Family=12233	-0.155335276800982	0.448128352264677	0.783304270129914	1
chr5:58454338;G|A;Family=11654	0.332931374994425	0.0471496647707413	0.292462262581728	1
chr5:58970567;A|G;Family=13645	0.254627438811947	0.343989170914295	0.698672305691211	1
chr5:58973604;T|TATC;Family=14653	-0.173206051345655	0.214414286307596	0.574446454367046	1
chr5:64721648;A|C;Family=13736	-0.135139722054095	0.399588160318148	0.748364659181594	1
chr5:6491759;G|A;Family=11694	-0.199006508996491	0.00651117864235178	0.106366900712937	1
chr5:6493758;C|T;Family=14303	0.0294604152377809	0.664304570774164	0.888668009663117	1
chr5:6494271;A|G;Family=13042	0.183064263428861	0.035817719804164	0.260010114133931	1
chr5:65297209;C|T;Family=12792	0.0525914681614295	0.758808320645052	0.926323790739011	1
chr5:65591350;T|A;Family=11834	-0.00483567286797863	0.962851778968574	0.988057322920631	1
chr5:66180575;CTCT|C;Family=12237	-0.104077279017707	0.330632370553389	0.685756027814437	1
chr5:662515;C|T;Family=14264	-0.613483800878033	1.8901920098304e-05	0.00392270435922449	0.0666859741068164
chr5:663304;C|T;Family=13287	-0.0508679395140211	0.586120418366731	0.851623719425684	1
chr5:72205719;G|A;Family=12834	0.34350408614301	0.00317170615987315	0.0744974259455657	1
chr5:76617391;G|A;Family=14336	0.34973221718042	0.00599569108235241	0.106366900712937	1
chr5:76627438;G|A;Family=12324	0.00164972724674634	0.991104864250533	0.999066746506421	1
chr5:76834865;T|C;Family=13823	-0.235723859674853	0.153498590569598	0.498684893222827	1
chr5:78485842;C|T;Family=12582	0.37217299868436	0.0930021571297914	0.403085516405288	1
chr5:79373237;A|C;Family=12055	-0.268300891239397	0.150827479312291	0.496379987885974	1
chr5:80113607;C|T;Family=14534	-0.213634915478394	0.0822925009658218	0.385130772751636	1
chr5:80113608;A|G;Family=14534	0.0697223779709076	0.471078025819238	0.798824794590684	1
chr5:80142876;A|C;Family=11245	0.244043662582258	0.0961936384174281	0.411358977377802	1
chr5:82273768;G|T;Family=14424	-0.215132792104894	0.0972763288741922	0.413438309732092	1
chr5:9041297;G|GT;Family=11455	0.252921177800721	0.0665231442253259	0.347625276763974	1
chr5:91369300;A|G;Family=11590	-0.41092158003172	0.0132768368151354	0.151098968657412	1
chr5:94705821;CATT|C;Family=12396	-0.277120818342524	0.110281937721248	0.438839616029696	1
chr5:96774034;T|G;Family=14328	-0.271342908563875	0.0494795126484313	0.300971932109768	1
chr5:98855389;T|C;Family=12952	0.107826620409248	0.467504135012893	0.798295741307903	1
chr5:98858989;C|CA;Family=14559	-0.292722913324556	0.140036935301751	0.478744341226813	1
chr6:100655708;CT|C;Family=13234	0.304875890729282	0.342119090786154	0.696076212395358	1
chr6:101745058;T|C;Family=11572	0.0863441805976852	0.559989557687067	0.841610212430537	1
chr6:104728706;C|T;Family=14506	0.0495828863880866	0.841952455993656	0.958999953302984	1
chr6:104729279;G|A;Family=11115	0.102651208995271	0.616837588299967	0.869559014114187	1
chr6:105079279;G|C;Family=11413	0.466002529490252	0.0835353490317072	0.385749622230187	1
chr6:105081775;A|G;Family=12007	-0.0432045131418488	0.638434301715836	0.876418761265941	1
chr6:106185755;T|C;Family=13333	-0.0784961684795228	0.508481203849	0.816342611686745	1
chr6:109980371;G|A;Family=11437	0.00506882613025939	0.983007276198799	0.997999905159529	1
chr6:110612870;A|G;Family=11004	-0.167590754733821	0.15029634841247	0.495556558130088	1
chr6:115936149;G|A;Family=14571	0.0325618735574211	0.603825909546568	0.863480198528253	1
chr6:115939250;C|T;Family=14292	0.159191773763014	0.521679616680953	0.821643879275796	1
chr6:115940637;AAAAC|A;Family=14568	-0.323036846802381	0.0597142440333021	0.332821636123524	1
chr6:116119997;A|G;Family=13165	0.0950271957243086	0.615900301509162	0.869559014114187	1
chr6:116439914;C|T;Family=12626	-0.0917678395626548	0.439529206671628	0.778443293743726	1
chr6:116523303;G|A;Family=12285	0.36691669190786	0.0964298453522996	0.411498661888993	1
chr6:118908858;T|C;Family=13579	-0.103704054965445	0.322412642034601	0.680507039114762	1
chr6:121449531;T|C;Family=12795	-0.109591603160499	0.286475230346678	0.649090926308139	1
chr6:122445018;T|C;Family=14189	0.117818591451733	0.514192726899549	0.819569852470929	1
chr6:122781941;G|A;Family=11031	0.154545092240171	0.0709528785591302	0.357901496793309	1
chr6:123218361;T|C;Family=12853	0.180649551344405	0.259265269062167	0.622749048522671	1
chr6:125931978;C|T;Family=13776	-0.0222605923875481	0.861189378816479	0.964795683590463	1
chr6:125979905;G|A;Family=13867	1.53036982740945	0.00967876844500965	0.128141307136525	1
chr6:128005227;C|T;Family=13629	0.172241040515511	0.0670040534962166	0.347632795198018	1
chr6:130882353;T|C;Family=11189	-0.0172068673545289	0.844760056687839	0.959580749586354	1
chr6:132682546;G|A;Family=13951	-0.294832300739474	0.0108282644753239	0.133475979701968	1
chr6:13360189;A|G;Family=13028	0.141101304474383	0.0613934516369581	0.332821636123524	1
chr6:13363690;G|A;Family=12821	-0.112707135048674	0.126280108914614	0.46222257250156	1
chr6:133988725;C|CT;Family=14482	0.344744092327368	0.20413685223807	0.566496377026412	1
chr6:133989378;A|G;Family=14554	-0.27567178255638	0.0586219793381674	0.330243050955009	1
chr6:135283717;TCTTA|T;Family=13335	-0.141859331035935	0.436156769374407	0.775636892182768	1
chr6:13613509;T|C;Family=13317	-0.0373070948085133	0.63077189195821	0.87371936977957	1
chr6:13786805;CAAAA|C;Family=14453	-0.558414441760497	0.0543015311929941	0.316131686549312	1
chr6:138337102;C|T;Family=14416	0.0192882637295364	0.92250335357829	0.977021363808501	1
chr6:138382950;A|G;Family=13880	0.022908983642517	0.833286630419116	0.955733170389675	1
chr6:139178259;G|T;Family=12011	0.0475116455406289	0.777619875246665	0.932625696372166	1
chr6:139179044;A|G;Family=13992	-0.115656910034395	0.310378197407952	0.669733504865598	1
chr6:145793967;T|G;Family=11471	-0.26851997217174	0.130072777447302	0.471146569644849	1
chr6:145799581;G|A;Family=13518	0.230879245280085	0.452373751427402	0.788524997547369	1
chr6:145935370;A|T;Family=12689	0.0280675211589335	0.738733092098468	0.917661426699651	1
chr6:147386774;C|T;Family=14271	-0.135057960524551	0.444192264114749	0.782342425104903	1
chr6:147569681;A|G;Family=12738	-0.145049639686371	0.188786196129901	0.543411414060793	1
chr6:149594921;T|TA;Family=13773	0.00184644050880969	0.995682927067804	0.999127576276812	1
chr6:149683103;T|G;Family=14692	0.0770644060175598	0.648579340641208	0.882434382903829	1
chr6:149802392;CTCTT|C;Family=11355	0.216641577014393	0.0521970250505903	0.308460811354242	1
chr6:149918854;G|T;Family=13982	0.220437411174173	0.00386682414136006	0.0836942059553269	1
chr6:149918900;C|A;Family=12891	0.11290388657298	0.097500190957228	0.413438309732092	1
chr6:150401114;T|A;Family=14256	-0.230745134680115	0.200628958256815	0.560870811988941	1
chr6:150842843;A|G;Family=14595	0.0422332892794428	0.489370790011644	0.807712097292027	1
chr6:151423542;T|C;Family=12749	-0.104408200750461	0.364049140882189	0.719883593700429	1
chr6:151436379;G|A;Family=13493	0.0491036226047051	0.823142733406639	0.950227809629378	1
chr6:151619649;G|A;Family=14168	0.22958787106057	5.7415010938518e-05	0.00880696341700398	0.202560158591092
chr6:151619677;C|T;Family=14315	-0.280265326582755	0.00402640698433771	0.0845545466710919	1
chr6:152435311;A|T;Family=12931	-0.375874424656865	0.105276438999224	0.431376628094382	1
chr6:153007752;C|T;Family=13529	-0.238654782058626	0.023502439256335	0.212364705966705	1
chr6:154402214;C|T;Family=13940	0.17535416494265	0.0510824507537027	0.304774576799863	1
chr6:15523068;G|A;Family=11918	0.104254904325523	0.257454242657128	0.620670040230444	1
chr6:157673793;C|T;Family=14241	0.0613136836890029	0.570267624936689	0.84329808483896	1
chr6:158111188;G|A;Family=11615	0.0237259058435812	0.668058851356168	0.89040862394581	1
chr6:158117740;A|T;Family=12723	0.0144826133912681	0.89426976283395	0.968975344987155	1
chr6:158506980;G|A;Family=14040	-0.138329880324218	0.0636251432334481	0.339590779618162	1
chr6:158977496;G|C;Family=11360	-0.0878558381485124	0.493603987438057	0.810723867635692	1
chr6:159908666;C|T;Family=13166	-0.511619542949192	0.000574765029931345	0.0320142729866567	1
chr6:160108261;G|A;Family=13057	-0.158253531767789	0.187418442261663	0.541977265818973	1
chr6:160109275;G|A;Family=14005	-0.15848362673871	0.164872826735889	0.517283554952055	1
chr6:160216821;A|G;Family=11432	0.23426990161054	0.224682372103133	0.588231261010388	1
chr6:160711605;C|G;Family=13863	0.00240700711084201	0.986040208338729	0.999066746506421	1
chr6:161154268;T|C;Family=12552	-0.155076311858081	0.457324757719539	0.790193894219397	1
chr6:161349561;A|AT;Family=12030	0.244662164830031	0.176783362375208	0.528671519899289	1
chr6:16300875;A|G;Family=11798	-0.1470186159317	0.155377174823081	0.501987795582263	1
chr6:163573752;A|G;Family=13012	-0.957554751129913	0.0014169839345187	0.0453311687480763	1
chr6:163576481;A|G;Family=12101	-0.318607877731132	0.196888003747681	0.556151432471117	1
chr6:167040897;A|T;Family=11024	-0.07165736412933	0.598409548784485	0.860590452503468	1
chr6:167042285;T|C;Family=11184	-0.665155675412245	0.0251752531738157	0.219847260389163	1
chr6:167050007;A|G;Family=11800	-0.165443529189933	0.207458423786316	0.566496377026412	1
chr6:167357627;G|C;Family=14524	0.194743177568351	0.0245368358272552	0.216414891996391	1
chr6:168055897;A|G;Family=14418	-0.0143470197083139	0.853355801162915	0.962438009761899	1
chr6:168307277;C|T;Family=12255	-0.098838269891824	0.0727214111295973	0.36166368266813	1
chr6:169217039;A|G;Family=12908	0.0423294215242374	0.660404303198272	0.886907644340885	1
chr6:170581376;A|T;Family=13581	-0.0755922084104663	0.675293410919857	0.892565525057767	1
chr6:18225949;G|C;Family=12643	-0.0480475994823921	0.729945900177116	0.914593741995146	1
chr6:18468711;C|T;Family=12575	-0.270733313740763	0.0845078417721148	0.387703076426555	1
chr6:25986227;T|C;Family=14633	-0.00388046690488148	0.963233221884759	0.988116329255928	1
chr6:26270346;A|C;Family=11524	0.210519812467828	0.0161159410937932	0.171256145117176	1
chr6:26270657;G|A;Family=13277	-0.0336856816187538	0.788663718704612	0.934297186478221	1
chr6:26285173;C|G;Family=22140	0.078997581020747	0.138418567855574	0.477781991804383	1
chr6:27810585;T|C;Family=11018	-0.149558300741061	0.0828856684529185	0.385729449844432	1
chr6:27854874;A|G;Family=11868	0.269006696730473	0.0776613944085532	0.374814499963578	1
chr6:28534462;G|C;Family=14026	-0.0881253594763988	0.239847435462733	0.604415537366088	1
chr6:2889864;C|T;Family=13703	-0.0804581240317284	0.503653198379231	0.816342611686745	1
chr6:29310806;C|T;Family=12686	-0.138861030195381	0.295994769522513	0.657186624842935	1
chr6:29463903;T|G;Family=12832	-0.0876617486014097	0.157056425303386	0.503722789518498	1
chr6:29831116;G|C;Family=11048	-0.0532579237318853	0.742807122100223	0.919194502549838	1
chr6:30676626;G|C;Family=14577	-0.0911267931054298	0.317683217830207	0.675679395774213	1
chr6:30724523;G|T;Family=14076	0.0145561813442743	0.925375527488166	0.977021363808501	1
chr6:30893309;C|T;Family=14181	-0.183035804453217	0.0440078689069557	0.282804665762732	1
chr6:30899025;C|T;Family=13073	0.0509488071643109	0.683316023777655	0.894770485786387	1
chr6:31510632;G|A;Family=11341	0.0897383549947418	0.357449793502382	0.713534611247429	1
chr6:31557662;C|CTG;Family=11808	0.0229307585232407	0.721613542857798	0.911753809280068	1
chr6:31558799;G|A;Family=14662	-0.164263673811851	0.172239294035785	0.525555764498817	1
chr6:31661476;G|A;Family=14603	-0.0491878485984947	0.563489531828603	0.842161995394661	1
chr6:31673158;C|T;Family=11905	0.0267757482689087	0.870353640313582	0.964795683590463	1
chr6:31689640;C|T;Family=11575	-0.0494967437697465	0.491741196679106	0.809926676883233	1
chr6:31859316;A|C;Family=14186	0.0544787300676905	0.647294770367225	0.882332479170016	1
chr6:31935940;C|G;Family=11721	0.104265573203422	0.0667451014883024	0.347625276763974	1
chr6:31945211;T|A;Family=11818	0.254467726684216	0.022954476525779	0.210346475799865	1
chr6:31964099;C|T;Family=12532	0.0183227745082948	0.872174761764026	0.964795683590463	1
chr6:32069105;C|T;Family=12788	-0.0413099979825644	0.513833008122322	0.819569852470929	1
chr6:3267148;C|T;Family=11328	-0.731006284549883	0.0066775302318779	0.106598763158666	1
chr6:33440873;CTT|C;Family=13073	0.0424831362779083	0.555886083821341	0.840397716014062	1
chr6:34019696;C|T;Family=14554	-0.217043558529957	0.00666734147395964	0.106598763158666	1
chr6:34036305;G|A;Family=13531	0.0869402395113918	0.356418277017367	0.712432680633014	1
chr6:34281276;T|C;Family=11216	-0.0657324343321332	0.58495131997144	0.851623719425684	1
chr6:34287657;A|G;Family=13741	-0.115751773861154	0.218016141118162	0.578739162213339	1
chr6:34537880;C|T;Family=14359	0.0988421018121536	0.10152886616819	0.422398396039354	1
chr6:349000;C|T;Family=12100	-0.213015430634874	0.060977352023658	0.332821636123524	1
chr6:35090681;GTTA|G;Family=11496	0.132852222723915	0.58327833615539	0.851303489601962	1
chr6:35248773;C|T;Family=11718	0.0937751103842043	0.484447727372743	0.80419872341382	1
chr6:35291567;C|T;Family=13195	-0.0646748949549306	0.567718111954789	0.84329808483896	1
chr6:35575305;G|A;Family=11453	-0.140180095727886	0.0418746603252208	0.275981330158683	1
chr6:35795046;A|C;Family=12624	-0.090249498989134	0.286645029248322	0.649090926308139	1
chr6:36138971;C|T;Family=13153	-0.0445487461736082	0.607242298473897	0.86594617179301	1
chr6:36142734;C|T;Family=14433	-0.0309066496704156	0.667069473887473	0.889425965183298	1
chr6:36490070;G|A;Family=14594	0.0532103590094589	0.51210746636608	0.819371946185728	1
chr6:36741419;G|A;Family=12613	0.0322131817706204	0.745203478728483	0.920273779422806	1
chr6:36925904;C|T;Family=11201	-0.0820126452092949	0.441059134845195	0.78076097728743	1
chr6:37392924;G|GA;Family=13581	0.0956780103475869	0.395659256632474	0.74668521710823	1
chr6:37630704;C|T;Family=12467	0.52069543265146	7.75827349608048e-05	0.0100294195524582	0.273711888941719
chr6:38152744;G|C;Family=14632	-0.0705856648269216	0.361758572416133	0.717646218553406	1
chr6:38170191;A|G;Family=14384	-0.0753568040299498	0.475082977640601	0.801574722676251	1
chr6:38170360;T|A;Family=13531	0.2739756691939	0.0104145706152081	0.131223589751621	1
chr6:38173519;G|A;Family=12361	-0.309006409072903	0.0337477444650447	0.256599229466978	1
chr6:39861263;G|T;Family=11280	-0.0431320763406833	0.621809229979625	0.871499087199522	1
chr6:411271;C|T;Family=12316	-0.221161942390552	0.10616918643401	0.432522967366266	1
chr6:4116006;T|A;Family=13293	0.219545838805338	0.0493765937962075	0.300864633701244	1
chr6:43007441;CT|C;Family=14550	-0.00326959905939794	0.972091391243838	0.992846860131786	1
chr6:43132030;G|A;Family=13808	0.0272416422419585	0.675991589008631	0.892565525057767	1
chr6:43141734;G|A;Family=11726	-0.0806659684958714	0.460973547650992	0.791705035388974	1
chr6:43450471;G|A;Family=14486	0.163382243977991	0.222989840752029	0.586078562194951	1
chr6:44003235;C|G;Family=14525	-0.0152865033733617	0.898039675651767	0.969500492270948	1
chr6:44155232;T|TG;Family=14303	0.00629336966854499	0.936272936299567	0.980285491760471	1
chr6:44447702;G|A;Family=14188	0.138590863488669	0.238749992233486	0.604204000895088	1
chr6:46160238;A|AT;Family=14640	-0.137463715380645	0.502883669027062	0.816342611686745	1
chr6:47019974;C|A;Family=14131	0.259486353523543	0.0262352036110798	0.224500192697302	1
chr6:49728384;A|G;Family=13589	0.0916901300160265	0.697010264391538	0.901412101456506	1
chr6:5104495;G|A;Family=12170	-1.13544357923717	8.65646642171149e-06	0.00234923181044601	0.0305400135357981
chr6:52189690;C|T;Family=11897	0.171291700363939	0.633465191810782	0.874189633014094	1
chr6:52190217;T|C;Family=12001	-0.149427346302127	0.318789879756703	0.676096959888537	1
chr6:52452690;A|G;Family=14163	-0.244344918003459	0.0598993775799261	0.332821636123524	1
chr6:52497823;C|T;Family=11788	-0.0647189883281774	0.473645132808188	0.800680416170238	1
chr6:52502624;A|G;Family=13496	-0.0138205589638551	0.905333004785404	0.972721037696638	1
chr6:52750221;G|A;Family=11845	-0.119111715099732	0.366951653954912	0.723243259861971	1
chr6:52791844;C|T;Family=13714	0.183610665544162	0.274918836663696	0.643605610981765	1
chr6:55499251;C|A;Family=13300	-0.0323129466632487	0.862912312553602	0.964795683590463	1
chr6:57026903;A|T;Family=14618	-0.105494256087495	0.603777940179403	0.863480198528253	1
chr6:57105244;G|T;Family=12585	-0.0207766742637853	0.930291786089894	0.978053751929722	1
chr6:57168724;G|A;Family=14682	0.216999047642884	0.271868329752057	0.639008306039478	1
chr6:57184477;C|T;Family=13692	0.201031806918466	0.0566029200684591	0.324180360392084	1
chr6:57185120;G|A;Family=13349	0.383121874715212	0.123465316648841	0.458029061132611	1
chr6:57188047;G|A;Family=12180	0.104071958071558	0.539001817936207	0.828301210745779	1
chr6:63277102;T|C;Family=14214	-0.170175207500842	0.172093072551109	0.525555764498817	1
chr6:63277177;G|A;Family=12956	0.0584645917813989	0.5848521306863	0.851623719425684	1
chr6:63703543;CCG|C;Family=14133	-0.224072632517169	0.0581301938716434	0.330080784154747	1
chr6:63703547;C|A;Family=14133	-0.0210522245209938	0.88679923930124	0.964795683590463	1
chr6:63713212;C|T;Family=13931	-0.122854792390139	0.365509429633046	0.721610110657743	1
chr6:63713346;C|T;Family=14110	-0.223443420225312	0.0330728792004224	0.253976623032169	1
chr6:7417611;C|G;Family=11190	-0.0968957732736615	0.302987362092124	0.662300349149429	1
chr6:75085289;T|C;Family=12211	-0.196433869471312	0.112904180911214	0.440519470015904	1
chr6:75717110;G|T;Family=14452	0.228135222775024	0.426438927377796	0.769538069389255	1
chr6:75915105;G|C;Family=14613	-0.307223139921645	0.0877972771458806	0.396082371347421	1
chr6:7882227;C|T;Family=11940	-0.0664996160375573	0.632451503737683	0.874189633014094	1
chr6:79488659;T|C;Family=14643	-0.383500035521211	0.00322877017542583	0.0748105059367726	1
chr6:79700984;C|T;Family=14467	0.058225946280995	0.622018038246323	0.871499087199522	1
chr6:83553760;AC|A;Family=14233	-0.0214013738113234	0.945765502087035	0.980706294019365	1
chr6:83656787;CA|C;Family=12661	0.0514614511379127	0.688830212124592	0.897743992750484	1
chr6:83665562;G|T;Family=11543	0.602899764963712	0.164661150039293	0.517283554952055	1
chr6:84732935;T|C;Family=13424	-0.00666246227717354	0.977745450267419	0.995522640272281	1
chr6:87169739;C|G;Family=14492	-0.138019965008831	0.0475764177034994	0.292931241985944	1
chr6:88141988;A|G;Family=12396	0.219008704365612	0.194194974820524	0.55207080674199	1
chr6:88142066;A|C;Family=12541	-0.0843947027763527	0.275718663012206	0.644195657686796	1
chr6:89634132;A|T;Family=12708	0.118556431909754	0.284805233426411	0.647077862579138	1
chr6:96795444;T|C;Family=11031	-0.118969479402755	0.468246680846433	0.798295741307903	1
chr6:98837882;C|T;Family=14413	-0.191226028081385	0.516158732546978	0.819897350956253	1
chr6:98873421;T|C;Family=14344	-0.61548880180121	0.118289846068048	0.449518596051206	1
chr6:99280481;C|T;Family=14658	-0.188579620339065	0.059109650216651	0.332068226057874	1
chr6:99433895;T|A;Family=14526	0.257136075099374	0.152953094889317	0.498684893222827	1
chr7:100034499;A|G;Family=11800	-0.182095479144126	0.00313934199278642	0.0744974259455657	1
chr7:100070882;A|T;Family=11456	0.243059128982974	0.00879687880042076	0.123156303205891	1
chr7:100201111;G|T;Family=14227	0.0782590230213637	0.138009021526357	0.477781991804383	1
chr7:100367651;T|C;Family=13082	0.0169193146298181	0.862507526330067	0.964795683590463	1
chr7:100565841;C|T;Family=13497	0.128080890665046	0.337436895662211	0.691778403889896	1
chr7:100566755;G|A;Family=11348	0.0288150066697965	0.696080431562747	0.901412101456506	1
chr7:100627396;G|C;Family=11634	0.00652356945181565	0.94499171513235	0.980651569631485	1
chr7:100681069;C|T;Family=14129	0.0635447708028752	0.483706824362843	0.80419872341382	1
chr7:100865327;T|C;Family=14370	0.0512910963035346	0.392527919331843	0.745338266632262	1
chr7:100893782;C|T;Family=14533	-0.0163422739985323	0.855499922383826	0.963503656884165	1
chr7:101092639;G|A;Family=13589	-0.0885353500664045	0.563833299254398	0.842161995394661	1
chr7:101557594;G|A;Family=12860	-0.0419557082648767	0.626404902225263	0.873155470189937	1
chr7:102256679;G|T;Family=12585	0.0387426956358341	0.689476021566466	0.898253841981718	1
chr7:102457125;G|C;Family=13447	-0.193551370933066	0.326814877854418	0.682685807456059	1
chr7:103336877;T|A;Family=12975	0.0134908150358775	0.960280930475493	0.988057322920631	1
chr7:103374495;G|C;Family=11336	0.050737066180535	0.490940086829238	0.809362909501659	1
chr7:105107653;TC|T;Family=12952	0.0697341483810962	0.402761986772318	0.751822375308326	1
chr7:105116390;C|A;Family=14261	0.407223724891598	0.0155403485693617	0.165640657234779	1
chr7:105116659;A|G;Family=13631	-0.166175917933287	0.58176323331367	0.850741758401657	1
chr7:107196482;C|T;Family=11984	-0.217530990895144	0.00858842253357841	0.122168287982741	1
chr7:107620052;T|G;Family=14412	-0.188552740503068	0.34043062841483	0.694643873364674	1
chr7:107623206;C|T;Family=12056	0.0509141036220475	0.661520853570621	0.887393753382948	1
chr7:107765695;G|T;Family=12086	0.151301931142536	0.502971885669357	0.816342611686745	1
chr7:11028794;G|C;Family=12852	-0.0121214279733537	0.938251984976818	0.980285491760471	1
chr7:112287394;G|A;Family=13838	-0.190613162877643	0.251722867885984	0.615956729048317	1
chr7:112287729;G|C;Family=14041	-0.0547937677203515	0.556283945673646	0.84050096802425	1
chr7:112491008;G|A;Family=14564	0.264201102785998	0.303163757672092	0.662300349149429	1
chr7:112764605;A|C;Family=12758	-0.172180726580641	0.229025179470785	0.592810589268473	1
chr7:11374483;C|G;Family=12405	0.0490449995446343	0.879255754913262	0.964795683590463	1
chr7:114693111;A|C;Family=14115	0.168033997040924	0.426592399629978	0.769538069389255	1
chr7:115937292;T|C;Family=13863	-0.350398976971215	0.272369758431589	0.639335001827441	1
chr7:117363392;C|G;Family=13211	0.14463593375667	0.622881969764562	0.871499087199522	1
chr7:120749567;T|C;Family=12686	-0.098520342068188	0.568657682384907	0.84329808483896	1
chr7:12235662;G|C;Family=12180	0.0905804839576999	0.721184436297095	0.911753809280068	1
chr7:12236724;T|G;Family=14007	-0.298207181332201	0.0399595368801767	0.271632458792415	1
chr7:12237057;T|A;Family=11931	-0.388612008802624	0.0171205395792578	0.177446900713518	1
chr7:12237561;A|G;Family=14202	-0.467781674380255	0.0120780392897024	0.140168824388388	1
chr7:12331049;T|C;Family=14042	-0.37887712607195	0.0831448696211482	0.385749622230187	1
chr7:12344427;G|A;Family=11651	-0.046259885646615	0.833936185646962	0.955856680624588	1
chr7:123538093;G|A;Family=13165	0.116261636179745	0.548671579896627	0.836008206171112	1
chr7:123638660;T|C;Family=13053	0.0787019124532672	0.460326854843562	0.791705035388974	1
chr7:124031121;C|T;Family=13694	0.190128619622154	0.282594580426813	0.646958787482004	1
chr7:128257537;C|T;Family=14245	0.246633671300473	0.397171061188823	0.74668521710823	1
chr7:128299202;C|T;Family=11187	0.138872368603039	0.140790137741785	0.479211273592914	1
chr7:128302575;G|A;Family=11252	0.202094899661566	0.10312852595057	0.425540864974983	1
chr7:128307112;GCAAA|G;Family=11194	0.0622687939018551	0.436441094747146	0.775636892182768	1
chr7:129487405;G|C;Family=11731	-0.0194377557785723	0.881587007539198	0.964795683590463	1
chr7:131493457;G|A;Family=14685	-0.170675504639175	0.193960158538852	0.551847934939572	1
chr7:131495943;A|G;Family=14517	-0.117287696374288	0.558991161403851	0.841610212430537	1
chr7:134291115;G|C;Family=12219	0.118783668528024	0.24361082223832	0.607663302056872	1
chr7:134442682;G|A;Family=14444	0.17242074544981	0.0906469005704673	0.399607356689742	1
chr7:135676391;TAATA|T;Family=11568	-0.0031549120615304	0.99185196645984	0.999066746506421	1
chr7:137388263;C|A;Family=14351	-0.138300262803501	0.314538715622635	0.672387665556811	1
chr7:137390098;T|C;Family=Hou-etal:rs3735025	-0.288638342727126	0.00647287743447224	0.106366900712937	1
chr7:138588097;A|T;Family=11954	-0.144882543261749	0.560119268363634	0.841610212430537	1
chr7:139565026;G|A;Family=11156	-0.131665186280137	0.287776404361616	0.649984093846211	1
chr7:139565092;G|T;Family=11156	0.0813691152492705	0.681826566110909	0.894770485786387	1
chr7:139571713;G|C;Family=12867	0.0832358259796658	0.555046444293686	0.840397716014062	1
chr7:140024674;A|C;Family=13006	-0.0708246401597079	0.291769612338096	0.653655933386535	1
chr7:140090201;T|C;Family=12303	-0.404008779982385	0.156004986596854	0.503053207704167	1
chr7:140297460;G|A;Family=13349	-0.0764380911212672	0.434975880016077	0.774777655971658	1
chr7:141473065;G|C;Family=12875	-0.0869029484118673	0.64669894019828	0.882332479170016	1
chr7:14148804;T|G;Family=11055	0.0339903689351461	0.827883510092857	0.952633080106849	1
chr7:141593741;G|GC;Family=14174	0.0516397733437626	0.759549588502991	0.926356136113385	1
chr7:141929166;T|G;Family=11152	-0.318803677914317	0.000805847979920889	0.039097206983894	1
chr7:142867025;C|T;Family=12681	-0.107043970235405	0.319076371375968	0.676096959888537	1
chr7:144453610;C|T;Family=13063	-0.112553653437432	0.197626481550346	0.557335113436946	1
chr7:148800933;A|G;Family=11106	-0.0754996045296821	0.354098866458996	0.70940420265039	1
chr7:150627483;G|C;Family=13035	0.0682873193927309	0.397698679383413	0.74668521710823	1
chr7:151013039;C|T;Family=13092	0.351124276490278	0.00217708778566443	0.0581876189986674	1
chr7:151987279;C|T;Family=13556	0.548710335076733	5.58498758712308e-06	0.00197038362073702	0.0197038362073702
chr7:152103925;A|G;Family=13066	0.0787363620340317	0.460993555281316	0.791705035388974	1
chr7:152230230;G|A;Family=11241	-0.122512546046748	0.44778069326655	0.783227707409215	1
chr7:155802541;CATG|C;Family=14042	-0.256600097614249	0.0426217662081826	0.277947488322492	1
chr7:156682823;G|A;Family=11435	0.187460968064618	0.144210900548873	0.484161831579368	1
chr7:157005028;C|T;Family=11062	-0.169664132951276	0.100953952169241	0.421602712416258	1
chr7:157414907;G|A;Family=12661	-0.0608125197774322	0.396148521396436	0.74668521710823	1
chr7:159028719;C|T;Family=14554	0.0509327201024105	0.586692609311954	0.851623719425684	1
chr7:16088825;A|C;Family=11382	0.461623697731606	6.88148634345285e-05	0.0100294195524582	0.242778838197017
chr7:17794399;T|C;Family=12540	-0.0498959374279231	0.680947595779096	0.894770485786387	1
chr7:17882719;G|A;Family=13514	0.201573266916972	0.240927119936485	0.604784411792077	1
chr7:18998693;C|G;Family=12302	-0.276774463872877	0.0163083116800444	0.172070777618102	1
chr7:19000716;C|A;Family=12302	0.0389187348088196	0.871058372669723	0.964795683590463	1
chr7:19695939;C|G;Family=12055	-0.202617317464868	0.282209085610764	0.646958787482004	1
chr7:19696724;A|G;Family=14357	-0.223691744554459	0.188480466552822	0.543387545471068	1
chr7:19721031;C|T;Family=13314	0.193996088066913	0.507674435151106	0.816342611686745	1
chr7:20134737;T|C;Family=11729	-0.0969018725038388	0.482318482351066	0.803998857334707	1
chr7:20139350;T|C;Family=11905	-0.259273614479872	0.0540725109928199	0.316131686549312	1
chr7:20413493;G|A;Family=11181	-0.182003884217839	0.629589370877087	0.87371936977957	1
chr7:20659230;C|A;Family=11679	-0.0825331726019493	0.326600905427956	0.682685807456059	1
chr7:22119418;T|A;Family=11931	0.189334998261583	0.279894654605833	0.645390539641952	1
chr7:22192927;G|C;Family=14637	-0.423046016406202	0.000306280175291384	0.0189571308496141	1
chr7:2252218;G|A;Family=11569	-0.0592645209374475	0.714208273248758	0.909916849267769	1
chr7:22937168;G|C;Family=13322	-0.130094140895699	0.633693602731924	0.874189633014094	1
chr7:22937598;CAA|C;Family=14695	0.0832773080410274	0.615171374637233	0.869559014114187	1
chr7:22939304;G|C;Family=13417	0.00966339285080947	0.947379070445583	0.981313376550797	1
chr7:23174064;G|A;Family=11986	-0.0362373956210854	0.78439519409311	0.932708542217894	1
chr7:2442801;C|T;Family=14539	-0.0793234350357893	0.375788175658775	0.732071056722341	1
chr7:24688192;G|T;Family=13592	0.0112126828572944	0.965820911794856	0.98995240465202	1
chr7:24798063;T|C;Family=14669	-0.630824635664361	0.0367377655497325	0.263879509028397	1
chr7:26373688;C|T;Family=14004	-0.993648282279231	0.00122621980159093	0.0426746425143578	1
chr7:2662074;C|T;Family=11277	-0.179608206237225	0.0422465334068028	0.277036746950187	1
chr7:26668101;G|A;Family=11499	0.406030503162955	0.118412991087796	0.449518596051206	1
chr7:2713256;C|A;Family=12113	0.100116498231996	0.289833017718305	0.652124289866187	1
chr7:2713592;C|T;Family=13764	0.0103059789057038	0.910788795083532	0.975099464980299	1
chr7:2713712;A|G;Family=11561	0.129649148125357	0.192735343322767	0.549249023620937	1
chr7:27195268;T|C;Family=14482	-0.172071107354927	0.308079260969727	0.668008062250614	1
chr7:27247414;C|T;Family=14169	-0.363353814620091	0.00063134485441026	0.033244546960588	1
chr7:28823143;C|G;Family=13555	-0.464010478081422	0.0017729285099992	0.0516933205229518	1
chr7:29916016;G|T;Family=12173	-0.204757988423139	0.106731776661533	0.433051691379017	1
chr7:30010714;A|G;Family=12938	-0.416627499075596	0.000486339650043714	0.0285967714225704	1
chr7:30081082;G|A;Family=14265	-0.306380641650973	0.00610472380187017	0.106366900712937	1
chr7:30161165;A|C;Family=12426	0.030266414672404	0.862172524086498	0.964795683590463	1
chr7:30923911;C|G;Family=13506	0.0920428235551494	0.0368716633218861	0.263879509028397	1
chr7:31652930;A|AT;Family=11274	0.0226126671158371	0.861009758063587	0.964795683590463	1
chr7:31751585;T|C;Family=13718	-0.00491037619514313	0.95012568915111	0.98251240567283	1
chr7:32485421;T|C;Family=14600	-0.167962331077223	0.245186081897113	0.609050771067072	1
chr7:32587182;T|G;Family=12515	0.051570945543306	0.632763792703657	0.874189633014094	1
chr7:36453260;A|G;Family=14525	0.0866548404971407	0.77961097594677	0.932625696372166	1
chr7:37741364;G|A;Family=14186	-0.0607103312509947	0.639541356640853	0.877597007479164	1
chr7:41687210;A|G;Family=12526	-0.0388029940104782	0.860915632763156	0.964795683590463	1
chr7:41687963;C|A;Family=13823	0.0561694033164019	0.602638381415704	0.863480198528253	1
chr7:41963579;T|C;Family=13631	0.0138792488279726	0.891709960850802	0.967092758033086	1
chr7:41963952;G|C;Family=11117	0.443663732211054	0.0506354445570985	0.303198247416822	1
chr7:42917159;T|C;Family=13018	-0.390571901351349	0.003713840380288	0.0818901803853505	1
chr7:42921313;G|A;Family=12197	0.131089951222977	0.408299839937297	0.753784319884241	1
chr7:43631800;C|T;Family=13512	-0.0672211397252947	0.353875539341498	0.709359603861822	1
chr7:44060113;G|A;Family=13028	-0.167434812992974	0.0793600196466042	0.378354255828675	1
chr7:44379847;G|A;Family=14297	0.167961697444105	0.126298911533873	0.46222257250156	1
chr7:44384444;G|A;Family=13881	-0.350329373193202	0.0026764648950122	0.0674469153543073	1
chr7:44708801;C|G;Family=14147	-0.224158875554339	0.0249037664760313	0.218801039495811	1
chr7:44767810;G|A;Family=13649	-0.0233806092163437	0.762303870690306	0.926423718840992	1
chr7:44835049;G|A;Family=13628	0.0296855628112904	0.670967910860659	0.890758604506767	1
chr7:44876364;T|C;Family=13211	-0.0168461116153848	0.939995980336075	0.980285491760471	1
chr7:44962744;G|T;Family=14350	-0.0128294216038266	0.885893706685513	0.964795683590463	1
chr7:4769211;C|T;Family=13709	-0.277996759435453	0.00132162419195833	0.0444065728497998	1
chr7:48272994;G|A;Family=11168	-0.0145358232413305	0.939539672523664	0.980285491760471	1
chr7:50669862;G|A;Family=12676	-0.400326656071779	0.000826090900505892	0.039097206983894	1
chr7:51064958;C|G;Family=14541	0.229212926485095	0.00916463307190597	0.123938990370754	1
chr7:54550490;G|T;Family=12817	0.0403184778662396	0.850219194797755	0.961136217328526	1
chr7:6164890;C|T;Family=14328	-0.259347434829251	0.00219592278857853	0.0582497413391357	1
chr7:6330019;A|T;Family=13498	-0.0125104612527207	0.903619425542566	0.97223828402384	1
chr7:64520411;T|C;Family=13570	0.0421427181127537	0.864833148301715	0.964795683590463	1
chr7:64831687;C|T;Family=14598	0.0428168866018015	0.841300995729263	0.958999953302984	1
chr7:64972029;T|TTAAA;Family=11722	0.463211168196241	0.0307368502907393	0.243529944180911	1
chr7:65954605;G|A;Family=11404	0.0667487174521158	0.691734996475231	0.899444665644747	1
chr7:70292499;A|C;Family=14508	-0.169257752780061	0.160363375227337	0.510462096169516	1
chr7:72946318;AG|A;Family=13941	-0.128908218157223	0.144669109363476	0.484371495452295	1
chr7:73340787;G|T;Family=13560	-0.339923942682385	0.00205896651671905	0.0554506402365253	1
chr7:73441259;G|A;Family=13066	0.163414001139885	0.301190805473546	0.662300349149429	1
chr7:74404154;G|A;Family=11411	-0.144524616983349	0.0711677755857337	0.357901496793309	1
chr7:75537252;G|A;Family=14361	-0.0775825333358273	0.456390927212242	0.790062409815894	1
chr7:7607184;A|G;Family=11282	-0.152006967733753	0.0554631809556255	0.3197289255089	1
chr7:76268794;G|C;Family=14551	0.205513285649366	0.110981771834024	0.438950326267306	1
chr7:7868502;A|G;Family=13383	0.0121323599617473	0.917542624211135	0.977021363808501	1
chr7:80674022;A|C;Family=13517	-0.00221375598522455	0.98871148862562	0.999066746506421	1
chr7:8086554;C|A;Family=14214	0.154098353473835	0.188176540612717	0.543278915942443	1
chr7:8094168;G|A;Family=13741	0.0691844563014708	0.66664559997835	0.889401750617245	1
chr7:8127875;T|C;Family=13072	0.993432138527141	0.009843563149578	0.128817357145031	1
chr7:83366086;G|T;Family=12575	0.450981246083838	0.134733464552328	0.476292247435483	1
chr7:83958398;C|A;Family=14025	-0.244034039611331	0.213271618561948	0.574446454367046	1
chr7:83960121;C|T;Family=13160	0.335418235508553	0.0976647640396168	0.413639000638377	1
chr7:85050554;G|A;Family=14303	-0.361632146703518	0.145369102545139	0.486125302160427	1
chr7:87830053;A|C;Family=13129	-0.260081970237858	0.0872451536296772	0.395123109121311	1
chr7:88199020;A|G;Family=12669	-0.156285848123485	0.527548091482514	0.824629892224328	1
chr7:896411;G|A;Family=14027	0.198080534128359	0.0174840956250897	0.17931363187592	1
chr7:90233483;G|A;Family=13206	0.534474011602138	7.72236732169401e-05	0.0100294195524582	0.272445119109365
chr7:90899326;T|TG;Family=14046	0.334783682805665	0.293068440784699	0.654395860182543	1
chr7:92108825;A|T;Family=13807	-0.253747526914921	0.0560201890378378	0.321887991735329	1
chr7:92577109;G|C;Family=11056	0.0542509317588527	0.812992115993025	0.945988187738586	1
chr7:92615043;T|C;Family=13772	-0.160713873617963	0.028296127656762	0.231804681563872	1
chr7:93100516;G|A;Family=11977	0.296994465818272	0.0190527666124992	0.188583960127025	1
chr7:95585430;A|G;Family=11979	-0.470244355711989	0.00493289360910543	0.0956222453457359	1
chr7:98292716;C|T;Family=13502	-0.187565569023902	0.0584846017643153	0.330243050955009	1
chr7:98293310;T|C;Family=11432	0.471182815149574	0.0911011593482164	0.399607356689742	1
chr7:99030080;C|T;Family=11266	-0.0220570015895479	0.883977229509922	0.964795683590463	1
chr7:99391002;T|G;Family=11135	-0.0102848860092516	0.902435238196125	0.971556765442761	1
chr7:99411780;C|G;Family=14506	-0.0807920131950031	0.218654090933245	0.579137862471839	1
chr7:99480615;A|G;Family=12517	-0.0563460964461165	0.5124479456652	0.819545037310439	1
chr7:99672808;C|G;Family=12707	0.166587666577812	0.0770432145561585	0.374814499963578	1
chr8:100141022;G|C;Family=12180	0.165856942160708	0.011352255347573	0.136227064170877	1
chr8:100918132;C|T;Family=13962	-0.28435566226916	0.0804845815089361	0.381010203827248	1
chr8:101669616;T|G;Family=11897	0.03170043694396	0.917877362168575	0.977021363808501	1
chr8:103068849;CT|C;Family=12418	0.0679415021582424	0.525098411529685	0.822988536595615	1
chr8:103068853;T|C;Family=12418	0.0280378145229766	0.878267094904376	0.964795683590463	1
chr8:103398998;G|C;Family=11117	-0.420626924128553	0.00682673331969358	0.107521049785174	1
chr8:106707384;T|C;Family=14629	0.0260874172973153	0.868864552382158	0.964795683590463	1
chr8:107900711;G|A;Family=13977	0.0714408989685822	0.294391919566661	0.655730237679298	1
chr8:109243244;G|A;Family=13306	0.121549553411853	0.0466318278354139	0.291180687793523	1
chr8:11315026;C|A;Family=12534	0.164092700783531	0.143935464000771	0.484161831579368	1
chr8:116643060;C|T;Family=13787	-0.0154020797974269	0.940560700076956	0.980574607356575	1
chr8:116658921;C|T;Family=14492	0.1069122155108	0.267491800694809	0.632090470764424	1
chr8:117819709;G|A;Family=14364	-0.208808875916425	0.047459860877972	0.292782496685074	1
chr8:118194453;C|T;Family=14240	0.116364718833891	0.281707023685092	0.646958787482004	1
chr8:11844416;A|G;Family=12550	0.213241561393498	0.0313601987237991	0.245863957994585	1
chr8:119834135;A|G;Family=11685	0.0246469395225682	0.910977277940778	0.975099464980299	1
chr8:123100926;T|A;Family=13581	-0.00944796397539655	0.950106346895321	0.98251240567283	1
chr8:126552907;T|C;Family=11542	-0.536047878276268	0.0695001838222833	0.354330416943664	1
chr8:130053371;A|C;Family=13602	-0.380130697493195	0.00114599699963799	0.0426746425143578	1
chr8:13007100;A|T;Family=12796	-0.252626819862533	0.0454437900421605	0.288339997402995	1
chr8:132127162;C|T;Family=13520	-0.077290346557223	0.357276243087093	0.713534611247429	1
chr8:132128104;G|A;Family=12056	-0.324352011398587	0.17152754736393	0.525555764498817	1
chr8:133459207;G|A;Family=12656	-0.176230284089936	0.0276899178550303	0.229319319700815	1
chr8:140521925;G|A;Family=12001	-0.241058123346818	0.179893992387996	0.531108950051482	1
chr8:140527463;G|C;Family=14699	0.251649148614581	0.0370574488949233	0.263879509028397	1
chr8:140529731;G|A;Family=14154	0.113977995586636	0.349224923285092	0.70363536798961	1
chr8:140532572;T|C;Family=12412	-0.01198624319724	0.873921364021904	0.964795683590463	1
chr8:141195681;A|G;Family=12738	-0.0979621192859672	0.660215022913807	0.886907644340885	1
chr8:141448037;C|T;Family=12622	-0.0367990987835995	0.739319599643147	0.917661426699651	1
chr8:142544658;G|T;Family=11625	-0.191599825529878	0.140362267622621	0.478744341226813	1
chr8:143297985;T|C;Family=11356	-0.506971966616967	0.0459632584774427	0.290086540086615	1
chr8:143318080;T|C;Family=14100	-0.305339331641401	0.0436940211695785	0.281814454636697	1
chr8:143324603;G|A;Family=14111	-0.117493379958061	0.0911802500383339	0.399607356689742	1
chr8:143653484;TC|T;Family=11327	0.220354814126588	0.0788186060279859	0.377302635097333	1
chr8:143694347;C|T;Family=11277	0.00281548451393923	0.975141210222027	0.994593289870862	1
chr8:144115745;G|A;Family=11568	-0.0708067053656382	0.47199353979368	0.799037048172794	1
chr8:144502068;T|C;Family=12802	0.0183248885840922	0.812347125502343	0.945549541000417	1
chr8:144527295;G|C;Family=11078	-0.0138078811443583	0.89021828928855	0.966728012998583	1
chr8:17247873;C|G;Family=13277	-0.138088924097865	0.0323659136861048	0.250409963781968	1
chr8:17297014;G|C;Family=14549	0.133664358545982	0.348743313930665	0.703339148361875	1
chr8:17566779;G|A;Family=13230	0.0923609826427574	0.568616436100308	0.84329808483896	1
chr8:1782214;G|A;Family=12770	-0.029834737058554	0.646674220170035	0.882332479170016	1
chr8:18071404;T|A;Family=13252	-0.371871435609234	0.0052867854233339	0.100278381578075	1
chr8:18529285;A|G;Family=14691	-0.0370524269957142	0.780046898472484	0.932625696372166	1
chr8:18531048;A|G;Family=14448	-0.160238225367292	0.0823096946300266	0.385130772751636	1
chr8:1860162;C|T;Family=22017	0.255844368225679	0.0188465377973773	0.187297423518724	1
chr8:1958160;T|C;Family=13626	-0.267547438797911	0.000759011688586983	0.0382541891047839	1
chr8:2004228;T|C;Family=14557	-0.418054595588254	0.0192612355245362	0.189814633884256	1
chr8:2005051;A|G;Family=11424	-0.358397940361009	0.0870836182512666	0.394915821341216	1
chr8:2006315;T|A;Family=11546	-0.104916879613864	0.549215987246233	0.836008206171112	1
chr8:21691253;C|A;Family=11610	0.0775310661129172	0.457655687906274	0.790193894219397	1
chr8:21909212;G|A;Family=12469	-0.162991943604576	0.111858826777603	0.43977128000286	1
chr8:21909628;G|A;Family=13982	0.172047415210166	0.116971990934102	0.448298532720583	1
chr8:22048473;C|T;Family=12373	0.066787224496442	0.371684797544826	0.729312550466156	1
chr8:22209648;G|A;Family=11989	0.0357616277915634	0.686278803901552	0.896737637098028	1
chr8:22250658;C|G;Family=11818	-0.120196357545333	0.196417652382528	0.555702868969975	1
chr8:22620003;GT|G;Family=14507	0.213708255301038	0.206728711120635	0.566496377026412	1
chr8:22620016;C|T;Family=12113	-0.0500095374146115	0.656029024169518	0.885073809162942	1
chr8:22621222;C|T;Family=11818	0.131068728808791	0.0350472178045734	0.259329221140472	1
chr8:23020670;C|T;Family=14354	0.0130134380195852	0.927818855770676	0.977420077235345	1
chr8:23136670;T|C;Family=12775	0.0275419008323409	0.666087696713607	0.889401750617245	1
chr8:23566433;G|A;Family=11031	-0.118190974218934	0.14879552064543	0.493635806212662	1
chr8:24357347;C|T;Family=12605	0.0189392472539345	0.879483997278033	0.964795683590463	1
chr8:246847;T|C;Family=11552	-0.177077182854864	0.11324077322413	0.440519470015904	1
chr8:25412256;ATTAT|A;Family=13585	-0.237752124123694	0.137953888681647	0.477781991804383	1
chr8:26410533;C|G;Family=11458	-0.0942630752891046	0.582903740108335	0.851303489601962	1
chr8:26505153;A|G;Family=11017	0.053682429073305	0.553829539019545	0.840397716014062	1
chr8:27236813;G|A;Family=11444	-0.38795517026243	0.000114167910099886	0.0106621674606982	0.402784386832397
chr8:27735798;CCAA|C;Family=11156	-0.155776877809528	0.374554927575549	0.731157408957312	1
chr8:28812448;G|T;Family=11843	-0.0132922816945797	0.905033577425121	0.972721037696638	1
chr8:29051336;GTAT|G;Family=13584	-0.180267939433458	0.0902426570052195	0.399607356689742	1
chr8:29067835;T|C;Family=13808	0.0858116883909203	0.407534197413226	0.753538116648255	1
chr8:30831849;A|G;Family=14163	-0.0384152576194941	0.733511801201412	0.915901584585743	1
chr8:33548607;G|T;Family=14283	0.078313032489126	0.38840206396088	0.740929085135907	1
chr8:37745694;C|T;Family=14270	0.166030111253273	0.141077728897403	0.479211273592914	1
chr8:37845026;G|A;Family=13072	-0.0248995646022293	0.774777819728349	0.932270173261124	1
chr8:37859423;G|A;Family=14619	0.285757715124205	0.0300799613745106	0.240325485004883	1
chr8:38274890;T|C;Family=11310	-0.271831765971167	0.00348687141732416	0.0783546647154116	1
chr8:38424684;C|T;Family=12703	-0.034347883862975	0.714250663425234	0.909916849267769	1
chr8:38989521;T|C;Family=14234	0.151585673166901	0.405237632722225	0.753538116648255	1
chr8:38991018;T|C;Family=13233	0.00358678697305498	0.961821025585778	0.988057322920631	1
chr8:39637652;G|A;Family=13838	-0.109448288713196	0.0967460304050295	0.411724964136242	1
chr8:39645438;G|C;Family=12892	0.00833189977584539	0.957185556832438	0.987123836452745	1
chr8:40531284;A|C;Family=14660	0.0765440852564447	0.398002115970402	0.74668521710823	1
chr8:42272348;G|C;Family=13772	-0.228138746993169	0.00568464457016901	0.103914124578012	1
chr8:42554909;T|C;Family=12113	0.0550351291738795	0.670290321468335	0.890758604506767	1
chr8:43024687;G|C;Family=13654	0.0233001414731041	0.924130752125365	0.977021363808501	1
chr8:472182;A|T;Family=14491	0.104762717321603	0.300918860496169	0.662300349149429	1
chr8:491999;C|T;Family=14474	-0.249540400567694	0.14615816381271	0.487233471187715	1
chr8:492350;T|C;Family=12796	-0.27911323754716	0.0214126914429599	0.203427707886817	1
chr8:53228434;CAG|C;Family=11172	0.011405656461857	0.914403308435389	0.976988150260465	1
chr8:55527291;G|A;Family=13069	-0.276618201698131	0.238231233936648	0.604204000895088	1
chr8:55538529;T|C;Family=12984	-0.206044024706759	0.328718621502993	0.68379675510764	1
chr8:56164546;A|C;Family=12314	-0.0422299411558104	0.849591176314274	0.961136217328526	1
chr8:56217465;TAGAAGC|T;Family=11948	-0.188986698962423	0.239592232781244	0.604204000895088	1
chr8:58448913;C|T;Family=11018	0.0685089900139748	0.489758606783258	0.807792596882344	1
chr8:61606588;A|G;Family=13853	-0.756832387245691	0.00711696388348529	0.110047447165007	1
chr8:61659074;C|G;Family=22315	-0.0300824319232373	0.735024003417065	0.916312609206857	1
chr8:61665222;C|T;Family=14053	0.0293220486373952	0.702785553215512	0.904649168805868	1
chr8:63186531;G|C;Family=12674	-0.0760932920194107	0.515681315231009	0.819884488569175	1
chr8:63187741;G|A;Family=12860	0.0217811876968178	0.92876761346027	0.978053751929722	1
chr8:65602541;C|T;Family=13335	-0.119045120104089	0.543065315481148	0.831270308662963	1
chr8:65718492;G|A;Family=12597	0.274498158429953	0.0149655948011236	0.162958698945569	1
chr8:66514029;T|G;Family=14254	-0.105163184379338	0.113064182280854	0.440519470015904	1
chr8:66632325;T|C;Family=11922	0.0915262262210052	0.802317995018233	0.94036080848717	1
chr8:68233907;C|T;Family=12919	0.285624205690909	0.306473846942499	0.666827521426276	1
chr8:68234749;G|A;Family=14669	0.135171228113336	0.501513684508042	0.815740100942541	1
chr8:6924777;A|G;Family=12532	0.323020879455759	0.0281224686983381	0.231804681563872	1
chr8:69672964;C|T;Family=11195	-0.178479319813681	0.144299884006867	0.484161831579368	1
chr8:73420884;C|G;Family=13882	-0.0561528824989015	0.680010176581091	0.894176631747331	1
chr8:73653867;C|T;Family=11018	0.126640785619781	0.645716939541022	0.881954844251152	1
chr8:73668999;C|T;Family=11679	0.26001412333476	0.217572096312466	0.578739162213339	1
chr8:74234772;CAAG|C;Family=12206	0.143195546510562	0.561642091675626	0.842105099630943	1
chr8:74365934;T|G;Family=14110	-0.00741882202883628	0.955048548677402	0.985548298625331	1
chr8:76865498;C|CG;Family=13613	0.0220959529047342	0.87179593236478	0.964795683590463	1
chr8:76865499;C|T;Family=13613	0.0827988192525679	0.374936217475238	0.731218891792504	1
chr8:76981153;T|C;Family=14692	-0.00639367330988003	0.960585178754518	0.988057322920631	1
chr8:76982966;A|G;Family=13748	-0.226064539218563	0.161533747625576	0.511940678739059	1
chr8:78717932;G|A;Family=12541	0.328413656684579	0.117244075711422	0.448298532720583	1
chr8:78738606;G|C;Family=12643	0.0957178850666335	0.426648657518532	0.769538069389255	1
chr8:80526198;G|C;Family=14253	0.020416021274836	0.886222297059639	0.964795683590463	1
chr8:80971856;T|A;Family=11073	0.0237892391127549	0.93213424155464	0.978915606157099	1
chr8:81480433;T|C;Family=13763	-0.157080525587217	0.135156321717213	0.477308811830158	1
chr8:81701852;G|C;Family=13947	-0.444475493887647	0.0086570498853983	0.122168287982741	1
chr8:85124850;G|A;Family=14385	-0.0638191302854718	0.688456330243116	0.897588297523176	1
chr8:85480675;G|A;Family=13630	0.483400252769251	0.00013086310033825	0.0118380773844448	0.461685017993346
chr8:88038481;C|A;Family=11838	0.34873876500115	0.181605792063009	0.533921028665245	1
chr8:89926047;G|T;Family=14285	0.0998506645943322	0.420595279114706	0.763791852694993	1
chr8:90956239;CTGTT|C;Family=12483	-0.454867924496768	0.233976744137429	0.599502311888494	1
chr8:90957147;A|G;Family=11537	-0.166528024659206	0.43741757066664	0.775871890051235	1
chr8:90993992;A|G;Family=14522	-0.259593576831143	0.0387000634054325	0.267530669035236	1
chr8:9139918;A|C;Family=13948	0.177431883852789	0.131062398932977	0.47278539309551	1
chr8:91955087;C|G;Family=14152	-0.0485854308644974	0.780600606830204	0.932625696372166	1
chr8:91956796;T|A;Family=12032	-0.10987786183782	0.688055992483507	0.897397982063516	1
chr8:93702337;TATG|T;Family=14271	0.025602080707814	0.882510946020219	0.964795683590463	1
chr8:94127863;G|A;Family=22308	-0.0414148589793527	0.347962097204489	0.702661163755866	1
chr8:94790581;A|G;Family=13375	0.139521334813703	0.518484732799301	0.819897350956253	1
chr8:94790790;AAT|A;Family=12499	-0.235764952775329	0.090435467848124	0.399607356689742	1
chr8:95047123;T|A;Family=14095	0.25885523716987	0.0378992850516197	0.266883588147933	1
chr8:96610564;T|C;Family=11030	-0.00841947240128416	0.980280918049978	0.996817973786084	1
chr8:97275271;G|A;Family=13082	-0.0163984841485095	0.863494426278226	0.964795683590463	1
chr8:9780855;T|A;Family=13412	-0.0698254247857798	0.69206443268286	0.899444665644747	1
chr8:98432386;T|G;Family=14371	-0.256534803674943	0.0634619551435537	0.339590779618162	1
chr8:99511216;G|A;Family=12922	0.0459546507554142	0.654179861726366	0.884609640540675	1
chr9:101362333;G|A;Family=12111	0.191403513998393	0.346706625669716	0.701594126984805	1
chr9:105637531;T|C;Family=12377	-0.212255612073954	0.0283185424472871	0.231804681563872	1
chr9:107012058;A|G;Family=11063	0.00209576650240165	0.993333960765875	0.999066746506421	1
chr9:107331575;TC|T;Family=13575	-0.147714877074181	0.323193341063841	0.681138654285085	1
chr9:108868801;AG|A;Family=14371	0.21371033171957	0.152659133690834	0.498684893222827	1
chr9:109073266;A|G;Family=14440	-0.0649330389570781	0.425371519877431	0.769200780178152	1
chr9:109172479;C|T;Family=11000	-0.229475284719386	0.190225822206921	0.544368531447921	1
chr9:109174247;C|G;Family=13592	-0.105771889740041	0.350232394623858	0.7048601758317	1
chr9:110169350;T|G;Family=14314	0.276577307555558	0.0432706765860105	0.28010815962467	1
chr9:111361377;A|G;Family=13929	0.0148532237168605	0.778292776152973	0.932625696372166	1
chr9:111544251;T|G;Family=13096	-0.16714065906399	0.241193783274221	0.604784411792077	1
chr9:112219628;A|C;Family=14509	-0.0573856323287746	0.768351269605038	0.928654771896737	1
chr9:112223846;A|G;Family=14081	-0.140255431486828	0.316728746684293	0.674769938588276	1
chr9:112661862;T|TA;Family=12221	-0.0634378762848119	0.638168596686717	0.876418761265941	1
chr9:113291674;A|G;Family=12899	-0.422117056264833	0.000102506228204519	0.0103326278030155	0.361641973105542
chr9:113315864;C|T;Family=11455	0.0645371951064533	0.610717084414813	0.86867998092901	1
chr9:113408274;A|G;Family=11775	0.0389394788789597	0.730693953547504	0.914593741995146	1
chr9:113408563;G|C;Family=14240	0.0874924802209073	0.42000968132229	0.763791852694993	1
chr9:120602066;A|G;Family=13946	0.11292134833258	0.209502838892436	0.570191959390689	1
chr9:121783329;C|T;Family=14202	0.0136651574094634	0.866226010077101	0.964795683590463	1
chr9:122240838;G|A;Family=14116	0.163197825392752	0.0505685678887079	0.303198247416822	1
chr9:122324182;T|G;Family=13660	0.0287906367189122	0.749595891611313	0.922740511376382	1
chr9:123089820;C|A;Family=12637	-0.0292919719438903	0.782299693551125	0.932628523384658	1
chr9:123123170;G|A;Family=13259	0.120750977426512	0.331261256144492	0.686656704863554	1
chr9:124482337;C|G;Family=13133	0.10209052073494	0.295691735334583	0.656927230642575	1
chr9:124517762;A|G;Family=14042	-0.0498151036015953	0.589440261988882	0.852876963926325	1
chr9:124812407;C|T;Family=11376	-0.170023851849044	0.178852579549633	0.530580890140007	1
chr9:124814304;G|C;Family=12066	-0.229396827222526	0.00460444020584966	0.0928255145499291	1
chr9:124947542;G|A;Family=11671	0.186047670780504	0.127901751954083	0.467400957633761	1
chr9:125341338;A|G;Family=11922	0.176551171643824	0.0883855397620309	0.397228260229866	1
chr9:125437495;T|C;Family=13001	0.130339734184298	0.496682948495626	0.812377117428173	1
chr9:125438213;G|A;Family=14291	0.000697989420711247	0.993172322526627	0.999066746506421	1
chr9:126503518;G|A;Family=14246	0.222619014136986	0.00185811174180385	0.0524433458006719	1
chr9:126696795;G|A;Family=14415	0.287901523333801	0.0206361544997784	0.198169653432297	1
chr9:126882867;TG|T;Family=13581	0.177093362489704	0.04123874040259	0.275028877391942	1
chr9:126990082;C|T;Family=11462	0.0598692873917532	0.468614081703137	0.798295741307903	1
chr9:127872724;G|A;Family=13601	0.0447682883977393	0.674320282866834	0.892348821438181	1
chr9:128163787;G|A;Family=12457	-0.0370140824412614	0.757358187607781	0.925834956992464	1
chr9:128635951;G|A;Family=11009	-0.0766086256300077	0.564305826846083	0.842161995394661	1
chr9:128809363;G|A;Family=14641	0.026669819783709	0.814405218687242	0.946479153401892	1
chr9:129176594;G|A;Family=13649	-0.0430150354270642	0.737806666039485	0.917188836429634	1
chr9:129810352;G|T;Family=13912	0.0753423734024567	0.548189538229923	0.835787679721335	1
chr9:129827484;T|C;Family=14085	0.119086592854722	0.206679428333052	0.566496377026412	1
chr9:130234947;G|A;Family=14563	0.0539692767644134	0.507014301550299	0.816342611686745	1
chr9:131123084;TG|T;Family=11009	-0.0750850909438059	0.452877776569273	0.788735868952856	1
chr9:131523662;G|A;Family=13332	0.0108174465895387	0.876817104937208	0.964795683590463	1
chr9:132262526;G|A;Family=14005	0.0924454076067277	0.256248938077762	0.61975799037937	1
chr9:132638219;A|G;Family=14550	-0.263196326674026	0.0012991606801562	0.0440715276883758	1
chr9:133161106;T|C;Family=11004	0.101974948277691	0.326211655107982	0.682685807456059	1
chr9:133329726;C|T;Family=14410	0.0981943898241738	0.589018536760093	0.852876963926325	1
chr9:133361896;C|T;Family=14053	-0.218110110366322	0.0120638445753232	0.140168824388388	1
chr9:133363549;C|G;Family=11038	0.0182695416537267	0.79936763258347	0.939835479218025	1
chr9:133430005;G|A;Family=12062	-0.10406647554773	0.256300143980584	0.61975799037937	1
chr9:133449924;G|A;Family=14554	-0.141170519969917	0.616754289313163	0.869559014114187	1
chr9:133763665;C|T;Family=13772	0.018608813086894	0.825416075604479	0.950413810291319	1
chr9:135566816;A|G;Family=14065	-0.036479054633035	0.568094206070394	0.84329808483896	1
chr9:135694297;CT|C;Family=13390	0.0404321392072689	0.684461474822429	0.895605709593621	1
chr9:136196867;T|A;Family=11857	-0.094328680027118	0.31159659544859	0.671131128658501	1
chr9:136367682;G|A;Family=13443	0.00965108948353884	0.951841244650328	0.9838687732043	1
chr9:136840556;G|A;Family=13094	0.0697092112394627	0.624734234725483	0.871990069121997	1
chr9:137007274;A|G;Family=12944	0.219129903722362	0.0603651967154583	0.332821636123524	1
chr9:137010114;C|T;Family=14317	0.199427398502978	0.0316696572713722	0.246599477622861	1
chr9:137011936;C|T;Family=12225	0.0812091537079591	0.40232285680495	0.751730169894493	1
chr9:137013102;G|A;Family=14275	-0.254733615366475	0.0403162138681673	0.272082901180416	1
chr9:137078580;C|T;Family=14361	-0.226237193492078	0.0291850402740151	0.236157848822765	1
chr9:137087244;G|C;Family=13043	0.02666886933047	0.829718374936588	0.953811152419772	1
chr9:137161981;C|A;Family=14008	0.0596585131986613	0.500589922854365	0.815740100942541	1
chr9:137164953;C|T;Family=13780	0.0452948792490146	0.636655612768688	0.875339439535437	1
chr9:137273442;GT|G;Family=13636	-0.0574982990933695	0.601580531719543	0.862754518661198	1
chr9:137301028;T|C;Family=14119	-0.0755820348869148	0.48385759409442	0.80419872341382	1
chr9:137522810;C|T;Family=13251	0.0297308160377829	0.535378984126218	0.828301210745779	1
chr9:14085340;GAA|G;Family=14147	-0.0698519520607943	0.297451486434422	0.659420395773666	1
chr9:14611924;C|T;Family=12247	0.0509372172829974	0.799388268872383	0.939835479218025	1
chr9:14616772;T|C;Family=14687	0.034341993379758	0.869583212780019	0.964795683590463	1
chr9:16416120;C|T;Family=12682	-0.00563830567053986	0.933420709203175	0.979065044223405	1
chr9:17300732;C|T;Family=13684	0.0270652542143583	0.716802167071306	0.911635921206766	1
chr9:18909049;G|T;Family=11964	-0.115442526197218	0.317730192060493	0.675679395774213	1
chr9:19054207;T|TA;Family=11499	0.0803898600210312	0.538106595357872	0.828301210745779	1
chr9:20865950;T|G;Family=11235	0.149586818600091	0.516827010829908	0.819897350956253	1
chr9:21409905;C|T;Family=14149	0.0286091219387148	0.799614524264876	0.939835479218025	1
chr9:21480945;T|G;Family=12233	-0.300563601723789	0.0608971739616362	0.332821636123524	1
chr9:21862263;GA|G;Family=22252	-0.383346967645432	0.0298474886581403	0.23986774484264	1
chr9:22003750;T|TG;Family=14696	0.150044778214084	0.241162429557184	0.604784411792077	1
chr9:27327950;A|G;Family=11964	-0.0161481642133619	0.845616936072556	0.959580749586354	1
chr9:27948743;A|G;Family=11300	0.199873206694924	0.141128263396553	0.479211273592914	1
chr9:3218573;C|G;Family=11571	0.058710258178856	0.841053914511004	0.958999953302984	1
chr9:3221259;A|G;Family=13311	0.300875131424128	0.27997024338581	0.645390539641952	1
chr9:33104557;G|A;Family=13136	-0.0559612551515798	0.365869793284847	0.721917578696276	1
chr9:33112948;C|T;Family=11928	-0.0282931504798133	0.833143746193558	0.955733170389675	1
chr9:33281041;G|A;Family=13509	0.778682375213674	0.0131219899436218	0.1498200016864	1
chr9:34400074;G|T;Family=13890	-0.111649490528	0.263783388526254	0.628119276517518	1
chr9:34723228;G|C;Family=13203	-0.146226227502872	0.117235920400093	0.448298532720583	1
chr9:34978932;A|G;Family=11792	-0.0432821499506039	0.660910911503093	0.887250264757577	1
chr9:36337040;A|C;Family=14084	-0.332914777688696	0.0162642105653461	0.172070777618102	1
chr9:36835610;G|A;Family=12185	-0.0173778808166228	0.835024112838236	0.956171720250989	1
chr9:36838268;C|T;Family=13932	0.191931043660255	0.0612412531568769	0.332821636123524	1
chr9:36838887;C|T;Family=13812	-0.0728043574800356	0.500230780710506	0.815740100942541	1
chr9:37436817;C|T;Family=11627	-0.00824242866784755	0.896408405196211	0.969500492270948	1
chr9:37503112;TGAA|T;Family=13267	-0.272926468982668	0.00109110138862939	0.0418413662943966	1
chr9:37515815;G|C;Family=14635	0.11965543113504	0.0755125875269166	0.370909423580415	1
chr9:4605416;T|A;Family=13415	0.14026515284175	0.120823551153982	0.453058320618569	1
chr9:5234229;C|T;Family=14175	-0.0529249158393653	0.723489276390452	0.911753809280068	1
chr9:5235143;T|C;Family=13383	0.0958020574231333	0.257556955469776	0.620670040230444	1
chr9:5786983;C|A;Family=12498	0.128518266596224	0.308660493069727	0.668008062250614	1
chr9:5909470;C|A;Family=11164	0.0619589903243973	0.535910962371101	0.828301210745779	1
chr9:6011694;C|A;Family=11615	0.148678786793038	0.395451071533925	0.74668521710823	1
chr9:6014079;C|T;Family=12396	-0.0317799167800212	0.483716151907016	0.80419872341382	1
chr9:69431314;C|T;Family=12382	-0.0721560694552026	0.503294280252697	0.816342611686745	1
chr9:70532688;A|G;Family=13732	-0.0436977431850235	0.783335185024175	0.932628523384658	1
chr9:72353171;T|C;Family=12624	-0.255800674681069	0.015540549190678	0.165640657234779	1
chr9:74691212;A|G;Family=14268	0.0397324886786421	0.662313366944136	0.887842869766857	1
chr9:77317670;A|T;Family=13623	0.0072971070420894	0.945291014254356	0.980651569631485	1
chr9:77419858;G|A;Family=22231	0.283925621263483	0.0100347480049016	0.129487114206832	1
chr9:77719646;C|T;Family=14446	0.131878207805799	0.421602374981364	0.763951298887648	1
chr9:78273599;T|A;Family=11316	0.163195786897993	0.455632958033614	0.789989222524966	1
chr9:78329763;T|C;Family=11685	-0.249108248608858	0.216521969557973	0.577828675189508	1
chr9:79722581;C|T;Family=11199	0.0338803794878665	0.734068889795798	0.915901584585743	1
chr9:8315243;G|A;Family=12923	-0.185623272409788	0.0414443571390027	0.275103546575575	1
chr9:8316672;C|CCTGA;Family=12536	0.307034773680024	0.139681221766066	0.478442087757941	1
chr9:83247078;C|T;Family=13298	0.191306403443507	0.314122877811659	0.672387665556811	1
chr9:84876701;T|C;Family=14125	0.0546154415178357	0.664412341333966	0.888668009663117	1
chr9:86022196;G|A;Family=14394	0.167169557112668	0.497556187805715	0.813051519489839	1
chr9:87650018;G|A;Family=13884	0.0927469946851329	0.225493575963622	0.588853690599304	1
chr9:88992903;G|A;Family=12940	-0.11500182992181	0.124241056862117	0.458976385978585	1
chr9:89002362;G|A;Family=14179	-0.0638376100315023	0.523628146981531	0.821643879275796	1
chr9:89007807;T|C;Family=14011	0.176105239276934	0.0341375767036639	0.256819154308947	1
chr9:89377705;G|A;Family=14613	-0.0948190790290444	0.133283061318273	0.474972363970571	1
chr9:93034580;G|A;Family=12479	-0.156458022072711	0.110279220451221	0.438839616029696	1
chr9:93952040;GATC|G;Family=14109	-0.0228280075709575	0.84793971889584	0.961121869876621	1
chr9:94295032;C|T;Family=12493	0.295931696862659	0.0324631600377912	0.250612754077303	1
chr9:95099215;G|A;Family=13300	-0.0254264448176178	0.850597634613389	0.961136217328526	1
chr9:95467382;A|T;Family=13578	0.07024885894434	0.574284349302439	0.846313777919384	1
chr9:95467387;G|A;Family=13991	0.10177441653484	0.341973010994333	0.696076212395358	1
chr9:96320998;C|T;Family=12497	0.0361563810327035	0.749353437697826	0.922740511376382	1
chr9:96756012;G|C;Family=14095	0.00296362611673613	0.975653532063669	0.994828225757406	1
chr9:96758618;A|G;Family=13159	-0.251007579095288	0.00697749775038272	0.109407164726001	1
chr9:97673220;A|G;Family=13070	-0.104770466002821	0.466755464302426	0.797826200609961	1
chr9:97855594;C|G;Family=12619	-0.0364829385380976	0.75376485836378	0.924003620676656	1
chr9:98849178;C|T;Family=11445	-0.0208896381262115	0.81040219861053	0.944747504923229	1
