Element	logFC	pval	fdr	bonferroni
9-Sep_wgs	-0.0856758953369625	0.719624430187222	0.996022715787731	1
ABCB5_wgs	-0.135674129966437	0.391477630883617	0.996022715787731	1
ABHD2_ssc	0.0670924062405298	0.507313062519803	0.996022715787731	1
AC010536.1_wgs	-0.0145704555110167	0.888913901221732	0.996022715787731	1
AC010547.9_wgs	0.0994882375747189	0.501214219789527	0.996022715787731	1
ACAD11_ssc	0.0357512476827433	0.808603285081648	0.996022715787731	1
AGFG2_wgs	0.0487426469829485	0.776649275529177	0.996022715787731	1
AGO4_wgs	-0.0243373560731004	0.845768837092246	0.996022715787731	1
AKR1B1_ssc	0.0505085388613758	0.68422601296518	0.996022715787731	1
AKR1C1_wgs	0.0565236386879042	0.73897418884185	0.996022715787731	1
AL117190.3_wgs	0.0143815046221769	0.938302239951598	0.996022715787731	1
ALDH3A2_ssc	0.223977783554612	0.503801693420077	0.996022715787731	1
ALG14_wgs	-0.270982395134795	0.28586538119903	0.996022715787731	1
ALX4.1_wgs	0.0142534683002024	0.924302155100399	0.996022715787731	1
ALX4_wgs	0.203754885478249	0.229253514294116	0.996022715787731	1
AMPD2_wgs	-0.536978174707171	0.0427421579463625	0.724603430606008	1
AMZ1.1_wgs	0.111379958311118	0.0560019196162101	0.772097658423288	1
AMZ1_wgs	0.0574391248384433	0.634385354537054	0.996022715787731	1
ANGPTL4_wgs	0.00626865187624264	0.974867136307147	0.996335242230383	1
ANO8_wgs	0.255563394916274	0.0170646048068719	0.612013213605795	1
ANTXR2_wgs	-0.184500266510889	0.421410415266738	0.996022715787731	1
AP3S2_wgs	0.0348549807493698	0.831096625452026	0.996022715787731	1
APOBEC3C_wgs	0.0904728310436075	0.66574646772323	0.996022715787731	1
ARFGAP2_wgs	-0.116511853617398	0.394647869547474	0.996022715787731	1
ARHGEF12_wgs	0.15047240029985	0.266136804354119	0.996022715787731	1
ARL3_wgs	0.668529731436436	0.00666772771473167	0.437341919844825	1
ARPC4_wgs	-0.0621888386172595	0.770619998513921	0.996022715787731	1
ASPH_wgs	-0.559166174795705	0.153577366884287	0.982623796799126	1
ATP2B2_wgs	0.0660598316778546	0.48816724563106	0.996022715787731	1
ATP6V1A_wgs	0.274569971354659	0.231591857086705	0.996022715787731	1
ATXN7L3_wgs	-0.0822188112081089	0.494267776466259	0.996022715787731	1
BAG2_wgs	-0.13467246142282	0.197357828046518	0.996022715787731	1
BARX1_wgs	-0.110092122194732	0.287891709342844	0.996022715787731	1
BAZ2A_wgs	-0.504003658373059	0.0320553224468374	0.710285751252033	1
BCAS1_wgs	0.152304258643174	0.619837118401015	0.996022715787731	1
BCL2_wgs	0.0797807532886406	0.488030963429543	0.996022715787731	1
BEND7_wgs	0.723126984880761	2.06040579488262e-06	0.00716403094880688	0.00716403094880688
BMP3_wgs	-0.620247059950862	0.0740698166596549	0.856664103332264	1
BRD1_wgs	0.152165388810482	0.436549455058106	0.996022715787731	1
BRI3_ssc	0.0730209524034907	0.516443583845828	0.996022715787731	1
BRI3_wgs	-0.0479870227083163	0.745947431941598	0.996022715787731	1
BTBD6_wgs	0.0210328415669935	0.839260472570866	0.996022715787731	1
C10orf54_wgs	-0.167247492715849	0.297521853088004	0.996022715787731	1
C10orf71_wgs	0.066269731756959	0.75220619980383	0.996022715787731	1
C11orf45_wgs	0.0895489593891991	0.649269017790629	0.996022715787731	1
C11orf68_wgs	0.0916061697075935	0.664365701839218	0.996022715787731	1
C16orf54_wgs	-0.12430288427774	0.462996073476205	0.996022715787731	1
C17orf102_wgs	-0.0308089131769429	0.861687083591441	0.996022715787731	1
C19orf44.1_ssc	-0.0110954275392038	0.956339795697069	0.996022715787731	1
C19orf44_ssc	0.0794768257407275	0.675527686921096	0.996022715787731	1
C1orf116_ssc	-0.153842527256889	0.358501021794249	0.996022715787731	1
C1orf116_wgs	-0.289356382672601	0.0829837534349621	0.865084954774454	1
C1orf233_wgs	-0.00894356350865471	0.952010317692621	0.996022715787731	1
C21orf33_wgs	-0.184404667291108	0.267342634601842	0.996022715787731	1
C21orf37_wgs	0.022954192148119	0.829400267704846	0.996022715787731	1
C21orf49_wgs	-0.181293153689818	0.261831054487035	0.996022715787731	1
C22orf34_wgs	-0.0667630780247385	0.613920731685701	0.996022715787731	1
C2CD4A_wgs	-0.152196825296711	0.243878791961255	0.996022715787731	1
C2orf88_wgs	0.352617526215205	0.316742480227221	0.996022715787731	1
C3orf52_wgs	-0.135767351797258	0.358679674577466	0.996022715787731	1
C4orf22_wgs	0.0253531307729362	0.850004035379027	0.996022715787731	1
C9orf139_wgs	-0.364150422956863	0.136376812360901	0.952173045339063	1
CACNA2D3_ssc	-0.062027881027049	0.788675050208439	0.996022715787731	1
CCDC90B_wgs	-0.382629701172671	0.0515046321389265	0.754519102585429	1
CCNT1_wgs	0.480326150393368	0.225285379112136	0.996022715787731	1
CD7_wgs	-0.192246912029335	0.233930026826488	0.996022715787731	1
CDC42EP4_wgs	-0.104172683128383	0.0469170248838106	0.729055155347708	1
CDH5_wgs	-0.0150786044414944	0.91389429987548	0.996022715787731	1
CDS2_wgs	0.324235732742838	0.306413864062746	0.996022715787731	1
CDYL2.1_wgs	-0.355910044362743	0.0562653704313805	0.772097658423288	1
CDYL2_wgs	-0.0331562568279634	0.810721637353523	0.996022715787731	1
CELF6_asc	-0.23196671311481	0.0373726632826472	0.71240606807306	1
CENPN.1_wgs	0.408179733354253	0.00433930596562868	0.437341919844825	1
CHD5_wgs	0.263541624473177	0.33794285206791	0.996022715787731	1
chr10:100555917;A|AC;Family=14036	0.155251116498551	0.396241310498624	0.996022715787731	1
chr10:100993505;A|C;Family=11818	0.0691028405673121	0.579846584644738	0.996022715787731	1
chr10:101785050;A|C;Family=14039	-0.0373671513296039	0.808197564386003	0.996022715787731	1
chr10:101786330;T|C;Family=13626	-0.0368709749021615	0.720526106524538	0.996022715787731	1
chr10:102673925;T|A;Family=14458	-0.0378497633182751	0.790517365558277	0.996022715787731	1
chr10:102674395;C|T;Family=14490	-0.0736334131002809	0.437107649228844	0.996022715787731	1
chr10:102738597;C|T;Family=12788	0.0760180917041961	0.588098307122046	0.996022715787731	1
chr10:103077203;A|G;Family=14217	0.0642435493840063	0.709743500476475	0.996022715787731	1
chr10:103084989;C|G;Family=14475	0.465512170371729	0.138219670983525	0.957033927482845	1
chr10:103599336;G|A;Family=13239	0.164188369142073	0.189913529271414	0.996022715787731	1
chr10:1040478;C|T;Family=14490	-0.0406908432793855	0.891735090196491	0.996022715787731	1
chr10:105264286;A|T;Family=14167	0.0512616079275963	0.810278919295409	0.996022715787731	1
chr10:110292906;G|A;Family=22087	0.181039375601443	0.0731756836733035	0.856664103332264	1
chr10:11288488;C|T;Family=14011	-0.10367963210815	0.456953106901175	0.996022715787731	1
chr10:11335913;G|A;Family=14080	0.133600123813281	0.482741929696997	0.996022715787731	1
chr10:113912877;C|T;Family=12613	-0.0861903111209772	0.674869265403057	0.996022715787731	1
chr10:113916527;A|G;Family=11753	-0.0282937543970922	0.904611755913719	0.996022715787731	1
chr10:11454999;C|A;Family=14368	-0.0416890818807091	0.802500361615918	0.996022715787731	1
chr10:114863518;G|A;Family=14358	0.621297464063975	0.0174257429240649	0.612013213605795	1
chr10:116672228;T|C;Family=12837	0.126455394056838	0.43103161211282	0.996022715787731	1
chr10:116674330;TG|T;Family=13177	0.00636640571774566	0.978266264063536	0.996335242230383	1
chr10:117277554;T|C;Family=13557	0.169449913036491	0.73725233763675	0.996022715787731	1
chr10:118685229;C|T;Family=13462	0.0619869767832511	0.568828466783151	0.996022715787731	1
chr10:119575344;T|C;Family=14361	0.290864935667174	0.56069854092172	0.996022715787731	1
chr10:119828703;T|C;Family=13964	-0.123373914284369	0.574257648014758	0.996022715787731	1
chr10:120906250;C|G;Family=13043	-0.0699940737418333	0.758775175718021	0.996022715787731	1
chr10:122441654;G|A;Family=14234	0.018378001713911	0.918699721996861	0.996022715787731	1
chr10:122457129;G|A;Family=14433	-0.0582102881360771	0.722614056368488	0.996022715787731	1
chr10:124007668;T|C;Family=14417	0.473441800071354	0.0355036062050673	0.710285751252033	1
chr10:126504992;A|AG;Family=14563	-0.0445513061450806	0.657578577578741	0.996022715787731	1
chr10:128083596;G|A;Family=13867	0.0874989134668267	0.400484914629366	0.996022715787731	1
chr10:12830453;G|A;Family=14412	-0.163042937492504	0.0968598449420248	0.905173479085028	1
chr10:12831770;A|G;Family=11905	-0.135434170051988	0.260638378238043	0.996022715787731	1
chr10:130067553;C|T;Family=13964	0.143350699007809	0.347647173183077	0.996022715787731	1
chr10:132417688;A|G;Family=14265	0.171219486415066	0.280102496186939	0.996022715787731	1
chr10:133226372;C|T;Family=11587	-0.0602989289697591	0.745609994742587	0.996022715787731	1
chr10:13441561;C|A;Family=14096	0.457233409856862	0.0227995775075251	0.670299962064901	1
chr10:21742762;G|A;Family=13888	-0.240134971174424	0.0295934268776302	0.702854201901068	1
chr10:22536841;C|T;Family=14137	-0.169049508549562	0.365854680118749	0.996022715787731	1
chr10:27673518;TCTAA|T;Family=11679	-0.0933918982615985	0.837616485118731	0.996022715787731	1
chr10:27674431;CA|C;Family=13528	-0.0535653572089632	0.878093981346872	0.996022715787731	1
chr10:28610739;AATTC|A;Family=14204	-0.0266294193713274	0.89655308288131	0.996022715787731	1
chr10:32876908;T|A;Family=13188	-0.297741525936921	0.56849729231214	0.996022715787731	1
chr10:38058596;C|T;Family=14206	0.0500446416358296	0.648339937800874	0.996022715787731	1
chr10:38064613;C|T;Family=14603	-0.114851856395479	0.288509846750407	0.996022715787731	1
chr10:42589230;T|C;Family=14258	-0.0691431919541018	0.836282098233391	0.996022715787731	1
chr10:44936816;G|A;Family=14225	0.0796993948477338	0.46414994241192	0.996022715787731	1
chr10:45454685;A|T;Family=14293	-0.0278505745938412	0.895633671325943	0.996022715787731	1
chr10:45455701;G|T;Family=14012	0.0189662428487082	0.928691367483711	0.996022715787731	1
chr10:46311665;G|A;Family=14070	0.125912706886016	0.456266757942882	0.996022715787731	1
chr10:49327099;G|A;Family=13533	0.00260861318403054	0.987596520134345	0.997729814887619	1
chr10:4982907;G|A;Family=13868	0.155752636697721	0.402910970121725	0.996022715787731	1
chr10:50306955;T|C;Family=13928	0.0245325942257294	0.86832051149718	0.996022715787731	1
chr10:51908110;C|A;Family=14132	-0.412653573834659	0.0394058175815033	0.71240606807306	1
chr10:52296787;C|T;Family=13237	-0.352263737870179	0.323278946176661	0.996022715787731	1
chr10:53821903;G|A;Family=14423	0.305518754020545	0.134283141164813	0.950023084808836	1
chr10:53938946;C|T;Family=14400	-0.141660112336353	0.606473775046589	0.996022715787731	1
chr10:58396347;T|C;Family=13801	-0.0665630264427281	0.784730275291428	0.996022715787731	1
chr10:61414817;G|A;Family=12716	-0.279389519509165	0.256650517806937	0.996022715787731	1
chr10:62195207;A|G;Family=13988	-0.189442600557809	0.592869556473648	0.996022715787731	1
chr10:68343012;T|C;Family=14209	-0.00750757477883375	0.979132851874557	0.996335242230383	1
chr10:68911219;AAC|A;Family=13929	-0.116304838189108	0.581503842796057	0.996022715787731	1
chr10:69404819;A|G;Family=14139	0.271988510166323	0.24710188762883	0.996022715787731	1
chr10:70425648;A|G;Family=14221	0.127814461964291	0.46132335742603	0.996022715787731	1
chr10:71747722;G|A;Family=14065	-0.00595865937841933	0.972328623296579	0.996335242230383	1
chr10:71750800;C|T;Family=14356	-0.0657379341355437	0.728828275712389	0.996022715787731	1
chr10:71750965;C|T;Family=14293	0.138183808939864	0.0949287768809685	0.903490146750468	1
chr10:71816558;A|G;Family=14004	-0.00403101225757599	0.974369780771403	0.996335242230383	1
chr10:72335546;C|A;Family=13237	-0.0660421099822734	0.67182289467256	0.996022715787731	1
chr10:73136826;C|T;Family=13928	0.00803158570032673	0.956744135321857	0.996022715787731	1
chr10:74101002;A|G;Family=14402	-0.138029710865301	0.295360651802277	0.996022715787731	1
chr10:76875350;G|T;Family=14594	0.00661306654510526	0.983437260420892	0.997729814887619	1
chr10:76876859;C|T;Family=14658	0.235477320441926	0.0610197437498923	0.791662869471551	1
chr10:77001472;G|T;Family=13008	-0.131531657322495	0.419104011229073	0.996022715787731	1
chr10:79316375;C|CTGTA;Family=13567	-0.329096624444807	0.316601267583427	0.996022715787731	1
chr10:80090866;G|A;Family=12568	0.271602719170736	0.0343088892695122	0.710285751252033	1
chr10:80529499;G|C;Family=13505	0.147321075773751	0.326410730046104	0.996022715787731	1
chr10:812367;A|G;Family=12318	0.024720773901611	0.836920369523165	0.996022715787731	1
chr10:87552910;C|G;Family=14175	-0.405005142512351	0.212878617456938	0.996022715787731	1
chr10:87967103;GT|G;Family=11224	-0.0947243105237204	0.783448433136557	0.996022715787731	1
chr10:91282878;A|G;Family=14301	-0.113337247071311	0.615538021663673	0.996022715787731	1
chr10:92051693;C|G;Family=11568	-0.0816478852741443	0.573171106872481	0.996022715787731	1
chr10:92558801;G|A;Family=12412	0.125271341859934	0.353079159204331	0.996022715787731	1
chr10:92901375;T|C;Family=11954	-0.0619657582293755	0.904994093120383	0.996022715787731	1
chr10:93306532;T|TCTAA;Family=11718	-0.0696302011683719	0.801364044599947	0.996022715787731	1
chr10:93665442;C|T;Family=14017	0.310809341691462	0.25963355880358	0.996022715787731	1
chr10:94325123;C|T;Family=22349	-0.0183651196859161	0.903639255969143	0.996022715787731	1
chr10:94535820;C|G;Family=14160	-0.199382194325105	0.644193774934455	0.996022715787731	1
chr10:95210747;G|A;Family=14484	-0.125208549954941	0.335304473176369	0.996022715787731	1
chr10:96364842;C|T;Family=13026	0.0776239881811987	0.772630129576596	0.996022715787731	1
chr10:96989266;T|C;Family=12689	0.0498105184783229	0.639298089339423	0.996022715787731	1
chr10:98247936;T|C;Family=13916	-0.0939942780343659	0.626838730407491	0.996022715787731	1
chr11:101033498;C|A;Family=13863	0.0996887387770759	0.816188777308	0.996022715787731	1
chr11:101034122;G|A;Family=14161	-0.13986617690567	0.603776529934575	0.996022715787731	1
chr11:101998918;C|T;Family=13001	-0.256754161434207	0.0571965388785072	0.772097658423288	1
chr11:102712136;ATTT|A;Family=13154	-0.270653746100983	0.346731653081311	0.996022715787731	1
chr11:102715386;A|G;Family=12653	0.163229041036495	0.0592447493369265	0.777335824318843	1
chr11:102722552;G|A;Family=12534	-0.0413119631970708	0.816561236480251	0.996022715787731	1
chr11:103908523;A|G;Family=11172	-0.116424264311096	0.692411206172525	0.996022715787731	1
chr11:104890491;T|C;Family=11722	-0.280360936848608	0.240464003597352	0.996022715787731	1
chr11:106674176;C|T;Family=14015	-0.206199192745148	0.642315053791081	0.996022715787731	1
chr11:106676736;C|G;Family=14043	-0.201609041544137	0.455941332136924	0.996022715787731	1
chr11:107665691;A|G;Family=11471	-0.0905016709054174	0.731810937256515	0.996022715787731	1
chr11:107707617;C|T;Family=14296	0.0994700055473441	0.594526536818587	0.996022715787731	1
chr11:108506922;C|T;Family=12351	-0.156409577573936	0.318457169440119	0.996022715787731	1
chr11:110464436;A|G;Family=11300	0.0260861718218794	0.884575006727355	0.996022715787731	1
chr11:110578017;A|AGGTT;Family=11749	0.265288570359066	0.114636155991399	0.905173479085028	1
chr11:111755330;G|A;Family=11484	-0.242822004622823	0.264084609297663	0.996022715787731	1
chr11:111759888;C|G;Family=11355	-0.350352706761823	0.0484073068529993	0.739593962027298	1
chr11:112020819;G|C;Family=12864	0.380093063979426	0.213245258420122	0.996022715787731	1
chr11:112082999;G|A;Family=13010	-0.159226277827132	0.0865189168636816	0.874494982369247	1
chr11:113733596;C|A;Family=14454	0.236185960984244	0.112280558646054	0.905173479085028	1
chr11:114313231;C|T;Family=12653	0.00942897577240302	0.968610197279194	0.996022715787731	1
chr11:116776461;G|A;Family=13748	-0.0381824838406178	0.851034169493579	0.996022715787731	1
chr11:116777302;T|A;Family=13853	-0.492709979734279	0.0129120357656973	0.548509048557456	1
chr11:117204647;T|C;Family=13694	-0.170209501293744	0.166540782237085	0.994944563444845	1
chr11:118000915;T|C;Family=14243	-0.350205360745354	0.0117076977891693	0.548509048557456	1
chr11:118396788;C|T;Family=12655	-0.0203625929919825	0.959865452506727	0.996022715787731	1
chr11:118448406;C|G;Family=12695	0.172634957422573	0.541228664567326	0.996022715787731	1
chr11:118544742;G|A;Family=14525	-0.0408028158270974	0.742061964104167	0.996022715787731	1
chr11:119356346;G|A;Family=22106	0.13319235665511	0.33351514712904	0.996022715787731	1
chr11:119418127;G|A;Family=13900	-0.0499294185370969	0.726201440895	0.996022715787731	1
chr11:11956188;A|C;Family=11094	-0.136724281876271	0.702473792198782	0.996022715787731	1
chr11:120112232;T|G;Family=14653	-0.0580390537375967	0.733038667658071	0.996022715787731	1
chr11:120487883;G|A;Family=12857	0.0216560350316569	0.887079536501781	0.996022715787731	1
chr11:12263478;C|T;Family=12899	0.197542919439161	0.310629599722649	0.996022715787731	1
chr11:12263717;A|G;Family=11989	0.0495955936068551	0.789486388496755	0.996022715787731	1
chr11:124188074;C|T;Family=13948	0.127442272051843	0.423203737301828	0.996022715787731	1
chr11:124767889;G|A;Family=12019	-0.0394155105910629	0.821224731810102	0.996022715787731	1
chr11:125101218;G|A;Family=12647	-0.166509749043299	0.370456150868455	0.996022715787731	1
chr11:125583699;A|C;Family=13195	0.0070495680627356	0.96232104691728	0.996022715787731	1
chr11:125777019;T|C;Family=11452	0.0626050866486742	0.580344721749075	0.996022715787731	1
chr11:125943602;G|A;Family=11824	0.435147256712801	0.0849156956350964	0.865841271915631	1
chr11:126291555;C|T;Family=14661	0.127134367449624	0.187941993722276	0.996022715787731	1
chr11:1275105;C|G;Family=14076	0.276563615549453	0.197127029889877	0.996022715787731	1
chr11:128812544;T|TA;Family=12029	-0.445259356919681	0.285726083578435	0.996022715787731	1
chr11:128901589;G|C;Family=14230	0.234316852295973	0.190868972241478	0.996022715787731	1
chr11:128902526;G|A;Family=14209	-0.0868358050956293	0.641029410586442	0.996022715787731	1
chr11:128917908;A|G;Family=14187	-0.0508721992492994	0.722063660464873	0.996022715787731	1
chr11:129452030;GTTTTT|G;Family=13512	-0.0461548304599204	0.846104234382967	0.996022715787731	1
chr11:129859531;C|CT;Family=11691	-0.48480342866471	0.0577395749129521	0.772097658423288	1
chr11:129902006;A|G;Family=14174	0.272082825919162	0.157684291239581	0.985693881812353	1
chr11:134245909;C|G;Family=11305	-0.032678477128152	0.814092700057871	0.996022715787731	1
chr11:13729935;A|T;Family=12351	0.00330782665667735	0.99171002711984	0.997729814887619	1
chr11:15246372;A|C;Family=12243	0.0578425496713541	0.789974626812771	0.996022715787731	1
chr11:1555259;G|C;Family=11350	-0.0463029317790139	0.73088569803949	0.996022715787731	1
chr11:17088319;G|A;Family=12440	-0.199801824786091	0.329524796257533	0.996022715787731	1
chr11:17373816;C|T;Family=14188	-0.233970092078242	0.0581793461337076	0.772097658423288	1
chr11:17427056;A|G;Family=13692	0.169891135243154	0.430820157230636	0.996022715787731	1
chr11:17429244;G|A;Family=13057	0.165621228929139	0.210065753369259	0.996022715787731	1
chr11:18020918;G|A;Family=12285	0.0570111290049982	0.586953601858573	0.996022715787731	1
chr11:18279726;G|A;Family=11108	0.367539846152748	0.0772220934866553	0.858243244198766	1
chr11:18366513;A|G;Family=12790	-0.0119960344413483	0.948184894868334	0.996022715787731	1
chr11:18366682;A|G;Family=13336	0.0713653978994398	0.810195420835898	0.996022715787731	1
chr11:18703455;A|T;Family=12624	-0.0144972052313418	0.885914892508847	0.996022715787731	1
chr11:18703822;A|C;Family=14648	0.0439673551291843	0.737029627464259	0.996022715787731	1
chr11:18728563;G|A;Family=11060	-0.112938346063407	0.350563308080459	0.996022715787731	1
chr11:18728740;C|A;Family=13115	0.39868849673702	0.0393360063142601	0.71240606807306	1
chr11:22281573;G|C;Family=12243	-0.480171172091245	0.0951596857440644	0.903490146750468	1
chr11:27495352;T|C;Family=11181	0.171184921228991	0.44652535698432	0.996022715787731	1
chr11:27657333;T|G;Family=14055	-0.202377693645826	0.498745008098964	0.996022715787731	1
chr11:27657533;A|AT;Family=14509	-0.127101721801551	0.768016492367036	0.996022715787731	1
chr11:294999;C|T;Family=13546	0.142761941836385	0.471157033559594	0.996022715787731	1
chr11:31663622;A|T;Family=12810	-0.14358990369204	0.512749114797206	0.996022715787731	1
chr11:33704138;C|T;Family=12032	0.0315094798940289	0.752013978322491	0.996022715787731	1
chr11:33710221;C|T;Family=14174	-0.017438141046369	0.895702861849513	0.996022715787731	1
chr11:35190037;C|T;Family=14068	0.151591362256824	0.536471803659707	0.996022715787731	1
chr11:35254980;C|G;Family=11552	0.12271490632966	0.669202356081492	0.996022715787731	1
chr11:35813130;C|CA;Family=13266	0.0257593006603412	0.810349859401629	0.996022715787731	1
chr11:35813437;T|C;Family=14631	0.0976017872705571	0.538054913252052	0.996022715787731	1
chr11:35816752;C|G;Family=11895	0.317068608378074	0.182727491939389	0.996022715787731	1
chr11:381974;G|T;Family=14292	0.00315555936553198	0.981772591754058	0.997664923556926	1
chr11:4138349;A|G;Family=14472	-0.0558021803052651	0.671629850312283	0.996022715787731	1
chr11:43494116;C|CA;Family=13781	0.248008431865404	0.543088024082178	0.996022715787731	1
chr11:44261939;C|T;Family=11359	0.0361810422097791	0.771103485218245	0.996022715787731	1
chr11:44263819;C|G;Family=11942	-0.0515771139638787	0.660484429836354	0.996022715787731	1
chr11:44263856;G|A;Family=14521	0.0286592770829949	0.848344903101354	0.996022715787731	1
chr11:44933723;G|C;Family=11578	0.0180988013629523	0.897078936228773	0.996022715787731	1
chr11:45228552;G|A;Family=11575	0.00895422076164332	0.957528725979875	0.996022715787731	1
chr11:45231207;T|G;Family=14285	-0.00992396499900034	0.90075034741712	0.996022715787731	1
chr11:4596536;C|T;Family=13054	0.0835296668460741	0.861053726949387	0.996022715787731	1
chr11:4600333;G|A;Family=14070	-0.262594021383046	0.121829382227155	0.913268564475583	1
chr11:46672547;G|C;Family=11033	-0.0685516362313824	0.461722353167635	0.996022715787731	1
chr11:46743981;T|C;Family=12052	0.00565470117604203	0.960202486594844	0.996022715787731	1
chr11:47165115;T|G;Family=12852	0.0871144995015761	0.437010270866303	0.996022715787731	1
chr11:47166582;C|A;Family=13215	-0.350698030614216	0.0297013368577872	0.702854201901068	1
chr11:48132413;C|A;Family=14153	0.111298032921013	0.840052714501191	0.996022715787731	1
chr11:48170486;G|T;Family=13962	-0.157302905955133	0.0886700906976289	0.888489640794397	1
chr11:498026;C|T;Family=13893	-0.0787767377661742	0.493889409063873	0.996022715787731	1
chr11:5004713;A|G;Family=12595	0.0526750915774411	0.860285966429373	0.996022715787731	1
chr11:55639482;C|T;Family=12324	0.243485506611694	0.532335282718266	0.996022715787731	1
chr11:56033816;G|A;Family=12231	0.171626205320162	0.338418457445756	0.996022715787731	1
chr11:56702320;A|G;Family=11234	-0.032513374629639	0.897952074462092	0.996022715787731	1
chr11:57370014;C|T;Family=12836	0.107661666337729	0.455172065678057	0.996022715787731	1
chr11:57501029;G|A;Family=12691	0.128523108358404	0.502368550112448	0.996022715787731	1
chr11:57737902;C|CT;Family=11642	0.0459430904741064	0.609118553969949	0.996022715787731	1
chr11:58527350;TA|T;Family=14696	0.188578336851167	0.353464499210069	0.996022715787731	1
chr11:58625337;G|A;Family=12449	0.0994107809026385	0.494602842201262	0.996022715787731	1
chr11:58709471;G|A;Family=14100	0.357198875750546	0.0048768776345679	0.437341919844825	1
chr11:59367652;G|A;Family=12923	-0.0884921812072843	0.542860994520875	0.996022715787731	1
chr11:59517618;T|C;Family=12894	0.623464795433923	0.00136256052856691	0.258229158262346	1
chr11:59518549;T|C;Family=12728	0.163967400182936	0.552679786538066	0.996022715787731	1
chr11:59793434;A|G;Family=13795	-0.0392453722150252	0.777153821745871	0.996022715787731	1
chr11:59835969;A|G;Family=11404	0.0463961856950071	0.626038545422437	0.996022715787731	1
chr11:60071017;T|C;Family=12066	-0.0629789309775748	0.841731956247435	0.996022715787731	1
chr11:60095790;G|A;Family=14257	-0.0704347706884989	0.864824878926886	0.996022715787731	1
chr11:6019567;G|A;Family=12832	0.0572060543412766	0.732552536483154	0.996022715787731	1
chr11:6021602;G|A;Family=11094	0.144255399452631	0.74765684064589	0.996022715787731	1
chr11:60308270;C|T;Family=12449	-0.024831143371914	0.909260021978845	0.996022715787731	1
chr11:60404647;C|T;Family=12451	0.254605599355802	0.433181798772529	0.996022715787731	1
chr11:60852177;T|C;Family=13924	-0.104830830955067	0.406898152525145	0.996022715787731	1
chr11:61282803;C|G;Family=11074	0.28750951384751	0.148238355153642	0.979079076844982	1
chr11:61743803;C|T;Family=12457	0.0323560561621521	0.85561159742636	0.996022715787731	1
chr11:61786465;G|T;Family=13237	0.0289976030587948	0.882042523465133	0.996022715787731	1
chr11:61789183;T|TA;Family=11518	-0.178593864592224	0.561471273860889	0.996022715787731	1
chr11:618678;T|G;Family=12641	-0.116294577191042	0.548291794796792	0.996022715787731	1
chr11:62751389;G|C;Family=13070	0.142278337444146	0.416178563299743	0.996022715787731	1
chr11:62790431;GTTTT|G;Family=13920	-0.147409893451356	0.367504041940027	0.996022715787731	1
chr11:62885204;C|T;Family=13102	-0.0539065347089509	0.651383202643581	0.996022715787731	1
chr11:62981062;G|A;Family=14039	-0.0795195301566081	0.502495954128082	0.996022715787731	1
chr11:63409814;C|G;Family=11942	0.815414462496477	0.0800659583028327	0.859226348823917	1
chr11:63409852;C|T;Family=11241	0.105641154636776	0.62508330527324	0.996022715787731	1
chr11:63409912;T|C;Family=14433	-0.139190066185193	0.437522429301677	0.996022715787731	1
chr11:63762350;T|C;Family=12083	-0.114094285665656	0.396746067062474	0.996022715787731	1
chr11:6394244;C|T;Family=14240	0.14834666998095	0.387487551217479	0.996022715787731	1
chr11:64267590;G|A;Family=11377	0.355180073146596	0.310116985740803	0.996022715787731	1
chr11:64606383;G|A;Family=11407	-0.208026814770564	0.0636619470466846	0.802120393645321	1
chr11:64765438;T|C;Family=12673	0.0945744154717551	0.246362041065884	0.996022715787731	1
chr11:64949800;G|T;Family=14275	0.233381850680039	0.288917638033207	0.996022715787731	1
chr11:65121232;G|C;Family=11723	-0.0735919091990256	0.645733453024587	0.996022715787731	1
chr11:65281124;G|A;Family=14101	0.166922646040754	0.248353245003312	0.996022715787731	1
chr11:65321589;G|A;Family=12955	0.0328670123157032	0.844007756531189	0.996022715787731	1
chr11:65352130;C|G;Family=13866	-0.139990737863583	0.0409782035129744	0.71240606807306	1
chr11:65411530;G|A;Family=13374	-0.0649967236108586	0.472685340474131	0.996022715787731	1
chr11:6547555;G|A;Family=12687	-0.178317047799183	0.420728534422036	0.996022715787731	1
chr11:65853562;C|T;Family=14169	0.00265744650517967	0.987449892877668	0.997729814887619	1
chr11:65865967;G|A;Family=14284	0.0414941193001786	0.746712699251536	0.996022715787731	1
chr11:65916856;A|C;Family=14481	0.137522936527888	0.0471044015129855	0.729055155347708	1
chr11:65916912;CTGTG|C;Family=11252	0.171225257204434	0.350600218499671	0.996022715787731	1
chr11:66624490;C|G;Family=14637	0.0197723422192162	0.910296251647162	0.996022715787731	1
chr11:66640573;G|GTC;Family=14658	-0.0303295375682472	0.697704839647508	0.996022715787731	1
chr11:6680814;T|G;Family=14594	-0.207387996133805	0.50799254199067	0.996022715787731	1
chr11:6681539;T|G;Family=11740	0.856802737738485	5.78208437597137e-06	0.0100521536876262	0.0201043073752525
chr11:67432652;G|T;Family=12939	-0.092198798435828	0.548722675113554	0.996022715787731	1
chr11:67463954;G|A;Family=12788	0.000855503563009178	0.99673201293713	0.997729814887619	1
chr11:68029139;C|T;Family=13264	0.00591291756755973	0.96646500710583	0.996022715787731	1
chr11:68156383;GTTAA|G;Family=13907	0.168986342354481	0.675264053520204	0.996022715787731	1
chr11:68158808;G|A;Family=11729	-0.0361602416408467	0.704001619600861	0.996022715787731	1
chr11:68166240;G|A;Family=12859	0.000576046624764802	0.996843414796313	0.997729814887619	1
chr11:68171572;C|G;Family=11519	0.0372063383884005	0.837592957031028	0.996022715787731	1
chr11:68413826;C|T;Family=13277	-0.0631513695900572	0.746314981833009	0.996022715787731	1
chr11:68614239;TTG|T;Family=14154	0.015179679268371	0.965021097628852	0.996022715787731	1
chr11:68911444;G|A;Family=13752	0.191616087834077	0.221438080940715	0.996022715787731	1
chr11:69772347;G|C;Family=12540	-0.300520456501935	0.0115197240849759	0.548509048557456	1
chr11:72002499;T|G;Family=12956	0.0495566197181365	0.714509558483977	0.996022715787731	1
chr11:72093661;G|A;Family=11417	-0.221577310752196	0.0940029346950113	0.903490146750468	1
chr11:72685573;G|C;Family=13886	0.0778676889217486	0.617683777726237	0.996022715787731	1
chr11:727113;CCT|C;Family=12906	0.127050829726011	0.205189507093552	0.996022715787731	1
chr11:73864332;C|T;Family=12340	-0.304731354381525	0.243574560749849	0.996022715787731	1
chr11:74837928;T|C;Family=11207	-0.0164282974307707	0.951055372506279	0.996022715787731	1
chr11:75081895;A|G;Family=13611	0.221269966137339	0.166250897314372	0.994944563444845	1
chr11:76403845;C|T;Family=13853	0.0618812963886104	0.599865395219194	0.996022715787731	1
chr11:77217266;A|AATCT;Family=12952	-0.0470572403521057	0.676639536460104	0.996022715787731	1
chr11:77660108;G|A;Family=13093	-0.131653864414828	0.723609420167464	0.996022715787731	1
chr11:801461;C|T;Family=14686	0.0776027745260721	0.61227941966442	0.996022715787731	1
chr11:8102656;T|C;Family=11071	0.228465013966391	0.360180136956587	0.996022715787731	1
chr11:8105153;C|T;Family=12655	-0.290708989957963	0.0476607147524535	0.733257987585314	1
chr11:82977622;C|T;Family=14525	0.170162496677318	0.285742030235142	0.996022715787731	1
chr11:831871;G|A;Family=12281	0.0865313850435906	0.472222988076268	0.996022715787731	1
chr11:83261214;G|A;Family=14697	-0.26516651814206	0.0577897370234881	0.772097658423288	1
chr11:86808954;G|T;Family=11827	0.428969935150542	0.19639566080695	0.996022715787731	1
chr11:86946390;A|G;Family=12463	0.133971172450637	0.521387574081933	0.996022715787731	1
chr11:92981626;G|A;Family=12646	0.101233889051658	0.516695214342639	0.996022715787731	1
chr11:93147909;C|A;Family=13051	-0.63002426672313	0.107489090726017	0.905173479085028	1
chr11:94377370;T|C;Family=11276	0.0160623075788509	0.968431394247434	0.996022715787731	1
chr11:94871680;G|A;Family=12238	-0.0241504596892018	0.876067953179188	0.996022715787731	1
chr12:100207757;A|G;Family=13561	0.135590295973113	0.138729063704152	0.957033927482845	1
chr12:101396195;C|G;Family=11397	0.0472252117696185	0.744501043711543	0.996022715787731	1
chr12:102396966;G|T;Family=11470	-0.0289870391546745	0.763355359730557	0.996022715787731	1
chr12:10324400;C|A;Family=13561	0.0918916863739638	0.519585354427314	0.996022715787731	1
chr12:103268201;C|T;Family=14307	0.367370304698606	0.362953713607989	0.996022715787731	1
chr12:103772774;G|A;Family=11158	0.0833651730204516	0.488408493167262	0.996022715787731	1
chr12:103775848;A|G;Family=14257	0.200714301528353	0.210491071620352	0.996022715787731	1
chr12:103777193;G|A;Family=13146	0.21295017521669	0.230168292584555	0.996022715787731	1
chr12:103932337;G|T;Family=13167	-0.0984116533218619	0.623114809095324	0.996022715787731	1
chr12:104350238;AAAAAC|A;Family=13621	0.537956017887557	0.127077191327232	0.92671157763597	1
chr12:105008304;C|T;Family=13738	0.10224424437447	0.564357929986034	0.996022715787731	1
chr12:106715462;C|A;Family=13874	0.27280495396733	0.0429302003752769	0.724603430606008	1
chr12:108780125;G|A;Family=14652	0.155589733981771	0.33705627435719	0.996022715787731	1
chr12:108784717;T|C;Family=13160	0.207166400532875	0.106745488418345	0.905173479085028	1
chr12:109110834;GAT|G;Family=11456	0.455194661597315	0.293160191906847	0.996022715787731	1
chr12:111348592;A|G;Family=11415	-0.169468361351356	0.603920953180477	0.996022715787731	1
chr12:111449380;T|C;Family=13617	0.0345422821638325	0.8495186450445	0.996022715787731	1
chr12:111449493;T|A;Family=12795	-0.428744751778198	0.00198287167330299	0.304353699906908	1
chr12:111453948;C|T;Family=11731	0.122054828658011	0.67152149993925	0.996022715787731	1
chr12:111816200;C|T;Family=14519	0.221661714174198	0.364819654807137	0.996022715787731	1
chr12:111816750;A|T;Family=13187	0.110661351912302	0.291623397607165	0.996022715787731	1
chr12:111816778;T|C;Family=14260	-0.26554016276555	0.114976577188364	0.905173479085028	1
chr12:112053609;C|T;Family=11033	-0.201167991915211	0.27289214233683	0.996022715787731	1
chr12:112508927;G|T;Family=13160	-0.339927637346188	0.535459453866589	0.996022715787731	1
chr12:112970080;G|A;Family=12296	-0.253162810752739	0.0847056699512402	0.865841271915631	1
chr12:116717020;TA|T;Family=14416	-0.0694788979986571	0.83083895644529	0.996022715787731	1
chr12:116859326;T|A;Family=13567	-0.268306810334322	0.0800298849235716	0.859226348823917	1
chr12:117209070;C|T;Family=14507	0.106982273577206	0.470933142703723	0.996022715787731	1
chr12:117215112;C|T;Family=14284	0.14781053770443	0.0918481568191299	0.894474932349443	1
chr12:119159576;C|T;Family=14522	0.0210340306918156	0.850011675402247	0.996022715787731	1
chr12:120460320;C|T;Family=14095	-0.119388496396353	0.318913284774447	0.996022715787731	1
chr12:120696586;A|C;Family=22349	0.313878301776915	0.19404325875486	0.996022715787731	1
chr12:120762897;A|C;Family=11196	0.000567022766290372	0.996348657375825	0.997729814887619	1
chr12:120764969;C|T;Family=13996	-0.13088866089223	0.432314963135965	0.996022715787731	1
chr12:12094817;G|A;Family=14108	-0.125944815588351	0.26086219636025	0.996022715787731	1
chr12:121004021;A|G;Family=11205	-0.0531813427458121	0.768571787977594	0.996022715787731	1
chr12:121020607;A|G;Family=13532	-0.111356749857006	0.371193988380126	0.996022715787731	1
chr12:121165437;C|T;Family=14257	0.349750659333324	0.037297548560519	0.71240606807306	1
chr12:121185462;G|C;Family=14696	-0.28351979974126	0.116081765186398	0.905173479085028	1
chr12:121649034;C|T;Family=11215	0.120716186692368	0.376926028680179	0.996022715787731	1
chr12:121649978;T|G;Family=12719	-0.0614119482104792	0.731865203688373	0.996022715787731	1
chr12:122142004;G|A;Family=12867	-0.109031707566894	0.441032950364136	0.996022715787731	1
chr12:122143154;C|T;Family=11118	-0.20909147199483	0.0187997295912495	0.622425828789969	1
chr12:122145614;C|T;Family=13152	-0.171812149434889	0.217938645413449	0.996022715787731	1
chr12:122473224;T|C;Family=14484	0.0101947143303213	0.955778055856529	0.996022715787731	1
chr12:122985855;C|T;Family=12068	0.083515136366038	0.772640740133201	0.996022715787731	1
chr12:123291583;A|G;Family=14363	-0.240683661787958	0.206285851985753	0.996022715787731	1
chr12:123295534;G|A;Family=13041	-0.103362936142021	0.582789094370448	0.996022715787731	1
chr12:124014248;G|A;Family=12728	0.238031034179568	0.0856749992271046	0.868489715197209	1
chr12:125028457;C|T;Family=12512	0.423809325918654	0.23947613386662	0.996022715787731	1
chr12:125029809;T|G;Family=13097	-0.0182517433837871	0.901602040092899	0.996022715787731	1
chr12:125143296;G|A;Family=12532	-0.200828373859477	0.52765973984957	0.996022715787731	1
chr12:125657481;T|C;Family=11233	-0.307102632992443	0.164391763260008	0.994069844965301	1
chr12:125658027;G|C;Family=11233	0.0990376527765263	0.374428905596954	0.996022715787731	1
chr12:125658842;A|G;Family=14613	-0.209131835775064	0.338202517055543	0.996022715787731	1
chr12:130456610;C|A;Family=11345	-0.065535533745313	0.738574593563621	0.996022715787731	1
chr12:131944583;C|T;Family=14524	0.0969773288020529	0.351027454935444	0.996022715787731	1
chr12:132196741;C|T;Family=11673	-0.233634492952062	0.183977521478431	0.996022715787731	1
chr12:132511604;C|T;Family=11470	0.0239838521940942	0.861517207857455	0.996022715787731	1
chr12:132584068;T|C;Family=11142	-0.276963046962451	0.316937696872769	0.996022715787731	1
chr12:132775108;C|T;Family=11345	0.117315344870483	0.271155936853393	0.996022715787731	1
chr12:133018678;A|G;Family=13167	0.284656533624785	0.263241102858507	0.996022715787731	1
chr12:133107244;CAG|C;Family=12206	0.0834515508945928	0.746415175288695	0.996022715787731	1
chr12:13551970;G|GA;Family=11121	-0.201259840770995	0.428975894885105	0.996022715787731	1
chr12:13558545;G|A;Family=11057	-0.0882525101694434	0.424339269512822	0.996022715787731	1
chr12:14981780;C|T;Family=14124	-0.156651280976082	0.615746689162532	0.996022715787731	1
chr12:15596275;G|A;Family=11654	0.0153428529425985	0.816269168939701	0.996022715787731	1
chr12:16594312;C|T;Family=11003	0.0837240089767717	0.828894470503062	0.996022715787731	1
chr12:190601;C|T;Family=13580	-0.00456720225464569	0.972315511297971	0.996335242230383	1
chr12:19372221;G|A;Family=12297	-0.149917029492741	0.317319459334877	0.996022715787731	1
chr12:19373120;C|A;Family=13835	-1.00237632190609	0.0371142123026831	0.71240606807306	1
chr12:1950195;G|GTC;Family=12950	0.014613825029068	0.89844204830786	0.996022715787731	1
chr12:20711418;A|G;Family=13533	0.212273296136214	0.185661907380974	0.996022715787731	1
chr12:20737256;G|T;Family=12906	-0.207849094622608	0.0404448546826687	0.71240606807306	1
chr12:26079613;T|C;Family=14576	-0.614482329183436	0.0132165740489512	0.548509048557456	1
chr12:26121198;T|C;Family=11356	-0.1915796394792	0.510320372330381	0.996022715787731	1
chr12:26338385;G|A;Family=11168	-0.130468116960796	0.715024772655346	0.996022715787731	1
chr12:26964790;G|C;Family=14554	-0.189498123624137	0.408972641870431	0.996022715787731	1
chr12:26964838;T|C;Family=14545	0.15417940298827	0.63263419027061	0.996022715787731	1
chr12:30719113;G|A;Family=14474	0.148761489793333	0.156034918392176	0.982623796799126	1
chr12:30996424;G|A;Family=11578	-0.0407997828080899	0.718518531343393	0.996022715787731	1
chr12:31667984;G|A;Family=12603	0.20771382554272	0.142540865264448	0.962358424319392	1
chr12:31992971;TTAAG|T;Family=11333	0.500979163373162	0.315854654760864	0.996022715787731	1
chr12:32643133;A|G;Family=14608	0.21825875245637	0.484552237079654	0.996022715787731	1
chr12:32645051;C|G;Family=13462	0.153589487334695	0.454934863904145	0.996022715787731	1
chr12:32791196;A|C;Family=11098	-0.419210171862563	0.377994606916365	0.996022715787731	1
chr12:3283454;C|T;Family=13623	-0.00250655615107398	0.98245749159014	0.997664923556926	1
chr12:3593554;A|G;Family=13174	-0.103674628330147	0.517114690399411	0.996022715787731	1
chr12:39553047;A|G;Family=12314	0.0889233078501512	0.725516462348193	0.996022715787731	1
chr12:39950119;T|C;Family=14692	-0.159296706919657	0.63389998014447	0.996022715787731	1
chr12:39951106;T|C;Family=13895	-0.285641785216479	0.349819076388074	0.996022715787731	1
chr12:42084882;A|G;Family=13211	-0.0611679091913849	0.859975340754197	0.996022715787731	1
chr12:42085385;C|T;Family=14452	0.136713156803079	0.386750768847824	0.996022715787731	1
chr12:42442154;G|A;Family=12799	0.0811929854436558	0.790750005125468	0.996022715787731	1
chr12:42445266;T|G;Family=14061	-0.671212240426155	0.000173900518116645	0.0863788716416536	0.604652101491575
chr12:4500258;C|T;Family=14402	-0.0816847873029477	0.72620608492004	0.996022715787731	1
chr12:45920025;T|G;Family=12341	0.00262008112009729	0.994560203887555	0.997729814887619	1
chr12:47075765;T|C;Family=12845	-0.0552754209768957	0.812887913023206	0.996022715787731	1
chr12:47744519;T|G;Family=12300	-0.0162063858300965	0.949216522585384	0.996022715787731	1
chr12:47780985;C|T;Family=13645	-0.0465912820277568	0.717361259581396	0.996022715787731	1
chr12:47788073;A|C;Family=11918	-0.057463541221629	0.683968933124057	0.996022715787731	1
chr12:48134794;G|A;Family=13471	-0.170638839367104	0.377278256079173	0.996022715787731	1
chr12:48338099;G|A;Family=13447	0.0336798596165841	0.84646010002389	0.996022715787731	1
chr12:48692215;T|C;Family=12529	-0.0312721684953299	0.821945197455461	0.996022715787731	1
chr12:48827626;C|A;Family=12457	-0.0697324167909229	0.670004287931625	0.996022715787731	1
chr12:48914552;C|A;Family=14412	0.0169525599335585	0.910349281860754	0.996022715787731	1
chr12:48966507;G|A;Family=12346	-0.105975628672369	0.342817202380006	0.996022715787731	1
chr12:49019250;C|A;Family=14095	0.035303639312014	0.900125647018913	0.996022715787731	1
chr12:49020756;A|G;Family=12804	0.029429851141781	0.835679844319741	0.996022715787731	1
chr12:49463191;G|C;Family=13116	0.894506807537215	0.00945316828645393	0.548509048557456	1
chr12:49867275;G|A;Family=11208	-0.268038200256433	0.172286813318212	0.996022715787731	1
chr12:49957401;C|T;Family=14675	-0.0944683191522904	0.596630582192049	0.996022715787731	1
chr12:50477022;T|A;Family=12641	-0.108641189459088	0.83149396381133	0.996022715787731	1
chr12:50746032;A|T;Family=13364	-0.0717812913214034	0.569381084710623	0.996022715787731	1
chr12:51196813;T|G;Family=11194	0.148044787477106	0.486368243343	0.996022715787731	1
chr12:51352434;C|T;Family=13815	0.307804172493102	0.461086020196265	0.996022715787731	1
chr12:51507933;C|T;Family=14017	0.0330252692406061	0.741240824944703	0.996022715787731	1
chr12:51722551;T|C;Family=13210	0.198849900779287	0.381655106852862	0.996022715787731	1
chr12:53025344;G|A;Family=13335	0.0108220661823372	0.891557053437605	0.996022715787731	1
chr12:53064322;A|G;Family=13617	0.0694547685483624	0.827547118679884	0.996022715787731	1
chr12:53327895;G|A;Family=12585	0.127696899236654	0.408327486141381	0.996022715787731	1
chr12:53977028;G|A;Family=12498	0.184823288767053	0.309472799766321	0.996022715787731	1
chr12:54532250;G|C;Family=13764	0.11837129269899	0.75130492613963	0.996022715787731	1
chr12:55367547;A|C;Family=11575	-0.133612825118047	0.501330459129824	0.996022715787731	1
chr12:55367558;A|C;Family=11575	-0.00120900797888953	0.994123200508396	0.997729814887619	1
chr12:55555603;C|A;Family=14077	-0.091196538851442	0.370692742948927	0.996022715787731	1
chr12:55751470;G|A;Family=14668	-0.0189862779152525	0.865222552032838	0.996022715787731	1
chr12:55757313;A|C;Family=11573	-0.771944746071377	0.114555115231733	0.905173479085028	1
chr12:55821637;C|T;Family=11843	0.0721328256012284	0.701696503553959	0.996022715787731	1
chr12:56037956;A|C;Family=11198	0.175838360156204	0.37403730590625	0.996022715787731	1
chr12:56712871;A|G;Family=11198	0.17058007453867	0.455391553643592	0.996022715787731	1
chr12:57001546;T|C;Family=11933	-0.0896933068144484	0.172900580621721	0.996022715787731	1
chr12:57028607;G|A;Family=12325	-0.124601358881416	0.315257521594061	0.996022715787731	1
chr12:57028838;C|T;Family=13187	0.211255777838239	0.246512623826994	0.996022715787731	1
chr12:57235470;C|A;Family=11671	0.0831617331663339	0.67687243501483	0.996022715787731	1
chr12:57823411;G|T;Family=14158	-0.194846499303366	0.141939397134535	0.961533541427114	1
chr12:59779592;C|A;Family=14475	0.0591354845410832	0.67087556161865	0.996022715787731	1
chr12:6122766;C|T;Family=14609	0.0405902722617889	0.702526276311404	0.996022715787731	1
chr12:61709191;T|A;Family=11552	-0.00301199483418029	0.992228645293361	0.997729814887619	1
chr12:62335564;A|G;Family=13929	0.192586766349701	0.558549943382059	0.996022715787731	1
chr12:62405485;C|G;Family=11556	0.0264561932392469	0.887447975940172	0.996022715787731	1
chr12:62414589;G|A;Family=12550	0.238701486106603	0.187915283388264	0.996022715787731	1
chr12:62501626;A|G;Family=11905	-0.127826973656601	0.263987556618569	0.996022715787731	1
chr12:62561094;C|A;Family=12220	0.42427741482389	0.343695146845862	0.996022715787731	1
chr12:62645630;T|A;Family=13616	-0.404757437753859	0.16632803648799	0.994944563444845	1
chr12:63146591;C|G;Family=14570	0.0256722818206293	0.902078183411747	0.996022715787731	1
chr12:6329869;G|T;Family=14152	-0.0318617219685534	0.835274400698234	0.996022715787731	1
chr12:64715064;G|C;Family=11931	-0.23914081654183	0.185805920734753	0.996022715787731	1
chr12:65466681;C|T;Family=11216	0.0240761953104958	0.91799244556973	0.996022715787731	1
chr12:6570170;T|C;Family=12891	0.249466119770876	0.414558574074711	0.996022715787731	1
chr12:66345813;C|T;Family=11781	0.293164920549834	0.339143340505601	0.996022715787731	1
chr12:67311074;C|T;Family=13314	-0.0654667092467382	0.800267159601706	0.996022715787731	1
chr12:67659038;C|T;Family=13010	0.133531629460812	0.280940289411387	0.996022715787731	1
chr12:68661243;G|GA;Family=14188	0.222540179201162	0.660833461076479	0.996022715787731	1
chr12:68667799;A|C;Family=14619	0.364719524773507	0.434078804900821	0.996022715787731	1
chr12:68765817;A|T;Family=12108	-0.125165924020521	0.662765843612131	0.996022715787731	1
chr12:68773240;T|C;Family=13694	-0.0665605981701515	0.790398395580818	0.996022715787731	1
chr12:68777610;C|A;Family=13565	0.181418595804542	0.468725020433436	0.996022715787731	1
chr12:68839652;G|A;Family=11947	0.0842678098966526	0.546278022047058	0.996022715787731	1
chr12:68851407;C|T;Family=14123	-0.00100545108028099	0.994981025065338	0.997729814887619	1
chr12:69353396;A|T;Family=14551	0.252207345595942	0.240663473530552	0.996022715787731	1
chr12:69683242;T|C;Family=13012	0.580655183643638	0.0132310699972716	0.548509048557456	1
chr12:69683587;A|T;Family=13012	0.13206527531611	0.525208608848824	0.996022715787731	1
chr12:6976750;A|G;Family=11892	-0.144223493505099	0.246170787670819	0.996022715787731	1
chr12:6977262;C|G;Family=14036	-0.0514199228913457	0.537186213448862	0.996022715787731	1
chr12:6981145;C|T;Family=12669	0.315020254939797	0.0118380695431183	0.548509048557456	1
chr12:70432230;C|T;Family=14346	0.0583891781247485	0.531283161755869	0.996022715787731	1
chr12:70433211;A|C;Family=11644	0.382479849907816	0.25607049613708	0.996022715787731	1
chr12:71786240;A|G;Family=13216	0.146836568389507	0.426084619506797	0.996022715787731	1
chr12:71791230;A|G;Family=12290	0.223782201447701	0.0579214652271249	0.772097658423288	1
chr12:74540835;C|T;Family=11678	0.302913512477106	0.249139117844491	0.996022715787731	1
chr12:75277651;G|C;Family=13057	-0.148422459047486	0.620372634243831	0.996022715787731	1
chr12:75432182;T|C;Family=11981	-0.353277735302719	0.176987325269506	0.996022715787731	1
chr12:75500348;A|C;Family=11167	-0.398048213991222	0.471927038545451	0.996022715787731	1
chr12:76044822;T|C;Family=11042	0.124687756694952	0.705386040200311	0.996022715787731	1
chr12:76047956;A|AT;Family=11520	0.027417783773547	0.936524289357689	0.996022715787731	1
chr12:79451261;G|A;Family=13537	-0.242730081114133	0.527220763313962	0.996022715787731	1
chr12:79592274;C|T;Family=14561	-0.182831976485587	0.681239611255383	0.996022715787731	1
chr12:79774887;C|G;Family=12645	-0.886082249639312	0.000503525272420823	0.159159761109745	1
chr12:80679096;C|T;Family=11086	-0.166008607394553	0.495256586834231	0.996022715787731	1
chr12:83132643;A|G;Family=14022	-0.345463109373113	0.00510380061375147	0.437341919844825	1
chr12:85958506;T|C;Family=12201	0.552526089177814	0.2132882212903	0.996022715787731	1
chr12:85960376;A|G;Family=13874	0.00674496282075152	0.970228576499179	0.996022715787731	1
chr12:85968103;G|T;Family=11056	-0.0924826238989707	0.75870173577955	0.996022715787731	1
chr12:88093626;TTTTA|T;Family=12238	0.288161002663477	0.430728437180947	0.996022715787731	1
chr12:89421060;G|A;Family=13903	0.0377879338426234	0.816719248497829	0.996022715787731	1
chr12:916707;C|CA;Family=11201	-0.0287581076110669	0.884033563038774	0.996022715787731	1
chr12:926902;AAGAG|A;Family=14501	0.0748851987605469	0.679242754062429	0.996022715787731	1
chr12:927165;G|A;Family=13965	-0.0138577666921807	0.944733301397432	0.996022715787731	1
chr12:92775906;A|G;Family=13998	0.210406438520613	0.544722892258604	0.996022715787731	1
chr12:93512803;G|A;Family=11946	-0.172792869956335	0.611525625046075	0.996022715787731	1
chr12:95934176;A|G;Family=14386	-0.108931109470025	0.647566809593353	0.996022715787731	1
chr12:9716586;T|C;Family=11417	-0.0214573529114093	0.902963395836758	0.996022715787731	1
chr12:9754370;A|G;Family=12494	-0.174421110079731	0.740478848786234	0.996022715787731	1
chr13:101722669;G|A;Family=12972	0.154281729596573	0.366580446613177	0.996022715787731	1
chr13:108307449;CT|C;Family=14603	0.0815791635690187	0.835258908763644	0.996022715787731	1
chr13:109207141;C|T;Family=14456	-0.51544727347026	0.00276464349907951	0.369717901780748	1
chr13:112910075;T|C;Family=11305	-0.149530860255832	0.58383968466064	0.996022715787731	1
chr13:112917269;C|T;Family=12869	0.0649120498574137	0.748546708061179	0.996022715787731	1
chr13:112956885;A|G;Family=14165	0.248564545125518	0.028861667915849	0.702854201901068	1
chr13:113090030;C|T;Family=11099	0.099965249336741	0.277365869779087	0.996022715787731	1
chr13:113816042;G|T;Family=14358	-0.0779885842532069	0.585048100834396	0.996022715787731	1
chr13:113816271;A|C;Family=12964	-0.0714139982210158	0.710333997839997	0.996022715787731	1
chr13:113816283;G|T;Family=12964	0.141110348379917	0.441387985282771	0.996022715787731	1
chr13:20138542;C|T;Family=14370	0.168859331657105	0.371345781254697	0.996022715787731	1
chr13:20141428;G|A;Family=14484	0.193580516922257	0.332346281277061	0.996022715787731	1
chr13:20780589;G|C;Family=11089	-0.718250442867441	0.114442427964377	0.905173479085028	1
chr13:21154518;C|G;Family=13869	0.166158019087646	0.245444183027468	0.996022715787731	1
chr13:21158043;T|C;Family=14097	0.0927216959019481	0.643388975182398	0.996022715787731	1
chr13:21492794;T|C;Family=13070	-0.0507149355087966	0.887531871361425	0.996022715787731	1
chr13:25249228;G|A;Family=14315	0.37139930778429	0.0624458550801301	0.798250875417692	1
chr13:25341928;C|T;Family=11497	-0.599589132647937	0.10793430485972	0.905173479085028	1
chr13:29509496;G|A;Family=14577	0.0970324691223866	0.672798963252706	0.996022715787731	1
chr13:30459362;G|C;Family=11509	0.0348344747529522	0.89831691295685	0.996022715787731	1
chr13:32776757;A|G;Family=14687	0.884435209962484	0.0465349076853524	0.729055155347708	1
chr13:36847210;G|A;Family=13034	0.690158244505857	0.0395823316243964	0.71240606807306	1
chr13:39789275;A|G;Family=11194	-0.210993630911139	0.497500534232805	0.996022715787731	1
chr13:41129088;C|A;Family=13524	-0.0223867889559794	0.879892564978294	0.996022715787731	1
chr13:41252566;G|C;Family=13876	0.00364064573348124	0.987246119169798	0.997729814887619	1
chr13:42166660;A|T;Family=12680	-0.0431026832347704	0.881057020595906	0.996022715787731	1
chr13:42233480;C|T;Family=14586	-0.169833386675713	0.310739064602554	0.996022715787731	1
chr13:42235436;T|TA;Family=13163	-0.328379999918056	0.540726888053757	0.996022715787731	1
chr13:44022567;G|A;Family=11360	0.179676858088468	0.116375656389532	0.905173479085028	1
chr13:44434270;C|T;Family=13608	0.133289812594468	0.340571977125317	0.996022715787731	1
chr13:45782571;C|T;Family=13162	0.290691613264788	0.412383190866505	0.996022715787731	1
chr13:48263554;C|G;Family=12184	0.0286829809284457	0.858624212952935	0.996022715787731	1
chr13:48267396;G|T;Family=14084	0.0767732213026734	0.437870497773622	0.996022715787731	1
chr13:49699807;G|A;Family=13621	-0.0285124244766855	0.837678483343961	0.996022715787731	1
chr13:50955833;A|G;Family=14633	-0.204610052529349	0.32452033428348	0.996022715787731	1
chr13:51374698;G|A;Family=14687	0.188988030471926	0.291838658235872	0.996022715787731	1
chr13:51760323;C|G;Family=13649	0.34996292838131	0.0369231677531895	0.71240606807306	1
chr13:57726742;T|G;Family=12837	-0.107288753047601	0.550813964506445	0.996022715787731	1
chr13:66302882;G|A;Family=14681	0.073805590147288	0.801501633696421	0.996022715787731	1
chr13:67224268;A|T;Family=11152	0.499041998433387	0.0724873339145622	0.855139516729435	1
chr13:71440244;T|TGTAA;Family=14023	-0.0664373041910252	0.790720831856178	0.996022715787731	1
chr13:72756094;T|TAAC;Family=14237	-0.0482143951481415	0.924480752629682	0.996022715787731	1
chr13:73077466;A|C;Family=13324	0.416612789639929	0.437757328361804	0.996022715787731	1
chr13:76880244;ATT|A;Family=11083	0.112871844041919	0.703320848256894	0.996022715787731	1
chr13:77045036;G|A;Family=11010	-0.177823215129487	0.617904760164356	0.996022715787731	1
chr13:78600311;T|TA;Family=13534	0.0560426339306397	0.895146029161996	0.996022715787731	1
chr13:78614347;A|C;Family=11544	0.0958795878623533	0.596053131756845	0.996022715787731	1
chr13:87683876;A|C;Family=13580	-0.0137762784583934	0.970169652722338	0.996022715787731	1
chr13:94436896;G|T;Family=14007	-0.293970000715397	0.278712178826147	0.996022715787731	1
chr13:94711191;C|T;Family=12014	-0.323773174857806	0.0457314549212853	0.729055155347708	1
chr13:95207885;T|C;Family=13023	0.00476574008879968	0.973159094369801	0.996335242230383	1
chr13:95793362;G|A;Family=13932	0.00846748538027981	0.955697346364997	0.996022715787731	1
chr13:97464506;A|G;Family=11433	0.182496264573638	0.167928243038909	0.996022715787731	1
chr13:98024108;C|T;Family=14291	0.160451993448749	0.522205700568393	0.996022715787731	1
chr13:98400083;C|T;Family=22161	-0.0150807408428368	0.946741286361178	0.996022715787731	1
chr13:98404385;C|A;Family=12686	0.195436920414719	0.304749726717482	0.996022715787731	1
chr13:98452189;C|T;Family=11115	0.243731270773839	0.423865616552931	0.996022715787731	1
chr13:98856517;C|T;Family=12375	0.269119105827828	0.00626499691019866	0.437341919844825	1
chr13:99892578;C|T;Family=12308	0.206234175036198	0.546861074389776	0.996022715787731	1
chr14:100132753;GAGA|G;Family=14566	0.11105964799445	0.0915392274224488	0.894474932349443	1
chr14:100139286;A|G;Family=14195	-0.077374893172758	0.419323178000757	0.996022715787731	1
chr14:100292534;C|T;Family=12851	0.08763530908637	0.630817479920176	0.996022715787731	1
chr14:101562759;G|A;Family=14305	-0.237944098622659	0.284576478872054	0.996022715787731	1
chr14:101927185;C|T;Family=14537	-0.114511201332106	0.646851106430793	0.996022715787731	1
chr14:102047898;A|C;Family=13094	-0.0447384403646049	0.812333785687245	0.996022715787731	1
chr14:102086072;G|C;Family=11812	-0.376610734066521	0.0533266529012145	0.759904803842306	1
chr14:102195033;T|C;Family=14215	-0.0336991038544226	0.749102622812864	0.996022715787731	1
chr14:102210028;T|G;Family=13106	-0.0741586868934427	0.903355461809487	0.996022715787731	1
chr14:102213013;C|T;Family=14115	-0.0207332585375871	0.878803249390368	0.996022715787731	1
chr14:102213969;G|C;Family=13375	-0.129388416465427	0.302471362105648	0.996022715787731	1
chr14:102229211;T|C;Family=13206	-0.0202140914261198	0.870705189513539	0.996022715787731	1
chr14:102506416;G|C;Family=12749	0.034809414637034	0.78730361849005	0.996022715787731	1
chr14:102906678;T|C;Family=13968	0.0544042973795232	0.82638852827881	0.996022715787731	1
chr14:102907234;C|T;Family=11333	0.0441770214525777	0.73214086356441	0.996022715787731	1
chr14:102910062;C|G;Family=12048	-0.0521261403973372	0.783904490070116	0.996022715787731	1
chr14:102911499;C|T;Family=14450	-0.267295034796948	0.0134090506549853	0.548509048557456	1
chr14:102932637;G|A;Family=13552	0.124863616618442	0.410440926409064	0.996022715787731	1
chr14:103342934;A|G;Family=12858	-0.18838166110457	0.393952587859464	0.996022715787731	1
chr14:103704906;G|A;Family=14133	0.048940572013307	0.701487170082074	0.996022715787731	1
chr14:103705880;C|T;Family=13267	-0.0528212808475714	0.682431780736018	0.996022715787731	1
chr14:103734576;C|T;Family=14066	-0.0362428050381548	0.80848515231101	0.996022715787731	1
chr14:104112623;G|T;Family=12536	-0.0740563275041486	0.229565008659677	0.996022715787731	1
chr14:104721982;C|G;Family=12301	-0.0411209799901238	0.809415305769209	0.996022715787731	1
chr14:104747250;G|GT;Family=13316	0.0507916926712742	0.902555209286072	0.996022715787731	1
chr14:105049685;G|A;Family=11792	-0.320645804606636	0.0586666158292091	0.775603890639391	1
chr14:105173014;TGGA|T;Family=14535	-0.0300036097788068	0.841795041935436	0.996022715787731	1
chr14:105470468;G|A;Family=14042	0.0223638410419005	0.889176504485138	0.996022715787731	1
chr14:19782641;G|A;Family=11730	-0.160771221333119	0.267670113556792	0.996022715787731	1
chr14:19880987;T|G;Family=22364	0.0592557582825105	0.861828142626463	0.996022715787731	1
chr14:20031416;G|T;Family=11498	-0.0505226224808054	0.842547469129523	0.996022715787731	1
chr14:20425908;T|C;Family=13050	-0.330015904837761	0.299157718426689	0.996022715787731	1
chr14:20700952;C|T;Family=13309	-0.0486130171282942	0.623738979156675	0.996022715787731	1
chr14:20996199;G|A;Family=13621	0.224350782099977	0.373153903927287	0.996022715787731	1
chr14:22774371;G|A;Family=12300	0.187695611561581	0.593404402677444	0.996022715787731	1
chr14:22887622;G|A;Family=13750	0.0175062380827521	0.930520128246623	0.996022715787731	1
chr14:22900579;T|C;Family=13250	0.356019331193306	0.581586798328993	0.996022715787731	1
chr14:22901745;A|C;Family=12955	0.0563135291725607	0.701469415328327	0.996022715787731	1
chr14:22972415;T|C;Family=12775	-0.007092872283618	0.956512286467864	0.996022715787731	1
chr14:23043475;C|T;Family=14348	-0.104655390884263	0.580172924882896	0.996022715787731	1
chr14:23300858;C|T;Family=13508	-0.200950475651619	0.139648578252404	0.957095059150192	1
chr14:23530131;G|A;Family=11328	0.0842349266032788	0.630235988554359	0.996022715787731	1
chr14:24075435;C|T;Family=14339	0.0556887299751431	0.693039947319076	0.996022715787731	1
chr14:24119799;G|A;Family=12501	0.0732416649428538	0.582697829040165	0.996022715787731	1
chr14:24123924;G|A;Family=14349	0.185014803965082	0.102531929085687	0.905173479085028	1
chr14:24187426;C|T;Family=11028	-0.0557309552395489	0.638674271752325	0.996022715787731	1
chr14:30619431;CAT|C;Family=13412	-0.476764679290164	0.113822032921123	0.905173479085028	1
chr14:30889794;G|A;Family=14587	0.0277360804705418	0.909635553269113	0.996022715787731	1
chr14:31073045;A|G;Family=11645	-0.208614410902553	0.510385547233297	0.996022715787731	1
chr14:31446717;C|T;Family=12014	-0.069798803441144	0.795315770741787	0.996022715787731	1
chr14:33680780;A|C;Family=11800	-0.0769191748002283	0.519531879430626	0.996022715787731	1
chr14:33803547;G|A;Family=12697	-0.141698117457625	0.492324507253505	0.996022715787731	1
chr14:35050255;C|T;Family=14675	0.148793449877078	0.333001782614568	0.996022715787731	1
chr14:35099374;T|C;Family=13600	-0.332048377427296	0.102184900723197	0.905173479085028	1
chr14:35871556;G|A;Family=14376	-0.033827709803862	0.763963990114151	0.996022715787731	1
chr14:36677286;A|G;Family=11303	-0.166794977007577	0.340863168056999	0.996022715787731	1
chr14:39182369;T|A;Family=14270	-0.0577487656234216	0.777024501313643	0.996022715787731	1
chr14:45200776;A|C;Family=14568	-0.643946589134703	0.00236454682174811	0.342563720800757	1
chr14:49783018;G|A;Family=12692	-0.0102755689974987	0.911322905597514	0.996022715787731	1
chr14:49786048;G|A;Family=12681	0.174412606104847	0.205213259395643	0.996022715787731	1
chr14:50330962;C|T;Family=13023	0.321432404709942	0.349162577038227	0.996022715787731	1
chr14:51254398;C|T;Family=12020	0.431094723261066	0.156564159743088	0.982623796799126	1
chr14:52005391;C|T;Family=13718	0.307122339656133	0.0150122441554574	0.586489583466579	1
chr14:52009877;C|T;Family=11089	0.0196704017044101	0.914250654250928	0.996022715787731	1
chr14:52707428;C|G;Family=13903	-0.00644730947449318	0.940714567411754	0.996022715787731	1
chr14:53040793;G|A;Family=14412	0.485231783456796	0.0578446587142316	0.772097658423288	1
chr14:54424277;A|G;Family=11721	0.368199615474174	0.172284627770346	0.996022715787731	1
chr14:54789343;G|A;Family=12225	-0.110312932276201	0.25385850894509	0.996022715787731	1
chr14:54790002;G|C;Family=11107	-0.0209152557172464	0.848502990406153	0.996022715787731	1
chr14:54792246;G|A;Family=14110	-0.0997005950166907	0.257000659385985	0.996022715787731	1
chr14:55046970;C|T;Family=14640	-0.0348796765888822	0.909732679325838	0.996022715787731	1
chr14:55066791;A|G;Family=14210	0.338319400292638	0.100327930732019	0.905173479085028	1
chr14:55069842;TC|T;Family=12396	-0.200480995860416	0.223918998717731	0.996022715787731	1
chr14:55368655;T|A;Family=13047	0.333766753691921	0.195648520934121	0.996022715787731	1
chr14:56609267;A|G;Family=12161	-0.0800841877533313	0.711137647779423	0.996022715787731	1
chr14:59369246;C|CA;Family=14606	-0.239674491000351	0.445540230896022	0.996022715787731	1
chr14:60644825;T|G;Family=13007	0.102169712749432	0.528243129936531	0.996022715787731	1
chr14:60710671;G|A;Family=13305	-0.100899392263943	0.580992816798176	0.996022715787731	1
chr14:61550781;A|G;Family=13005	0.0576620221487953	0.784951666749022	0.996022715787731	1
chr14:62081161;C|T;Family=13012	0.0820153993530219	0.492218885078889	0.996022715787731	1
chr14:63373754;G|A;Family=11897	-0.227285670452392	0.417206991038137	0.996022715787731	1
chr14:64471001;G|C;Family=12346	-0.392141670059325	0.125296972008338	0.92671157763597	1
chr14:64481638;C|G;Family=13630	0.197231343577731	0.333024952996669	0.996022715787731	1
chr14:64587318;G|A;Family=11804	-0.137271395948254	0.316346729565828	0.996022715787731	1
chr14:64744664;G|A;Family=11520	0.124232855037978	0.199190722786112	0.996022715787731	1
chr14:64947292;C|T;Family=12073	-0.0109860340803944	0.952298780679782	0.996022715787731	1
chr14:67333928;G|A;Family=13884	0.0952633192615362	0.743094365914745	0.996022715787731	1
chr14:67471834;G|A;Family=12481	0.0303398648677654	0.825921144691702	0.996022715787731	1
chr14:67471937;C|T;Family=11505	0.216819368658946	0.0489618294025675	0.743407339880904	1
chr14:67588167;C|T;Family=12780	0.0018701762236726	0.985971890345668	0.997729814887619	1
chr14:67762324;C|T;Family=12451	-0.0126233428386136	0.940705489532844	0.996022715787731	1
chr14:67783324;C|T;Family=11933	-0.0905006341912285	0.456987155537825	0.996022715787731	1
chr14:69349262;G|T;Family=12507	-0.247116249864952	0.0296358571522084	0.702854201901068	1
chr14:69458622;C|T;Family=11117	0.0119984761224273	0.937001128822674	0.996022715787731	1
chr14:69528683;G|A;Family=11775	-0.168702650744596	0.202733563411703	0.996022715787731	1
chr14:69714507;C|T;Family=13961	0.0691569996311338	0.492764022151353	0.996022715787731	1
chr14:69714839;G|C;Family=13709	0.077545079994842	0.463059222827644	0.996022715787731	1
chr14:70051018;G|A;Family=13618	0.190754844141323	0.0943659479043162	0.903490146750468	1
chr14:70672191;A|G;Family=13271	-0.0829332962931223	0.534897067234815	0.996022715787731	1
chr14:70672279;A|G;Family=14165	-0.149968162496962	0.449656718576293	0.996022715787731	1
chr14:71741218;T|C;Family=14463	-0.551148875315639	0.124544419189768	0.923328242052928	1
chr14:72951816;C|T;Family=14216	-0.0841090560069999	0.64738478122258	0.996022715787731	1
chr14:72957270;A|G;Family=11775	-0.487800931977862	0.330336970056675	0.996022715787731	1
chr14:72970085;C|T;Family=11051	0.0321665051809704	0.78488991101147	0.996022715787731	1
chr14:73219147;C|T;Family=12304	-0.163679124720981	0.360082391650718	0.996022715787731	1
chr14:73219800;A|G;Family=14084	-0.197138868419289	0.400672798299329	0.996022715787731	1
chr14:73264024;T|C;Family=14378	0.0761222930357962	0.513875737577886	0.996022715787731	1
chr14:74199900;A|G;Family=14234	-0.0521198572478895	0.873425756093017	0.996022715787731	1
chr14:74675817;G|A;Family=11462	0.288777593472926	0.0177821072498013	0.612162246609496	1
chr14:74905829;C|T;Family=14342	-0.153373922311299	0.255214877550594	0.996022715787731	1
chr14:75014738;C|G;Family=11382	-0.1762374580706	0.625189026847593	0.996022715787731	1
chr14:76501674;T|C;Family=13568	0.381561608225797	0.225786602598919	0.996022715787731	1
chr14:76780525;A|G;Family=12674	0.064435603046716	0.712156732490757	0.996022715787731	1
chr14:76788186;G|C;Family=11924	-0.10410883450862	0.516536177611296	0.996022715787731	1
chr14:77131926;A|G;Family=11366	-0.205120081781243	0.081489707627083	0.862510638614	1
chr14:77275778;G|A;Family=11110	0.107524044437781	0.48887422390764	0.996022715787731	1
chr14:77331556;C|T;Family=13621	-0.158368961249277	0.315068859994211	0.996022715787731	1
chr14:77672418;A|G;Family=12015	-0.0346885793277737	0.92415464506816	0.996022715787731	1
chr14:80198034;C|T;Family=11108	0.0390649238323923	0.881673454644664	0.996022715787731	1
chr14:81472756;T|C;Family=12426	-1.08029128538689	0.0613056631257273	0.792415578766372	1
chr14:85638868;A|C;Family=14172	0.792453133641383	0.0189858206475792	0.622425828789969	1
chr14:85639167;T|A;Family=13705	-0.114484504469086	0.732468779447108	0.996022715787731	1
chr14:85640939;T|C;Family=12407	-0.0418696243947503	0.778928796820168	0.996022715787731	1
chr14:85645691;A|C;Family=14344	0.118007823141498	0.575988478324607	0.996022715787731	1
chr14:87941540;C|T;Family=11107	0.21583405217072	0.40799459887413	0.996022715787731	1
chr14:88465931;AATT|A;Family=11366	-0.213900349209848	0.646979998504431	0.996022715787731	1
chr14:88467813;C|G;Family=14590	0.5109468843239	0.0789854717189579	0.858243244198766	1
chr14:90043800;G|A;Family=13335	-0.363244467429986	0.0706976614344344	0.845900849186014	1
chr14:90533760;G|C;Family=14268	-0.0295177576164675	0.861206321120324	0.996022715787731	1
chr14:90538579;G|A;Family=14394	0.0792418145329355	0.688038215598005	0.996022715787731	1
chr14:92045541;A|C;Family=12892	0.0685340377456761	0.50035549426421	0.996022715787731	1
chr14:92047191;C|T;Family=14135	0.152831517792624	0.352232860380187	0.996022715787731	1
chr14:92053999;A|G;Family=11164	-0.237353153972469	0.156167941537884	0.982623796799126	1
chr14:92054370;G|C;Family=12099	0.210796916405638	0.191337329984346	0.996022715787731	1
chr14:93227678;G|C;Family=14006	-0.0234930953248459	0.890395363953434	0.996022715787731	1
chr14:93720913;C|A;Family=14227	0.0477368568464193	0.762497374551141	0.996022715787731	1
chr14:94039397;GACAA|G;Family=14096	0.175752933195399	0.154826354420569	0.982623796799126	1
chr14:94569714;G|A;Family=11310	0.0604043349509659	0.729581834025126	0.996022715787731	1
chr14:95185595;A|G;Family=11201	-0.145545591134157	0.370276432286829	0.996022715787731	1
chr14:96243117;G|GA;Family=14404	-0.125184467291898	0.324268040250339	0.996022715787731	1
chr14:96385707;G|A;Family=11526	0.351658839456228	0.0470019387601682	0.729055155347708	1
chr14:99501572;T|C;Family=14618	0.0740327158953744	0.656743622087729	0.996022715787731	1
chr14:99508667;G|C;Family=14525	-0.273313452910972	0.120757630889074	0.910790200870522	1
chr14:99940981;T|G;Family=11575	0.308476507805615	0.315155182580688	0.996022715787731	1
chr15:100567287;C|T;Family=14290	0.0986249456433862	0.560621285250194	0.996022715787731	1
chr15:100915213;C|G;Family=14525	0.134197807189371	0.365478495480872	0.996022715787731	1
chr15:101027693;G|A;Family=12036	0.13527786950068	0.469136576743749	0.996022715787731	1
chr15:101029230;C|T;Family=13822	0.1902465100894	0.414844441223485	0.996022715787731	1
chr15:101068817;G|A;Family=12550	-0.0952452774179578	0.555210289536989	0.996022715787731	1
chr15:101069279;G|T;Family=14260	-0.0448995085329093	0.578354839045095	0.996022715787731	1
chr15:101177327;C|T;Family=14043	-0.207279663821467	0.463755165181083	0.996022715787731	1
chr15:101270931;G|C;Family=12796	-0.285130917606668	0.220062124266199	0.996022715787731	1
chr15:101271238;C|T;Family=14047	-0.419646592048502	0.456446465574043	0.996022715787731	1
chr15:101346652;G|A;Family=13532	-0.109665042984039	0.504251593310299	0.996022715787731	1
chr15:22827571;A|G;Family=13624	0.229040024823547	0.430985579230322	0.996022715787731	1
chr15:23441288;T|A;Family=14697	0.0258444363585309	0.837863687253821	0.996022715787731	1
chr15:23567590;T|G;Family=12925	-0.0174905797287476	0.942402083986664	0.996022715787731	1
chr15:24982024;C|T;Family=14272	0.130944173285277	0.58598939066214	0.996022715787731	1
chr15:25334715;T|C;Family=12162	0.0109974039299905	0.939724282549286	0.996022715787731	1
chr15:25677943;G|A;Family=14245	-0.0801753818442817	0.547304949244179	0.996022715787731	1
chr15:25679685;C|T;Family=12132	-0.0849103486263925	0.70561148483498	0.996022715787731	1
chr15:25680190;T|C;Family=14465	0.0249192487552222	0.842844154345824	0.996022715787731	1
chr15:26583387;C|T;Family=12573	0.0176644890641767	0.938796046535485	0.996022715787731	1
chr15:27535641;C|CA;Family=13634	-0.0294687570829235	0.830656927924404	0.996022715787731	1
chr15:28260857;G|A;Family=14243	0.316628888756235	0.0265627761428418	0.684139056656749	1
chr15:28269371;A|C;Family=11469	0.374977393708277	0.0286801667560823	0.702854201901068	1
chr15:29121091;G|A;Family=12246	0.12437388760549	0.168373293329934	0.996022715787731	1
chr15:32638104;T|C;Family=14070	-0.176521116883011	0.39918953216364	0.996022715787731	1
chr15:32768823;G|A;Family=13673	-0.083829304894833	0.846138806507272	0.996022715787731	1
chr15:32770748;C|A;Family=11380	0.187089524524992	0.209689173245911	0.996022715787731	1
chr15:34228531;C|G;Family=11484	-0.140648472072164	0.396111244340657	0.996022715787731	1
chr15:34904362;T|G;Family=13050	0.165307818072392	0.673753424041881	0.996022715787731	1
chr15:40091406;A|G;Family=14446	-0.0307445125288906	0.768129650919962	0.996022715787731	1
chr15:40272478;G|A;Family=11368	0.0642220467373112	0.742463806022298	0.996022715787731	1
chr15:40324948;T|G;Family=11014	0.349810060632186	0.116372705821551	0.905173479085028	1
chr15:40375689;C|G;Family=13585	0.095195286000894	0.451994744367019	0.996022715787731	1
chr15:40663005;G|T;Family=12716	-0.275989245095722	0.305289085895352	0.996022715787731	1
chr15:40736463;C|A;Family=11578	-0.055695282323719	0.80716734631132	0.996022715787731	1
chr15:40765303;A|C;Family=11220	0.191411191193652	0.397993639939852	0.996022715787731	1
chr15:40767256;C|T;Family=13544	-0.0537150686052207	0.771725056692032	0.996022715787731	1
chr15:40814773;C|T;Family=13948	-0.0684178769338248	0.272876082401434	0.996022715787731	1
chr15:41280038;A|G;Family=12656	0.0873690975657903	0.669791557568168	0.996022715787731	1
chr15:41898395;T|G;Family=11257	0.828167044001219	0.0919724365269129	0.894474932349443	1
chr15:42239720;C|T;Family=14118	0.204116361122039	0.470883456486717	0.996022715787731	1
chr15:42352520;C|T;Family=12510	-0.0469622492251513	0.791654180385217	0.996022715787731	1
chr15:42355683;T|C;Family=12858	0.0482898255206533	0.857675799146162	0.996022715787731	1
chr15:42567837;C|T;Family=13888	0.0154496168456206	0.872843657275755	0.996022715787731	1
chr15:42569418;C|T;Family=14385	-0.0403725130746227	0.797719540537489	0.996022715787731	1
chr15:42718825;G|A;Family=11339	0.0665693099935417	0.721370524406478	0.996022715787731	1
chr15:42728672;CT|C;Family=12622	-0.00845068724616736	0.950318415636689	0.996022715787731	1
chr15:48460268;G|A;Family=11018	0.0913037657025581	0.360173154594377	0.996022715787731	1
chr15:48989689;A|G;Family=11364	-0.117983538751589	0.770935290305811	0.996022715787731	1
chr15:49859538;T|C;Family=12759	0.103157611617089	0.763083677090702	0.996022715787731	1
chr15:50499413;T|C;Family=11030	0.355920022231579	0.498530463495945	0.996022715787731	1
chr15:50501626;A|G;Family=12161	0.168647386965843	0.452619525523543	0.996022715787731	1
chr15:50561366;T|C;Family=13998	-0.0267381048178131	0.903393201186725	0.996022715787731	1
chr15:51208400;C|T;Family=11551	0.200294779977222	0.224629287046075	0.996022715787731	1
chr15:52121290;C|T;Family=12108	-0.00693191375421721	0.96442734791465	0.996022715787731	1
chr15:52229152;C|T;Family=11329	-0.106043107420024	0.295813666132194	0.996022715787731	1
chr15:52383145;G|C;Family=14068	-0.425712827671131	0.017423544653718	0.612013213605795	1
chr15:53514080;G|A;Family=14209	0.0922418836704298	0.832622768880741	0.996022715787731	1
chr15:55359693;G|A;Family=12563	-0.0166763402657355	0.94484536003533	0.996022715787731	1
chr15:55539177;C|T;Family=11079	0.0730861399212238	0.847293879989029	0.996022715787731	1
chr15:55613938;G|A;Family=12021	-0.0916533764897297	0.70537124284873	0.996022715787731	1
chr15:56088533;TTTTG|T;Family=11181	0.114320951867496	0.86306670386876	0.996022715787731	1
chr15:56093321;G|A;Family=13684	0.318141716235076	0.0267852986197425	0.684797671329741	1
chr15:56396701;G|C;Family=12906	-0.184645108610457	0.511512854723099	0.996022715787731	1
chr15:56397396;T|G;Family=12906	0.247359018263453	0.108940400161659	0.905173479085028	1
chr15:56398111;T|A;Family=12906	0.0829405102111567	0.694335463564855	0.996022715787731	1
chr15:56653398;A|C;Family=12572	0.242502287368603	0.0687213343744663	0.835468809860207	1
chr15:57547895;A|G;Family=12648	0.0434299768056763	0.24287783657805	0.996022715787731	1
chr15:58590855;AACC|A;Family=14608	0.439549730802502	0.288080316760313	0.996022715787731	1
chr15:59132694;T|C;Family=13169	0.0203911430451638	0.864649036856886	0.996022715787731	1
chr15:59134897;T|G;Family=14109	0.299928418898452	0.39361660721946	0.996022715787731	1
chr15:59137358;A|G;Family=11246	-0.162574945129615	0.253238671818779	0.996022715787731	1
chr15:60422471;T|A;Family=13916	-0.19345372356166	0.483260787769381	0.996022715787731	1
chr15:60423023;T|C;Family=12246	0.0124671985247209	0.949981698231806	0.996022715787731	1
chr15:60451608;A|G;Family=12802	0.447846394709637	0.149780658588648	0.980767137312107	1
chr15:62069453;C|T;Family=14228	0.0869745600243463	0.555123129621588	0.996022715787731	1
chr15:63322397;C|T;Family=11546	0.45541274969258	0.161627823839431	0.990048796069546	1
chr15:63599874;T|G;Family=13258	-0.0149681001339788	0.896574305717654	0.996022715787731	1
chr15:63600869;A|G;Family=13082	-0.256034182512261	0.66466383810651	0.996022715787731	1
chr15:63601973;A|C;Family=14038	0.213947061303636	0.190650813591368	0.996022715787731	1
chr15:64168554;G|T;Family=14004	0.164367814146838	0.71516057226697	0.996022715787731	1
chr15:64424311;G|C;Family=14304	-0.0921203923662886	0.79423749525037	0.996022715787731	1
chr15:64503001;T|C;Family=13026	0.0498240126118568	0.702116317075806	0.996022715787731	1
chr15:64866999;C|T;Family=11998	-0.00777144603282413	0.959689642481411	0.996022715787731	1
chr15:65577405;C|CG;Family=14244	0.0294816412977215	0.851496880663273	0.996022715787731	1
chr15:65577406;A|C;Family=14244	-0.0817516432268151	0.628095896954383	0.996022715787731	1
chr15:65896118;C|G;Family=12161	-0.550328121406801	0.135422422461443	0.950023084808836	1
chr15:65906121;G|A;Family=12056	0.0814972588870784	0.80625317620397	0.996022715787731	1
chr15:66337167;T|C;Family=12238	0.108918104359742	0.650522845409256	0.996022715787731	1
chr15:66553131;C|T;Family=14675	0.0933696776198437	0.534289003619574	0.996022715787731	1
chr15:66781212;G|A;Family=14671	0.0926867632724642	0.629591110176782	0.996022715787731	1
chr15:67373445;T|C;Family=14523	-0.02551105630987	0.746264262410753	0.996022715787731	1
chr15:67373521;GT|G;Family=12548	-0.0845686701154939	0.572368518143923	0.996022715787731	1
chr15:67501603;C|A;Family=12532	-0.554583481640433	0.139771025765998	0.957095059150192	1
chr15:67530050;T|C;Family=14596	0.0640611754635996	0.787888324780859	0.996022715787731	1
chr15:68779354;T|TG;Family=14207	-0.00950673742450822	0.977043742139833	0.996335242230383	1
chr15:69270974;G|A;Family=14464	-0.102662296584305	0.733746093601492	0.996022715787731	1
chr15:70049346;C|T;Family=13977	0.146917276570208	0.34012461913569	0.996022715787731	1
chr15:71959179;C|T;Family=11445	0.0667546328743111	0.902338152590488	0.996022715787731	1
chr15:72141795;AAGATT|A;Family=13776	0.51251617512233	0.0271416971029817	0.688844385599031	1
chr15:72208624;C|T;Family=12795	0.326764916805195	0.00326258344916275	0.405142951883532	1
chr15:72593154;T|A;Family=13763	0.177687371141803	0.539218266810148	0.996022715787731	1
chr15:72756402;A|C;Family=14428	0.168323895849315	0.22777318094449	0.996022715787731	1
chr15:72774997;T|C;Family=12704	-0.02702479291406	0.84878203978434	0.996022715787731	1
chr15:73739396;G|A;Family=13166	-0.0627555066190188	0.691148527611736	0.996022715787731	1
chr15:73946452;T|A;Family=14240	-0.00873431230827045	0.952807562895147	0.996022715787731	1
chr15:73981283;G|A;Family=14342	0.242222049691443	0.0453530595276193	0.729055155347708	1
chr15:73981895;G|A;Family=14458	-0.136852022792421	0.377302605457961	0.996022715787731	1
chr15:74630849;G|C;Family=11731	-0.214138594961025	0.0609258265277168	0.791662869471551	1
chr15:74803022;T|C;Family=12492	0.105833677895	0.502164616465918	0.996022715787731	1
chr15:74845146;GA|G;Family=14257	0.0438701182687675	0.664981910455282	0.996022715787731	1
chr15:74901292;G|A;Family=14290	-0.162836746681417	0.0749952073246096	0.856664103332264	1
chr15:75355796;C|T;Family=13122	0.0998613027373728	0.432541809675648	0.996022715787731	1
chr15:75370263;G|A;Family=11504	-0.0211368725199054	0.923080418296952	0.996022715787731	1
chr15:75463370;A|G;Family=14482	0.459904497747021	0.0291098854723236	0.702854201901068	1
chr15:76728599;C|T;Family=14558	0.216979803848424	0.177000953357382	0.996022715787731	1
chr15:77007986;G|A;Family=12279	-0.138369193503632	0.35942192141015	0.996022715787731	1
chr15:77107216;T|C;Family=12618	-0.16322837949447	0.359576242709051	0.996022715787731	1
chr15:78163484;A|G;Family=14436	0.103020101239546	0.86499628013723	0.996022715787731	1
chr15:78478334;C|T;Family=13364	0.0588762380299125	0.790849128267599	0.996022715787731	1
chr15:78490631;A|G;Family=13557	-0.0416313969803015	0.890699184168843	0.996022715787731	1
chr15:78536282;C|G;Family=11303	-0.204762209932803	0.391699777417609	0.996022715787731	1
chr15:78594137;CTTACT|C;Family=22349	-0.240849211156524	0.548863584554282	0.996022715787731	1
chr15:78925354;A|G;Family=11963	-0.210668875880432	0.389335445002171	0.996022715787731	1
chr15:79295340;G|A;Family=11989	-0.112452181098699	0.660996887726131	0.996022715787731	1
chr15:79845082;C|T;Family=22249	-0.116927775931085	0.700572100699462	0.996022715787731	1
chr15:81303649;C|T;Family=14369	0.196946944577977	0.0912535531876712	0.894474932349443	1
chr15:82043046;G|A;Family=14351	0.165576246782917	0.359203663096241	0.996022715787731	1
chr15:82687129;TGAA|T;Family=13394	0.241850785678237	0.17157335095915	0.996022715787731	1
chr15:82842933;T|C;Family=13673	0.134607178250927	0.442537070517662	0.996022715787731	1
chr15:83017414;C|T;Family=12588	-0.148262462866666	0.643791355052671	0.996022715787731	1
chr15:83138723;C|T;Family=13191	0.0889267149063102	0.797852347089224	0.996022715787731	1
chr15:84802623;C|T;Family=11729	-0.0896257072507321	0.456511346716846	0.996022715787731	1
chr15:84804014;A|G;Family=13466	-0.00694309995091004	0.985570923760287	0.997729814887619	1
chr15:84806138;A|G;Family=11203	-0.199669602945376	0.329023589602268	0.996022715787731	1
chr15:86909044;C|A;Family=13724	-0.22790131750619	0.0939951696479189	0.903490146750468	1
chr15:86910332;A|T;Family=14254	0.240248062980947	0.374906268340544	0.996022715787731	1
chr15:87861035;T|G;Family=14410	-0.239657631120996	0.206109266843443	0.996022715787731	1
chr15:87874420;G|A;Family=11458	-0.0274436412304939	0.801334540253797	0.996022715787731	1
chr15:88480591;A|T;Family=14635	-0.194848389255559	0.155223438297026	0.982623796799126	1
chr15:89195431;G|A;Family=14575	-0.0154664890801773	0.883721921523769	0.996022715787731	1
chr15:89202100;G|A;Family=14536	0.433420888075696	0.297708970900481	0.996022715787731	1
chr15:89326709;ACTCCTC|A;Family=14565	0.0921654495191868	0.590561040381818	0.996022715787731	1
chr15:89681678;C|T;Family=13484	-0.264282708708581	0.485129580977909	0.996022715787731	1
chr15:89682026;G|C;Family=11411	0.572600721654822	0.0129896711733746	0.548509048557456	1
chr15:89833427;A|T;Family=11456	0.00431060322928942	0.976651888016973	0.996335242230383	1
chr15:89834264;A|T;Family=13666	0.151357422434921	0.252219312817637	0.996022715787731	1
chr15:90273069;G|T;Family=14633	-0.223326304737999	0.213280157087288	0.996022715787731	1
chr15:90365138;GA|G;Family=13589	0.176944586053672	0.169562832923613	0.996022715787731	1
chr15:90500172;T|G;Family=11047	0.333137969667142	0.0241618263570167	0.676990758459172	1
chr15:90883330;G|A;Family=Hou-etal:rs4702	-0.130963623857784	0.268627804617063	0.996022715787731	1
chr15:91300272;G|A;Family=14344	-0.0706301870069523	0.715579295001378	0.996022715787731	1
chr15:92618243;G|A;Family=11089	0.0325084083380077	0.826719600355652	0.996022715787731	1
chr15:92901779;A|C;Family=12687	-0.20867053297194	0.482791157322163	0.996022715787731	1
chr15:92901780;T|A;Family=12687	-0.0101297222031556	0.967770145578019	0.996022715787731	1
chr15:93045173;G|A;Family=11627	-0.0749807513642723	0.627504682585738	0.996022715787731	1
chr15:93045216;C|T;Family=13333	-0.158892379254274	0.457788429906092	0.996022715787731	1
chr15:94481478;G|C;Family=13732	-0.0456632743532133	0.760038493473795	0.996022715787731	1
chr15:94481988;A|G;Family=12483	0.463403765711768	0.334999322644327	0.996022715787731	1
chr15:96338680;G|GT;Family=12493	0.0943668422323024	0.836109099415342	0.996022715787731	1
chr15:98961301;G|A;Family=13914	0.153642503028241	0.328419196195367	0.996022715787731	1
chr15:99713046;T|C;Family=11045	-0.013649570291994	0.926101720637579	0.996022715787731	1
chr15:99713868;T|C;Family=13628	-0.65384342963405	0.24787491133957	0.996022715787731	1
chr15:99715933;A|G;Family=13251	-0.0666541380296307	0.839729035715161	0.996022715787731	1
chr16:10528610;T|G;Family=12729	0.216406539726587	0.571962870088576	0.996022715787731	1
chr16:10532068;C|T;Family=13234	0.0571536200484274	0.740667254062108	0.996022715787731	1
chr16:10940794;C|T;Family=13850	0.149514779444441	0.235568110233963	0.996022715787731	1
chr16:11372558;G|C;Family=14393	0.0255279408669102	0.770815133333911	0.996022715787731	1
chr16:11549237;CA|C;Family=11417	-0.0309920942970738	0.787540813781848	0.996022715787731	1
chr16:11871306;C|T;Family=13015	-0.0427906030962679	0.788809047245488	0.996022715787731	1
chr16:1213915;A|G;Family=14061	-0.0218521155955101	0.901657687201292	0.996022715787731	1
chr16:12569002;G|T;Family=14493	0.192113686913813	0.11512413283777	0.905173479085028	1
chr16:12569318;T|TGC;Family=12285	-0.0418376198417586	0.645615812694448	0.996022715787731	1
chr16:12569804;A|G;Family=14265	-0.0704540036464582	0.661246654073708	0.996022715787731	1
chr16:12573936;CTT|C;Family=11839	-0.17622741509654	0.083445807339547	0.865084954774454	1
chr16:1321063;C|T;Family=14016	-0.052720663396859	0.653068271797959	0.996022715787731	1
chr16:1321177;C|T;Family=11685	0.0577611200758859	0.561285744925775	0.996022715787731	1
chr16:13237326;G|A;Family=14058	0.10790763196263	0.531689772111634	0.996022715787731	1
chr16:1324951;G|A;Family=14321	0.304779627146304	0.509087377209087	0.996022715787731	1
chr16:13948562;T|C;Family=12821	0.135956317690329	0.335805315281935	0.996022715787731	1
chr16:13949970;A|AT;Family=11479	-0.032311189070919	0.838689947315696	0.996022715787731	1
chr16:189971;T|C;Family=14122	-0.0335519411977641	0.754846524139266	0.996022715787731	1
chr16:19267192;C|T;Family=14257	0.0882042603543829	0.348121700294216	0.996022715787731	1
chr16:1938368;C|T;Family=13263	-0.102866500872736	0.514635904987942	0.996022715787731	1
chr16:19856813;C|A;Family=11298	0.0705102232996523	0.78585712509506	0.996022715787731	1
chr16:1993957;C|T;Family=12014	-0.0267959503664139	0.826785357113567	0.996022715787731	1
chr16:20032346;T|C;Family=12325	0.106997249656634	0.53559311432246	0.996022715787731	1
chr16:2081694;C|T;Family=14601	0.107682966230712	0.371598039824481	0.996022715787731	1
chr16:2086268;C|T;Family=12621	0.0635565901368727	0.741234892506682	0.996022715787731	1
chr16:21179846;G|A;Family=14379	0.0695078939295305	0.353529531333119	0.996022715787731	1
chr16:21251033;C|T;Family=12631	-0.294790299111279	0.23761781451943	0.996022715787731	1
chr16:23063202;T|C;Family=13364	-0.265755425247805	0.333093833685787	0.996022715787731	1
chr16:23464668;G|A;Family=14519	-0.0201933334558338	0.673084199117716	0.996022715787731	1
chr16:23667172;T|C;Family=12647	-0.0561660645225432	0.687914466447701	0.996022715787731	1
chr16:24215158;A|G;Family=13136	-0.053934140127895	0.605025641635258	0.996022715787731	1
chr16:25239158;G|T;Family=11352	-0.219993633416938	0.185979248781564	0.996022715787731	1
chr16:2707660;C|A;Family=14036	-0.124628252511182	0.424656389501732	0.996022715787731	1
chr16:2707663;G|A;Family=14036	-0.0711965305561196	0.67696354945624	0.996022715787731	1
chr16:27449743;C|T;Family=14061	-0.0332325772414945	0.781828577901229	0.996022715787731	1
chr16:27788100;C|A;Family=11993	-0.137881623224654	0.502402009376293	0.996022715787731	1
chr16:28484111;A|G;Family=13368	-0.174650830299932	0.213561643372291	0.996022715787731	1
chr16:28873529;G|A;Family=13076	0.0121178842532515	0.927761244345833	0.996022715787731	1
chr16:29743897;C|T;Family=11301	-0.176840829504066	0.381879041209687	0.996022715787731	1
chr16:29992683;G|C;Family=11003	-0.341593026840995	0.0642476437142602	0.802120393645321	1
chr16:30095091;C|T;Family=11055	0.0404899510365826	0.604325677921541	0.996022715787731	1
chr16:30532838;G|A;Family=22030	0.256453390300396	0.0707958432882169	0.845900849186014	1
chr16:30780397;T|G;Family=12829	-0.0544179172449762	0.429072587650067	0.996022715787731	1
chr16:30990077;T|A;Family=11540	0.090956816404837	0.431445079846735	0.996022715787731	1
chr16:31193345;A|G;Family=14416	0.319766579040269	0.00642063291710405	0.437341919844825	1
chr16:31332096;C|T;Family=11484	0.0116035116392748	0.942165219226999	0.996022715787731	1
chr16:3140739;C|G;Family=12536	0.226938569230771	0.0953640735856835	0.903490146750468	1
chr16:3535329;G|T;Family=14149	0.00719407910225098	0.953362215244243	0.996022715787731	1
chr16:3656675;G|A;Family=13424	-0.234530355685884	0.112463673393641	0.905173479085028	1
chr16:3704332;A|T;Family=12073	-0.00376636587644924	0.988258743131472	0.997729814887619	1
chr16:4190888;C|T;Family=11235	0.182046548676282	0.308797595818944	0.996022715787731	1
chr16:46657240;T|A;Family=12719	-0.0763603608621303	0.666345074051429	0.996022715787731	1
chr16:4690849;G|A;Family=14653	-0.115934460530048	0.554831147415044	0.996022715787731	1
chr16:46929467;AG|A;Family=12779	0.0567968588431043	0.513771792912264	0.996022715787731	1
chr16:4752418;C|T;Family=14070	-0.553357096832497	0.0792378621658933	0.858243244198766	1
chr16:48352917;C|G;Family=12788	0.0294980883762183	0.867694112316275	0.996022715787731	1
chr16:48538924;C|T;Family=14617	-0.258985525221911	0.0371529589925006	0.71240606807306	1
chr16:49279058;G|T;Family=13283	-0.264180779101485	0.277749715112463	0.996022715787731	1
chr16:49490000;C|T;Family=14598	0.176711514883459	0.403908532586543	0.996022715787731	1
chr16:50707935;A|G;Family=13504	-0.165345952328789	0.359859932092732	0.996022715787731	1
chr16:53491584;A|AAGAT;Family=14637	0.137206105273365	0.727730945847721	0.996022715787731	1
chr16:53934071;C|T;Family=13882	0.192396934698358	0.406678050706954	0.996022715787731	1
chr16:54115899;A|G;Family=14641	0.185215604166012	0.343620603655437	0.996022715787731	1
chr16:54118659;A|G;Family=11587	-0.0873614275214002	0.537495356856925	0.996022715787731	1
chr16:56847265;ATC|A;Family=13856	0.0352572694317533	0.810529826439215	0.996022715787731	1
chr16:57082663;G|A;Family=14247	0.00167225769830479	0.991664760975296	0.997729814887619	1
chr16:57148331;G|GTACA;Family=11056	0.0525477189591657	0.693009483384921	0.996022715787731	1
chr16:57167173;C|A;Family=14042	0.0226697441469612	0.849458343403469	0.996022715787731	1
chr16:57252813;A|G;Family=12975	0.103666719226294	0.562101241099475	0.996022715787731	1
chr16:57252942;G|GA;Family=14423	-0.257098088280992	0.482051174611867	0.996022715787731	1
chr16:57883767;A|G;Family=13129	-0.0727818699166722	0.665659385483541	0.996022715787731	1
chr16:583935;G|A;Family=14161	0.116027832402913	0.542600832784851	0.996022715787731	1
chr16:58512675;T|C;Family=12318	-0.108111243817431	0.456278222139221	0.996022715787731	1
chr16:58520791;C|T;Family=13143	-0.127408048349036	0.287937789631672	0.996022715787731	1
chr16:59123;A|G;Family=13681	-0.0198270219122676	0.84095717816458	0.996022715787731	1
chr16:61653156;G|T;Family=12469	-0.0921213277805136	0.675637565947703	0.996022715787731	1
chr16:62660;C|T;Family=14680	0.0554100286454855	0.684574532194625	0.996022715787731	1
chr16:66400812;C|T;Family=12086	-0.249665033522524	0.011342228736516	0.548509048557456	1
chr16:66404214;G|A;Family=14152	-0.251665842644211	0.0409056163187912	0.71240606807306	1
chr16:66612716;C|T;Family=12662	-0.1785431332529	0.508070073028644	0.996022715787731	1
chr16:66616749;C|T;Family=11775	-0.125577935255803	0.561897742698328	0.996022715787731	1
chr16:66854047;G|C;Family=13259	0.0291623255985601	0.830772918434884	0.996022715787731	1
chr16:66911921;C|T;Family=13351	0.0127881113662382	0.93213424054601	0.996022715787731	1
chr16:66942147;A|G;Family=13938	0.0919267690901737	0.553451529706134	0.996022715787731	1
chr16:67198680;C|G;Family=11276	0.207975420858971	0.143467557195404	0.964291188000857	1
chr16:67270740;A|G;Family=14244	0.467097936199141	0.0604690279869549	0.790416580115197	1
chr16:67647175;G|A;Family=11150	0.412492617875652	0.10274228807083	0.905173479085028	1
chr16:67683136;C|G;Family=14645	0.08634377874746	0.675652899075667	0.996022715787731	1
chr16:67724986;C|G;Family=14645	0.0727849873505764	0.361678519632524	0.996022715787731	1
chr16:67725007;C|G;Family=14645	0.0121878212535608	0.917726368050909	0.996022715787731	1
chr16:67843938;T|C;Family=13808	-0.0742944757362673	0.835703335046896	0.996022715787731	1
chr16:67951940;A|G;Family=14151	-0.0832732168985363	0.472677887558102	0.996022715787731	1
chr16:68300417;G|GTTGA;Family=13929	-0.17640518341369	0.286301143436807	0.996022715787731	1
chr16:68687595;C|G;Family=14402	-0.0784668097899947	0.571622848907838	0.996022715787731	1
chr16:69340788;T|C;Family=13143	0.000484844399800253	0.996904472797727	0.997729814887619	1
chr16:69356055;A|C;Family=14454	-0.0154926620836457	0.906898803459155	0.996022715787731	1
chr16:70483943;C|T;Family=14265	0.023223262636206	0.879398899804359	0.996022715787731	1
chr16:70572436;C|T;Family=11753	0.0250932929653618	0.855696579083813	0.996022715787731	1
chr16:70573035;A|T;Family=14597	0.0283904058053971	0.848568251616932	0.996022715787731	1
chr16:70662896;C|T;Family=14417	0.0915850621813349	0.39177924113296	0.996022715787731	1
chr16:70687915;C|T;Family=11168	0.0417393141734339	0.800304459321124	0.996022715787731	1
chr16:70785746;C|A;Family=11003	-0.0313570209862861	0.864593757669717	0.996022715787731	1
chr16:71282674;A|T;Family=11256	0.0951892823565884	0.777466048322067	0.996022715787731	1
chr16:71456106;G|A;Family=12518	-0.0513519793670923	0.709099843705591	0.996022715787731	1
chr16:71641521;GA|G;Family=14192	-0.106374239962562	0.389324156631169	0.996022715787731	1
chr16:71765565;C|T;Family=11207	-0.00816229251961077	0.969461699258707	0.996022715787731	1
chr16:718549;C|T;Family=11397	0.0813598663910262	0.286916560867383	0.996022715787731	1
chr16:71855434;G|A;Family=11307	0.189597238869936	0.481899163950131	0.996022715787731	1
chr16:72027420;C|T;Family=11368	-0.0599558108540624	0.61727010699096	0.996022715787731	1
chr16:72086073;A|C;Family=13391	0.231586013971221	0.506719180584703	0.996022715787731	1
chr16:729185;T|G;Family=14467	-0.00866782341428728	0.94434928498589	0.996022715787731	1
chr16:74448548;G|A;Family=14679	-0.133671809894147	0.766566527842452	0.996022715787731	1
chr16:74622513;T|C;Family=11707	-0.0967901653239785	0.809320768870377	0.996022715787731	1
chr16:74672149;T|G;Family=11883	-0.377434203768041	0.0526133116608328	0.759904803842306	1
chr16:75108224;G|GT;Family=14633	-0.0399161735407201	0.803967622675702	0.996022715787731	1
chr16:75114636;C|T;Family=12664	-0.0135651000687455	0.941250539163692	0.996022715787731	1
chr16:75234913;C|T;Family=12154	0.139425422298781	0.267108511649365	0.996022715787731	1
chr16:75235814;T|G;Family=14219	-0.0384816005070836	0.83130254003889	0.996022715787731	1
chr16:75568310;G|C;Family=13773	-0.0199627806600815	0.870572538086276	0.996022715787731	1
chr16:77741983;G|C;Family=12739	-0.0141920000860483	0.893006729903907	0.996022715787731	1
chr16:785736;G|C;Family=14131	0.402191279830582	0.0252680949557766	0.677104769315577	1
chr16:80599464;G|A;Family=12738	-0.112815269918988	0.47422130406713	0.996022715787731	1
chr16:80604158;G|A;Family=14321	-0.238814376772452	0.174633273277153	0.996022715787731	1
chr16:80604272;C|T;Family=12154	0.0255381458198747	0.811738825867314	0.996022715787731	1
chr16:80968023;GAA|G;Family=14363	0.457478369100414	0.129596388839147	0.92671157763597	1
chr16:81022785;C|T;Family=12180	0.131562862483661	0.476148831516246	0.996022715787731	1
chr16:81171803;A|G;Family=12937	0.0103470620269045	0.955295424144021	0.996022715787731	1
chr16:81173810;G|A;Family=14666	0.147507371750567	0.151574301423553	0.982623796799126	1
chr16:81174389;G|A;Family=12180	0.277261705570789	0.138585208943885	0.957033927482845	1
chr16:81267919;C|A;Family=12083	-0.00805787401749252	0.950245912752411	0.996022715787731	1
chr16:81388913;C|G;Family=11417	0.261513361399661	0.594173592897648	0.996022715787731	1
chr16:81959671;G|A;Family=22280	-0.0779700945503496	0.501226956050813	0.996022715787731	1
chr16:81991522;G|A;Family=14521	0.17157614250815	0.200407102602243	0.996022715787731	1
chr16:83344870;G|A;Family=11492	0.556964645439459	0.0393675040232152	0.71240606807306	1
chr16:83670854;A|G;Family=11642	0.195527007350724	0.0233017510772243	0.675168237462575	1
chr16:84054426;C|G;Family=11121	-0.136476551504456	0.353073773588657	0.996022715787731	1
chr16:84122855;T|C;Family=14363	0.14172382436054	0.38063035591613	0.996022715787731	1
chr16:84159689;G|C;Family=12057	-0.191067501169541	0.301771001267162	0.996022715787731	1
chr16:84329819;A|C;Family=13874	-0.0567109641128266	0.750481771996872	0.996022715787731	1
chr16:84779105;G|A;Family=14402	-0.0638526663943851	0.733511038870653	0.996022715787731	1
chr16:84907429;G|A;Family=13631	0.0282737431739915	0.830209063162019	0.996022715787731	1
chr16:8648242;C|T;Family=13947	0.168817591675673	0.347821579065955	0.996022715787731	1
chr16:87330135;C|G;Family=11561	0.11145887531249	0.546291844212879	0.996022715787731	1
chr16:87409016;G|A;Family=11417	-0.493898292680855	0.0157156654821698	0.607148543127828	1
chr16:87831950;G|A;Family=11078	-0.114350533010634	0.370495404847688	0.996022715787731	1
chr16:88863449;C|T;Family=13714	0.0613148316481908	0.864244172487675	0.996022715787731	1
chr16:8898628;C|A;Family=14675	0.115655852214845	0.717358982474239	0.996022715787731	1
chr16:8902160;G|C;Family=13855	-0.344588204888173	0.124014869780517	0.921477235558392	1
chr16:89145960;G|A;Family=11404	0.369639800415484	0.0253159677914941	0.677104769315577	1
chr16:8915256;T|C;Family=12211	0.138217259632603	0.468693867575177	0.996022715787731	1
chr16:89280322;C|A;Family=13875	-0.0534641829076385	0.736558787290018	0.996022715787731	1
chr16:89284363;CTTTG|C;Family=12507	-0.0238870477469211	0.911566205672704	0.996022715787731	1
chr16:89285006;G|A;Family=13038	-0.122273219584555	0.229434716515279	0.996022715787731	1
chr16:89529318;A|T;Family=11809	-0.0379598123896103	0.764814658460334	0.996022715787731	1
chr16:89537204;G|A;Family=13882	-0.23963394060893	0.0241657250096043	0.676990758459172	1
chr16:89935278;G|A;Family=13371	-0.178395275167668	0.158916608489284	0.986644205588117	1
chr16:90062141;G|A;Family=11726	-0.24603363276043	0.0744834576094631	0.856664103332264	1
chr16:9753839;G|T;Family=14468	0.21053766294918	0.188022631429508	0.996022715787731	1
chr17:1002576;A|C;Family=11172	0.060751057793127	0.636472934942238	0.996022715787731	1
chr17:10711013;A|G;Family=11027	-0.244137198597276	0.0509498733656695	0.753314432025401	1
chr17:10824130;G|C;Family=13539	-0.00709377554616538	0.967730119364386	0.996022715787731	1
chr17:11561421;T|A;Family=11305	0.0598202858112462	0.556440141390379	0.996022715787731	1
chr17:12766872;A|G;Family=13456	0.0222190469481659	0.924780281503681	0.996022715787731	1
chr17:12984718;A|G;Family=11216	0.119827236060954	0.348311168290381	0.996022715787731	1
chr17:1495860;C|T;Family=13565	-0.171910388657662	0.246509285987406	0.996022715787731	1
chr17:15976942;GCT|G;Family=13006	-0.13239368738219	0.248575256765958	0.996022715787731	1
chr17:16443567;G|T;Family=13998	0.0106216687173233	0.936153300486199	0.996022715787731	1
chr17:1705283;C|T;Family=14119	-0.188463207417174	0.0788421595479629	0.858243244198766	1
chr17:17186364;G|A;Family=11345	0.0438169629201278	0.639654825180911	0.996022715787731	1
chr17:17202707;G|A;Family=11013	-0.0728010589907253	0.627206762841241	0.996022715787731	1
chr17:17213402;T|C;Family=12923	-0.0473340084484947	0.559003439888071	0.996022715787731	1
chr17:17246958;A|G;Family=13578	0.188532720209648	0.372325123786385	0.996022715787731	1
chr17:17347119;G|C;Family=13991	0.0487384787634944	0.76598651444913	0.996022715787731	1
chr17:17347268;C|T;Family=13147	0.0170530008766857	0.827312019946073	0.996022715787731	1
chr17:17810691;C|T;Family=14023	-0.0127440659965182	0.941010047652797	0.996022715787731	1
chr17:17844299;C|T;Family=12787	-0.0769625665769105	0.706867159793051	0.996022715787731	1
chr17:18209382;C|T;Family=11277	-0.0140823446148403	0.898777007315233	0.996022715787731	1
chr17:19336685;G|A;Family=12368	0.0703167602437538	0.845991289428795	0.996022715787731	1
chr17:19675582;C|G;Family=12796	0.0569297262503767	0.736483449219073	0.996022715787731	1
chr17:19675745;C|T;Family=11167	0.280815353111436	0.154293455240141	0.982623796799126	1
chr17:19774141;T|C;Family=11412	0.563638675869714	0.0417892739567992	0.719313393800944	1
chr17:19904509;T|C;Family=13239	0.00328632889502363	0.991302093879113	0.997729814887619	1
chr17:2060730;G|A;Family=14418	0.00691932494344301	0.917744473783663	0.996022715787731	1
chr17:21314581;G|A;Family=14524	-0.0780177549467906	0.388907090829552	0.996022715787731	1
chr17:21418873;T|G;Family=14414	0.022724717292933	0.820839648357137	0.996022715787731	1
chr17:21528779;A|G;Family=11963	0.317257640490731	0.325993642541878	0.996022715787731	1
chr17:2384552;A|T;Family=11266	-0.00546415056287123	0.982225796718503	0.997664923556926	1
chr17:2385999;G|A;Family=12647	0.156871284294369	0.162835864082136	0.990093369460061	1
chr17:2685270;C|T;Family=11872	0.291498946428329	0.032420935083779	0.710285751252033	1
chr17:2689537;C|A;Family=11396	0.0588105978968811	0.681236321119982	0.996022715787731	1
chr17:27307982;C|T;Family=14662	-0.449434498013739	0.163164653638371	0.990093369460061	1
chr17:28328570;G|A;Family=11203	-0.0125703004859718	0.921511626840446	0.996022715787731	1
chr17:28396592;G|T;Family=22196	0.187829280403484	0.257994402034563	0.996022715787731	1
chr17:28493652;G|T;Family=14242	-0.0104612215898853	0.942229716936346	0.996022715787731	1
chr17:28592000;G|T;Family=12662	0.104691138810661	0.53595766571323	0.996022715787731	1
chr17:28907331;C|T;Family=13289	-0.0171977432712494	0.906934133390063	0.996022715787731	1
chr17:28912324;T|A;Family=14692	-0.0943979775330484	0.622600147238845	0.996022715787731	1
chr17:29561734;C|G;Family=14668	0.0913551484258155	0.459670528130275	0.996022715787731	1
chr17:29613847;T|TC;Family=11458	0.0033639692152413	0.975535846536907	0.996335242230383	1
chr17:30469229;G|A;Family=13875	-0.169594828592217	0.55061613112732	0.996022715787731	1
chr17:30469801;G|C;Family=13211	0.0657390884693047	0.898362151505872	0.996022715787731	1
chr17:30522508;T|G;Family=12784	-0.178790253513057	0.153733907189163	0.982623796799126	1
chr17:30522509;G|A;Family=12784	-0.0173065825160801	0.880286720585661	0.996022715787731	1
chr17:30784103;C|CT;Family=14319	-0.137225552243287	0.457559844363809	0.996022715787731	1
chr17:31357330;C|T;Family=12061	0.0194673660579858	0.920959859105759	0.996022715787731	1
chr17:31861451;C|CA;Family=13507	-0.122193067265464	0.338567137077381	0.996022715787731	1
chr17:31862034;G|A;Family=13001	0.141540737724656	0.461676017177364	0.996022715787731	1
chr17:32324631;T|C;Family=12331	0.185186293310623	0.606964139408726	0.996022715787731	1
chr17:32942652;G|C;Family=13706	-0.0906491698231136	0.240902232491364	0.996022715787731	1
chr17:32944107;A|G;Family=11678	-0.120899409638606	0.340923342233689	0.996022715787731	1
chr17:33013379;T|TG;Family=11156	-0.0232501411020253	0.908964178504442	0.996022715787731	1
chr17:34272198;T|A;Family=13981	-0.152896398476142	0.671758454984124	0.996022715787731	1
chr17:35188649;T|A;Family=22004	-0.163452391956638	0.571988498168499	0.996022715787731	1
chr17:3610294;C|T;Family=11346	0.0999584076212966	0.271811866160091	0.996022715787731	1
chr17:36504501;C|G;Family=12368	-0.0168181648297813	0.859725844181679	0.996022715787731	1
chr17:36510788;C|T;Family=11714	0.0275345798750058	0.859786216279211	0.996022715787731	1
chr17:36943831;A|T;Family=13894	0.012568317280133	0.936908553361336	0.996022715787731	1
chr17:37087183;C|T;Family=12512	0.0737858885360115	0.627456850561607	0.996022715787731	1
chr17:37516990;C|T;Family=13881	0.0446179766273524	0.557475392745032	0.996022715787731	1
chr17:37610970;G|A;Family=14691	0.153397838614201	0.362641728435808	0.996022715787731	1
chr17:37687135;C|G;Family=12189	0.0378654916666135	0.787232219034111	0.996022715787731	1
chr17:3812829;G|A;Family=13593	0.0675288749334332	0.641909856996369	0.996022715787731	1
chr17:38403853;C|T;Family=14017	-0.00493820379075887	0.97824760829619	0.996335242230383	1
chr17:38920410;G|C;Family=11115	-0.310776768393788	0.11290670484794	0.905173479085028	1
chr17:3897556;C|T;Family=12029	0.136612909471964	0.308166540260328	0.996022715787731	1
chr17:39065232;G|A;Family=13802	0.541259722773448	0.035020521606729	0.710285751252033	1
chr17:39532426;C|CA;Family=14127	-0.28175735531642	0.312577122691238	0.996022715787731	1
chr17:39533534;C|A;Family=13296	-0.356616594448644	0.340151484756327	0.996022715787731	1
chr17:40457313;C|T;Family=11456	0.139663235675129	0.289458801430009	0.996022715787731	1
chr17:40629233;C|T;Family=12378	-0.429556751131769	0.249240701793706	0.996022715787731	1
chr17:40641579;T|TTG;Family=14632	-0.556661357212999	0.173333216832105	0.996022715787731	1
chr17:40643454;T|C;Family=11714	-0.609669826366579	0.00201326865052024	0.304353699906908	1
chr17:41117259;GC|G;Family=13893	-0.160324805056339	0.573355115496324	0.996022715787731	1
chr17:41723692;T|C;Family=14360	0.122357803898776	0.363263029476689	0.996022715787731	1
chr17:4174000;A|G;Family=14350	-0.13235771101221	0.327366945642396	0.996022715787731	1
chr17:42125692;G|A;Family=13681	0.206497034589729	0.40646695679344	0.996022715787731	1
chr17:42544022;C|T;Family=12070	0.183398106442191	0.175575770016448	0.996022715787731	1
chr17:42582715;T|C;Family=11118	-0.0501525082582366	0.722466176870509	0.996022715787731	1
chr17:42613932;G|A;Family=13992	0.295190745976815	0.204501199886091	0.996022715787731	1
chr17:43049164;C|G;Family=22105	-0.199496478865309	0.399234986053983	0.996022715787731	1
chr17:43049165;C|A;Family=22105	0.233523751142411	0.356655465056349	0.996022715787731	1
chr17:43076586;T|C;Family=13973	0.521399024026746	0.0681125119152919	0.835468809860207	1
chr17:44192213;ACT|A;Family=12796	0.0035643073005525	0.978352499008821	0.996335242230383	1
chr17:442839;C|A;Family=13251	0.0877552474596729	0.428293090749132	0.996022715787731	1
chr17:44399519;C|T;Family=12250	0.0669353052901096	0.549815838377663	0.996022715787731	1
chr17:44775654;G|A;Family=13956	0.143080442763635	0.597484902886919	0.996022715787731	1
chr17:44781583;G|A;Family=14185	0.0941499176404384	0.571636272163291	0.996022715787731	1
chr17:44903598;T|C;Family=12223	0.0153581054629061	0.924979792785312	0.996022715787731	1
chr17:45098660;C|T;Family=11349	0.0372654947927585	0.801973447563814	0.996022715787731	1
chr17:45150929;TAAAC|T;Family=14028	0.320976817870752	0.334412891273301	0.996022715787731	1
chr17:46764427;G|C;Family=14351	0.0518472808001357	0.774804455644527	0.996022715787731	1
chr17:47120685;AG|A;Family=12786	0.109695892608207	0.70425760620589	0.996022715787731	1
chr17:47311174;C|T;Family=11106	0.0175598510490821	0.906213325951701	0.996022715787731	1
chr17:47441140;T|C;Family=13287	0.0313202337734931	0.804886737293161	0.996022715787731	1
chr17:47828659;T|C;Family=14065	0.0908750486107341	0.631345873803124	0.996022715787731	1
chr17:47948532;C|A;Family=13872	0.0157257939107206	0.931097976203628	0.996022715787731	1
chr17:48726725;G|A;Family=12184	-0.186787770973714	0.147079820652354	0.977813645140029	1
chr17:4886482;T|C;Family=14522	0.0673342509670355	0.629375082774749	0.996022715787731	1
chr17:48933294;C|T;Family=13852	-0.270510628937809	0.127914165801225	0.92671157763597	1
chr17:49173339;A|G;Family=11843	0.013844519526986	0.912702564318448	0.996022715787731	1
chr17:49711223;C|T;Family=11654	0.0558324235968673	0.586931131846101	0.996022715787731	1
chr17:49718010;C|G;Family=11359	-0.283039673440052	0.221982659703083	0.996022715787731	1
chr17:49830597;C|G;Family=14058	0.0187817348150991	0.880709110919631	0.996022715787731	1
chr17:50184292;C|T;Family=13195	0.0927913524832235	0.263614435124254	0.996022715787731	1
chr17:50550045;G|A;Family=13842	0.100482519052882	0.534643601589572	0.996022715787731	1
chr17:5444498;C|A;Family=11414	0.178449350238341	0.193933686234638	0.996022715787731	1
chr17:55162413;G|A;Family=14405	0.0929132529990257	0.49331579142786	0.996022715787731	1
chr17:55163759;C|T;Family=13111	0.0731410944639866	0.837147706384071	0.996022715787731	1
chr17:55323951;CATT|C;Family=12605	-0.236348904800696	0.279922442274909	0.996022715787731	1
chr17:56595478;T|C;Family=11924	-0.274637841385486	0.498902155215767	0.996022715787731	1
chr17:57862980;G|T;Family=13748	-0.0610023722134693	0.838225405610806	0.996022715787731	1
chr17:58599593;T|C;Family=11107	-0.167058473965329	0.215838359183585	0.996022715787731	1
chr17:59015731;C|T;Family=13784	-0.241658844267127	0.258476481913721	0.996022715787731	1
chr17:59119468;AT|A;Family=14247	-0.524207439811504	0.113671263028872	0.905173479085028	1
chr17:59399446;A|G;Family=13398	-0.0944783839380115	0.567570428268338	0.996022715787731	1
chr17:59400046;T|C;Family=11986	0.11294303277256	0.285095649590495	0.996022715787731	1
chr17:6121900;C|T;Family=14502	-0.235994552813599	0.111241702457283	0.905173479085028	1
chr17:61484112;C|T;Family=14216	0.102666771630076	0.664692514795518	0.996022715787731	1
chr17:61944501;A|T;Family=11414	0.0359881899298517	0.897604289087922	0.996022715787731	1
chr17:61945223;G|A;Family=14229	0.133179469247313	0.694830930572568	0.996022715787731	1
chr17:62692794;G|A;Family=13985	-0.251707015489035	0.0357214646789275	0.710285751252033	1
chr17:63697720;G|A;Family=12794	0.0529076110993209	0.765124285205744	0.996022715787731	1
chr17:63831128;C|T;Family=11768	0.0168928455960596	0.915698519613457	0.996022715787731	1
chr17:63833991;G|A;Family=11678	-0.0499872457505861	0.691121820835957	0.996022715787731	1
chr17:63928961;C|T;Family=12902	0.0106919347151208	0.915692190864022	0.996022715787731	1
chr17:6454236;C|T;Family=13154	-0.126264696955612	0.381422598131275	0.996022715787731	1
chr17:64594082;T|C;Family=13139	-0.242282324815948	0.154543856185781	0.982623796799126	1
chr17:6685348;G|A;Family=12891	0.35140445945122	0.0129290758490497	0.548509048557456	1
chr17:6685661;C|T;Family=14472	0.1122564678787	0.405957634250493	0.996022715787731	1
chr17:67032752;G|A;Family=12430	-0.0605044335543085	0.745505646388096	0.996022715787731	1
chr17:67338372;T|A;Family=12766	-0.532728197001768	0.254536666184787	0.996022715787731	1
chr17:67347395;G|A;Family=11365	0.166025544078829	0.59896064410178	0.996022715787731	1
chr17:6773804;G|T;Family=13951	-0.115275710746227	0.538576922609968	0.996022715787731	1
chr17:6774202;G|T;Family=11359	0.156581705882917	0.450990133532191	0.996022715787731	1
chr17:6787629;C|T;Family=11216	-0.0756831005310347	0.455751162994387	0.996022715787731	1
chr17:6798690;A|C;Family=12623	-0.0390857825703466	0.709034961126123	0.996022715787731	1
chr17:6812943;G|T;Family=12588	0.185975783248553	0.0701228427090588	0.843657868856047	1
chr17:68267884;T|C;Family=13628	0.222013063579575	0.640447252161923	0.996022715787731	1
chr17:68531332;ATGTCC|A;Family=12798	0.152526179358005	0.639890394749518	0.996022715787731	1
chr17:68531339;T|A;Family=12798	-0.0660826597206438	0.755299720478684	0.996022715787731	1
chr17:68906046;G|A;Family=13882	0.511329724377203	0.022385233440131	0.670299962064901	1
chr17:70178963;C|T;Family=13584	0.0318365945214847	0.769380941762091	0.996022715787731	1
chr17:72124442;G|A;Family=11954	-0.078327333488011	0.755458717188256	0.996022715787731	1
chr17:7221992;C|T;Family=14452	-0.00121292339293473	0.990758925589203	0.997729814887619	1
chr17:73283762;C|A;Family=13383	-0.146447678342114	0.261279532926054	0.996022715787731	1
chr17:73334918;GC|G;Family=13531	-0.0656709259625124	0.735971197415312	0.996022715787731	1
chr17:73337763;C|T;Family=14609	-0.0694237365689964	0.696925813230665	0.996022715787731	1
chr17:7357133;C|A;Family=14236	-0.223492108204071	0.00869745180952858	0.526167634131992	1
chr17:742897;C|CT;Family=11258	-0.226966801315908	0.644471451470332	0.996022715787731	1
chr17:7444181;A|T;Family=14658	0.335642199412258	0.226337687982429	0.996022715787731	1
chr17:75165697;C|T;Family=11474	-0.0398305621026727	0.641148755334687	0.996022715787731	1
chr17:7577693;C|T;Family=12655	-0.109099414047506	0.568400881379457	0.996022715787731	1
chr17:7577700;C|T;Family=12655	-0.0743481324981543	0.665558633784873	0.996022715787731	1
chr17:75777838;A|ATAAAT;Family=12932	0.0601723144997858	0.734132440552683	0.996022715787731	1
chr17:76543242;C|T;Family=14432	-0.0512825730267554	0.789435959879208	0.996022715787731	1
chr17:76714842;T|G;Family=11350	0.0559115767139751	0.830557222131706	0.996022715787731	1
chr17:76947974;C|T;Family=14048	0.182258445477133	0.170587482231331	0.996022715787731	1
chr17:77483029;G|A;Family=14215	0.0156006967242368	0.93781177319193	0.996022715787731	1
chr17:78111987;G|A;Family=11918	-0.0797200402218229	0.603847236177701	0.996022715787731	1
chr17:78424093;G|A;Family=11587	-0.0373817076883999	0.682887700454836	0.996022715787731	1
chr17:7908710;C|T;Family=12630	-0.288342369995656	0.164027260069053	0.993593699059402	1
chr17:79835251;G|A;Family=13234	-0.387059280093067	0.152099343734479	0.982623796799126	1
chr17:79933683;G|A;Family=11220	0.0673850093870944	0.536258208607128	0.996022715787731	1
chr17:800033;T|C;Family=11348	-0.0137059133312462	0.942631740180678	0.996022715787731	1
chr17:80210139;T|C;Family=14224	-0.243212503518777	0.0951995976995346	0.903490146750468	1
chr17:80212028;T|C;Family=14157	-0.238533385812197	0.172985235251754	0.996022715787731	1
chr17:80394450;G|A;Family=14658	0.234014144837495	0.102399766963533	0.905173479085028	1
chr17:80398303;G|T;Family=11045	-0.0914840742283062	0.762386950676461	0.996022715787731	1
chr17:80730645;A|G;Family=14484	0.256247849651879	0.0462871073089432	0.729055155347708	1
chr17:81106117;C|T;Family=11599	0.0174227007593388	0.907165228764254	0.996022715787731	1
chr17:81312831;C|T;Family=13709	-0.146114731974205	0.397892488652102	0.996022715787731	1
chr17:81511373;C|T;Family=11510	0.053146446607331	0.804614233725178	0.996022715787731	1
chr17:81540218;G|A;Family=12997	0.213372455070752	0.14974715611557	0.980767137312107	1
chr17:81558391;C|T;Family=22196	-0.254858641357049	0.0843578833713311	0.865796441028131	1
chr17:81562756;T|C;Family=11382	-0.0837343655387283	0.4627248286699	0.996022715787731	1
chr17:81843605;C|T;Family=14687	0.211341146456496	0.301588136032314	0.996022715787731	1
chr17:81843632;G|A;Family=14569	-0.0520690121461934	0.812460282147715	0.996022715787731	1
chr17:8204924;G|A;Family=11499	0.103342930163165	0.589462862874831	0.996022715787731	1
chr17:82058007;G|T;Family=11345	-0.369060795844774	0.0528684112415743	0.759904803842306	1
chr17:82314871;A|G;Family=14364	-0.225226413034292	0.173820566224079	0.996022715787731	1
chr17:82324717;C|T;Family=12675	0.0318716272246611	0.781280180072289	0.996022715787731	1
chr17:82945181;C|G;Family=11258	0.0468514126366657	0.800812307577396	0.996022715787731	1
chr17:8369111;C|T;Family=11201	0.201037394318652	0.122136865827192	0.913268564475583	1
chr17:8468015;T|C;Family=11572	-0.0812537546714133	0.764559435499066	0.996022715787731	1
chr17:9240239;C|T;Family=14544	0.0707940034428898	0.686931941969023	0.996022715787731	1
chr17:9241327;C|T;Family=13034	-0.0622389352313811	0.652540301549789	0.996022715787731	1
chr17:9241513;C|T;Family=12053	-0.110926906277713	0.444845731738424	0.996022715787731	1
chr17:9612389;C|T;Family=14160	-0.269387309908278	0.0505534658992182	0.753307298185218	1
chr18:10485563;C|T;Family=13748	0.123151599244853	0.597657800683713	0.996022715787731	1
chr18:10714782;G|T;Family=13373	0.121056605385175	0.450653934849444	0.996022715787731	1
chr18:21529536;G|A;Family=11225	-0.00875752024436175	0.97014606973713	0.996022715787731	1
chr18:24020189;A|G;Family=14315	-0.0420514475515434	0.805397580432367	0.996022715787731	1
chr18:24132833;C|T;Family=12792	-0.81235010551875	0.0665050206213337	0.822910877937285	1
chr18:26914607;A|G;Family=11924	-0.253477988392154	0.347720356376045	0.996022715787731	1
chr18:2915670;A|G;Family=14524	-0.311277778780072	0.0981036765913451	0.905173479085028	1
chr18:3066874;G|A;Family=11563	0.0579959524383479	0.631574388053714	0.996022715787731	1
chr18:31414171;T|TA;Family=12694	-0.286253456264366	0.546017442561955	0.996022715787731	1
chr18:31624157;A|G;Family=14189	0.170667400343785	0.599068749052591	0.996022715787731	1
chr18:3498616;C|G;Family=11524	0.0851795380097703	0.547869108057353	0.996022715787731	1
chr18:35140698;C|T;Family=11834	0.23001159399672	0.589581929921287	0.996022715787731	1
chr18:35334598;A|G;Family=14157	0.125635512134013	0.271949882368157	0.996022715787731	1
chr18:36796092;T|C;Family=13567	0.0540096123239807	0.803409345769645	0.996022715787731	1
chr18:36796660;C|T;Family=13083	-0.0767088842752377	0.565977829047068	0.996022715787731	1
chr18:45848704;C|T;Family=12923	-0.10802276900908	0.316241646332307	0.996022715787731	1
chr18:46668357;C|G;Family=12115	-0.0508351499516587	0.507932543410305	0.996022715787731	1
chr18:47115270;C|T;Family=11521	-0.0370526133040566	0.698793947094891	0.996022715787731	1
chr18:47816184;C|G;Family=14200	0.101543329126537	0.701309562075251	0.996022715787731	1
chr18:47816216;T|C;Family=13865	0.119061164893536	0.685893942093509	0.996022715787731	1
chr18:49591399;A|G;Family=11310	0.968257621427853	0.233187361654884	0.996022715787731	1
chr18:50282491;C|A;Family=13300	-0.08803034614263	0.638112738053106	0.996022715787731	1
chr18:50949666;T|C;Family=11201	-0.44538127855477	0.12193438973854	0.913268564475583	1
chr18:50952338;T|C;Family=12341	-0.0489337143488559	0.835352160838779	0.996022715787731	1
chr18:51078306;A|G;Family=11277	0.0625608038864417	0.710309712067488	0.996022715787731	1
chr18:5398077;G|A;Family=12462	0.113740040462276	0.517395204011171	0.996022715787731	1
chr18:5398115;A|G;Family=13884	-0.162894951239752	0.249584830916885	0.996022715787731	1
chr18:54154498;C|A;Family=12210	0.222065539439989	0.549968476149664	0.996022715787731	1
chr18:54296322;C|T;Family=12210	-0.0278626008805386	0.88697927414534	0.996022715787731	1
chr18:54297523;G|T;Family=14202	0.132803380352046	0.655367828004222	0.996022715787731	1
chr18:55261466;C|T;Family=12358	-0.152254648155043	0.372624983043608	0.996022715787731	1
chr18:56614458;C|T;Family=11014	-0.0689591360107072	0.724122056321095	0.996022715787731	1
chr18:57028033;C|T;Family=14007	-0.265822077049615	0.10546789857196	0.905173479085028	1
chr18:57028951;G|A;Family=14484	-0.158149593053655	0.375544597087438	0.996022715787731	1
chr18:57033380;A|G;Family=13207	-0.0241008396733103	0.935149661715612	0.996022715787731	1
chr18:57034521;T|C;Family=11156	0.228282743293775	0.0916513900578528	0.894474932349443	1
chr18:57035806;A|T;Family=11715	-0.0355876251833477	0.786539148410964	0.996022715787731	1
chr18:57149865;C|T;Family=11590	-0.0258880671224861	0.923964750487256	0.996022715787731	1
chr18:57487405;G|A;Family=14044	0.200422057482853	0.548076975956713	0.996022715787731	1
chr18:57487406;G|A;Family=14044	-0.0848985434336539	0.780974758131261	0.996022715787731	1
chr18:57606629;T|C;Family=11064	-0.129056236650626	0.623710682956529	0.996022715787731	1
chr18:58748284;C|T;Family=13484	-0.159455349489994	0.284058916578723	0.996022715787731	1
chr18:58751043;T|A;Family=11488	0.103431038946501	0.591242194895546	0.996022715787731	1
chr18:5884848;GT|G;Family=14568	-0.174949033981496	0.629742347610777	0.996022715787731	1
chr18:5889282;A|G;Family=14526	-0.139189111695666	0.389953206139013	0.996022715787731	1
chr18:61813756;G|A;Family=13973	0.121516240407852	0.416242797806819	0.996022715787731	1
chr18:62088565;A|T;Family=13776	-0.275880845870461	0.656957234200133	0.996022715787731	1
chr18:62385817;C|T;Family=13602	-0.130440555702826	0.461410056051728	0.996022715787731	1
chr18:63124075;C|T;Family=12449	0.291470561313936	0.0130600826809953	0.548509048557456	1
chr18:63328839;A|G;Family=13891	-0.759200271798185	0.0308705725991449	0.709043771016594	1
chr18:63805290;G|T;Family=14641	0.125261885238475	0.794606311281917	0.996022715787731	1
chr18:66501913;C|T;Family=13881	0.0183456191906534	0.936508992497357	0.996022715787731	1
chr18:68675115;T|C;Family=13776	-0.0753361672571216	0.57851635340675	0.996022715787731	1
chr18:69862004;G|A;Family=12938	0.463766978145328	0.315844678931897	0.996022715787731	1
chr18:74506010;C|T;Family=11353	-0.137119022954077	0.530736186680072	0.996022715787731	1
chr18:74521168;T|G;Family=13944	-0.149040676183542	0.326933511539713	0.996022715787731	1
chr18:74522851;G|A;Family=14231	-0.101294489968573	0.674673966220401	0.996022715787731	1
chr18:74920754;T|A;Family=14474	-0.079070816598496	0.72143646805736	0.996022715787731	1
chr18:75417385;C|T;Family=11711	0.259742128271504	0.153400016255201	0.982623796799126	1
chr18:77013595;G|A;Family=14128	0.0127688980527154	0.914164221950699	0.996022715787731	1
chr18:79756556;G|C;Family=14041	-0.289056124883534	0.162123287323601	0.990048796069546	1
chr18:80158760;G|T;Family=12858	0.539331715528437	1.95917162772138e-05	0.0218873408154951	0.0681203974958723
chr18:8809860;A|G;Family=12643	0.170049743991751	0.0816123094920926	0.862510638614	1
chr19:10114668;A|G;Family=14455	-0.123453792522681	0.460785195377967	0.996022715787731	1
chr19:10118718;TG|T;Family=12803	0.10362356009719	0.480386198223053	0.996022715787731	1
chr19:10143955;C|T;Family=13576	0.0579974776076932	0.545655664472186	0.996022715787731	1
chr19:10154316;G|A;Family=14481	-0.103061256361722	0.542329719526489	0.996022715787731	1
chr19:10285641;C|T;Family=13913	0.0463488362339287	0.794694242314383	0.996022715787731	1
chr19:10350591;C|G;Family=13355	0.0817246945646172	0.419883812924324	0.996022715787731	1
chr19:10690815;G|A;Family=14299	-0.00942524106419689	0.923584535979234	0.996022715787731	1
chr19:10713003;C|T;Family=14008	0.0779456539931101	0.709725560672553	0.996022715787731	1
chr19:11059881;C|T;Family=13551	-0.0512657355301356	0.641579124487526	0.996022715787731	1
chr19:11377614;A|T;Family=12210	0.262278827420534	0.334410885633221	0.996022715787731	1
chr19:11378471;G|A;Family=14264	-0.136826744493094	0.410366573213842	0.996022715787731	1
chr19:11466260;T|A;Family=11544	0.105080298087162	0.650221252664834	0.996022715787731	1
chr19:11553400;G|C;Family=11883	0.00669716647905119	0.9489404328242	0.996022715787731	1
chr19:11869154;T|C;Family=11453	0.316281305348576	0.10533244913788	0.905173479085028	1
chr19:12078532;C|T;Family=13517	-0.0829502630186375	0.666381041972081	0.996022715787731	1
chr19:12080709;CTG|C;Family=14468	-0.13925883781752	0.679101175664807	0.996022715787731	1
chr19:1230053;G|A;Family=11296	0.0586656576147361	0.734760718821578	0.996022715787731	1
chr19:12348291;C|T;Family=22161	-0.0342800104160357	0.799275993242593	0.996022715787731	1
chr19:1258219;G|A;Family=13333	-0.0850077973329616	0.526715484851654	0.996022715787731	1
chr19:12679459;T|C;Family=14028	0.0190760333454733	0.898898816646257	0.996022715787731	1
chr19:12700352;G|A;Family=12803	-0.0925197898148884	0.571420602784396	0.996022715787731	1
chr19:12924715;G|T;Family=14149	0.0529608415377915	0.757921397222402	0.996022715787731	1
chr19:12948759;C|T;Family=14264	-0.110592148024169	0.35513456542776	0.996022715787731	1
chr19:13884982;G|A;Family=12916	0.0559566915075065	0.611975356059687	0.996022715787731	1
chr19:1388885;C|T;Family=11444	0.678518481192612	0.0401848222447526	0.71240606807306	1
chr19:1394448;T|TCCTC;Family=13298	0.0983448865185014	0.501553381915239	0.996022715787731	1
chr19:1472499;C|T;Family=12154	-0.117811037222448	0.465249650591442	0.996022715787731	1
chr19:14793055;G|A;Family=12529	0.00324636953983508	0.991726212942438	0.997729814887619	1
chr19:1535410;T|C;Family=11993	-0.133065544010434	0.574141004651716	0.996022715787731	1
chr19:1574146;G|A;Family=13573	0.0889156067143738	0.576668484247373	0.996022715787731	1
chr19:16242202;C|T;Family=14107	-0.150267125116298	0.282022061247903	0.996022715787731	1
chr19:16550303;G|A;Family=13963	0.0788668399647188	0.637403299253543	0.996022715787731	1
chr19:16744472;G|A;Family=11494	-0.0963147225922954	0.483726114705698	0.996022715787731	1
chr19:16890067;C|A;Family=11047	0.0562215767273494	0.74238739887355	0.996022715787731	1
chr19:16891891;C|T;Family=12833	0.0288202119088026	0.816964891422455	0.996022715787731	1
chr19:17213067;G|A;Family=14261	-0.134538352968045	0.430507968624795	0.996022715787731	1
chr19:17219683;C|T;Family=11092	0.00609514940962473	0.969940449225987	0.996022715787731	1
chr19:17323501;G|A;Family=14150	0.322616525083658	0.000501675391735362	0.159159761109745	1
chr19:17604526;G|T;Family=11062	-0.134086122401794	0.661699605206779	0.996022715787731	1
chr19:17721451;C|T;Family=11622	0.1489789293582	0.253611241839892	0.996022715787731	1
chr19:17829854;G|A;Family=14116	-0.357090862472743	0.228359513159994	0.996022715787731	1
chr19:17998453;C|T;Family=13042	-0.0172842991181281	0.865455638781053	0.996022715787731	1
chr19:18150377;G|A;Family=14100	0.00740515769171199	0.94355269401565	0.996022715787731	1
chr19:18208337;G|A;Family=11883	0.296727905726684	0.0451031230542579	0.729055155347708	1
chr19:18367064;G|A;Family=13681	0.0417122651439513	0.71525174260093	0.996022715787731	1
chr19:1853494;G|A;Family=12011	0.0184542421886092	0.937435504923028	0.996022715787731	1
chr19:18777792;CTGTT|C;Family=12360	0.377727985151496	0.0138871047455654	0.556543270891191	1
chr19:18779780;C|T;Family=14080	-0.222899990960122	0.0346123834076322	0.710285751252033	1
chr19:1918203;C|T;Family=13076	-0.021423841561734	0.882084915921848	0.996022715787731	1
chr19:19279297;C|T;Family=13913	-0.0185022495547022	0.907831247474936	0.996022715787731	1
chr19:2038196;C|T;Family=14458	0.157470785723061	0.434978305383489	0.996022715787731	1
chr19:20621313;G|C;Family=12804	-0.0723235478781921	0.155149131796827	0.982623796799126	1
chr19:2099397;A|T;Family=13808	0.198199339466633	0.123140907258072	0.918800288704542	1
chr19:21122952;C|T;Family=13618	0.788934315042575	2.51795695317747e-05	0.0218873408154951	0.0875493632619805
chr19:21291272;ATAT|A;Family=12299	0.178519933427844	0.699879683603188	0.996022715787731	1
chr19:21397466;GTC|G;Family=11201	0.117860646745616	0.100366492230764	0.905173479085028	1
chr19:21407616;A|G;Family=13409	-0.118573370576025	0.771348456282417	0.996022715787731	1
chr19:2231507;CCT|C;Family=13277	0.520992573917984	0.340237542098476	0.996022715787731	1
chr19:22391242;ACT|A;Family=11453	0.187669351597244	0.586169126101074	0.996022715787731	1
chr19:23359291;C|T;Family=11399	0.0570147466348307	0.515888960193066	0.996022715787731	1
chr19:2734559;G|T;Family=14511	-0.0155343165118122	0.757723721399502	0.996022715787731	1
chr19:2755615;T|A;Family=13001	-0.120995013370526	0.101834063847889	0.905173479085028	1
chr19:2834546;A|G;Family=14147	-0.23425943644367	0.0450225406717387	0.729055155347708	1
chr19:2881957;T|A;Family=12375	-0.173186366705449	0.278611629072848	0.996022715787731	1
chr19:3123668;A|G;Family=11031	0.00365762805881843	0.985445791230241	0.997729814887619	1
chr19:31275868;C|T;Family=11472	0.241491364258886	0.406198249965242	0.996022715787731	1
chr19:3146448;C|G;Family=12206	0.132980047175148	0.306014170967835	0.996022715787731	1
chr19:3207844;C|T;Family=13654	0.48661023907314	0.00181780579506753	0.300976702354752	1
chr19:32412068;G|T;Family=14303	-0.0871571062500696	0.55018560858644	0.996022715787731	1
chr19:32597322;TGTTAA|T;Family=14561	0.139007780782459	0.671945750386123	0.996022715787731	1
chr19:32597979;T|G;Family=13466	-0.18918711478601	0.300476167764779	0.996022715787731	1
chr19:3295674;TC|T;Family=14532	-0.159509906019604	0.387848777105065	0.996022715787731	1
chr19:32976941;C|T;Family=11452	-0.15452585733018	0.157903794124096	0.985693881812353	1
chr19:33382215;T|G;Family=12189	-0.0535008377015284	0.634911723792693	0.996022715787731	1
chr19:33387249;G|A;Family=14058	0.179144955031888	0.139898924327705	0.957095059150192	1
chr19:34353858;A|G;Family=22019	-0.24170758042653	0.395647389430652	0.996022715787731	1
chr19:34505830;G|T;Family=12976	-0.343580115781381	0.0305554130354753	0.709043771016594	1
chr19:3466720;C|T;Family=12184	-0.225211538165972	0.423908505169046	0.996022715787731	1
chr19:3468506;G|A;Family=12163	0.0466002372526316	0.738048793529545	0.996022715787731	1
chr19:34685912;T|C;Family=14545	0.0608603262977529	0.737469483055866	0.996022715787731	1
chr19:34743021;A|G;Family=11346	0.0463812867533411	0.844499964285488	0.996022715787731	1
chr19:35066529;CT|C;Family=13381	0.0573121699808722	0.80057690999326	0.996022715787731	1
chr19:35121615;C|T;Family=11888	0.0448010991270807	0.591131746909223	0.996022715787731	1
chr19:3579044;C|T;Family=12522	-0.474888567358771	0.0782343884491022	0.858243244198766	1
chr19:36103510;A|ATATC;Family=12552	-0.00779014476541156	0.965213269618311	0.996022715787731	1
chr19:36511520;G|A;Family=13265	0.0669920386959469	0.605707668788106	0.996022715787731	1
chr19:36632666;C|T;Family=14469	0.0851258269345115	0.680704601023352	0.996022715787731	1
chr19:36979879;G|A;Family=13805	0.317623836492406	0.491317446299161	0.996022715787731	1
chr19:37244076;T|TTTA;Family=13531	0.18987989038377	0.78544662357126	0.996022715787731	1
chr19:37470333;G|A;Family=11193	-0.177097067147999	0.387696339640823	0.996022715787731	1
chr19:37668818;A|G;Family=14058	0.025997852393074	0.893633132135442	0.996022715787731	1
chr19:38211798;C|T;Family=13159	-0.163968423513726	0.313596318264005	0.996022715787731	1
chr19:38330214;C|A;Family=12111	0.0735768409805484	0.723963100672889	0.996022715787731	1
chr19:38365061;G|A;Family=13293	-0.0311722807129547	0.746376984629485	0.996022715787731	1
chr19:38396241;C|T;Family=11508	0.00502679191381932	0.973394440754516	0.996335242230383	1
chr19:39178674;C|T;Family=13266	-0.203616303213209	0.323061891464772	0.996022715787731	1
chr19:39179269;A|G;Family=12694	0.0483979941559131	0.811320831542938	0.996022715787731	1
chr19:39201012;G|T;Family=13266	-0.431031496659828	0.00359973348602735	0.430471564434105	1
chr19:39328516;A|G;Family=11895	-0.0184198659750764	0.868166771803868	0.996022715787731	1
chr19:39398321;G|A;Family=22017	-0.0925214672921939	0.407936613594043	0.996022715787731	1
chr19:40030601;C|T;Family=12121	0.210820415042009	0.376413338555256	0.996022715787731	1
chr19:40234708;G|A;Family=12764	-0.0461150216833394	0.777825032949833	0.996022715787731	1
chr19:4038153;C|T;Family=13602	-0.1658013136873	0.0573009142334716	0.772097658423288	1
chr19:40394770;C|T;Family=12853	-0.25593830476768	0.0636314303394539	0.802120393645321	1
chr19:4047049;C|T;Family=11250	-0.180800501384706	0.507447420294009	0.996022715787731	1
chr19:40557132;C|T;Family=11678	0.0132190143409038	0.942524207893865	0.996022715787731	1
chr19:40605167;C|G;Family=13152	0.174204566442811	0.332151114779673	0.996022715787731	1
chr19:40691570;C|A;Family=13346	-0.0375510081033837	0.868672692235182	0.996022715787731	1
chr19:40765253;C|T;Family=11724	0.0771933593568484	0.64354199449867	0.996022715787731	1
chr19:40898180;G|A;Family=14363	-0.00631895167843891	0.933635987039295	0.996022715787731	1
chr19:41294573;C|T;Family=12462	-0.0544205340589989	0.717309426640856	0.996022715787731	1
chr19:41424943;G|A;Family=13040	0.00370109405378461	0.979078908994511	0.996335242230383	1
chr19:42042637;C|T;Family=14452	0.0074103629866331	0.965572360568759	0.996022715787731	1
chr19:42042700;C|T;Family=13628	0.00136473719475135	0.99323035045609	0.997729814887619	1
chr19:42059505;C|A;Family=11301	-0.072947467560137	0.670952254619724	0.996022715787731	1
chr19:43496094;G|A;Family=11154	0.072008330065136	0.557386378007492	0.996022715787731	1
chr19:43496423;G|A;Family=14153	-0.6234600777986	0.0017518791698677	0.300976702354752	1
chr19:4360558;G|A;Family=11935	0.105990964438359	0.462607720555302	0.996022715787731	1
chr19:4361009;C|T;Family=11083	0.0894309916816516	0.731124601430538	0.996022715787731	1
chr19:44158856;C|T;Family=12938	0.0558142674991359	0.631779901307713	0.996022715787731	1
chr19:44428981;G|A;Family=13722	0.0456943552947669	0.743495758640681	0.996022715787731	1
chr19:44662215;A|G;Family=12498	0.200777505285095	0.112590762910828	0.905173479085028	1
chr19:44662421;A|G;Family=13118	0.108371210894277	0.759134647024849	0.996022715787731	1
chr19:44819769;C|T;Family=12390	-0.0388800331009242	0.812500304583701	0.996022715787731	1
chr19:44903002;C|T;Family=11723	-0.0802490705373838	0.655555427740171	0.996022715787731	1
chr19:4502335;G|A;Family=14427	-0.00698555260632152	0.967931651116939	0.996022715787731	1
chr19:45350309;C|T;Family=13572	-0.287085611406277	0.524774504473547	0.996022715787731	1
chr19:45485605;G|A;Family=14221	0.192646215437362	0.375786407143665	0.996022715787731	1
chr19:45526843;G|A;Family=12231	0.0425107171098814	0.870740013603544	0.996022715787731	1
chr19:45553149;A|G;Family=14503	-0.314174073648822	0.00668259965653576	0.437341919844825	1
chr19:45553435;G|A;Family=13466	-0.0548472373192493	0.603628841418051	0.996022715787731	1
chr19:45626789;A|G;Family=14125	0.110962522404286	0.430953733375937	0.996022715787731	1
chr19:45873286;A|T;Family=14453	-0.0923671295438858	0.532835394650318	0.996022715787731	1
chr19:4675897;G|A;Family=11545	-0.143786929416727	0.385363935144184	0.996022715787731	1
chr19:4676194;C|G;Family=11963	-0.0773933782141171	0.737551644023383	0.996022715787731	1
chr19:47065223;A|G;Family=11172	0.0778948304170876	0.416641236224308	0.996022715787731	1
chr19:47065629;T|C;Family=11264	0.0868805698903096	0.508991147367087	0.996022715787731	1
chr19:47342993;T|C;Family=12036	0.0873607517526455	0.613269992381764	0.996022715787731	1
chr19:4797792;T|A;Family=11947	0.0992095395547178	0.788513108611749	0.996022715787731	1
chr19:4798670;G|A;Family=12301	-0.141017167486742	0.764413804303226	0.996022715787731	1
chr19:48382990;A|G;Family=14338	-0.15554349902111	0.583716821008832	0.996022715787731	1
chr19:48481022;C|A;Family=12341	0.144625509224942	0.214666006107049	0.996022715787731	1
chr19:49068615;T|TATC;Family=14095	0.0839714754209493	0.434079781493909	0.996022715787731	1
chr19:49150245;C|T;Family=12415	0.0175213673721216	0.91271540463375	0.996022715787731	1
chr19:49521773;G|A;Family=14470	0.0780484295219712	0.689068877928019	0.996022715787731	1
chr19:49865263;C|G;Family=14103	0.227044516405327	0.281264382361644	0.996022715787731	1
chr19:50048609;C|T;Family=11390	0.242816537133612	0.0245960549498682	0.677104769315577	1
chr19:50292334;G|A;Family=13968	0.123712784661551	0.396863130881069	0.996022715787731	1
chr19:50430640;G|A;Family=11928	0.0209441885023535	0.920597097854379	0.996022715787731	1
chr19:50480191;C|T;Family=11325	-0.0297577142302782	0.832134612590455	0.996022715787731	1
chr19:50624899;C|T;Family=14498	0.0260808921356147	0.894334570344056	0.996022715787731	1
chr19:50820232;C|T;Family=14232	-0.21294366477109	0.18415108101178	0.996022715787731	1
chr19:50977229;G|A;Family=22349	0.403758137306605	0.0173454732784853	0.612013213605795	1
chr19:519440;G|A;Family=13808	-0.280106811129525	0.0445941415532345	0.729055155347708	1
chr19:51993635;C|T;Family=12447	0.0602005502662056	0.573363988334282	0.996022715787731	1
chr19:52291570;A|G;Family=13301	-0.353647117111303	0.0129237269527195	0.548509048557456	1
chr19:52294516;G|A;Family=12707	-0.0714282483113783	0.735166528054328	0.996022715787731	1
chr19:52321837;T|G;Family=14113	-0.244924967001935	0.191155307543126	0.996022715787731	1
chr19:52839554;G|C;Family=12308	-0.120529016613288	0.25120952250143	0.996022715787731	1
chr19:52839774;A|G;Family=12382	0.0941020863348349	0.321441961092855	0.996022715787731	1
chr19:53050896;G|A;Family=12550	-0.0147237139920357	0.910784589816634	0.996022715787731	1
chr19:53875413;T|C;Family=12804	0.310167561752859	0.00447873446068475	0.437341919844825	1
chr19:53987427;G|A;Family=12377	0.176149806721008	0.635796588683814	0.996022715787731	1
chr19:54095620;G|C;Family=13015	0.0998305563311402	0.33997849533334	0.996022715787731	1
chr19:54459074;C|T;Family=11420	0.0973423637917172	0.261854310046569	0.996022715787731	1
chr19:54459097;T|C;Family=14153	0.197633068390992	0.259155588830665	0.996022715787731	1
chr19:54994369;A|G;Family=13738	0.0634515835417692	0.639048655670404	0.996022715787731	1
chr19:5559309;G|A;Family=12864	0.0500391250590377	0.857178048028927	0.996022715787731	1
chr19:55702673;C|T;Family=14188	0.501661679894812	0.166066875452733	0.994944563444845	1
chr19:5587029;G|A;Family=11569	-0.475857099661614	0.11992410634238	0.910428204699682	1
chr19:5612196;G|A;Family=14482	0.212569766863714	0.225441990659839	0.996022715787731	1
chr19:5657345;T|C;Family=11303	-0.593182171872796	0.0168880914752444	0.612013213605795	1
chr19:57218288;C|T;Family=14385	-0.136922553806584	0.663665854583738	0.996022715787731	1
chr19:57219010;A|G;Family=13546	0.327410210545572	0.165184222647611	0.994944563444845	1
chr19:57220445;A|C;Family=13644	0.137487476389034	0.214217544106364	0.996022715787731	1
chr19:57542734;C|T;Family=13996	0.114686035752505	0.428964772990686	0.996022715787731	1
chr19:57862221;T|C;Family=12565	-0.136061893325294	0.362734991417816	0.996022715787731	1
chr19:58340391;G|C;Family=12134	-0.292323197964563	0.170393441712538	0.996022715787731	1
chr19:58342329;C|T;Family=12861	-0.308286861873471	0.319969373379209	0.996022715787731	1
chr19:58498453;C|A;Family=12867	-0.112907343308488	0.50468418056962	0.996022715787731	1
chr19:58555781;G|C;Family=13601	-0.120614949364335	0.436941114650959	0.996022715787731	1
chr19:6212463;T|C;Family=11625	0.223949634665852	0.0643634138127825	0.802120393645321	1
chr19:643682;C|T;Family=12770	0.145317784920425	0.436706678564089	0.996022715787731	1
chr19:7112336;C|CA;Family=13028	-0.28669801143494	0.382330180053144	0.996022715787731	1
chr19:7643024;G|T;Family=14452	0.402662204239936	0.100399443796452	0.905173479085028	1
chr19:831970;C|G;Family=13093	0.407359366152962	0.00533638815020936	0.437341919844825	1
chr19:8374252;C|G;Family=12662	0.0159883731708397	0.900788342153184	0.996022715787731	1
chr19:8580323;G|C;Family=11892	0.239755033477817	0.0397579753325963	0.71240606807306	1
chr19:9412868;C|T;Family=12409	0.473634670829098	0.0317953182697053	0.710285751252033	1
chr19:9647926;A|G;Family=11723	0.283096265770069	0.265674510198875	0.996022715787731	1
chr19:9810940;T|C;Family=14623	0.0618858404319154	0.612589655693611	0.996022715787731	1
chr19:9848601;G|A;Family=11324	0.0388528499171775	0.803267009358109	0.996022715787731	1
chr2:100280585;C|T;Family=11810	-0.154931557580346	0.589195064434757	0.996022715787731	1
chr2:10057444;C|T;Family=13984	0.141508478052858	0.0961257110142509	0.905173479085028	1
chr2:101397685;C|T;Family=12641	-0.248913000689807	0.0758851147041522	0.856664103332264	1
chr2:102344264;C|T;Family=12679	0.325821577066257	0.0115699139003621	0.548509048557456	1
chr2:102533057;A|G;Family=13634	0.0144581230389037	0.930294381181345	0.996022715787731	1
chr2:102717597;C|A;Family=12681	0.161867454899573	0.087554925189461	0.879851083479063	1
chr2:105266592;G|A;Family=22027	0.143559320878875	0.178373126428919	0.996022715787731	1
chr2:106093641;G|A;Family=12289	-0.29542266338903	0.280120809990466	0.996022715787731	1
chr2:106093764;TA|T;Family=14157	0.152415841218411	0.575911010226602	0.996022715787731	1
chr2:108785373;A|G;Family=11077	0.408310021159029	0.102106041257513	0.905173479085028	1
chr2:108894943;A|C;Family=12313	-0.10116891872443	0.259685371337759	0.996022715787731	1
chr2:109502878;TTTC|T;Family=13542	-0.0922086701318066	0.685696173750636	0.996022715787731	1
chr2:111166684;G|A;Family=13621	-0.145503196851439	0.124029722818903	0.921477235558392	1
chr2:112215489;A|AAAAT;Family=13858	0.238884484880753	0.445804301926068	0.996022715787731	1
chr2:112333897;G|A;Family=12597	0.280926130009736	0.42158253726221	0.996022715787731	1
chr2:112533293;G|T;Family=14026	0.211751109150937	0.217024219508749	0.996022715787731	1
chr2:112536119;A|G;Family=13619	0.221900438611735	0.102312140085368	0.905173479085028	1
chr2:112573587;G|A;Family=11276	0.0646463019028944	0.8023523418297	0.996022715787731	1
chr2:112588364;TAC|T;Family=13064	-0.202606424292524	0.211685062649728	0.996022715787731	1
chr2:113027836;C|A;Family=11545	0.42624823482771	0.00644733703418152	0.437341919844825	1
chr2:113206331;G|A;Family=14375	-0.335216670479111	0.129568013218523	0.92671157763597	1
chr2:113216257;C|T;Family=11933	0.0271718010042657	0.846572625094665	0.996022715787731	1
chr2:113742122;T|C;Family=12766	-0.0918226017492008	0.707629025391451	0.996022715787731	1
chr2:120104264;G|A;Family=12637	-0.227401922964384	0.17086112515601	0.996022715787731	1
chr2:120984534;A|T;Family=13071	-0.170704563047611	0.338115817521275	0.996022715787731	1
chr2:120989430;G|A;Family=13097	0.112700072267675	0.470725882206469	0.996022715787731	1
chr2:121221318;C|T;Family=11266	-0.0109292286084852	0.955765300309929	0.996022715787731	1
chr2:127048247;C|T;Family=13988	0.124980005261473	0.42947154942113	0.996022715787731	1
chr2:127701340;G|C;Family=14613	0.0640927469818783	0.627476749702179	0.996022715787731	1
chr2:127941254;C|G;Family=12907	-0.47336270568015	0.0692969619594579	0.839531486874687	1
chr2:128172585;T|C;Family=22026	-0.0946171032286517	0.693756354645721	0.996022715787731	1
chr2:128190451;CTT|C;Family=14623	-0.195796906173999	0.348430855239485	0.996022715787731	1
chr2:128190905;G|A;Family=12722	-0.223328348649104	0.15340142065869	0.982623796799126	1
chr2:128191396;C|A;Family=11800	-0.347572064799599	0.589366276260173	0.996022715787731	1
chr2:130765137;A|T;Family=11810	-0.207744356041705	0.660825755091355	0.996022715787731	1
chr2:131049416;G|A;Family=11883	-0.143166150411946	0.315949911402231	0.996022715787731	1
chr2:131147540;T|C;Family=13916	0.167842492206554	0.422112788451601	0.996022715787731	1
chr2:134449703;C|T;Family=12727	0.237889621757442	0.327529670732151	0.996022715787731	1
chr2:134956020;T|C;Family=12052	-0.269415338343326	0.296001235159205	0.996022715787731	1
chr2:135224442;A|G;Family=14570	0.593968560128551	0.031102914801005	0.709043771016594	1
chr2:135839883;C|T;Family=11031	0.0452341540658098	0.710775783852099	0.996022715787731	1
chr2:143049382;C|T;Family=14411	0.127960969214713	0.268133894043459	0.996022715787731	1
chr2:143050341;C|T;Family=13592	-0.0141669316222754	0.90384493965433	0.996022715787731	1
chr2:143053230;A|G;Family=12989	0.0796390915092289	0.702542769452925	0.996022715787731	1
chr2:143939613;TTTC|T;Family=13881	0.0129081926504641	0.979617175958507	0.996335242230383	1
chr2:144462320;T|C;Family=13211	0.122368598768662	0.427789410603084	0.996022715787731	1
chr2:147928575;A|ATAAC;Family=11307	0.502431754998241	0.0368571609727826	0.71240606807306	1
chr2:151482061;CTT|C;Family=14617	-0.662633772007419	0.0107306445669453	0.548509048557456	1
chr2:152654408;T|C;Family=11336	0.00446549776274358	0.990830053260741	0.997729814887619	1
chr2:152656191;C|CT;Family=12499	-0.249385944993085	0.588321651608398	0.996022715787731	1
chr2:154857794;T|A;Family=14449	-0.0701473253311675	0.659373892205014	0.996022715787731	1
chr2:157312188;A|G;Family=13988	0.147141811321959	0.371853652163433	0.996022715787731	1
chr2:158338688;G|A;Family=13148	0.379394246294235	0.0518636944256306	0.754519102585429	1
chr2:158625346;G|C;Family=12162	-0.0500459149601187	0.639623179553818	0.996022715787731	1
chr2:159771089;G|A;Family=13924	-0.184089373190289	0.574851537316306	0.996022715787731	1
chr2:159946682;A|C;Family=13918	-0.149790640895923	0.337024570734897	0.996022715787731	1
chr2:160101510;T|C;Family=12788	0.954431834959943	0.0162183387396295	0.612013213605795	1
chr2:161983203;AG|A;Family=14644	0.0426998634673577	0.799982275958768	0.996022715787731	1
chr2:162008566;G|T;Family=13579	0.332325029624098	0.00581516780507658	0.437341919844825	1
chr2:162008659;T|C;Family=13409	0.319044930952979	0.0143432925287874	0.566723046847658	1
chr2:163606073;T|C;Family=12091	0.157110333172779	0.365340538430626	0.996022715787731	1
chr2:163607844;T|C;Family=11285	0.0342453735639161	0.907532265188566	0.996022715787731	1
chr2:165094381;C|T;Family=14595	-0.33531796020407	0.227861290988271	0.996022715787731	1
chr2:165344801;C|T;Family=14280	0.0540121681757672	0.626870812826485	0.996022715787731	1
chr2:165344869;C|A;Family=11892	-0.124242178007518	0.275041823478316	0.996022715787731	1
chr2:165354309;G|T;Family=11114	0.0324127179430353	0.724370893799391	0.996022715787731	1
chr2:165374868;T|C;Family=13544	0.52361016517778	0.0469847871118238	0.729055155347708	1
chr2:165989378;A|G;Family=13752	-0.485426347272161	0.213768307628793	0.996022715787731	1
chr2:165991496;T|C;Family=12340	0.226019460943449	0.0250655118060807	0.677104769315577	1
chr2:165991561;G|A;Family=12499	-0.134061926781967	0.268728466640088	0.996022715787731	1
chr2:165998144;A|C;Family=13891	-0.125515200006118	0.737249491033337	0.996022715787731	1
chr2:166046848;G|C;Family=13988	0.045928811161005	0.791661782956726	0.996022715787731	1
chr2:166198309;C|T;Family=12449	0.0173975118910005	0.961644833600118	0.996022715787731	1
chr2:168774857;TG|T;Family=12748	-0.0300097348666536	0.891277548306536	0.996022715787731	1
chr2:168923786;G|A;Family=11251	-0.0700766320081226	0.649749072093481	0.996022715787731	1
chr2:170847738;G|A;Family=12630	-0.641107467137326	0.0756899747843325	0.856664103332264	1
chr2:170991658;G|GATCT;Family=12626	0.121108580597429	0.558000523492429	0.996022715787731	1
chr2:170992470;C|A;Family=13403	-0.0746805962438774	0.608908139278191	0.996022715787731	1
chr2:171319581;C|T;Family=11187	0.413784343301854	0.0139255865883042	0.556543270891191	1
chr2:171555749;G|A;Family=12396	0.340354194932413	0.107171010379994	0.905173479085028	1
chr2:172081770;G|T;Family=11480	0.0427244365946859	0.835747630419792	0.996022715787731	1
chr2:172100315;A|G;Family=13051	0.159188708593357	0.102019359009078	0.905173479085028	1
chr2:172504612;A|C;Family=11172	0.0508321056202982	0.710149634869235	0.996022715787731	1
chr2:172600469;C|T;Family=13508	-0.148479610519002	0.674480738757064	0.996022715787731	1
chr2:172603764;C|T;Family=13556	0.149866555537555	0.314305201152541	0.996022715787731	1
chr2:175925325;G|C;Family=14093	0.6155019548713	0.00384949618034035	0.431764458678819	1
chr2:176124206;G|A;Family=13709	-0.135520517037489	0.328401743123738	0.996022715787731	1
chr2:177629027;A|T;Family=12925	0.0632316982675546	0.471161250372766	0.996022715787731	1
chr2:178136552;C|T;Family=22105	-0.0451427046812095	0.75371764881403	0.996022715787731	1
chr2:178137904;G|C;Family=14468	-0.200134152729423	0.471593735366521	0.996022715787731	1
chr2:178402055;T|G;Family=12867	0.179797175167122	0.0351790110461192	0.710285751252033	1
chr2:178402563;A|G;Family=11198	-0.146291358580096	0.579624412735514	0.996022715787731	1
chr2:178873393;A|G;Family=14017	0.691014357951381	0.169086734456704	0.996022715787731	1
chr2:178874946;T|A;Family=14226	-0.595081420326713	0.00750535400503267	0.466002069205332	1
chr2:178875519;C|T;Family=14406	-0.587271388518923	0.117149285472609	0.905173479085028	1
chr2:182142011;G|C;Family=11552	0.14355525064735	0.600885977304715	0.996022715787731	1
chr2:182142017;C|T;Family=12316	0.374349056906203	0.118521932602224	0.907710924356684	1
chr2:182780190;C|T;Family=13787	0.102474445981475	0.678166379603868	0.996022715787731	1
chr2:182782843;T|C;Family=13947	0.00283001498289228	0.976521600157442	0.996335242230383	1
chr2:182788544;T|C;Family=11030	-0.0537818401221679	0.88893233122125	0.996022715787731	1
chr2:182791335;T|C;Family=13981	-0.168368543378538	0.496309628925738	0.996022715787731	1
chr2:185761040;GA|G;Family=12598	0.159581560540051	0.416762400493592	0.996022715787731	1
chr2:186679617;A|G;Family=13214	-0.0658984546691547	0.920957147995297	0.996022715787731	1
chr2:189034022;C|T;Family=14085	0.110120505374867	0.527682569699742	0.996022715787731	1
chr2:189458825;G|A;Family=12184	0.317213923962336	0.116976309286149	0.905173479085028	1
chr2:189775364;T|G;Family=12833	-0.031089691385868	0.934565240595715	0.996022715787731	1
chr2:189854023;A|C;Family=12227	-0.137880202737874	0.644682744594492	0.996022715787731	1
chr2:189864171;T|C;Family=11441	-0.0573551487644833	0.868952862584449	0.996022715787731	1
chr2:190202057;T|C;Family=14031	0.153949806899864	0.547978521339401	0.996022715787731	1
chr2:190204763;A|G;Family=14470	-0.172109655371495	0.514501823993116	0.996022715787731	1
chr2:191692786;C|G;Family=12420	-0.845361767208419	0.118160900289307	0.906943598909318	1
chr2:196135862;A|C;Family=14564	-0.0970080035053068	0.651476045847831	0.996022715787731	1
chr2:197392121;C|T;Family=12686	-0.182371355076204	0.561439784566388	0.996022715787731	1
chr2:197551264;G|A;Family=13154	0.114201727255834	0.768568069021856	0.996022715787731	1
chr2:199933186;G|A;Family=12843	0.0234536166731284	0.885811842681544	0.996022715787731	1
chr2:200489752;G|C;Family=12314	0.0595016560369453	0.790460464066369	0.996022715787731	1
chr2:201163531;C|T;Family=12401	-0.13060239637571	0.260369793129578	0.996022715787731	1
chr2:201623884;G|A;Family=13574	-0.218641707738605	0.550727853620471	0.996022715787731	1
chr2:201889137;A|C;Family=11164	0.0154358716475073	0.935488127608935	0.996022715787731	1
chr2:202962073;T|C;Family=13741	0.191476238695153	0.301942865879864	0.996022715787731	1
chr2:203402659;C|T;Family=13471	-0.0327021354687171	0.774936641206216	0.996022715787731	1
chr2:203431051;G|GA;Family=12388	-0.0736095029352688	0.396683524302763	0.996022715787731	1
chr2:20449434;A|G;Family=14575	-0.282763407220421	0.387470009751949	0.996022715787731	1
chr2:20618580;G|A;Family=13624	-0.0933815813182062	0.5217960333069	0.996022715787731	1
chr2:206619891;G|A;Family=14540	0.113291260722059	0.517246013355067	0.996022715787731	1
chr2:207601814;G|C;Family=12478	-0.0509947933486089	0.787406652924475	0.996022715787731	1
chr2:207763431;C|T;Family=14598	-0.15065798452466	0.551941838281408	0.996022715787731	1
chr2:208285776;C|T;Family=11679	0.170187215571353	0.250668141499392	0.996022715787731	1
chr2:21024411;A|G;Family=14214	0.0600454348835441	0.788278760418463	0.996022715787731	1
chr2:210678792;A|G;Family=14058	-0.381843860515491	0.0567235516398339	0.772097658423288	1
chr2:211382007;C|G;Family=13929	-0.649400448400647	0.0909595275714609	0.894474932349443	1
chr2:213930055;G|A;Family=12430	0.0488165461613555	0.741396388352753	0.996022715787731	1
chr2:215346766;G|A;Family=14303	0.0375783460044836	0.743297524414045	0.996022715787731	1
chr2:215346790;G|A;Family=11657	-0.225720522264466	0.0284790042443444	0.702854201901068	1
chr2:216501655;C|T;Family=13869	0.315777817325991	0.196853708550794	0.996022715787731	1
chr2:217801751;T|C;Family=11571	0.185249271636627	0.226224270065062	0.996022715787731	1
chr2:218234999;G|A;Family=12716	0.127127478315847	0.383553140698434	0.996022715787731	1
chr2:219163441;A|G;Family=12367	-0.0838003424348956	0.696834059483229	0.996022715787731	1
chr2:219180733;A|T;Family=12469	0.200811865636834	0.0468016939477347	0.729055155347708	1
chr2:219216033;G|A;Family=14124	0.318717735920258	0.0258676789823795	0.681378180467678	1
chr2:219506756;CAAG|C;Family=13197	-0.12447270304276	0.265868740425378	0.996022715787731	1
chr2:221420166;A|G;Family=14653	-0.014046124757936	0.933859148485186	0.996022715787731	1
chr2:223967681;A|G;Family=11401	-0.320151149674272	0.533799485951746	0.996022715787731	1
chr2:224473722;C|T;Family=14303	-0.040512229768429	0.86992005542302	0.996022715787731	1
chr2:224807721;G|A;Family=13843	-0.123043048425982	0.430218029123024	0.996022715787731	1
chr2:226732343;G|A;Family=12636	0.19048672644985	0.171915012861226	0.996022715787731	1
chr2:226995818;G|A;Family=11264	-0.184425023441295	0.195272964917892	0.996022715787731	1
chr2:227981684;G|T;Family=11981	-0.0299520713270291	0.895337080300887	0.996022715787731	1
chr2:230907364;C|T;Family=14147	0.242378660270796	0.0493307139645461	0.745751706324899	1
chr2:231372229;C|T;Family=12444	0.0839769437154049	0.75016280515787	0.996022715787731	1
chr2:232238540;C|A;Family=11625	-0.0960173808322876	0.135795649453549	0.950023084808836	1
chr2:232260352;C|T;Family=13041	-0.020629587177161	0.733778579838423	0.996022715787731	1
chr2:232263310;C|T;Family=11012	-0.0817287335543852	0.299648823994998	0.996022715787731	1
chr2:232336039;G|A;Family=13722	0.107681921497284	0.519848095360214	0.996022715787731	1
chr2:232531616;G|A;Family=11729	0.220026291232748	0.10499834856903	0.905173479085028	1
chr2:232858311;A|G;Family=12289	0.0189188197874256	0.88994272215095	0.996022715787731	1
chr2:233519539;T|C;Family=11597	0.200853150020876	0.7635173642498	0.996022715787731	1
chr2:235055422;G|A;Family=12638	0.0874591638271098	0.460360143736744	0.996022715787731	1
chr2:236120386;G|A;Family=11000	0.100198516294993	0.753151381063323	0.996022715787731	1
chr2:236124576;C|T;Family=13611	0.209178315849653	0.0893267225229055	0.892497167276271	1
chr2:238099394;T|C;Family=12724	-0.419016116809305	0.0735669651778869	0.856664103332264	1
chr2:238152501;TG|T;Family=11540	-0.0981698031458051	0.665077421544596	0.996022715787731	1
chr2:239050745;C|T;Family=13272	0.447443777321578	0.106030217737935	0.905173479085028	1
chr2:240482185;C|G;Family=11946	0.0137879411929018	0.918320080042365	0.996022715787731	1
chr2:240520532;G|A;Family=13398	0.118359548862426	0.491978690433105	0.996022715787731	1
chr2:241183251;C|T;Family=14202	-0.0677279829786918	0.580137593945511	0.996022715787731	1
chr2:241353409;A|C;Family=13564	0.047062971563701	0.879181810372128	0.996022715787731	1
chr2:241445606;C|T;Family=13385	-0.244255599054078	0.0191798846226628	0.622425828789969	1
chr2:241749408;G|A;Family=14576	0.0674373376527361	0.393429503435604	0.996022715787731	1
chr2:241749817;C|T;Family=14146	-0.206863457432159	0.294283332623491	0.996022715787731	1
chr2:241755178;C|T;Family=13136	0.0403550255175918	0.835031704585189	0.996022715787731	1
chr2:24175802;G|T;Family=13930	0.12372327086728	0.476417672720399	0.996022715787731	1
chr2:241850685;G|A;Family=13309	-0.145120317235043	0.529848474171682	0.996022715787731	1
chr2:24789958;C|T;Family=11800	-0.154907511738961	0.438245575909375	0.996022715787731	1
chr2:25145559;G|A;Family=14386	0.045464210448478	0.645582304119603	0.996022715787731	1
chr2:25156660;C|T;Family=11353	-0.155487823229372	0.0446749619647671	0.729055155347708	1
chr2:25157831;T|C;Family=13513	-0.219621777977318	0.180806070016723	0.996022715787731	1
chr2:25230242;G|A;Family=11715	0.136781760839543	0.293369667950298	0.996022715787731	1
chr2:25230513;GA|G;Family=14027	-0.0239801798656734	0.890376038796238	0.996022715787731	1
chr2:25234307;G|A;Family=14336	0.0381994103513005	0.861403518536043	0.996022715787731	1
chr2:26730402;C|T;Family=14100	0.0612745161676709	0.610241990554257	0.996022715787731	1
chr2:26732705;C|G;Family=11246	-0.130650324888365	0.251594123982628	0.996022715787731	1
chr2:26947441;G|A;Family=11056	0.0512015463260914	0.484111803466049	0.996022715787731	1
chr2:27136929;G|A;Family=14192	0.120435936665789	0.125863597907041	0.92671157763597	1
chr2:27243927;C|T;Family=11931	0.152021424282641	0.432983203520804	0.996022715787731	1
chr2:279906;C|T;Family=13932	0.175124451738785	0.582530228237081	0.996022715787731	1
chr2:28415715;T|C;Family=13946	0.0558766643631671	0.676817444039924	0.996022715787731	1
chr2:28643133;C|T;Family=12281	0.0428844510216864	0.779780299198275	0.996022715787731	1
chr2:30159423;C|T;Family=14652	0.093979583400635	0.545476052057531	0.996022715787731	1
chr2:31267680;A|C;Family=12850	0.0618689112089411	0.453724735541856	0.996022715787731	1
chr2:32089567;C|G;Family=14480	0.0025295638777063	0.995468258892673	0.997729814887619	1
chr2:32220466;C|G;Family=13805	-0.0818564109487461	0.679557482081377	0.996022715787731	1
chr2:32307549;T|C;Family=11869	0.0470700626886835	0.922034414487151	0.996022715787731	1
chr2:32312264;G|A;Family=11981	0.0321590915941173	0.78833077794608	0.996022715787731	1
chr2:3550465;G|A;Family=12964	0.00134867770482014	0.994697219866508	0.997729814887619	1
chr2:3644481;TA|T;Family=14522	0.290820888175858	0.368094850774573	0.996022715787731	1
chr2:36759377;G|T;Family=22105	0.144161348491779	0.667062766841192	0.996022715787731	1
chr2:37251942;A|C;Family=13905	-0.189686025659056	0.724284305008846	0.996022715787731	1
chr2:38734005;C|T;Family=11773	0.111842418650042	0.223402192716439	0.996022715787731	1
chr2:38974699;T|C;Family=14680	-0.130534485672095	0.29721324024235	0.996022715787731	1
chr2:40098122;C|T;Family=12360	-0.315107262353471	0.314164185208847	0.996022715787731	1
chr2:40104941;G|T;Family=11869	-0.12456435901843	0.637873945432075	0.996022715787731	1
chr2:40110232;G|A;Family=13393	0.0176996143163575	0.907010015584101	0.996022715787731	1
chr2:40110784;A|G;Family=13629	0.0181580223930933	0.925503920958268	0.996022715787731	1
chr2:43565070;T|C;Family=12346	-0.0347989961436357	0.931585482143526	0.996022715787731	1
chr2:44318697;G|A;Family=14343	-0.276249042635773	0.523803941828892	0.996022715787731	1
chr2:46185708;C|T;Family=13166	0.379650551444863	0.0264626603289813	0.684139056656749	1
chr2:46186250;C|G;Family=13556	-0.165895241692202	0.407638234494582	0.996022715787731	1
chr2:47074316;G|A;Family=22364	0.010944322654201	0.937036023669757	0.996022715787731	1
chr2:47074774;C|T;Family=12302	-0.0297169295788735	0.831047961393466	0.996022715787731	1
chr2:47799713;G|A;Family=13890	0.160016232222954	0.251779426320086	0.996022715787731	1
chr2:48375630;A|G;Family=14007	-0.242502070221259	0.518265992077841	0.996022715787731	1
chr2:48377199;A|C;Family=14531	0.206644201442981	0.462951540102651	0.996022715787731	1
chr2:48595331;A|G;Family=11456	-0.0902155288963467	0.542104145738628	0.996022715787731	1
chr2:50207689;G|C;Family=11679	0.107458154466485	0.768350473400315	0.996022715787731	1
chr2:50918317;A|G;Family=12014	0.269216673246195	0.456550383947915	0.996022715787731	1
chr2:53887396;G|A;Family=14339	-0.254594494941158	0.242547589375825	0.996022715787731	1
chr2:54065901;T|C;Family=11469	0.15250115911612	0.365094084036417	0.996022715787731	1
chr2:54660185;T|G;Family=14502	-0.132153605947647	0.625695526882923	0.996022715787731	1
chr2:5696599;G|A;Family=14153	-0.0250875830602076	0.923122838813926	0.996022715787731	1
chr2:60899234;C|T;Family=13589	-0.149389669703514	0.3265936980004	0.996022715787731	1
chr2:61018400;CAGG|C;Family=11018	-0.275395352698665	0.0835975107288515	0.865084954774454	1
chr2:65083821;A|G;Family=11543	0.0702579394991777	0.477257388311065	0.996022715787731	1
chr2:65084839;G|A;Family=11505	-0.263708716844898	0.245890921635194	0.996022715787731	1
chr2:65310885;T|G;Family=11013	-0.0617095627324617	0.925403802605095	0.996022715787731	1
chr2:67401400;A|G;Family=13895	0.335013418316456	0.453570224563991	0.996022715787731	1
chr2:67402535;A|G;Family=11485	0.106990671190174	0.785856203319255	0.996022715787731	1
chr2:69325719;A|G;Family=14301	-0.223183494474901	0.352930621824029	0.996022715787731	1
chr2:69461843;C|T;Family=14195	0.0342093724639615	0.850071320895204	0.996022715787731	1
chr2:69941432;G|C;Family=11429	-0.0464522601304612	0.777955007116832	0.996022715787731	1
chr2:69942862;T|C;Family=11429	0.1057624451759	0.640940842965896	0.996022715787731	1
chr2:70150021;TGCA|T;Family=14618	0.432737470426127	0.0332994521618989	0.710285751252033	1
chr2:70277199;C|G;Family=13991	-0.117933700286694	0.462678288946946	0.996022715787731	1
chr2:70660965;G|T;Family=11018	0.1734237317459	0.155513748666607	0.982623796799126	1
chr2:70986440;AG|A;Family=13001	-0.0489323119761265	0.667614331337511	0.996022715787731	1
chr2:72131287;G|A;Family=11063	-0.0719844500733519	0.515023789613781	0.996022715787731	1
chr2:72934343;T|C;Family=12019	0.113697325578268	0.476825837307502	0.996022715787731	1
chr2:72944993;G|A;Family=13787	-0.0206667543437075	0.916199720717649	0.996022715787731	1
chr2:73226979;G|A;Family=11954	-0.149356449804923	0.310135533380537	0.996022715787731	1
chr2:74216301;T|G;Family=11121	-0.364285343296653	0.138652632262788	0.957033927482845	1
chr2:74394294;G|A;Family=11986	0.105225103876021	0.192980319308911	0.996022715787731	1
chr2:74395549;T|C;Family=12621	-0.196312394217918	0.194126130619463	0.996022715787731	1
chr2:74494487;C|T;Family=13358	0.0590887892873826	0.569234129859534	0.996022715787731	1
chr2:74891539;T|C;Family=12628	-0.157415294348045	0.266162338238477	0.996022715787731	1
chr2:85544374;C|A;Family=12316	0.10474209932929	0.586607475233453	0.996022715787731	1
chr2:85606685;G|A;Family=14228	-1.64048942352887	0.00482110513842194	0.437341919844825	1
chr2:85658908;TAC|T;Family=14424	0.285363892140512	0.312935200958414	0.996022715787731	1
chr2:8853370;C|T;Family=12867	0.144949454662332	0.529248457721805	0.996022715787731	1
chr2:8854433;C|T;Family=11265	0.153086117503058	0.61619241060288	0.996022715787731	1
chr2:9481403;C|T;Family=12687	0.0544640630334698	0.802520606628275	0.996022715787731	1
chr2:9489450;A|G;Family=11651	-0.841092770570229	0.0116296910028449	0.548509048557456	1
chr2:95384419;C|T;Family=12687	0.0697393356082795	0.553980302211191	0.996022715787731	1
chr2:96114264;C|T;Family=12701	-0.0538994200617857	0.699919416470979	0.996022715787731	1
chr2:96329291;C|T;Family=12749	-0.593154135828315	0.345961844365328	0.996022715787731	1
chr2:96702316;C|T;Family=12619	0.0244874589201363	0.791374759497354	0.996022715787731	1
chr2:96832748;G|T;Family=12778	-0.0196939477705274	0.878899171819979	0.996022715787731	1
chr2:98588361;C|T;Family=13836	-0.0310691240778776	0.760081355263437	0.996022715787731	1
chr20:10057886;C|CTTGT;Family=13221	-0.17592854689129	0.494681368617795	0.996022715787731	1
chr20:10306498;G|A;Family=12953	-0.0599072860487545	0.720553082078923	0.996022715787731	1
chr20:10306532;A|G;Family=13042	0.0663504671997361	0.7652926555398	0.996022715787731	1
chr20:1167310;A|G;Family=13358	-0.127880070849034	0.656064671375478	0.996022715787731	1
chr20:13167426;G|A;Family=14040	0.0292998771295501	0.784190503921019	0.996022715787731	1
chr20:13300465;C|CA;Family=14500	0.764660054120052	0.228151181756344	0.996022715787731	1
chr20:1563946;A|G;Family=12759	-0.191002160967678	0.100540104584874	0.905173479085028	1
chr20:16051769;A|G;Family=13560	-0.0966763575519504	0.412536872613124	0.996022715787731	1
chr20:17609122;T|G;Family=14130	-0.0270711509008117	0.901116781337107	0.996022715787731	1
chr20:17609764;A|G;Family=14526	0.0839925768787315	0.50653451221385	0.996022715787731	1
chr20:17967954;C|A;Family=13815	-0.140088457142159	0.320978841570181	0.996022715787731	1
chr20:18443421;G|A;Family=11114	-0.450205758214074	0.0062722251026751	0.437341919844825	1
chr20:19722220;G|A;Family=13770	-0.0558924060473471	0.569656571998864	0.996022715787731	1
chr20:1979101;A|G;Family=13931	0.0487888401280061	0.54913874410752	0.996022715787731	1
chr20:20390331;G|A;Family=11676	-0.231130663371239	0.547230660559732	0.996022715787731	1
chr20:22563339;C|A;Family=13513	0.109620683963847	0.460430611895211	0.996022715787731	1
chr20:23046871;C|T;Family=13580	0.163080312175724	0.476851290248239	0.996022715787731	1
chr20:23081038;A|G;Family=14416	-0.0808400133207459	0.750345110689528	0.996022715787731	1
chr20:23081535;C|G;Family=11096	0.337534630063029	0.0751855490194515	0.856664103332264	1
chr20:23603144;C|T;Family=12394	-0.0120451630796313	0.909389693339161	0.996022715787731	1
chr20:25006517;C|T;Family=14652	-0.139704354044114	0.388985137798691	0.996022715787731	1
chr20:25297973;G|A;Family=12858	-0.599171851138111	0.000798590043085785	0.189291697748049	1
chr20:25774788;AC|A;Family=14168	0.18385297695233	0.0767491448108536	0.858243244198766	1
chr20:31937413;A|G;Family=12006	-0.0435448751779926	0.778014236888755	0.996022715787731	1
chr20:31945717;G|A;Family=14019	0.00667704825094761	0.965843810927166	0.996022715787731	1
chr20:31999641;G|A;Family=11495	-0.123195662047446	0.462561074538671	0.996022715787731	1
chr20:32000279;T|C;Family=12358	0.438899396184619	0.0395189966579189	0.71240606807306	1
chr20:32031392;G|GC;Family=12568	-0.171142319852035	0.338254175191382	0.996022715787731	1
chr20:33647201;G|A;Family=13053	-0.0319014126360919	0.782088737774743	0.996022715787731	1
chr20:33658734;C|T;Family=12782	-0.00247958739961789	0.985721825374556	0.997729814887619	1
chr20:354689;C|T;Family=14472	-0.0988687180465732	0.304919501503341	0.996022715787731	1
chr20:36231225;G|A;Family=14303	0.0215973197587835	0.884539554023558	0.996022715787731	1
chr20:3646918;G|A;Family=13905	-0.199966377015681	0.204983413994702	0.996022715787731	1
chr20:3648438;A|G;Family=14291	-0.0396099595202816	0.746092988632032	0.996022715787731	1
chr20:36782751;C|T;Family=14219	-0.129235779135557	0.538103441769747	0.996022715787731	1
chr20:36784635;C|T;Family=13970	0.0843223095160928	0.483754687077287	0.996022715787731	1
chr20:38210994;C|T;Family=13383	-0.0133021787679884	0.897803929995567	0.996022715787731	1
chr20:3825394;G|A;Family=11067	-0.0295105921889794	0.797721797082629	0.996022715787731	1
chr20:3866241;T|C;Family=13750	0.0390296084903553	0.781602817753403	0.996022715787731	1
chr20:3874352;T|C;Family=14578	0.205458280953839	0.0107254715906217	0.548509048557456	1
chr20:41175517;G|A;Family=13023	0.222212111397609	0.116263894728321	0.905173479085028	1
chr20:41402484;C|T;Family=13941	-0.0878801153006661	0.787670392019661	0.996022715787731	1
chr20:41402974;T|G;Family=14346	0.244961157597057	0.471754329887179	0.996022715787731	1
chr20:43716304;TC|T;Family=14282	0.0475854074135088	0.699397883880073	0.996022715787731	1
chr20:44490900;A|AC;Family=13486	0.00996824662774623	0.92450902565469	0.996022715787731	1
chr20:44904975;G|A;Family=11869	-0.152916921548374	0.316144170898737	0.996022715787731	1
chr20:45092483;T|C;Family=12759	0.0809282687779944	0.505046290927768	0.996022715787731	1
chr20:45373619;C|A;Family=12201	-0.0937267976464693	0.533836327695068	0.996022715787731	1
chr20:45648601;G|A;Family=14610	-0.194346222537517	0.316953392178084	0.996022715787731	1
chr20:47188268;GAC|G;Family=13703	0.145630271695111	0.143659141611862	0.964291188000857	1
chr20:4784171;T|C;Family=14394	-0.17129334291313	0.175645737781525	0.996022715787731	1
chr20:49892051;T|C;Family=13324	0.125005908960674	0.379786256542634	0.996022715787731	1
chr20:51390478;G|A;Family=12617	-0.0278898211139394	0.813045078750418	0.996022715787731	1
chr20:51598823;T|C;Family=14311	0.0094996933658152	0.946565489035649	0.996022715787731	1
chr20:51600915;G|A;Family=14455	0.3235401947849	0.0752000899490916	0.856664103332264	1
chr20:5195022;A|C;Family=14547	-0.098876483184491	0.584277772297031	0.996022715787731	1
chr20:53944804;G|T;Family=11526	0.102982568912073	0.590254117402544	0.996022715787731	1
chr20:57169515;G|C;Family=12100	-0.237340638092083	0.245153567086858	0.996022715787731	1
chr20:58364108;T|C;Family=12708	-0.0500796978133851	0.879689840111493	0.996022715787731	1
chr20:58444831;C|G;Family=12394	0.111053837187765	0.205710357350176	0.996022715787731	1
chr20:58449461;A|G;Family=14231	0.0603142367824956	0.844709781088877	0.996022715787731	1
chr20:58856372;G|A;Family=12735	-0.625230450716852	0.150071268618625	0.980822934186012	1
chr20:58903684;G|A;Family=14373	-0.0267036381411631	0.83780604334338	0.996022715787731	1
chr20:58909186;C|G;Family=11132	-0.21106987842994	0.225556006987069	0.996022715787731	1
chr20:59028971;C|T;Family=11181	0.210049659787666	0.128611622681135	0.92671157763597	1
chr20:59325214;C|T;Family=14063	0.25261223078295	0.0679399680046057	0.835468809860207	1
chr20:59947941;CAT|C;Family=11018	0.0856911757678242	0.632061701910756	0.996022715787731	1
chr20:61975114;T|C;Family=13718	0.470528188120625	0.231435502239961	0.996022715787731	1
chr20:62286187;G|T;Family=14481	0.565796047258175	0.0982909588290331	0.905173479085028	1
chr20:62668294;C|T;Family=11189	-0.0511539046439165	0.742187670779555	0.996022715787731	1
chr20:62671759;G|A;Family=12719	-0.0529437799785554	0.642599124562952	0.996022715787731	1
chr20:62877971;A|G;Family=13026	0.141671395253283	0.70520504794552	0.996022715787731	1
chr20:62878254;G|A;Family=13738	-0.26392011102692	0.36194009302549	0.996022715787731	1
chr20:62968800;G|C;Family=13496	-0.0580857213362514	0.692123654205327	0.996022715787731	1
chr20:63743053;G|A;Family=12578	0.0774119273996602	0.45824659973178	0.996022715787731	1
chr20:63746676;G|A;Family=12738	0.0825120357184732	0.684462047266196	0.996022715787731	1
chr20:64240571;G|A;Family=12623	0.00725777107260449	0.951632670345238	0.996022715787731	1
chr20:64275397;A|T;Family=14209	0.324089863153718	0.219871486383414	0.996022715787731	1
chr20:7978072;A|G;Family=12360	0.00915895880456789	0.967304143154024	0.996022715787731	1
chr20:9480988;G|A;Family=11835	0.174173548022148	0.399017031731792	0.996022715787731	1
chr21:17565664;C|T;Family=12680	-0.110741847663548	0.464738038205732	0.996022715787731	1
chr21:21539712;C|T;Family=13039	-0.058065939839234	0.46736785771881	0.996022715787731	1
chr21:28929048;T|C;Family=12497	0.0910358144116986	0.662210412276236	0.996022715787731	1
chr21:30592947;A|T;Family=13524	0.230976653357784	0.354554623787086	0.996022715787731	1
chr21:32044396;G|T;Family=11246	-0.175940270582932	0.201634973821532	0.996022715787731	1
chr21:33517446;T|C;Family=12197	0.0671374961237105	0.722627892235678	0.996022715787731	1
chr21:34102835;G|T;Family=14531	-0.104260971047473	0.666237239396859	0.996022715787731	1
chr21:34717175;G|A;Family=12480	-0.0360208958861647	0.794270989684887	0.996022715787731	1
chr21:34788264;A|G;Family=14223	0.168694780322601	0.657233828453112	0.996022715787731	1
chr21:36375813;G|C;Family=13129	0.0884684537000661	0.808721289630423	0.996022715787731	1
chr21:37516066;C|T;Family=14550	0.0213895029755201	0.854698880696996	0.996022715787731	1
chr21:37608596;G|A;Family=13903	-0.146979196648991	0.400966260326724	0.996022715787731	1
chr21:38301666;C|A;Family=13938	-0.262758068899654	0.571986210920943	0.996022715787731	1
chr21:39175161;G|A;Family=12295	-0.13301709658928	0.466544043967469	0.996022715787731	1
chr21:39196527;GT|G;Family=14292	-0.0058376613244892	0.982167443185513	0.997664923556926	1
chr21:41465356;G|A;Family=14040	-0.161805188255391	0.366108279371677	0.996022715787731	1
chr21:41801553;T|C;Family=14348	-0.0898908054324804	0.612159926312474	0.996022715787731	1
chr21:41885311;C|A;Family=12483	0.0436417484495114	0.731903592954374	0.996022715787731	1
chr21:42775306;G|A;Family=14216	0.045351662617927	0.718160624237384	0.996022715787731	1
chr21:43529357;T|G;Family=12445	-0.233474113640734	0.193736577513368	0.996022715787731	1
chr21:43693482;C|T;Family=13543	-0.0492504636887497	0.797672446214173	0.996022715787731	1
chr21:44079633;C|A;Family=12308	-0.220204068473632	0.170611885219157	0.996022715787731	1
chr21:44087918;C|T;Family=22364	0.0983074136387958	0.346047135284768	0.996022715787731	1
chr21:44145706;G|A;Family=13942	-0.162829752786485	0.288471918161019	0.996022715787731	1
chr21:44228232;C|T;Family=11299	-0.0971634309557303	0.390985515142833	0.996022715787731	1
chr21:44319382;A|G;Family=22252	-0.0358995828162093	0.769395195004644	0.996022715787731	1
chr21:44459443;T|C;Family=14203	-0.0732006098858507	0.657677866357493	0.996022715787731	1
chr21:45223082;C|G;Family=13752	-0.0358876105922313	0.699139053882346	0.996022715787731	1
chr21:45264278;G|A;Family=13620	-0.074833933144863	0.673338004391557	0.996022715787731	1
chr21:45942406;GC|G;Family=12793	-0.0269409542359155	0.808915563347802	0.996022715787731	1
chr21:46129683;G|A;Family=14375	0.0443587300828119	0.634617113499732	0.996022715787731	1
chr22:17114976;A|G;Family=12478	0.0166377031060157	0.932768560112299	0.996022715787731	1
chr22:17115083;A|G;Family=12437	-0.150103503815434	0.458725881996936	0.996022715787731	1
chr22:17115310;GA|G;Family=14026	0.101259524149576	0.706362167327545	0.996022715787731	1
chr22:17555822;G|A;Family=11169	-0.201168807858194	0.160193096228474	0.986644205588117	1
chr22:17788481;G|C;Family=14587	-0.109479726112216	0.375131708537739	0.996022715787731	1
chr22:17788756;T|TG;Family=13394	0.0535812453450773	0.633556749460017	0.996022715787731	1
chr22:17789787;C|T;Family=13195	-0.0521053370552368	0.853493789762745	0.996022715787731	1
chr22:17790452;C|T;Family=11305	0.106528249191425	0.516082079542815	0.996022715787731	1
chr22:18095494;G|A;Family=12902	0.153033238063381	0.300534814366926	0.996022715787731	1
chr22:19783767;C|T;Family=13239	-0.0599879656409004	0.794238206828165	0.996022715787731	1
chr22:19894032;T|A;Family=13942	0.259449254487708	0.0398939557833389	0.71240606807306	1
chr22:20111199;C|T;Family=12942	-0.0209996594270856	0.910693662402978	0.996022715787731	1
chr22:20987529;G|GT;Family=12907	0.0989315779794772	0.494114970879128	0.996022715787731	1
chr22:20995791;G|T;Family=13016	-0.0267095120519995	0.885349572140426	0.996022715787731	1
chr22:20996054;G|A;Family=14192	0.069296928799088	0.739166224263081	0.996022715787731	1
chr22:21447279;C|T;Family=12329	-0.2388994149118	0.0657605793356421	0.816605479821527	1
chr22:21756331;C|T;Family=12014	0.484443462273917	0.0945252842800937	0.903490146750468	1
chr22:21757478;G|A;Family=14523	0.0416712309282158	0.813664403324984	0.996022715787731	1
chr22:21763712;T|C;Family=12314	-0.0530914076973351	0.682229729060079	0.996022715787731	1
chr22:21920263;G|A;Family=13099	-0.057501503336566	0.791092495879483	0.996022715787731	1
chr22:21958603;A|G;Family=12323	0.283179821686074	0.109216110853817	0.905173479085028	1
chr22:23164296;G|A;Family=12964	-0.239474197118133	0.271471162221736	0.996022715787731	1
chr22:23739329;G|A;Family=14470	-0.0225926827173669	0.951032661392054	0.996022715787731	1
chr22:23743320;A|G;Family=12197	-0.048137765143021	0.700597657504396	0.996022715787731	1
chr22:24586266;T|C;Family=14185	0.147165909913633	0.616041474337209	0.996022715787731	1
chr22:24588307;G|A;Family=13551	0.105194104110268	0.509232449671488	0.996022715787731	1
chr22:25351735;T|G;Family=14290	-0.0912040557457525	0.54819309051778	0.996022715787731	1
chr22:25722315;G|C;Family=14539	-0.0112062431517376	0.928442324979512	0.996022715787731	1
chr22:28757200;G|A;Family=12683	0.0992356631199371	0.719245968584672	0.996022715787731	1
chr22:29259151;T|C;Family=13050	-0.0480680754310255	0.727222565714657	0.996022715787731	1
chr22:29730488;C|G;Family=13089	0.0669440493657455	0.490370107976501	0.996022715787731	1
chr22:30334131;G|A;Family=14560	0.322303818109615	0.06395805699325	0.802120393645321	1
chr22:30423991;T|C;Family=11489	-0.092631859632174	0.443444890174805	0.996022715787731	1
chr22:30461448;C|G;Family=11989	-0.1761520860588	0.268616683040923	0.996022715787731	1
chr22:31683328;G|A;Family=12382	-0.0361517424319818	0.767577620938797	0.996022715787731	1
chr22:31906668;C|T;Family=12360	-0.0109433723740504	0.974468421279054	0.996335242230383	1
chr22:32861747;G|A;Family=12796	-0.16106522223126	0.384002297637229	0.996022715787731	1
chr22:33273439;T|C;Family=12457	-0.327931051474155	0.00449245806356046	0.437341919844825	1
chr22:35294562;C|G;Family=12697	0.0609858969490087	0.770223618194998	0.996022715787731	1
chr22:35740448;C|T;Family=11415	-0.0564389771106693	0.82854532140012	0.996022715787731	1
chr22:36282343;G|A;Family=12976	0.0649678060593662	0.75226281392733	0.996022715787731	1
chr22:36467645;C|G;Family=14380	-0.0383170957412424	0.662488586871357	0.996022715787731	1
chr22:37180478;C|T;Family=13007	0.153681073735441	0.18235430741997	0.996022715787731	1
chr22:37180625;C|T;Family=11029	-0.0313293362292985	0.661526901297366	0.996022715787731	1
chr22:37697628;G|A;Family=11368	-0.0475898049718086	0.739148056183603	0.996022715787731	1
chr22:37813556;C|T;Family=13576	-0.0672929335670197	0.642840046729868	0.996022715787731	1
chr22:37968182;C|CTCTTA;Family=13071	0.0868135747922243	0.53030218935407	0.996022715787731	1
chr22:38221428;C|T;Family=11502	0.0465744688033246	0.733978238155263	0.996022715787731	1
chr22:38485351;A|G;Family=14649	-0.081382507341956	0.643240157948628	0.996022715787731	1
chr22:38733162;C|T;Family=14467	0.0416424788580502	0.80663374258574	0.996022715787731	1
chr22:38863175;C|G;Family=12631	0.0616052627687314	0.423772867985487	0.996022715787731	1
chr22:39018581;T|C;Family=12407	0.105043121427544	0.505281532243605	0.996022715787731	1
chr22:39020064;G|A;Family=12671	-0.0515641131697697	0.583024137460126	0.996022715787731	1
chr22:39490288;T|A;Family=14249	0.0775851195241112	0.603809714339019	0.996022715787731	1
chr22:40036181;C|T;Family=11835	-0.00541485378320998	0.973630339856281	0.996335242230383	1
chr22:40329704;C|T;Family=11312	-0.149426860034716	0.0927209656563631	0.898024505813857	1
chr22:40331447;G|C;Family=13034	-0.233372790145385	0.0552665867317239	0.772097658423288	1
chr22:40332081;T|G;Family=14046	-0.354235214754846	0.00986437371972466	0.548509048557456	1
chr22:40361509;A|T;Family=13203	-0.106101688304942	0.562613603719258	0.996022715787731	1
chr22:40364303;C|T;Family=12738	-0.188695828849	0.210889818431086	0.996022715787731	1
chr22:40835633;G|C;Family=14515	-0.16808843742894	0.547086673846836	0.996022715787731	1
chr22:41358553;C|G;Family=13807	-0.389715780368148	0.0904749408980277	0.894474932349443	1
chr22:41898660;A|G;Family=11415	0.0464951708328793	0.739878712944868	0.996022715787731	1
chr22:41898705;C|G;Family=12120	-0.11216737616706	0.504619208574784	0.996022715787731	1
chr22:41903002;G|A;Family=14644	-0.0589469238056023	0.737706905455072	0.996022715787731	1
chr22:42031433;G|A;Family=11159	0.269046195456109	0.175359217760492	0.996022715787731	1
chr22:42383755;CT|C;Family=11219	0.0341138315819826	0.896801425821819	0.996022715787731	1
chr22:42510354;G|A;Family=14458	0.0465975153237547	0.848523372745517	0.996022715787731	1
chr22:43068521;G|A;Family=12976	-0.122091584441235	0.385327801379918	0.996022715787731	1
chr22:43163169;G|A;Family=14659	0.0475394526371906	0.641163676763706	0.996022715787731	1
chr22:43199409;A|G;Family=13146	0.127049807368737	0.234092346138985	0.996022715787731	1
chr22:43238370;G|A;Family=11057	0.0350289311600184	0.763546003915151	0.996022715787731	1
chr22:44244437;G|A;Family=11235	0.0788001367893338	0.62660834285223	0.996022715787731	1
chr22:44247500;C|G;Family=14356	-0.143341251506924	0.239988525415522	0.996022715787731	1
chr22:44881542;TG|T;Family=14096	0.140901874296767	0.658922052267384	0.996022715787731	1
chr22:44882646;C|CCATG;Family=11304	0.355122547995919	0.0974537064410203	0.905173479085028	1
chr22:45190914;TAGAG|T;Family=11942	0.0430760356491726	0.78442847195387	0.996022715787731	1
chr22:46293891;C|G;Family=14470	-0.172366032367657	0.189093950820049	0.996022715787731	1
chr22:46361866;G|T;Family=13599	-0.206046760505922	0.0580669163086692	0.772097658423288	1
chr22:47173887;C|T;Family=11424	0.0884693757676458	0.506975711962438	0.996022715787731	1
chr22:49773989;G|A;Family=11645	0.404969836575668	0.107287913742975	0.905173479085028	1
chr22:49774277;G|A;Family=11301	0.298689635070423	0.0433461992213585	0.72809050576166	1
chr22:49888231;T|C;Family=14629	-0.335661621738409	0.337404574206694	0.996022715787731	1
chr22:49901548;TTG|T;Family=14486	0.111328217108056	0.696625914655327	0.996022715787731	1
chr22:50178310;C|T;Family=12201	0.274146121973928	0.0685288763545131	0.835468809860207	1
chr22:50218044;G|A;Family=12463	-0.0727937758440409	0.575707676943074	0.996022715787731	1
chr22:50275338;G|A;Family=13364	0.0277969104806488	0.867650682554489	0.996022715787731	1
chr22:50445576;G|C;Family=14316	0.119852613472589	0.458266518419894	0.996022715787731	1
chr3:100181264;A|C;Family=13221	0.82157600764329	0.00648195002015369	0.437341919844825	1
chr3:100357788;C|T;Family=13037	0.234274594087533	0.191434231766674	0.996022715787731	1
chr3:10099443;C|T;Family=11407	0.0982929518795656	0.380680591444421	0.996022715787731	1
chr3:101671350;T|C;Family=12676	-0.570597951119815	0.200873886094499	0.996022715787731	1
chr3:10325764;C|T;Family=13543	0.0129739802597693	0.94185183666703	0.996022715787731	1
chr3:10325905;T|C;Family=13925	0.278834219680846	0.219817698759763	0.996022715787731	1
chr3:105576696;C|T;Family=12335	0.0756907931128542	0.5808355431947	0.996022715787731	1
chr3:105655851;C|T;Family=14051	-0.0153497446026218	0.967876816059828	0.996022715787731	1
chr3:107811324;A|C;Family=11038	0.0531325279811583	0.793562070644193	0.996022715787731	1
chr3:108043546;C|CA;Family=14670	0.090397645833853	0.75633720665488	0.996022715787731	1
chr3:108191577;G|A;Family=12299	-0.0305489631284259	0.831872805919149	0.996022715787731	1
chr3:111606844;G|T;Family=12859	-0.308981295640162	0.195418761552585	0.996022715787731	1
chr3:111975878;TTGTC|T;Family=12775	0.163297894669781	0.704916274708467	0.996022715787731	1
chr3:112117415;G|A;Family=13267	-0.177719629121352	0.178818355936273	0.996022715787731	1
chr3:113291328;C|T;Family=11214	-0.145417939278877	0.416714118269983	0.996022715787731	1
chr3:113719696;AT|A;Family=13533	0.376163610652395	0.355000604223835	0.996022715787731	1
chr3:113809668;A|G;Family=14645	-0.00748679813769295	0.978685223019062	0.996335242230383	1
chr3:113933626;G|A;Family=13614	0.0383091923064382	0.685606891407377	0.996022715787731	1
chr3:113961731;A|T;Family=13466	0.189489441016191	0.42994861869119	0.996022715787731	1
chr3:114005793;G|C;Family=14320	-0.0221199568388911	0.818369511992575	0.996022715787731	1
chr3:11809017;G|A;Family=13625	0.253830692466411	0.1061379428153	0.905173479085028	1
chr3:119211871;T|C;Family=13619	0.111348197164354	0.470553339641208	0.996022715787731	1
chr3:119447066;T|C;Family=11888	-0.103969737947163	0.297863232318389	0.996022715787731	1
chr3:119486870;C|T;Family=13835	-0.10738392545017	0.482368872510479	0.996022715787731	1
chr3:120167266;C|T;Family=11721	0.0714017921706015	0.621689523740876	0.996022715787731	1
chr3:121158446;A|T;Family=13128	-0.318608871547914	0.016053924129276	0.612013213605795	1
chr3:121626977;T|C;Family=13071	0.0169026519790093	0.85118190535095	0.996022715787731	1
chr3:121694586;C|A;Family=14637	0.151468009032516	0.56735733314582	0.996022715787731	1
chr3:122120916;C|T;Family=12681	0.0856291362329912	0.586261942805249	0.996022715787731	1
chr3:122574927;A|T;Family=14652	0.165645600531116	0.716815853042558	0.996022715787731	1
chr3:123274084;T|G;Family=12692	0.0741853323129736	0.875997525485336	0.996022715787731	1
chr3:123944909;A|G;Family=11094	-0.400106067551817	0.0324944571220303	0.710285751252033	1
chr3:124746887;C|T;Family=13787	-0.0969088214102131	0.538867391950111	0.996022715787731	1
chr3:125226421;C|T;Family=14534	-0.0480972885501066	0.914199805853885	0.996022715787731	1
chr3:125231841;G|T;Family=14687	0.060517116287448	0.77620602606619	0.996022715787731	1
chr3:12584278;G|A;Family=11108	-0.137621391859512	0.140712630352439	0.957095059150192	1
chr3:126103832;T|G;Family=13802	-0.0145544387511354	0.883958829125646	0.996022715787731	1
chr3:126135218;G|C;Family=11263	-0.0321552668143193	0.824066341096636	0.996022715787731	1
chr3:127035373;G|C;Family=11474	-0.0917318744183619	0.447998934443226	0.996022715787731	1
chr3:127615888;C|A;Family=14118	0.00876549954449052	0.941685916912895	0.996022715787731	1
chr3:127676379;T|G;Family=14320	0.0276312854239059	0.849101681966857	0.996022715787731	1
chr3:127986875;C|T;Family=12056	-0.0332618359777435	0.7996249684973	0.996022715787731	1
chr3:128480896;G|C;Family=11504	0.459981700263487	0.0119507248837836	0.548509048557456	1
chr3:129040491;G|T;Family=12011	-0.251044685768358	0.272057502140259	0.996022715787731	1
chr3:131165459;C|T;Family=14136	0.164506689045913	0.546540680908471	0.996022715787731	1
chr3:1321790;A|G;Family=12964	-0.100316120716678	0.637039068834853	0.996022715787731	1
chr3:1329859;G|A;Family=12385	0.161201568584102	0.493149473626984	0.996022715787731	1
chr3:133826778;G|A;Family=11413	0.0440150910375442	0.810499908502629	0.996022715787731	1
chr3:133827116;G|T;Family=12724	-0.14911642308848	0.227040831573392	0.996022715787731	1
chr3:133934381;C|A;Family=14482	-0.17780543375711	0.176816671813756	0.996022715787731	1
chr3:134478503;C|G;Family=22052	-0.0179346990223655	0.930762080364067	0.996022715787731	1
chr3:136145938;T|C;Family=14243	-0.00770961025698628	0.984033123371381	0.997729814887619	1
chr3:136149821;A|G;Family=12779	0.0327889630286985	0.83182179550317	0.996022715787731	1
chr3:136327689;A|G;Family=14211	-0.219729273473657	0.13559154965263	0.950023084808836	1
chr3:136338071;A|G;Family=11236	-0.189059631047488	0.148370710962745	0.979079076844982	1
chr3:136338441;T|TTGA;Family=13006	-0.0699649733502388	0.717596939896807	0.996022715787731	1
chr3:136980530;C|G;Family=13129	0.171525884114464	0.318343120575435	0.996022715787731	1
chr3:136989446;C|G;Family=11356	0.1374891646896	0.288445270699822	0.996022715787731	1
chr3:137010732;C|G;Family=13940	0.217718125706624	0.180222794806445	0.996022715787731	1
chr3:138167118;T|C;Family=13798	0.291615646039771	0.0819440411792927	0.862592913820576	1
chr3:13818784;A|AT;Family=11453	0.0645876619606973	0.68365749199075	0.996022715787731	1
chr3:138324244;G|A;Family=12759	-0.0347295543474699	0.870290691169275	0.996022715787731	1
chr3:138405114;G|A;Family=12324	-0.0649709389342104	0.657965771353573	0.996022715787731	1
chr3:139561332;T|C;Family=13555	-0.00172290366606047	0.989620609003404	0.997729814887619	1
chr3:140571367;A|G;Family=14452	-0.457764748121052	0.364878035002413	0.996022715787731	1
chr3:14130863;C|T;Family=13412	0.0230241469080695	0.859464406759416	0.996022715787731	1
chr3:141817086;G|A;Family=11069	-0.196861007587487	0.0957755383352262	0.904922681498863	1
chr3:141946431;CT|C;Family=13375	-0.000697293251148272	0.995302189759878	0.997729814887619	1
chr3:141946441;A|C;Family=13375	0.00276240976650914	0.979230864924087	0.996335242230383	1
chr3:14198632;G|C;Family=12782	0.0695796453687184	0.428112245272579	0.996022715787731	1
chr3:142961716;T|G;Family=12303	-0.0188617655299227	0.900791437437478	0.996022715787731	1
chr3:143057916;C|T;Family=11580	-0.37929956804151	0.0794450963451209	0.858243244198766	1
chr3:143059102;A|AT;Family=11142	-0.0423511768365655	0.90754374740394	0.996022715787731	1
chr3:14490580;A|C;Family=11121	0.0862626137898531	0.407491249302927	0.996022715787731	1
chr3:148742791;T|G;Family=13028	-0.209589037395666	0.684512164900074	0.996022715787731	1
chr3:149965507;CTT|C;Family=11455	-0.098794861140301	0.507754703255784	0.996022715787731	1
chr3:150464875;AG|A;Family=13023	-0.238419977746852	0.576352331446294	0.996022715787731	1
chr3:150543729;T|G;Family=12975	0.0431410470953683	0.908818328481366	0.996022715787731	1
chr3:151435545;T|C;Family=12313	-0.59183836332556	0.0359534921542588	0.710285751252033	1
chr3:153168786;A|G;Family=11919	-0.291035713651714	0.153744600427172	0.982623796799126	1
chr3:154272947;A|T;Family=14536	0.131065603597428	0.350358018051266	0.996022715787731	1
chr3:155833498;G|A;Family=12929	0.105485528692237	0.60466353227283	0.996022715787731	1
chr3:155940583;C|T;Family=14200	0.137748182119502	0.403203693642989	0.996022715787731	1
chr3:155941178;G|A;Family=11046	-0.0328229184799918	0.742054398050162	0.996022715787731	1
chr3:155942209;C|T;Family=11544	0.0508108716770223	0.665148358672823	0.996022715787731	1
chr3:156537898;T|C;Family=14258	-0.413037045295618	0.0331870087978202	0.710285751252033	1
chr3:156538430;A|C;Family=14076	0.0384061895430664	0.926589310262976	0.996022715787731	1
chr3:156925112;G|C;Family=11718	0.0536007829862636	0.904354188333677	0.996022715787731	1
chr3:157148062;G|C;Family=12324	-0.0898111673347196	0.83600287794932	0.996022715787731	1
chr3:157152211;A|G;Family=12512	-0.216607399666339	0.670414852048103	0.996022715787731	1
chr3:160417783;G|A;Family=13082	-0.249767438872801	0.0449493453715947	0.729055155347708	1
chr3:161071100;G|C;Family=11462	0.157195658238546	0.494309980284135	0.996022715787731	1
chr3:161252221;T|C;Family=11227	0.208045573282896	0.328437250287087	0.996022715787731	1
chr3:169779365;C|A;Family=11195	-0.0175925339570334	0.824533771744445	0.996022715787731	1
chr3:169926859;G|C;Family=13254	-0.224445985695217	0.0737507607357148	0.856664103332264	1
chr3:170396591;G|A;Family=12396	-0.0514987444511526	0.903292603045304	0.996022715787731	1
chr3:171859042;T|A;Family=14011	-0.058064134225188	0.723237461056759	0.996022715787731	1
chr3:171859268;G|C;Family=14011	-0.0233878532182857	0.917308491444484	0.996022715787731	1
chr3:175808323;G|A;Family=12430	-0.366846788938218	0.325433982638402	0.996022715787731	1
chr3:175808777;T|C;Family=11349	0.0508167415228321	0.82233242547368	0.996022715787731	1
chr3:175808943;A|G;Family=14360	0.128402363772509	0.606251137335087	0.996022715787731	1
chr3:177024818;A|G;Family=11897	0.16509861996391	0.23356131474577	0.996022715787731	1
chr3:179397074;A|T;Family=13523	-0.238291734680416	0.554157176334835	0.996022715787731	1
chr3:179399799;A|G;Family=13706	-0.541506425727037	0.0589933299990396	0.776968971237351	1
chr3:179626617;G|A;Family=14671	0.0324127305851021	0.830499759250643	0.996022715787731	1
chr3:179797486;A|G;Family=14155	-0.493492465825712	0.18195434607514	0.996022715787731	1
chr3:180610162;A|C;Family=14557	-0.253739289798428	0.311558808751584	0.996022715787731	1
chr3:182944935;C|T;Family=14247	0.229826539806219	0.103265305997026	0.905173479085028	1
chr3:183272134;G|A;Family=14425	0.169067046296816	0.622379524749912	0.996022715787731	1
chr3:183681295;A|G;Family=11172	-0.202952791827709	0.664486862401443	0.996022715787731	1
chr3:183949843;G|A;Family=11159	0.0297332537056439	0.857084747140798	0.996022715787731	1
chr3:183963531;G|A;Family=11793	0.0201067662272118	0.832316840624246	0.996022715787731	1
chr3:184292359;C|G;Family=12304	0.000241071776829122	0.998486160893964	0.998773412378686	1
chr3:184322831;G|C;Family=11265	0.153679517374387	0.322784705337783	0.996022715787731	1
chr3:184322841;C|T;Family=12523	-0.160031575090216	0.20975933358477	0.996022715787731	1
chr3:184325022;A|C;Family=12285	-0.258845563400794	0.000660554920362685	0.176673035238543	1
chr3:184353323;C|T;Family=11205	-0.116973040072761	0.487530582086579	0.996022715787731	1
chr3:184371956;G|A;Family=12375	0.106453344719475	0.55549365175863	0.996022715787731	1
chr3:185079873;C|G;Family=12794	0.0336043955273474	0.885413056545232	0.996022715787731	1
chr3:185081076;G|GT;Family=12210	-0.185434199348078	0.425993954593514	0.996022715787731	1
chr3:185484490;A|G;Family=12921	-0.127671632640849	0.396452004314104	0.996022715787731	1
chr3:185491643;A|G;Family=12573	-0.0676895409395796	0.700009129109861	0.996022715787731	1
chr3:185631246;G|A;Family=11263	-0.135320242484042	0.458674554287751	0.996022715787731	1
chr3:186551141;G|A;Family=11380	0.0376176866368041	0.882615813350441	0.996022715787731	1
chr3:186855227;T|A;Family=13383	-0.00242852923651051	0.982926955567158	0.997729814887619	1
chr3:186856850;A|T;Family=11046	0.164828458427611	0.635015603441073	0.996022715787731	1
chr3:187077425;G|C;Family=12326	0.119277959068561	0.250123793695911	0.996022715787731	1
chr3:188746522;A|G;Family=11749	-0.0496519301741709	0.765345424314583	0.996022715787731	1
chr3:188877000;T|C;Family=12055	-0.19903238101487	0.399242110451231	0.996022715787731	1
chr3:190308176;A|G;Family=11101	-0.275834177596703	0.265939396971661	0.996022715787731	1
chr3:190429125;TC|T;Family=14527	0.20685197718605	0.437006560708389	0.996022715787731	1
chr3:190648856;A|AT;Family=14551	0.314701271785342	0.170309924165083	0.996022715787731	1
chr3:191263055;G|A;Family=11458	0.0843078505025958	0.720844103608842	0.996022715787731	1
chr3:191397225;A|G;Family=12653	-0.110271726547316	0.495431207618277	0.996022715787731	1
chr3:193274903;G|A;Family=11651	-0.20947091509499	0.53368509987121	0.996022715787731	1
chr3:195741032;C|T;Family=14112	-0.140554885447651	0.405809751266142	0.996022715787731	1
chr3:195765065;A|G;Family=11984	-0.102679867039175	0.535377098454682	0.996022715787731	1
chr3:195863418;C|T;Family=14007	0.362301669465059	0.0305262695733005	0.709043771016594	1
chr3:196353313;G|A;Family=14186	-0.309555606818828	0.125589888163703	0.92671157763597	1
chr3:197787323;C|T;Family=13210	-0.224691440632135	0.262580437887675	0.996022715787731	1
chr3:197882964;G|T;Family=12661	0.486818535816478	0.197973360213403	0.996022715787731	1
chr3:19984533;C|CA;Family=11017	-0.0405472065420197	0.891505920314482	0.996022715787731	1
chr3:21419460;T|C;Family=13018	-0.160058879956711	0.508935726428589	0.996022715787731	1
chr3:21564628;G|A;Family=14224	0.0363324198718467	0.800762688629835	0.996022715787731	1
chr3:24118529;A|G;Family=12779	-0.190105840385881	0.632347554572812	0.996022715787731	1
chr3:24144679;T|C;Family=11027	-0.0150207869340137	0.921395682097014	0.996022715787731	1
chr3:3069823;G|A;Family=13601	-0.0207484154313778	0.813815391573786	0.996022715787731	1
chr3:35690133;GACA|G;Family=11944	0.0896129470897749	0.580944190876477	0.996022715787731	1
chr3:36987921;A|G;Family=11023	-0.0577255882830394	0.551749556825022	0.996022715787731	1
chr3:37819231;G|C;Family=12255	-0.0578357386879629	0.69649781933414	0.996022715787731	1
chr3:37981612;T|C;Family=13636	-0.0237433322446635	0.895054434999476	0.996022715787731	1
chr3:38141218;G|A;Family=11062	0.0217702386589135	0.875329546191671	0.996022715787731	1
chr3:38230542;C|T;Family=14463	0.167581193940295	0.617503187683542	0.996022715787731	1
chr3:38253849;C|T;Family=14603	-0.0515263615428716	0.592096016829438	0.996022715787731	1
chr3:38254090;C|T;Family=14603	-0.222048426362554	0.281257593079362	0.996022715787731	1
chr3:38413212;G|A;Family=11347	-0.593033032675439	0.000410274270691575	0.158502626577178	1
chr3:39525249;G|A;Family=12303	-0.234006235887585	0.417831340075147	0.996022715787731	1
chr3:40258343;TCAG|T;Family=12493	-0.0476570145368752	0.766856330521433	0.996022715787731	1
chr3:40464578;G|A;Family=13346	0.046344029769704	0.540516878615347	0.996022715787731	1
chr3:42203612;G|A;Family=12585	0.0442696985997656	0.813946553696383	0.996022715787731	1
chr3:42536507;G|A;Family=13724	0.139559235117633	0.317533907295661	0.996022715787731	1
chr3:42536824;C|T;Family=11324	-0.0989996852695721	0.373868416388918	0.996022715787731	1
chr3:42647134;A|C;Family=14617	0.397500045372709	0.0683264550997087	0.835468809860207	1
chr3:43349876;T|G;Family=12518	0.0937038021478332	0.449001095736696	0.996022715787731	1
chr3:43350246;A|G;Family=12778	-0.172399901329109	0.684175525350299	0.996022715787731	1
chr3:4362061;T|C;Family=12154	-0.00838207767755807	0.943647316626791	0.996022715787731	1
chr3:43717811;G|T;Family=12320	-0.208429821204771	0.101741782997289	0.905173479085028	1
chr3:44439695;A|C;Family=13856	-0.118581307836043	0.382322051669656	0.996022715787731	1
chr3:45547599;G|A;Family=11184	-0.11509101725725	0.416324531659142	0.996022715787731	1
chr3:45679692;C|T;Family=13835	-0.0917489126272976	0.442087745899671	0.996022715787731	1
chr3:45680381;C|T;Family=12006	-0.235695269953627	0.129221339696185	0.92671157763597	1
chr3:45756935;G|C;Family=13684	0.278322190235137	0.154017178483517	0.982623796799126	1
chr3:45901659;G|T;Family=14058	0.0459451623788812	0.462914985229313	0.996022715787731	1
chr3:45919816;A|T;Family=14292	-0.0211709170063685	0.842112849493828	0.996022715787731	1
chr3:46710394;T|C;Family=11472	0.0271457730457558	0.898606261392453	0.996022715787731	1
chr3:47846504;G|A;Family=11356	0.0179222202838372	0.918033502196285	0.996022715787731	1
chr3:47852360;C|T;Family=13169	0.0173800967703473	0.90512711930737	0.996022715787731	1
chr3:48270786;C|A;Family=14351	-0.0135254824038312	0.857263491935457	0.996022715787731	1
chr3:48294675;G|A;Family=13600	0.148650146019455	0.33592574024591	0.996022715787731	1
chr3:48404401;G|T;Family=13973	0.0109207530468565	0.912152274880116	0.996022715787731	1
chr3:48415712;C|A;Family=12689	-0.0232342279884163	0.91170837252246	0.996022715787731	1
chr3:48561884;G|A;Family=12108	-0.0487786058200349	0.734884762256708	0.996022715787731	1
chr3:48637346;C|T;Family=13895	-0.16981389033936	0.327570517088197	0.996022715787731	1
chr3:49683365;T|C;Family=12440	0.0735689893111904	0.719052682330941	0.996022715787731	1
chr3:49713972;A|G;Family=13307	0.146884946669521	0.383032859228175	0.996022715787731	1
chr3:49721483;G|T;Family=12412	-0.122132012284195	0.356995003028788	0.996022715787731	1
chr3:49724909;A|T;Family=11245	0.115670238420645	0.509367841317981	0.996022715787731	1
chr3:49724965;G|A;Family=13831	0.0142701412257045	0.928390532197626	0.996022715787731	1
chr3:50101065;G|A;Family=13900	0.0716167682707521	0.619054792552731	0.996022715787731	1
chr3:50287240;G|T;Family=13486	-0.0386572291539938	0.76052507045876	0.996022715787731	1
chr3:50325514;C|T;Family=22280	0.0469583290849258	0.748039582906895	0.996022715787731	1
chr3:50326397;C|T;Family=13833	0.05341104424794	0.60463675280762	0.996022715787731	1
chr3:50584208;G|A;Family=12548	0.0322888835816176	0.788191974794	0.996022715787731	1
chr3:50607476;C|T;Family=12162	-0.0896133472684985	0.505045793984134	0.996022715787731	1
chr3:51382348;G|A;Family=22308	-0.381829409602632	0.00554877850671849	0.437341919844825	1
chr3:51397631;T|TA;Family=11108	0.0270966204960809	0.835050122333165	0.996022715787731	1
chr3:51981177;A|G;Family=13988	-0.0369024221899508	0.799588593481107	0.996022715787731	1
chr3:52710657;G|C;Family=14404	-0.100765886189158	0.392906816589704	0.996022715787731	1
chr3:52840077;G|T;Family=11736	-0.245935935453348	0.0315242886578625	0.710285751252033	1
chr3:53091713;TC|T;Family=12524	-0.229868295958287	0.461892343727743	0.996022715787731	1
chr3:53815743;G|A;Family=11196	0.326205620637413	0.140417858378447	0.957095059150192	1
chr3:56570051;G|C;Family=14314	-0.0523041460086315	0.726415236665469	0.996022715787731	1
chr3:57091151;T|C;Family=11888	0.581970521135164	0.165378744900696	0.994944563444845	1
chr3:57095219;G|C;Family=13584	-0.152912096853764	0.18863047831616	0.996022715787731	1
chr3:57627731;CAT|C;Family=11718	0.110903876575504	0.602247649859433	0.996022715787731	1
chr3:57897178;G|A;Family=12238	-0.313569103072938	0.278792553033509	0.996022715787731	1
chr3:58323856;C|T;Family=11045	-0.333262617118097	0.206845933537411	0.996022715787731	1
chr3:59749398;CT|C;Family=12899	0.0901262269680902	0.462539025553419	0.996022715787731	1
chr3:62294279;TA|T;Family=14236	0.406111857091118	0.420919279760034	0.996022715787731	1
chr3:69029837;T|C;Family=14245	-0.0949506983999216	0.484664747895087	0.996022715787731	1
chr3:69108646;A|G;Family=14446	-0.0123476700922424	0.925620475904313	0.996022715787731	1
chr3:71675490;C|A;Family=11753	0.0445020975062365	0.906670852374862	0.996022715787731	1
chr3:71684633;G|A;Family=11000	0.075655539783921	0.547879445699436	0.996022715787731	1
chr3:73068369;GAT|G;Family=13298	0.218014824776727	0.664292011914494	0.996022715787731	1
chr3:8890175;C|T;Family=13026	0.406802115585311	0.523726839190179	0.996022715787731	1
chr3:8981576;G|A;Family=12907	0.0834607629808541	0.573672028321487	0.996022715787731	1
chr3:9047394;C|T;Family=12657	0.191233604474859	0.50793039192789	0.996022715787731	1
chr3:9384861;T|C;Family=11325	0.26240950088802	0.0768372281718515	0.858243244198766	1
chr3:9447908;G|A;Family=13576	-0.285322518595733	0.0536358548696214	0.761191295435402	1
chr3:9476186;G|A;Family=13306	-0.100878204172658	0.487418059716485	0.996022715787731	1
chr3:9499170;C|G;Family=11229	-0.0391942836994216	0.748342908147014	0.996022715787731	1
chr3:9499781;G|T;Family=11229	0.129603090809926	0.524647200040846	0.996022715787731	1
chr3:98134403;G|T;Family=11396	0.426450129226919	0.244087556592904	0.996022715787731	1
chr3:98154572;T|C;Family=13167	0.00950228398908585	0.95065821293616	0.996022715787731	1
chr3:98797515;T|C;Family=13160	0.131032940159032	0.609137147006059	0.996022715787731	1
chr3:9962571;C|A;Family=12271	0.0174507518526385	0.970241282247065	0.996022715787731	1
chr3:9963806;T|C;Family=14017	0.295426248686045	0.363265902417306	0.996022715787731	1
chr3:99799179;T|C;Family=11115	-0.657151169379305	0.178236831655076	0.996022715787731	1
chr4:102723006;G|C;Family=14542	0.273450534905417	0.252704998613022	0.996022715787731	1
chr4:10442850;T|C;Family=12055	0.0283018215013099	0.895246160754868	0.996022715787731	1
chr4:104469009;G|A;Family=12162	-0.645760070833279	0.0501959648364544	0.752290386794621	1
chr4:105275518;C|T;Family=11348	0.199332766443418	0.447864290764021	0.996022715787731	1
chr4:106247280;G|C;Family=14493	-0.11332980021933	0.769398992156319	0.996022715787731	1
chr4:108005229;A|G;Family=12748	0.428026972184434	0.159947276934303	0.986644205588117	1
chr4:109688545;T|TAAAC;Family=12838	0.0302716312683908	0.917554191002024	0.996022715787731	1
chr4:109713597;T|C;Family=14006	0.46445692271843	0.160326136369654	0.986644205588117	1
chr4:109844314;A|G;Family=12456	-0.0116101135007226	0.919790812137302	0.996022715787731	1
chr4:110046164;G|A;Family=14414	0.512441203306934	0.0844132854496797	0.865796441028131	1
chr4:110047183;T|A;Family=14414	0.206931404889147	0.357883195834735	0.996022715787731	1
chr4:110049519;T|C;Family=14424	-0.701763460660403	0.119176700647072	0.908722342433925	1
chr4:112187019;C|T;Family=12689	0.0504164301961139	0.809204543211673	0.996022715787731	1
chr4:112190766;C|G;Family=11383	0.120238834826079	0.581908290019654	0.996022715787731	1
chr4:112539345;G|GA;Family=13870	0.0341428713095404	0.963221388023021	0.996022715787731	1
chr4:113901005;G|C;Family=14175	0.55142170288187	0.301474450339371	0.996022715787731	1
chr4:113901299;T|G;Family=14175	-0.324273618044052	0.195852224624422	0.996022715787731	1
chr4:11394410;A|C;Family=13066	-0.108251109171047	0.324032282056743	0.996022715787731	1
chr4:118714922;G|A;Family=14127	-0.0173675740669101	0.907853989365482	0.996022715787731	1
chr4:118797718;C|T;Family=12150	0.294088338953373	0.267947138969793	0.996022715787731	1
chr4:118817391;G|T;Family=12638	0.0692222301810465	0.612652475482126	0.996022715787731	1
chr4:119294495;T|C;Family=13277	-0.667670086497954	0.331599174437838	0.996022715787731	1
chr4:120693224;C|T;Family=14233	0.139285395802233	0.567586953513192	0.996022715787731	1
chr4:120837941;C|T;Family=12613	-0.0498095741362201	0.853596934266593	0.996022715787731	1
chr4:122922243;T|G;Family=11775	0.0176274235659848	0.908415609943808	0.996022715787731	1
chr4:127724380;A|C;Family=11215	-0.321060029467967	0.237830172502932	0.996022715787731	1
chr4:128017501;C|T;Family=14395	0.0318461216802183	0.82552972867128	0.996022715787731	1
chr4:128862284;C|T;Family=13660	0.0267828145120873	0.869258200367584	0.996022715787731	1
chr4:128874168;A|AT;Family=12507	0.00819008551977665	0.979885805805161	0.996335242230383	1
chr4:129039751;C|T;Family=14514	-0.0223829274958412	0.946320111174774	0.996022715787731	1
chr4:133194330;A|G;Family=13504	0.413028522356551	0.320752877085658	0.996022715787731	1
chr4:134197149;C|T;Family=14288	0.189646711142806	0.581977912262486	0.996022715787731	1
chr4:13568956;G|A;Family=11245	-0.361104304495427	0.389374798519872	0.996022715787731	1
chr4:13614601;C|T;Family=22364	-0.0888474312413934	0.543150519180587	0.996022715787731	1
chr4:138164683;C|T;Family=13732	0.0568844945056958	0.832845100853063	0.996022715787731	1
chr4:1387646;AT|A;Family=13916	0.402366206171571	0.129335720577617	0.92671157763597	1
chr4:1389494;C|T;Family=12782	-0.016319781630703	0.901855383006125	0.996022715787731	1
chr4:139045662;G|A;Family=13415	-0.141509025706024	0.208154899976841	0.996022715787731	1
chr4:1391008;T|G;Family=14198	0.0644082225361073	0.796408555733003	0.996022715787731	1
chr4:139388551;G|A;Family=14016	-0.14017206140172	0.398658566179073	0.996022715787731	1
chr4:139476470;C|T;Family=13620	0.351891173283363	0.128024590410936	0.92671157763597	1
chr4:139533260;C|T;Family=14081	-0.0306669099466877	0.819824349005162	0.996022715787731	1
chr4:139599880;C|A;Family=11266	0.246673425926305	0.232248251833734	0.996022715787731	1
chr4:139600680;G|A;Family=11422	-0.0306265468874747	0.833389253968523	0.996022715787731	1
chr4:140859934;C|T;Family=12130	-0.115159813266261	0.810332746421332	0.996022715787731	1
chr4:140865880;T|C;Family=13523	0.60243474905506	0.0340034253053072	0.710285751252033	1
chr4:140866639;T|TA;Family=13683	-0.171429612244716	0.228059742657872	0.996022715787731	1
chr4:141234067;A|G;Family=11172	0.141986336877831	0.282941096878607	0.996022715787731	1
chr4:144109810;C|T;Family=11573	-0.174775134869095	0.587342892565367	0.996022715787731	1
chr4:145123027;G|A;Family=13548	-0.118541226290154	0.852831654805589	0.996022715787731	1
chr4:146514083;G|A;Family=13296	-0.0441177782645088	0.7741900928035	0.996022715787731	1
chr4:146641146;CAAGT|C;Family=12340	-0.334234749766132	0.0533227152335664	0.759904803842306	1
chr4:15069288;GCTGA|G;Family=12738	-0.000967084253989941	0.995808576301003	0.997729814887619	1
chr4:151120728;T|C;Family=14314	0.0345281674368159	0.953764320729407	0.996022715787731	1
chr4:152628346;T|C;Family=11798	0.0997592868969143	0.427325756886408	0.996022715787731	1
chr4:153336200;G|A;Family=11198	-0.0763220944629661	0.70036645390053	0.996022715787731	1
chr4:15444954;A|T;Family=11307	-0.104005879671068	0.472102882317877	0.996022715787731	1
chr4:154535187;CACA|C;Family=14351	0.371907848820241	0.209488655183991	0.996022715787731	1
chr4:155713102;T|A;Family=14523	0.228552021735324	0.338011825680761	0.996022715787731	1
chr4:155919994;C|T;Family=12396	0.173802990301612	0.651769522833115	0.996022715787731	1
chr4:158905380;T|G;Family=14047	0.579704415213848	0.256280702168462	0.996022715787731	1
chr4:158905911;A|C;Family=11979	0.0474422517342971	0.833418309873101	0.996022715787731	1
chr4:16161394;C|T;Family=11018	-0.0487685666899149	0.645597492486617	0.996022715787731	1
chr4:1641396;C|T;Family=14112	-0.237582726076401	0.229942808642495	0.996022715787731	1
chr4:165079061;A|G;Family=14208	-0.0396199090790407	0.797006898452521	0.996022715787731	1
chr4:166074932;C|T;Family=13092	0.0592996280039256	0.53741430665259	0.996022715787731	1
chr4:166734175;A|T;Family=11447	0.708079179261533	0.0641411469399837	0.802120393645321	1
chr4:167000419;G|C;Family=14373	0.443968926927129	0.181351406101091	0.996022715787731	1
chr4:1692863;TAAC|T;Family=14411	0.277390124148722	0.288610980109965	0.996022715787731	1
chr4:1717219;G|A;Family=14292	0.0531918989097131	0.828362826750162	0.996022715787731	1
chr4:173331978;A|C;Family=11280	0.248394384597078	0.410501464903918	0.996022715787731	1
chr4:174637083;T|A;Family=13898	0.029506381759083	0.948467991246561	0.996022715787731	1
chr4:17629337;A|G;Family=13131	0.181405403339743	0.433010369813469	0.996022715787731	1
chr4:176328690;T|C;Family=14137	-0.100684230561261	0.847405525457517	0.996022715787731	1
chr4:17802844;T|C;Family=11107	-0.0901329852871171	0.528062072462815	0.996022715787731	1
chr4:17817327;T|C;Family=11086	0.109035902936451	0.493938865556397	0.996022715787731	1
chr4:1805617;G|A;Family=11966	0.0587909773057926	0.745314968865837	0.996022715787731	1
chr4:184089729;G|A;Family=14560	0.0482715245334351	0.765596447784828	0.996022715787731	1
chr4:185366907;T|TA;Family=11412	0.136536347164162	0.245191008234753	0.996022715787731	1
chr4:186274383;A|G;Family=13742	-0.172329455671764	0.715265989455931	0.996022715787731	1
chr4:1942314;T|C;Family=12346	-0.106529899195386	0.734046601084156	0.996022715787731	1
chr4:1947391;C|T;Family=11537	0.0906224477215654	0.696321541303584	0.996022715787731	1
chr4:2065821;G|A;Family=13928	-0.100272574167003	0.605799924539511	0.996022715787731	1
chr4:23883160;G|T;Family=13692	-0.0525214240854653	0.736034901870218	0.996022715787731	1
chr4:2512438;AAAG|A;Family=13927	0.00938877611695667	0.938599737238191	0.996022715787731	1
chr4:25677688;C|T;Family=13409	-0.0617840006998167	0.688713053613281	0.996022715787731	1
chr4:25678077;A|G;Family=11256	-0.0454064783469802	0.46317884054513	0.996022715787731	1
chr4:26432168;G|T;Family=13336	-0.672577289588037	0.0451938310013626	0.729055155347708	1
chr4:2833952;G|A;Family=12343	0.0320648674742519	0.847933932184784	0.996022715787731	1
chr4:2838715;A|G;Family=13152	-0.066733955893272	0.643431298399351	0.996022715787731	1
chr4:2938451;T|C;Family=14379	-0.223894092031576	0.363205585145475	0.996022715787731	1
chr4:2965551;A|C;Family=14022	0.0761895834461263	0.570095002632123	0.996022715787731	1
chr4:2966118;A|G;Family=12719	-0.425136688542824	0.002496742001016	0.347246877501305	1
chr4:3255979;G|A;Family=12802	-0.228703273857043	0.176661346251094	0.996022715787731	1
chr4:3256094;C|G;Family=11346	0.134412931516104	0.26571803824478	0.996022715787731	1
chr4:3493275;C|T;Family=12749	0.30133874285264	0.0347391750367686	0.710285751252033	1
chr4:3493768;G|C;Family=14485	0.149829710012262	0.400596687204576	0.996022715787731	1
chr4:38690744;C|T;Family=11067	-0.0101334023747843	0.93753396239047	0.996022715787731	1
chr4:39547814;A|G;Family=14460	0.226697318931186	0.0917318928656748	0.894474932349443	1
chr4:39898284;A|G;Family=12108	-0.307039980340777	0.390340166448482	0.996022715787731	1
chr4:40157562;C|T;Family=11413	-0.100815491337312	0.632118568420021	0.996022715787731	1
chr4:42412029;T|C;Family=13822	0.137137796241424	0.378035575716181	0.996022715787731	1
chr4:4321136;C|T;Family=11946	0.0436312575934386	0.796322515667636	0.996022715787731	1
chr4:44699882;C|T;Family=13543	-0.773341711433906	0.15963689650181	0.986644205588117	1
chr4:44706524;T|C;Family=12778	-0.430346797907784	0.431336716833941	0.996022715787731	1
chr4:51994125;T|G;Family=14044	-0.246055186762268	0.295005259685958	0.996022715787731	1
chr4:52592741;A|C;Family=11491	-0.109870783902125	0.133742918457331	0.949028831583958	1
chr4:52596840;C|T;Family=14670	-0.117851358467555	0.631542197181133	0.996022715787731	1
chr4:54296702;G|A;Family=11096	-0.746281536426861	0.0116292864279174	0.548509048557456	1
chr4:54740149;T|G;Family=14541	0.378658261859444	0.358328792523896	0.996022715787731	1
chr4:56393831;T|C;Family=14535	-0.0508900322811044	0.756516086063907	0.996022715787731	1
chr4:5897783;G|T;Family=11498	-0.158834541121279	0.121273208947612	0.912699020586247	1
chr4:6322500;G|A;Family=13341	0.00872460170937041	0.965281857227714	0.996022715787731	1
chr4:6323061;C|G;Family=13737	0.0931373903856304	0.771158881703759	0.996022715787731	1
chr4:67606634;T|C;Family=12662	0.299802020624776	0.051130919171123	0.753314432025401	1
chr4:67821539;G|C;Family=22016	0.103409096886973	0.863949767628823	0.996022715787731	1
chr4:68227184;G|A;Family=13592	0.282645490351138	0.589812324642879	0.996022715787731	1
chr4:68311189;G|C;Family=14134	-0.382861024506716	0.0211427674252997	0.651839643683368	1
chr4:68497139;A|G;Family=11101	-0.130552931903847	0.734870091691303	0.996022715787731	1
chr4:6881297;A|T;Family=13005	0.362357050933829	0.0809191855762584	0.862510638614	1
chr4:6883369;A|C;Family=14686	-0.297043844400514	0.367149421313238	0.996022715787731	1
chr4:69480687;G|T;Family=12113	-0.0735017700301324	0.593416576847798	0.996022715787731	1
chr4:70158581;C|T;Family=11075	-0.0230206575243127	0.794716230444122	0.996022715787731	1
chr4:7032861;G|A;Family=11489	0.00477616153543623	0.97948132985702	0.996335242230383	1
chr4:70815920;A|G;Family=11263	-0.0875649052379696	0.70067760386451	0.996022715787731	1
chr4:70817047;AG|A;Family=13265	0.135005715048166	0.712146734235268	0.996022715787731	1
chr4:70817164;CAAGTTT|C;Family=12175	0.0571956965543907	0.847695950066372	0.996022715787731	1
chr4:71568932;C|T;Family=11916	0.118660971546909	0.477153410447905	0.996022715787731	1
chr4:7431400;G|A;Family=14681	-0.0381364307467833	0.751762703549655	0.996022715787731	1
chr4:75655166;A|G;Family=12523	-0.00102987513647596	0.995390973696886	0.997729814887619	1
chr4:76159602;G|A;Family=11381	0.104126703136424	0.497544715390734	0.996022715787731	1
chr4:76159718;C|CA;Family=14329	-0.16295816294821	0.419696931454438	0.996022715787731	1
chr4:76179611;A|G;Family=13195	-0.297629554794574	0.0190334422149001	0.622425828789969	1
chr4:76263795;A|G;Family=11497	0.0312511785276108	0.771452243798805	0.996022715787731	1
chr4:767899;C|T;Family=13879	0.0545541589494766	0.897342321426224	0.996022715787731	1
chr4:7741984;G|A;Family=11258	-0.129459297585755	0.348253983975199	0.996022715787731	1
chr4:7742481;T|C;Family=13628	0.143341265271865	0.52229789711368	0.996022715787731	1
chr4:77717094;A|C;Family=12972	0.398428805467232	0.077956740601788	0.858243244198766	1
chr4:77718086;T|G;Family=14346	-0.26747575829823	0.580892810914137	0.996022715787731	1
chr4:78071689;C|T;Family=11325	-0.00188353619541735	0.989505428656905	0.997729814887619	1
chr4:78912468;T|C;Family=11673	0.180677300308665	0.715454009438497	0.996022715787731	1
chr4:78919845;C|T;Family=11450	-0.108215697566855	0.653595488081848	0.996022715787731	1
chr4:78920280;CGTT|C;Family=13034	-0.0558310105560456	0.759916995546632	0.996022715787731	1
chr4:78926636;G|A;Family=13748	-0.0505208004502673	0.700060111135136	0.996022715787731	1
chr4:7966592;A|G;Family=11407	0.18041788776721	0.362850291259545	0.996022715787731	1
chr4:79903699;G|A;Family=13578	-0.0159685763062474	0.937921191058424	0.996022715787731	1
chr4:8007268;G|A;Family=11031	-0.0875232591375069	0.265623550912147	0.996022715787731	1
chr4:80870473;A|G;Family=13997	-0.1210190840135	0.258097824599943	0.996022715787731	1
chr4:81054276;T|A;Family=14419	0.256819849978171	0.475740770372556	0.996022715787731	1
chr4:82355303;C|T;Family=11041	0.433883181129339	0.28888955936629	0.996022715787731	1
chr4:82918607;C|A;Family=11568	0.125940590228718	0.649023692512199	0.996022715787731	1
chr4:82931083;C|T;Family=13916	-0.0302812843199413	0.902303900642351	0.996022715787731	1
chr4:83462178;C|T;Family=13054	-0.0202788435257303	0.849063813083321	0.996022715787731	1
chr4:84649853;GAAA|G;Family=12867	-0.0704254020725668	0.74634839025061	0.996022715787731	1
chr4:849961;G|A;Family=11798	-0.0938578747525527	0.664913707991792	0.996022715787731	1
chr4:8606838;G|A;Family=12529	-0.155524062445227	0.438474619527143	0.996022715787731	1
chr4:8618435;C|T;Family=12656	0.0604614980715725	0.718139176516418	0.996022715787731	1
chr4:87812148;T|C;Family=11310	-0.462209188454403	0.0191122991352859	0.622425828789969	1
chr4:88707192;T|G;Family=13568	-0.751251841604773	0.0171654652140919	0.612013213605795	1
chr4:95156901;A|G;Family=11368	-0.331805105480418	0.391408134884896	0.996022715787731	1
chr4:95167823;A|G;Family=13344	-0.0908609667631965	0.435903594097127	0.996022715787731	1
chr4:95169196;T|C;Family=13654	0.0138497939045913	0.913557935807664	0.996022715787731	1
chr4:98471525;A|G;Family=13089	-0.00481856772306497	0.987203995640813	0.997729814887619	1
chr4:98874417;GCAC|G;Family=12860	0.0632064363959074	0.785847800077677	0.996022715787731	1
chr5:103277917;C|A;Family=11490	-0.300017163233345	0.300047263421439	0.996022715787731	1
chr5:103549489;T|C;Family=13651	0.0127406081384823	0.971268768086156	0.996335242230383	1
chr5:1038589;G|A;Family=14036	0.1254015815483	0.52448239715411	0.996022715787731	1
chr5:10651985;A|G;Family=12572	0.0791042099248042	0.604578502567915	0.996022715787731	1
chr5:10655067;C|T;Family=11954	-0.0560460308875288	0.520076536564678	0.996022715787731	1
chr5:107878371;G|A;Family=12645	0.0289770277983727	0.883710488870848	0.996022715787731	1
chr5:109194136;G|C;Family=14596	-0.155316351160537	0.195613702175171	0.996022715787731	1
chr5:109195086;A|G;Family=13894	-0.26628737627595	0.212961459230882	0.996022715787731	1
chr5:109196078;A|G;Family=12969	0.252515166593166	0.129798256631785	0.92671157763597	1
chr5:11017999;C|T;Family=12467	0.194383269886574	0.429423691588312	0.996022715787731	1
chr5:111473367;G|A;Family=11933	-0.232687372856491	0.303732408665106	0.996022715787731	1
chr5:112164264;A|G;Family=12758	0.102338960829138	0.720119280056862	0.996022715787731	1
chr5:113018686;G|C;Family=13160	-0.13298220198523	0.357747042262648	0.996022715787731	1
chr5:113532927;C|T;Family=11788	0.200710325286106	0.622164628330978	0.996022715787731	1
chr5:115206875;G|A;Family=12206	0.357350412182345	0.192574300107076	0.996022715787731	1
chr5:115522383;T|C;Family=11957	0.170409144868214	0.585582563354523	0.996022715787731	1
chr5:115805085;TC|T;Family=14481	0.102606798833887	0.605311864372915	0.996022715787731	1
chr5:123193715;A|G;Family=13843	0.105470276348717	0.636277683291929	0.996022715787731	1
chr5:124637274;C|A;Family=13876	0.173477809948721	0.446941439294831	0.996022715787731	1
chr5:126543387;C|T;Family=14129	0.124809779699241	0.570647901499897	0.996022715787731	1
chr5:127051416;G|A;Family=11524	-0.051736211463395	0.78599421971832	0.996022715787731	1
chr5:131200111;T|G;Family=13486	-0.0815966159552458	0.773071042336126	0.996022715787731	1
chr5:132483133;G|A;Family=13575	-0.502815223735357	0.0993639915621826	0.905173479085028	1
chr5:132861482;T|C;Family=14463	-0.104016370208308	0.710367385314662	0.996022715787731	1
chr5:134579061;G|T;Family=22231	0.0501944762481516	0.731498572906522	0.996022715787731	1
chr5:134602714;C|T;Family=13064	-0.0372007042029789	0.822473095820788	0.996022715787731	1
chr5:134603713;C|G;Family=12175	-0.0596515649576576	0.622262430981772	0.996022715787731	1
chr5:134751145;T|C;Family=14206	0.295260574246697	0.313855895785588	0.996022715787731	1
chr5:134751653;A|C;Family=12705	-0.056782426873501	0.686804103988265	0.996022715787731	1
chr5:134900029;ACT|A;Family=14032	0.048836494252993	0.843277058356108	0.996022715787731	1
chr5:135446401;G|A;Family=13053	0.047673384633958	0.743836546644361	0.996022715787731	1
chr5:135826564;C|T;Family=13620	0.197520715649534	0.359600544314187	0.996022715787731	1
chr5:135872456;C|T;Family=12162	-0.0226909431090475	0.83155455522197	0.996022715787731	1
chr5:135947137;G|A;Family=14686	-0.482560723704582	0.289208210673343	0.996022715787731	1
chr5:136247596;C|T;Family=14339	0.0305651349299064	0.748092427883613	0.996022715787731	1
chr5:136977317;C|T;Family=11388	-0.00848398431834168	0.965752125676814	0.996022715787731	1
chr5:136978143;T|C;Family=12997	-0.0332540624392426	0.898337435308742	0.996022715787731	1
chr5:137620150;C|T;Family=13812	0.14698753960132	0.291535142982062	0.996022715787731	1
chr5:138160986;G|T;Family=12837	-0.644878088843476	0.00141108829651555	0.258229158262346	1
chr5:138468105;A|G;Family=11721	-0.175382769695236	0.37123996509513	0.996022715787731	1
chr5:138506911;AG|A;Family=14015	0.104927591104066	0.645581978686446	0.996022715787731	1
chr5:139412675;C|A;Family=11254	0.0950102429055754	0.297165828946169	0.996022715787731	1
chr5:139448778;C|T;Family=11696	0.0296665424131605	0.855986929431627	0.996022715787731	1
chr5:139473349;C|T;Family=13750	0.0962862146057235	0.463198172841064	0.996022715787731	1
chr5:139844466;A|G;Family=13985	-0.172044031984102	0.553324240055677	0.996022715787731	1
chr5:140566826;G|A;Family=12456	0.487615326172726	0.0117140495626369	0.548509048557456	1
chr5:140668697;C|T;Family=13589	0.0165908028669546	0.909233110789711	0.996022715787731	1
chr5:141011417;G|A;Family=12494	-0.155022051031517	0.318920520233083	0.996022715787731	1
chr5:141124503;C|T;Family=13577	0.163894532875534	0.676671085388913	0.996022715787731	1
chr5:141218712;C|T;Family=13612	-0.00578815366360233	0.952014295565546	0.996022715787731	1
chr5:141511592;C|T;Family=12261	-0.129638141290743	0.453024977161643	0.996022715787731	1
chr5:141574181;C|T;Family=11265	-0.233984728016132	0.056674717764237	0.772097658423288	1
chr5:141944620;C|T;Family=13064	-0.093494439084747	0.846724438761805	0.996022715787731	1
chr5:144485013;G|A;Family=11918	-0.0320285296912313	0.910928755504234	0.996022715787731	1
chr5:146063236;G|A;Family=12628	-0.226357525592166	0.386855840520128	0.996022715787731	1
chr5:146510584;G|A;Family=14540	0.0970337961749967	0.357855807274858	0.996022715787731	1
chr5:14708976;T|TCTGC;Family=11700	-0.0743837381453673	0.695739653802288	0.996022715787731	1
chr5:149042833;G|A;Family=12497	0.124911650971842	0.346547856189716	0.996022715787731	1
chr5:149369334;G|A;Family=13586	-0.0973032416899196	0.399623099414579	0.996022715787731	1
chr5:149632765;G|A;Family=12908	-0.0283402517820339	0.794736905615061	0.996022715787731	1
chr5:149852282;CCT|C;Family=12053	-0.0979137118988639	0.488002643554589	0.996022715787731	1
chr5:150114767;G|A;Family=14044	-0.120520814567447	0.430345624310103	0.996022715787731	1
chr5:150132781;C|T;Family=14058	-0.12388092875177	0.492262793806336	0.996022715787731	1
chr5:150296819;C|G;Family=12802	0.0311505351930917	0.823515028588292	0.996022715787731	1
chr5:150405353;G|T;Family=12790	-0.132607854269016	0.431385964178342	0.996022715787731	1
chr5:150651253;G|A;Family=12972	0.00859909025482869	0.922022115263041	0.996022715787731	1
chr5:150653430;C|A;Family=11118	0.128737509645297	0.567925024186019	0.996022715787731	1
chr5:150715573;G|A;Family=11250	0.189194973575943	0.23504742067089	0.996022715787731	1
chr5:151181061;G|A;Family=12681	0.342323762353393	0.0451743842984303	0.729055155347708	1
chr5:151315542;G|A;Family=13503	-0.176598213633787	0.289456541574033	0.996022715787731	1
chr5:151794181;A|G;Family=14642	0.0776572741948029	0.751437483257034	0.996022715787731	1
chr5:153991515;CA|C;Family=11676	-0.0450208408595675	0.871832370698776	0.996022715787731	1
chr5:153992232;T|C;Family=11519	0.237216484980083	0.0211843197400692	0.651839643683368	1
chr5:154417976;C|T;Family=14214	-0.041782395924693	0.828793043103912	0.996022715787731	1
chr5:154968991;A|T;Family=11634	0.0452216017078573	0.889442577565546	0.996022715787731	1
chr5:157086815;CCCA|C;Family=14307	-0.189492044181933	0.525519515195327	0.996022715787731	1
chr5:157502848;G|A;Family=14455	-0.273444928050064	0.0794806800782292	0.858243244198766	1
chr5:157759964;G|A;Family=11055	-0.0952983296095807	0.777643219742364	0.996022715787731	1
chr5:158698174;C|T;Family=14456	0.0120622789847133	0.8453099622762	0.996022715787731	1
chr5:160259707;C|A;Family=14681	0.0449863401956069	0.774976234330383	0.996022715787731	1
chr5:161289036;T|A;Family=11931	-0.225024663701202	0.0312003730128096	0.709043771016594	1
chr5:161897364;A|G;Family=14046	0.0428817938253578	0.798069597406084	0.996022715787731	1
chr5:162153429;T|A;Family=14317	0.471138980722144	0.211000825965279	0.996022715787731	1
chr5:162159552;G|A;Family=11827	-0.0431754224481051	0.914348653609863	0.996022715787731	1
chr5:169598511;C|T;Family=11336	-0.110499575841786	0.706595877450961	0.996022715787731	1
chr5:170047567;T|TA;Family=12916	-0.0301430043230035	0.795003866495748	0.996022715787731	1
chr5:171028985;T|G;Family=14333	-0.116443126266265	0.709717986206449	0.996022715787731	1
chr5:172044771;G|A;Family=14563	0.0145308748205275	0.872502378902047	0.996022715787731	1
chr5:172044784;C|T;Family=11298	0.0309526598769245	0.830400307285274	0.996022715787731	1
chr5:172334322;C|G;Family=13151	0.14582970070088	0.303885435962796	0.996022715787731	1
chr5:172690788;T|A;Family=11159	-0.00578354753648075	0.949489383410878	0.996022715787731	1
chr5:172950895;A|C;Family=11895	0.00748622100646222	0.961913584081526	0.996022715787731	1
chr5:173092121;A|C;Family=14185	0.197969978779901	0.638029003025205	0.996022715787731	1
chr5:173958259;G|A;Family=13290	-0.424773134489632	0.0773077236484166	0.858243244198766	1
chr5:175709168;A|G;Family=11079	0.0581384557633475	0.640031228521602	0.996022715787731	1
chr5:175883914;C|T;Family=11707	0.0452102318399374	0.664596700612494	0.996022715787731	1
chr5:176378052;G|A;Family=13582	0.0755851058339245	0.468712871890384	0.996022715787731	1
chr5:176508338;GT|G;Family=13975	-0.05575933723064	0.759615771610386	0.996022715787731	1
chr5:176508958;G|A;Family=11671	-0.129727264375671	0.447662759926241	0.996022715787731	1
chr5:176526703;G|A;Family=13629	-0.374694175322419	0.111157438435223	0.905173479085028	1
chr5:177307387;G|C;Family=12817	0.163106481839895	0.28320212511145	0.996022715787731	1
chr5:177490390;G|A;Family=14124	0.360686521103426	0.110650147758044	0.905173479085028	1
chr5:177524227;G|A;Family=11781	0.0631152108357901	0.731179828655997	0.996022715787731	1
chr5:178123185;G|A;Family=12858	-0.1197978802796	0.426406876663504	0.996022715787731	1
chr5:178123307;G|A;Family=12563	0.140700009666418	0.288858926341153	0.996022715787731	1
chr5:178619898;T|C;Family=12618	-0.136214715975103	0.416063930828763	0.996022715787731	1
chr5:178620162;A|G;Family=14288	-0.0985291968771433	0.682417768390994	0.996022715787731	1
chr5:178979903;C|G;Family=12739	-0.182080628586389	0.474472195667689	0.996022715787731	1
chr5:179917699;TA|T;Family=12795	0.0169320870190498	0.908669813965025	0.996022715787731	1
chr5:180241066;T|C;Family=11563	0.0202587098723532	0.918968365657575	0.996022715787731	1
chr5:180791412;T|C;Family=14263	0.286636394559015	0.112006705661066	0.905173479085028	1
chr5:180950161;G|A;Family=14696	0.298283285144764	0.0697491536256212	0.842075719292656	1
chr5:181006559;C|T;Family=12899	0.276282367980464	0.496892863195718	0.996022715787731	1
chr5:188554;TGAC|T;Family=13874	-0.0602450889902121	0.733074539955827	0.996022715787731	1
chr5:24492863;GA|G;Family=12329	0.0734498927650358	0.766296240529587	0.996022715787731	1
chr5:2754211;C|T;Family=12498	0.00592672587260977	0.976644421961333	0.996335242230383	1
chr5:32787669;G|A;Family=12888	-0.185616658730559	0.144250797573092	0.966396961775802	1
chr5:33947127;G|A;Family=13885	-0.304157216761405	0.0391994450696676	0.71240606807306	1
chr5:35060331;G|A;Family=14513	-0.0961806082464189	0.621093746963485	0.996022715787731	1
chr5:35876241;G|A;Family=14310	0.0716740918891458	0.668772967218129	0.996022715787731	1
chr5:36100376;T|C;Family=12415	-0.0325339328825387	0.818123711241447	0.996022715787731	1
chr5:36103518;G|GT;Family=11348	0.127373340746134	0.598408282125378	0.996022715787731	1
chr5:38947440;A|T;Family=14188	0.30754004291022	0.527659375375899	0.996022715787731	1
chr5:40760134;C|T;Family=14336	-0.189956892945554	0.627029959442154	0.996022715787731	1
chr5:40981661;C|T;Family=13148	0.216500680301783	0.108060765688275	0.905173479085028	1
chr5:41310859;C|T;Family=11055	-0.0202249215950051	0.877735802070648	0.996022715787731	1
chr5:42721448;G|C;Family=11931	0.434980098665144	0.0517956528765498	0.754519102585429	1
chr5:43380844;A|G;Family=11348	0.210296016070079	0.698352636428963	0.996022715787731	1
chr5:43444768;T|C;Family=12605	0.726916623523601	0.148236031902034	0.979079076844982	1
chr5:52952473;A|G;Family=12415	0.0724258725967399	0.796518011326928	0.996022715787731	1
chr5:52954074;C|A;Family=14285	0.128452475228967	0.347106936117776	0.996022715787731	1
chr5:53045071;C|T;Family=12430	-0.246190110386828	0.266600164287845	0.996022715787731	1
chr5:5319376;CAG|C;Family=14124	-0.0464090127265673	0.762892703352384	0.996022715787731	1
chr5:53486850;G|A;Family=11325	0.260000860944906	0.0834340747945224	0.865084954774454	1
chr5:53573684;G|A;Family=12313	-0.0115433351401935	0.928363759345902	0.996022715787731	1
chr5:55350930;A|G;Family=22349	-0.199487062720959	0.454563087970406	0.996022715787731	1
chr5:55936960;T|C;Family=14472	0.75764069964331	0.12828587894884	0.92671157763597	1
chr5:56895756;A|G;Family=12233	-0.238556614561867	0.428058429048045	0.996022715787731	1
chr5:58454338;G|A;Family=11654	0.937854240372799	0.00620759838006202	0.437341919844825	1
chr5:58970567;A|G;Family=13645	0.451444052532897	0.322454654691392	0.996022715787731	1
chr5:58973604;T|TATC;Family=14653	-0.0749960055049356	0.653329723560253	0.996022715787731	1
chr5:64721648;A|C;Family=13736	-0.235569882104231	0.295648892257659	0.996022715787731	1
chr5:6491759;G|A;Family=11694	0.226765726680846	0.0195667650275842	0.624161853219361	1
chr5:6493758;C|T;Family=14303	-0.0891459280825955	0.564552938172651	0.996022715787731	1
chr5:6494271;A|G;Family=13042	0.2146950320706	0.288773620850473	0.996022715787731	1
chr5:65297209;C|T;Family=12792	-0.0413241331835981	0.906551290770859	0.996022715787731	1
chr5:65591350;T|A;Family=11834	0.0630615579948372	0.677260153953713	0.996022715787731	1
chr5:66180575;CTCT|C;Family=12237	-0.687482912733572	0.000148184537817616	0.0858729396653082	0.515237637991849
chr5:662515;C|T;Family=14264	0.15418240795121	0.197760904510118	0.996022715787731	1
chr5:663304;C|T;Family=13287	0.155677615378879	0.295833122970869	0.996022715787731	1
chr5:72205719;G|A;Family=12834	-0.0884860844103909	0.417300968820384	0.996022715787731	1
chr5:76617391;G|A;Family=14336	-0.075986806901252	0.680757638424789	0.996022715787731	1
chr5:76627438;G|A;Family=12324	0.131457681104436	0.61745513835642	0.996022715787731	1
chr5:76834865;T|C;Family=13823	-0.177831902472488	0.477554562267047	0.996022715787731	1
chr5:78485842;C|T;Family=12582	-0.0971267441059648	0.803138221414423	0.996022715787731	1
chr5:79373237;A|C;Family=12055	0.0618154734286008	0.834728451181226	0.996022715787731	1
chr5:80113607;C|T;Family=14534	0.406069702500112	0.0814938486822561	0.862510638614	1
chr5:80113608;A|G;Family=14534	0.0393526865944047	0.84917321132377	0.996022715787731	1
chr5:80142876;A|C;Family=11245	-0.0272202516053592	0.884802798439349	0.996022715787731	1
chr5:82273768;G|T;Family=14424	-0.0957070107916578	0.565602422576689	0.996022715787731	1
chr5:9041297;G|GT;Family=11455	-0.0182374215226069	0.931493439437572	0.996022715787731	1
chr5:91369300;A|G;Family=11590	0.223131084334753	0.254087637460979	0.996022715787731	1
chr5:94705821;CATT|C;Family=12396	-0.088117018422362	0.780993741609781	0.996022715787731	1
chr5:96774034;T|G;Family=14328	-1.02275277266524	0.000816616470008841	0.189291697748049	1
chr5:98855389;T|C;Family=12952	-0.525490295366664	0.0471778573348387	0.729055155347708	1
chr5:98858989;C|CA;Family=14559	0.576153842088151	0.0768803362148767	0.858243244198766	1
chr6:100655708;CT|C;Family=13234	0.172872625188545	0.709150587669007	0.996022715787731	1
chr6:101745058;T|C;Family=11572	0.425856324533553	0.0966366274471572	0.905173479085028	1
chr6:104728706;C|T;Family=14506	0.349288747685486	0.488484371540914	0.996022715787731	1
chr6:104729279;G|A;Family=11115	0.0797188314600321	0.811124330853898	0.996022715787731	1
chr6:105079279;G|C;Family=11413	-0.032144191865515	0.906381106759015	0.996022715787731	1
chr6:105081775;A|G;Family=12007	-0.202452819206865	0.152191530792539	0.982623796799126	1
chr6:106185755;T|C;Family=13333	0.218515101129038	0.304282125130119	0.996022715787731	1
chr6:109980371;G|A;Family=11437	0.560434638597227	0.0788433416341628	0.858243244198766	1
chr6:110612870;A|G;Family=11004	-0.201209260805888	0.296342243527242	0.996022715787731	1
chr6:115936149;G|A;Family=14571	-0.0717015294995412	0.455211526586731	0.996022715787731	1
chr6:115939250;C|T;Family=14292	0.0632150003373244	0.871582906918352	0.996022715787731	1
chr6:115940637;AAAAC|A;Family=14568	0.0683277335382579	0.724894026674543	0.996022715787731	1
chr6:116119997;A|G;Family=13165	0.00282981640266062	0.991758216696229	0.997729814887619	1
chr6:116439914;C|T;Family=12626	0.0489228533268151	0.822321353268387	0.996022715787731	1
chr6:116523303;G|A;Family=12285	0.674984325629914	0.0250485019179647	0.677104769315577	1
chr6:118908858;T|C;Family=13579	-0.18435038005231	0.216859160574729	0.996022715787731	1
chr6:121449531;T|C;Family=12795	-0.461376008449587	0.0124414618164906	0.548509048557456	1
chr6:122445018;T|C;Family=14189	-0.311806609263832	0.252971509038284	0.996022715787731	1
chr6:122781941;G|A;Family=11031	-0.112598528947586	0.444153273472765	0.996022715787731	1
chr6:123218361;T|C;Family=12853	-0.23485536055193	0.385083047826063	0.996022715787731	1
chr6:125931978;C|T;Family=13776	-0.00695513074619101	0.969222541278241	0.996022715787731	1
chr6:128005227;C|T;Family=13629	0.0664561918733663	0.548370657866885	0.996022715787731	1
chr6:130882353;T|C;Family=11189	0.444345161006005	0.0284058675222954	0.702854201901068	1
chr6:132682546;G|A;Family=13951	0.0648280205380208	0.684967088475161	0.996022715787731	1
chr6:13360189;A|G;Family=13028	-0.601176654436181	0.00064107242301201	0.176673035238543	1
chr6:13363690;G|A;Family=12821	0.25188430432346	0.0397036203849818	0.71240606807306	1
chr6:133988725;C|CT;Family=14482	0.0357078943541844	0.950276093226562	0.996022715787731	1
chr6:133989378;A|G;Family=14554	0.176168851339694	0.489651459628497	0.996022715787731	1
chr6:135283717;TCTTA|T;Family=13335	0.124844422306393	0.670241780912546	0.996022715787731	1
chr6:13613509;T|C;Family=13317	-0.0990373165711383	0.336267854961684	0.996022715787731	1
chr6:13786805;CAAAA|C;Family=14453	-0.793925528568088	0.0823643507013032	0.862592913820576	1
chr6:138337102;C|T;Family=14416	-0.303904246987472	0.356647662412206	0.996022715787731	1
chr6:138382950;A|G;Family=13880	0.0143394273253897	0.918660811229826	0.996022715787731	1
chr6:139178259;G|T;Family=12011	-0.0207498153568807	0.922444079739278	0.996022715787731	1
chr6:139179044;A|G;Family=13992	-0.18472963238198	0.20309735830395	0.996022715787731	1
chr6:145793967;T|G;Family=11471	-0.219490613460868	0.313045829739459	0.996022715787731	1
chr6:145799581;G|A;Family=13518	-0.942324629769699	0.0413026466065825	0.714474140552673	1
chr6:145935370;A|T;Family=12689	-0.00406352263717499	0.972269944726574	0.996335242230383	1
chr6:147386774;C|T;Family=14271	0.4287891479039	0.134996700268992	0.950023084808836	1
chr6:147569681;A|G;Family=12738	0.0396906537339984	0.838839659361883	0.996022715787731	1
chr6:149683103;T|G;Family=14692	-0.162257124717759	0.338074369720274	0.996022715787731	1
chr6:149802392;CTCTT|C;Family=11355	0.187002634397721	0.256052460064737	0.996022715787731	1
chr6:149918854;G|T;Family=13982	-0.070991837924437	0.599869415582207	0.996022715787731	1
chr6:149918900;C|A;Family=12891	0.127370243330584	0.212719772966029	0.996022715787731	1
chr6:150401114;T|A;Family=14256	0.0422385969379553	0.913946448914064	0.996022715787731	1
chr6:150842843;A|G;Family=14595	-0.0302658703857922	0.7183421170331	0.996022715787731	1
chr6:151423542;T|C;Family=12749	-0.293396625591626	0.142142145612176	0.961533541427114	1
chr6:151436379;G|A;Family=13493	0.102225772756149	0.800228148863899	0.996022715787731	1
chr6:151619649;G|A;Family=14168	0.0915216397130826	0.336796739868712	0.996022715787731	1
chr6:151619677;C|T;Family=14315	-0.412619691848451	0.0103334407903776	0.548509048557456	1
chr6:152435311;A|T;Family=12931	0.2731269068922	0.453124098679419	0.996022715787731	1
chr6:153007752;C|T;Family=13529	-0.0638002501469737	0.64096001585936	0.996022715787731	1
chr6:154402214;C|T;Family=13940	-0.0294553682721995	0.83838359405292	0.996022715787731	1
chr6:15523068;G|A;Family=11918	-0.253670446911343	0.180172604152114	0.996022715787731	1
chr6:157673793;C|T;Family=14241	0.00956271480806515	0.955193604803134	0.996022715787731	1
chr6:158111188;G|A;Family=11615	-0.0828125116578319	0.431132928991821	0.996022715787731	1
chr6:158117740;A|T;Family=12723	0.0990574429851828	0.581515185919697	0.996022715787731	1
chr6:158506980;G|A;Family=14040	0.1913507770277	0.210475541665479	0.996022715787731	1
chr6:158977496;G|C;Family=11360	0.039795514777247	0.872737156010141	0.996022715787731	1
chr6:159908666;C|T;Family=13166	-0.232415874001958	0.138466178428776	0.957033927482845	1
chr6:160108261;G|A;Family=13057	0.0909711373713433	0.561443679750511	0.996022715787731	1
chr6:160109275;G|A;Family=14005	0.024741423631457	0.870602199076586	0.996022715787731	1
chr6:160216821;A|G;Family=11432	-0.133093377306081	0.695437625605449	0.996022715787731	1
chr6:160711605;C|G;Family=13863	-0.202504669230969	0.337791496602342	0.996022715787731	1
chr6:161154268;T|C;Family=12552	-0.478699465204536	0.097824018287793	0.905173479085028	1
chr6:161349561;A|AT;Family=12030	-0.0707898483824569	0.785202744815724	0.996022715787731	1
chr6:16300875;A|G;Family=11798	0.186295239030227	0.271740394095961	0.996022715787731	1
chr6:163573752;A|G;Family=13012	-0.257029263511872	0.530971931238637	0.996022715787731	1
chr6:163576481;A|G;Family=12101	0.158357608176029	0.611265380883469	0.996022715787731	1
chr6:167040897;A|T;Family=11024	0.0835980836309916	0.765006376706808	0.996022715787731	1
chr6:167042285;T|C;Family=11184	-0.223960117527878	0.594588355228066	0.996022715787731	1
chr6:167050007;A|G;Family=11800	0.0499795339652878	0.757367929476446	0.996022715787731	1
chr6:167357627;G|C;Family=14524	-0.0342002181203553	0.787332955084991	0.996022715787731	1
chr6:168055897;A|G;Family=14418	0.00819443068029002	0.95823537684292	0.996022715787731	1
chr6:168307277;C|T;Family=12255	0.0092624605747831	0.90276269424675	0.996022715787731	1
chr6:169217039;A|G;Family=12908	-0.155682797401915	0.380091352252166	0.996022715787731	1
chr6:170581376;A|T;Family=13581	0.171469362111637	0.634560698127357	0.996022715787731	1
chr6:18225949;G|C;Family=12643	0.0071768810388913	0.958695832940622	0.996022715787731	1
chr6:18468711;C|T;Family=12575	0.264628391634441	0.263336417440433	0.996022715787731	1
chr6:25986227;T|C;Family=14633	0.00603170286783691	0.968886363569323	0.996022715787731	1
chr6:26270346;A|C;Family=11524	-0.19883736184887	0.140821365600022	0.957095059150192	1
chr6:26270657;G|A;Family=13277	0.249358296455203	0.226672478131238	0.996022715787731	1
chr6:26285173;C|G;Family=22140	-0.0705910374473761	0.514692676986357	0.996022715787731	1
chr6:27810585;T|C;Family=11018	-0.129512486854916	0.291265290247806	0.996022715787731	1
chr6:27854874;A|G;Family=11868	0.122090386583782	0.393572273472137	0.996022715787731	1
chr6:28534462;G|C;Family=14026	0.148695662336039	0.337169113120732	0.996022715787731	1
chr6:2889864;C|T;Family=13703	0.457133446239918	0.115702194914778	0.905173479085028	1
chr6:29310806;C|T;Family=12686	0.250959738254953	0.156998608129139	0.983575063900933	1
chr6:29463903;T|G;Family=12832	-0.0932217784544811	0.319869334944583	0.996022715787731	1
chr6:29831116;G|C;Family=11048	0.175720212511114	0.501140739400929	0.996022715787731	1
chr6:30676626;G|C;Family=14577	-0.106016146983891	0.397198674284393	0.996022715787731	1
chr6:30724523;G|T;Family=14076	0.324865930170018	0.218247569637072	0.996022715787731	1
chr6:30893309;C|T;Family=14181	0.0458164955922706	0.772386697324825	0.996022715787731	1
chr6:30899025;C|T;Family=13073	-0.131951517684516	0.353242761585016	0.996022715787731	1
chr6:31510632;G|A;Family=11341	-0.0447418360016913	0.737992455012173	0.996022715787731	1
chr6:31557662;C|CTG;Family=11808	-0.0399615482738179	0.678745219055135	0.996022715787731	1
chr6:31558799;G|A;Family=14662	0.160450861672746	0.29250800165973	0.996022715787731	1
chr6:31661476;G|A;Family=14603	0.0887601351042287	0.483584569947265	0.996022715787731	1
chr6:31673158;C|T;Family=11905	0.110708435186156	0.571704505276058	0.996022715787731	1
chr6:31689640;C|T;Family=11575	0.258659226576641	0.111105450183151	0.905173479085028	1
chr6:31859316;A|C;Family=14186	0.222070110083247	0.162303081322876	0.990048796069546	1
chr6:31935940;C|G;Family=11721	0.00593948551221845	0.948138103855749	0.996022715787731	1
chr6:31945211;T|A;Family=11818	0.0843048112406618	0.615162168402353	0.996022715787731	1
chr6:31964099;C|T;Family=12532	-0.0770534098876531	0.765250607906478	0.996022715787731	1
chr6:32069105;C|T;Family=12788	0.0390896149653043	0.690885720755414	0.996022715787731	1
chr6:3267148;C|T;Family=11328	0.787883492915808	0.0804231356839457	0.860403823917166	1
chr6:33440873;CTT|C;Family=13073	-0.000646036137054504	0.995982496187974	0.997729814887619	1
chr6:34019696;C|T;Family=14554	0.0289550739848783	0.701043814313865	0.996022715787731	1
chr6:34036305;G|A;Family=13531	-0.0522251124509274	0.721820634286851	0.996022715787731	1
chr6:34281276;T|C;Family=11216	0.147623203920655	0.384978502373256	0.996022715787731	1
chr6:34287657;A|G;Family=13741	-0.148112596599919	0.331538433527865	0.996022715787731	1
chr6:34537880;C|T;Family=14359	-0.0258077032936794	0.885595152158286	0.996022715787731	1
chr6:349000;C|T;Family=12100	-0.0985868363334838	0.540583181350785	0.996022715787731	1
chr6:35090681;GTTA|G;Family=11496	-0.0303023909827243	0.921852512102388	0.996022715787731	1
chr6:35248773;C|T;Family=11718	0.0927669839362592	0.668716756193705	0.996022715787731	1
chr6:35291567;C|T;Family=13195	-0.0880494305113048	0.60158081119602	0.996022715787731	1
chr6:35575305;G|A;Family=11453	0.0194623042779216	0.8603317937632	0.996022715787731	1
chr6:35795046;A|C;Family=12624	0.0730895418037078	0.511917367142387	0.996022715787731	1
chr6:36138971;C|T;Family=13153	-0.0445768448252719	0.749772460733039	0.996022715787731	1
chr6:36142734;C|T;Family=14433	-0.101024306937681	0.417243814859574	0.996022715787731	1
chr6:36490070;G|A;Family=14594	0.144538821766663	0.34372813158871	0.996022715787731	1
chr6:36741419;G|A;Family=12613	-0.0159654300187175	0.930008566630176	0.996022715787731	1
chr6:36925904;C|T;Family=11201	-0.0632710084667387	0.739783011078158	0.996022715787731	1
chr6:37392924;G|GA;Family=13581	0.0494557279447567	0.801584324842748	0.996022715787731	1
chr6:37630704;C|T;Family=12467	0.0100208302809523	0.945665307804949	0.996022715787731	1
chr6:38152744;G|C;Family=14632	0.0654066341923197	0.663044887508942	0.996022715787731	1
chr6:38170191;A|G;Family=14384	-0.200062933327862	0.294954469781353	0.996022715787731	1
chr6:38170360;T|A;Family=13531	0.19069162373877	0.285807039718029	0.996022715787731	1
chr6:38173519;G|A;Family=12361	0.212663151100751	0.342788851390366	0.996022715787731	1
chr6:39861263;G|T;Family=11280	0.245748903615478	0.11069665670382	0.905173479085028	1
chr6:4116006;T|A;Family=13293	-0.110472729169818	0.55309370385624	0.996022715787731	1
chr6:43007441;CT|C;Family=14550	-0.0130330306331272	0.91982012860216	0.996022715787731	1
chr6:43132030;G|A;Family=13808	0.0985059630769525	0.405654760257098	0.996022715787731	1
chr6:43141734;G|A;Family=11726	0.221781235902124	0.267348126418172	0.996022715787731	1
chr6:43450471;G|A;Family=14486	-0.242111212296535	0.15246067707396	0.982623796799126	1
chr6:44003235;C|G;Family=14525	-0.00614112838069728	0.976023501287634	0.996335242230383	1
chr6:44155232;T|TG;Family=14303	0.104585692125775	0.369783467250496	0.996022715787731	1
chr6:44447702;G|A;Family=14188	-0.261526021322899	0.230030617800328	0.996022715787731	1
chr6:46160238;A|AT;Family=14640	0.0169640752923757	0.957798761824199	0.996022715787731	1
chr6:47019974;C|A;Family=14131	0.285969058325061	0.202024244059524	0.996022715787731	1
chr6:49728384;A|G;Family=13589	0.193633990165656	0.604760866945649	0.996022715787731	1
chr6:5104495;G|A;Family=12170	1.03321067014506	4.13939155180234e-05	0.0287853288512335	0.143926644256167
chr6:52189690;C|T;Family=11897	0.441970911842757	0.484930299882556	0.996022715787731	1
chr6:52190217;T|C;Family=12001	0.156354040634032	0.340620980560249	0.996022715787731	1
chr6:52452690;A|G;Family=14163	0.122837451405716	0.564015709414085	0.996022715787731	1
chr6:52497823;C|T;Family=11788	-0.0259782658836915	0.755866303367596	0.996022715787731	1
chr6:52502624;A|G;Family=13496	-0.0211075986657682	0.884016204033342	0.996022715787731	1
chr6:52750221;G|A;Family=11845	0.342610380047386	0.165806466184409	0.994944563444845	1
chr6:52791844;C|T;Family=13714	-0.020868723941577	0.932250818582663	0.996022715787731	1
chr6:55499251;C|A;Family=13300	-0.0218711068580068	0.948776896422809	0.996022715787731	1
chr6:57026903;A|T;Family=14618	0.423894719900514	0.159302584739681	0.986644205588117	1
chr6:57105244;G|T;Family=12585	0.293409284996441	0.567347038846638	0.996022715787731	1
chr6:57168724;G|A;Family=14682	-0.152029179370567	0.687820228407876	0.996022715787731	1
chr6:57184477;C|T;Family=13692	-0.247163939384919	0.10271804073004	0.905173479085028	1
chr6:57185120;G|A;Family=13349	-0.622549670499294	0.169235200131665	0.996022715787731	1
chr6:57188047;G|A;Family=12180	0.216275974334896	0.480253579846286	0.996022715787731	1
chr6:63277102;T|C;Family=14214	-0.403870982143285	0.0297151474487941	0.702854201901068	1
chr6:63277177;G|A;Family=12956	-0.283430231522306	0.223255205138085	0.996022715787731	1
chr6:63703543;CCG|C;Family=14133	0.0611615927306221	0.673018176139646	0.996022715787731	1
chr6:63703547;C|A;Family=14133	0.0774836870959978	0.831411370252437	0.996022715787731	1
chr6:63713212;C|T;Family=13931	0.406689138976646	0.0114440278121481	0.548509048557456	1
chr6:63713346;C|T;Family=14110	0.125610450116947	0.511002260662865	0.996022715787731	1
chr6:7417611;C|G;Family=11190	0.139805538448751	0.367317016831839	0.996022715787731	1
chr6:75085289;T|C;Family=12211	0.129600277228176	0.439341384835543	0.996022715787731	1
chr6:75717110;G|T;Family=14452	-0.315936248842461	0.636365586678652	0.996022715787731	1
chr6:75915105;G|C;Family=14613	0.234262887671259	0.395026974694825	0.996022715787731	1
chr6:7882227;C|T;Family=11940	0.180663248739133	0.479410174755908	0.996022715787731	1
chr6:79488659;T|C;Family=14643	0.277840637619713	0.103632359302604	0.905173479085028	1
chr6:79700984;C|T;Family=14467	-0.14042444692217	0.417016291641729	0.996022715787731	1
chr6:83553760;AC|A;Family=14233	0.00406657181016651	0.992299962275174	0.997729814887619	1
chr6:83656787;CA|C;Family=12661	-0.100071995922986	0.518741657774937	0.996022715787731	1
chr6:84732935;T|C;Family=13424	0.127949165784757	0.789682920572008	0.996022715787731	1
chr6:87169739;C|G;Family=14492	0.000563420628638432	0.996842499960162	0.997729814887619	1
chr6:88141988;A|G;Family=12396	0.0591426581931139	0.852475569370374	0.996022715787731	1
chr6:88142066;A|C;Family=12541	-0.298122040666403	0.00371416362755914	0.430471564434105	1
chr6:89634132;A|T;Family=12708	0.12257134110345	0.363209841164611	0.996022715787731	1
chr6:96795444;T|C;Family=11031	0.560647279510736	0.158891634454358	0.986644205588117	1
chr6:98837882;C|T;Family=14413	-0.236322520145421	0.625440816391115	0.996022715787731	1
chr6:98873421;T|C;Family=14344	0.0397200198287921	0.945080799257863	0.996022715787731	1
chr6:99280481;C|T;Family=14658	-0.291049121411906	0.115911453675861	0.905173479085028	1
chr6:99433895;T|A;Family=14526	-0.247958729003948	0.460940820156696	0.996022715787731	1
chr7:100034499;A|G;Family=11800	0.185469691748927	0.117550871331245	0.906262482524919	1
chr7:100070882;A|T;Family=11456	-0.0143172104187955	0.903170942207612	0.996022715787731	1
chr7:100201111;G|T;Family=14227	0.107778552833825	0.199734969049715	0.996022715787731	1
chr7:100367651;T|C;Family=13082	0.0879097957909929	0.531872240874565	0.996022715787731	1
chr7:100565841;C|T;Family=13497	0.632382691272984	0.0275718427123881	0.694690558775169	1
chr7:100566755;G|A;Family=11348	0.0373210627022241	0.848240873763738	0.996022715787731	1
chr7:100627396;G|C;Family=11634	-0.133331984652616	0.115283523223156	0.905173479085028	1
chr7:100681069;C|T;Family=14129	-0.0499431396939801	0.689738458653154	0.996022715787731	1
chr7:100865327;T|C;Family=14370	-0.254981427874662	0.0332035713489642	0.710285751252033	1
chr7:100893782;C|T;Family=14533	-0.0373826405927435	0.798742932620573	0.996022715787731	1
chr7:101092639;G|A;Family=13589	0.000890376347840027	0.997003192517609	0.997729814887619	1
chr7:101557594;G|A;Family=12860	0.089614035743988	0.602093913941541	0.996022715787731	1
chr7:102256679;G|T;Family=12585	-0.259293522500509	0.161682210359694	0.990048796069546	1
chr7:102457125;G|C;Family=13447	0.259150311871359	0.54093119603669	0.996022715787731	1
chr7:103336877;T|A;Family=12975	-0.743686792392543	0.0406217096753141	0.71240606807306	1
chr7:103374495;G|C;Family=11336	0.121887529498102	0.137106049652022	0.955346161603369	1
chr7:105107653;TC|T;Family=12952	0.198849833653284	0.231921416788137	0.996022715787731	1
chr7:105116390;C|A;Family=14261	-0.325187745150978	0.203748346481282	0.996022715787731	1
chr7:105116659;A|G;Family=13631	-0.194452690516456	0.6641761208543	0.996022715787731	1
chr7:107196482;C|T;Family=11984	0.218936344347242	0.110439269469786	0.905173479085028	1
chr7:107620052;T|G;Family=14412	-0.109807924954599	0.727309502082783	0.996022715787731	1
chr7:107623206;C|T;Family=12056	0.0290136428415972	0.859896350953465	0.996022715787731	1
chr7:107765695;G|T;Family=12086	0.366418456825923	0.508465971327094	0.996022715787731	1
chr7:11028794;G|C;Family=12852	-0.0415139838239463	0.859102227204959	0.996022715787731	1
chr7:112287394;G|A;Family=13838	0.30742201854109	0.472227642590287	0.996022715787731	1
chr7:112287729;G|C;Family=14041	-0.16939339836071	0.223124296789296	0.996022715787731	1
chr7:112491008;G|A;Family=14564	0.228988323591542	0.67250567718767	0.996022715787731	1
chr7:112764605;A|C;Family=12758	-0.0175606761878729	0.923207977362801	0.996022715787731	1
chr7:11374483;C|G;Family=12405	0.172157919026112	0.754670762643287	0.996022715787731	1
chr7:114693111;A|C;Family=14115	0.0387491661045485	0.90453566163235	0.996022715787731	1
chr7:115937292;T|C;Family=13863	-0.245316297889343	0.689765000426113	0.996022715787731	1
chr7:117363392;C|G;Family=13211	-0.288880057449378	0.534100290052062	0.996022715787731	1
chr7:120749567;T|C;Family=12686	0.406128072133565	0.253990616957463	0.996022715787731	1
chr7:12235662;G|C;Family=12180	0.416863076015746	0.496781390211527	0.996022715787731	1
chr7:12236724;T|G;Family=14007	-0.0708975235034805	0.739513274335695	0.996022715787731	1
chr7:12237057;T|A;Family=11931	0.37143432443352	0.120376241016857	0.910790200870522	1
chr7:12237561;A|G;Family=14202	0.0252755546459791	0.916395921288793	0.996022715787731	1
chr7:12331049;T|C;Family=14042	-0.235532372925868	0.552478764199871	0.996022715787731	1
chr7:12344427;G|A;Family=11651	0.234844980628074	0.606793584175834	0.996022715787731	1
chr7:123538093;G|A;Family=13165	-0.344806226023708	0.379832865985331	0.996022715787731	1
chr7:123638660;T|C;Family=13053	-0.368859355878796	0.0822837165883021	0.862592913820576	1
chr7:124031121;C|T;Family=13694	-0.330147384027778	0.101185516083562	0.905173479085028	1
chr7:128257537;C|T;Family=14245	-0.170386798916199	0.710754556057888	0.996022715787731	1
chr7:128299202;C|T;Family=11187	0.063161331708387	0.725939965623899	0.996022715787731	1
chr7:128302575;G|A;Family=11252	-0.0936105636759332	0.708530758194614	0.996022715787731	1
chr7:128307112;GCAAA|G;Family=11194	-0.0591979694338008	0.614343492498115	0.996022715787731	1
chr7:129487405;G|C;Family=11731	0.0627886116076989	0.650919953741177	0.996022715787731	1
chr7:131493457;G|A;Family=14685	-0.0872688026471739	0.771842039317417	0.996022715787731	1
chr7:131495943;A|G;Family=14517	-0.0730775746325188	0.796477645433248	0.996022715787731	1
chr7:134291115;G|C;Family=12219	-0.395572096790598	0.0506971261936557	0.753307298185218	1
chr7:134442682;G|A;Family=14444	0.145742104207815	0.259793662282427	0.996022715787731	1
chr7:137388263;C|A;Family=14351	0.525100430219858	0.0236038280569512	0.676990758459172	1
chr7:137390098;T|C;Family=Hou-etal:rs3735025	-0.0840430939775844	0.579972136291239	0.996022715787731	1
chr7:138588097;A|T;Family=11954	0.344322754887577	0.526105467408089	0.996022715787731	1
chr7:139565026;G|A;Family=11156	0.258995296647917	0.267995993677529	0.996022715787731	1
chr7:139565092;G|T;Family=11156	0.496064482337116	0.118913931220977	0.908711513967771	1
chr7:139571713;G|C;Family=12867	0.102572744593184	0.713890756937583	0.996022715787731	1
chr7:140024674;A|C;Family=13006	-0.0210479064853025	0.867901117088724	0.996022715787731	1
chr7:140090201;T|C;Family=12303	0.361826924921952	0.473001171014777	0.996022715787731	1
chr7:140297460;G|A;Family=13349	0.0406345848179037	0.780865065822496	0.996022715787731	1
chr7:141473065;G|C;Family=12875	-0.30625004258612	0.355101473381276	0.996022715787731	1
chr7:14148804;T|G;Family=11055	0.244469417979598	0.293591371394201	0.996022715787731	1
chr7:141593741;G|GC;Family=14174	0.0818699122590447	0.728329160505008	0.996022715787731	1
chr7:141929166;T|G;Family=11152	-0.0622330653008254	0.661549749548608	0.996022715787731	1
chr7:142867025;C|T;Family=12681	0.13274491366907	0.438953617043746	0.996022715787731	1
chr7:144453610;C|T;Family=13063	0.0347149862329659	0.75261471678723	0.996022715787731	1
chr7:148800933;A|G;Family=11106	0.0397406111779272	0.66620442698187	0.996022715787731	1
chr7:150627483;G|C;Family=13035	-0.164694565656239	0.287759980746138	0.996022715787731	1
chr7:151013039;C|T;Family=13092	0.168013523719723	0.274406152274795	0.996022715787731	1
chr7:151987279;C|T;Family=13556	-0.0133341230006286	0.910548382606503	0.996022715787731	1
chr7:152103925;A|G;Family=13066	0.161267798180247	0.297126512401049	0.996022715787731	1
chr7:152230230;G|A;Family=11241	0.14223198042907	0.527688824425446	0.996022715787731	1
chr7:155802541;CATG|C;Family=14042	0.139650643082359	0.533987276003856	0.996022715787731	1
chr7:156682823;G|A;Family=11435	-0.278234990812794	0.128035370016055	0.92671157763597	1
chr7:157005028;C|T;Family=11062	-0.16310897483431	0.563971225181563	0.996022715787731	1
chr7:157414907;G|A;Family=12661	0.0307726403256521	0.814820941293195	0.996022715787731	1
chr7:159028719;C|T;Family=14554	0.101939525353906	0.558276391413756	0.996022715787731	1
chr7:16088825;A|C;Family=11382	-0.346333902861678	0.0219506322473372	0.664390801724629	1
chr7:17794399;T|C;Family=12540	-0.00622368092226068	0.968635459866554	0.996022715787731	1
chr7:17882719;G|A;Family=13514	-0.469538110741573	0.113270562226097	0.905173479085028	1
chr7:18998693;C|G;Family=12302	0.32394407158603	0.085409417997412	0.868329082973688	1
chr7:19000716;C|A;Family=12302	0.035916734784859	0.912936019052043	0.996022715787731	1
chr7:19695939;C|G;Family=12055	0.0865281804636697	0.72389063717535	0.996022715787731	1
chr7:19696724;A|G;Family=14357	0.0664118010505766	0.84644072658558	0.996022715787731	1
chr7:19721031;C|T;Family=13314	-1.01666639939967	0.118126459068477	0.906943598909318	1
chr7:20134737;T|C;Family=11729	-0.245787753855435	0.297288503582713	0.996022715787731	1
chr7:20139350;T|C;Family=11905	0.0468168290167813	0.809314368623324	0.996022715787731	1
chr7:20413493;G|A;Family=11181	-0.0723043714749456	0.896973106308558	0.996022715787731	1
chr7:20659230;C|A;Family=11679	-0.0182773354512205	0.893411649093266	0.996022715787731	1
chr7:22119418;T|A;Family=11931	-0.0572783852266531	0.856583625404749	0.996022715787731	1
chr7:22192927;G|C;Family=14637	0.0825831258501557	0.547742177754469	0.996022715787731	1
chr7:2252218;G|A;Family=11569	0.225212229013191	0.272623574184837	0.996022715787731	1
chr7:22937168;G|C;Family=13322	0.235168675328534	0.487342838232124	0.996022715787731	1
chr7:22937598;CAA|C;Family=14695	-0.0692308171215346	0.795452969149937	0.996022715787731	1
chr7:22939304;G|C;Family=13417	0.0415755110079684	0.824776299142539	0.996022715787731	1
chr7:23174064;G|A;Family=11986	0.0815537234010463	0.47649048437938	0.996022715787731	1
chr7:2442801;C|T;Family=14539	-0.0218363578680113	0.873634103191214	0.996022715787731	1
chr7:24688192;G|T;Family=13592	0.116532383778493	0.729495877244385	0.996022715787731	1
chr7:24798063;T|C;Family=14669	0.12289531101961	0.842660824448508	0.996022715787731	1
chr7:26373688;C|T;Family=14004	-0.451828431270764	0.230731229729696	0.996022715787731	1
chr7:2662074;C|T;Family=11277	-0.00560863494301756	0.964447990980117	0.996022715787731	1
chr7:26668101;G|A;Family=11499	-0.316637119960099	0.433799709175152	0.996022715787731	1
chr7:2713256;C|A;Family=12113	-0.067982731216461	0.676901290699587	0.996022715787731	1
chr7:2713592;C|T;Family=13764	0.113207108171059	0.493977019812414	0.996022715787731	1
chr7:2713712;A|G;Family=11561	0.1548348528746	0.320345553418572	0.996022715787731	1
chr7:27195268;T|C;Family=14482	0.210845477297979	0.301079104721226	0.996022715787731	1
chr7:27247414;C|T;Family=14169	-0.0893891125200715	0.34692950845087	0.996022715787731	1
chr7:28823143;C|G;Family=13555	0.202677874125963	0.507853874574481	0.996022715787731	1
chr7:29916016;G|T;Family=12173	0.418322935379793	0.0205431500720389	0.643500295499815	1
chr7:30010714;A|G;Family=12938	-0.0310806996516617	0.822219214465088	0.996022715787731	1
chr7:30081082;G|A;Family=14265	0.0223262544930597	0.872590024856322	0.996022715787731	1
chr7:30161165;A|C;Family=12426	0.262794768246824	0.308681452311959	0.996022715787731	1
chr7:30923911;C|G;Family=13506	0.270797308917842	0.010175163274366	0.548509048557456	1
chr7:31652930;A|AT;Family=11274	-0.0723697067274765	0.823677505415716	0.996022715787731	1
chr7:31751585;T|C;Family=13718	-0.0525830080294968	0.595747598010559	0.996022715787731	1
chr7:32485421;T|C;Family=14600	0.0315620352451301	0.892435148077647	0.996022715787731	1
chr7:32587182;T|G;Family=12515	-0.110119675184259	0.244982918073554	0.996022715787731	1
chr7:36453260;A|G;Family=14525	0.647755251387295	0.197869147032085	0.996022715787731	1
chr7:37741364;G|A;Family=14186	0.391615940369541	0.170622411177816	0.996022715787731	1
chr7:41687210;A|G;Family=12526	-0.159746447308037	0.597131055959353	0.996022715787731	1
chr7:41687963;C|A;Family=13823	-0.102746974036269	0.575556914577425	0.996022715787731	1
chr7:41963579;T|C;Family=13631	0.0349541588804178	0.856902249130878	0.996022715787731	1
chr7:42917159;T|C;Family=13018	0.167449347552213	0.342255562872014	0.996022715787731	1
chr7:42921313;G|A;Family=12197	-0.428481526429744	0.117065078135878	0.905173479085028	1
chr7:43631800;C|T;Family=13512	-0.0899507384921775	0.596056400385961	0.996022715787731	1
chr7:44060113;G|A;Family=13028	-0.0298702246458577	0.77460025420344	0.996022715787731	1
chr7:44379847;G|A;Family=14297	-0.179542524575452	0.366579472509398	0.996022715787731	1
chr7:44384444;G|A;Family=13881	0.161540156374989	0.278274156213447	0.996022715787731	1
chr7:44708801;C|G;Family=14147	0.0802418773301955	0.694327294631629	0.996022715787731	1
chr7:44767810;G|A;Family=13649	-0.387584122371681	0.021974386597162	0.664390801724629	1
chr7:44835049;G|A;Family=13628	0.00729960873724628	0.933697230888396	0.996022715787731	1
chr7:44876364;T|C;Family=13211	0.590381801797351	0.181874467588542	0.996022715787731	1
chr7:44962744;G|T;Family=14350	0.151804219915968	0.346436928816093	0.996022715787731	1
chr7:4769211;C|T;Family=13709	0.158823432196736	0.272863469614767	0.996022715787731	1
chr7:48272994;G|A;Family=11168	0.147913526042615	0.708887063071126	0.996022715787731	1
chr7:50669862;G|A;Family=12676	-0.117785286816648	0.382360858320672	0.996022715787731	1
chr7:51064958;C|G;Family=14541	-0.178389617042265	0.309851094123603	0.996022715787731	1
chr7:54550490;G|T;Family=12817	0.243829313654367	0.469169732446598	0.996022715787731	1
chr7:6164890;C|T;Family=14328	0.108088540656619	0.327837920902502	0.996022715787731	1
chr7:6330019;A|T;Family=13498	-0.218591534123496	0.171350425239616	0.996022715787731	1
chr7:64520411;T|C;Family=13570	-0.54658885233995	0.220009090499546	0.996022715787731	1
chr7:64831687;C|T;Family=14598	-0.451652517228073	0.303076784732818	0.996022715787731	1
chr7:64972029;T|TTAAA;Family=11722	0.250360814178519	0.423136164017942	0.996022715787731	1
chr7:65954605;G|A;Family=11404	0.150974419637192	0.410559574201222	0.996022715787731	1
chr7:70292499;A|C;Family=14508	-0.141810817618025	0.18742183170874	0.996022715787731	1
chr7:72946318;AG|A;Family=13941	-0.00528657852424036	0.969757914486226	0.996022715787731	1
chr7:73340787;G|T;Family=13560	-0.293709484101228	0.13567371587256	0.950023084808836	1
chr7:73441259;G|A;Family=13066	-0.224294497642234	0.227933650660742	0.996022715787731	1
chr7:74404154;G|A;Family=11411	0.0225468347271742	0.849854056259695	0.996022715787731	1
chr7:75537252;G|A;Family=14361	0.222447234757752	0.138999750756065	0.957033927482845	1
chr7:7607184;A|G;Family=11282	0.131763417637433	0.345904455141433	0.996022715787731	1
chr7:76268794;G|C;Family=14551	0.0158311796755597	0.92828376809296	0.996022715787731	1
chr7:7868502;A|G;Family=13383	0.196571520901103	0.212503644613933	0.996022715787731	1
chr7:80674022;A|C;Family=13517	-0.103894131136685	0.663125117785483	0.996022715787731	1
chr7:8086554;C|A;Family=14214	-0.0445999422631772	0.694752089176299	0.996022715787731	1
chr7:8094168;G|A;Family=13741	-0.240791183477843	0.41092318644732	0.996022715787731	1
chr7:83366086;G|T;Family=12575	0.249760128229656	0.63379235337129	0.996022715787731	1
chr7:83958398;C|A;Family=14025	0.0823098663416067	0.811137416686256	0.996022715787731	1
chr7:83960121;C|T;Family=13160	0.0104458925006958	0.975087458019131	0.996335242230383	1
chr7:85050554;G|A;Family=14303	0.551383290782258	0.271510365186695	0.996022715787731	1
chr7:87830053;A|C;Family=13129	0.190446389001768	0.452163551563281	0.996022715787731	1
chr7:88199020;A|G;Family=12669	-0.116100026652456	0.741827684079691	0.996022715787731	1
chr7:896411;G|A;Family=14027	-0.00492905506023989	0.962884944096953	0.996022715787731	1
chr7:90233483;G|A;Family=13206	-0.00806113906485475	0.96180767118665	0.996022715787731	1
chr7:90899326;T|TG;Family=14046	-0.0868635911613353	0.891341508957637	0.996022715787731	1
chr7:92108825;A|T;Family=13807	0.061146715038746	0.791589485108512	0.996022715787731	1
chr7:92577109;G|C;Family=11056	-0.250735702149315	0.579966586732462	0.996022715787731	1
chr7:92615043;T|C;Family=13772	-0.0462374748891549	0.678446726884966	0.996022715787731	1
chr7:93100516;G|A;Family=11977	-0.00661757787561156	0.974094314656574	0.996335242230383	1
chr7:95585430;A|G;Family=11979	0.245917479629777	0.289399094816131	0.996022715787731	1
chr7:98292716;C|T;Family=13502	0.210499386853055	0.211993251132047	0.996022715787731	1
chr7:99030080;C|T;Family=11266	0.0352323040192528	0.895545367879113	0.996022715787731	1
chr7:99391002;T|G;Family=11135	-0.081648790631006	0.558438042751659	0.996022715787731	1
chr7:99411780;C|G;Family=14506	-0.0283772404995061	0.738245769455145	0.996022715787731	1
chr7:99480615;A|G;Family=12517	0.0297834439638282	0.838853109001295	0.996022715787731	1
chr7:99672808;C|G;Family=12707	-0.131623070176685	0.24905325114675	0.996022715787731	1
chr8:100141022;G|C;Family=12180	0.0253540462627404	0.800875325633846	0.996022715787731	1
chr8:100918132;C|T;Family=13962	-0.104263176951839	0.714441335389049	0.996022715787731	1
chr8:101669616;T|G;Family=11897	-0.317099946802793	0.544863911913515	0.996022715787731	1
chr8:103068849;CT|C;Family=12418	-0.181685377529589	0.250858776692782	0.996022715787731	1
chr8:103068853;T|C;Family=12418	-0.0566893306236041	0.822945315399608	0.996022715787731	1
chr8:103398998;G|C;Family=11117	-0.813292816756529	0.00644326545538276	0.437341919844825	1
chr8:106707384;T|C;Family=14629	0.0792818059728074	0.723033024919593	0.996022715787731	1
chr8:107900711;G|A;Family=13977	0.0366178336000856	0.754763029169589	0.996022715787731	1
chr8:109243244;G|A;Family=13306	-0.177094769107656	0.27846544028971	0.996022715787731	1
chr8:11315026;C|A;Family=12534	0.156348267425581	0.39222872799184	0.996022715787731	1
chr8:116643060;C|T;Family=13787	0.0145477009304355	0.970071362409345	0.996022715787731	1
chr8:116658921;C|T;Family=14492	-0.229171499585695	0.0874680371384345	0.879851083479063	1
chr8:117819709;G|A;Family=14364	0.194885854812769	0.326242963563296	0.996022715787731	1
chr8:118194453;C|T;Family=14240	0.623604970157622	0.0177145225794927	0.612162246609496	1
chr8:11844416;A|G;Family=12550	-0.222861195964839	0.0564074973654139	0.772097658423288	1
chr8:119834135;A|G;Family=11685	-0.103649320031195	0.766864969544505	0.996022715787731	1
chr8:123100926;T|A;Family=13581	0.0501549466117591	0.829813928083706	0.996022715787731	1
chr8:126552907;T|C;Family=11542	0.422450726133038	0.39636714923157	0.996022715787731	1
chr8:130053371;A|C;Family=13602	-0.0016314434336269	0.990680099159625	0.997729814887619	1
chr8:13007100;A|T;Family=12796	-0.0464250816315918	0.789417836553795	0.996022715787731	1
chr8:132127162;C|T;Family=13520	-0.108204581131827	0.529878568044483	0.996022715787731	1
chr8:132128104;G|A;Family=12056	0.195975257772213	0.458970584012788	0.996022715787731	1
chr8:133459207;G|A;Family=12656	0.240518215722616	0.128518954587339	0.92671157763597	1
chr8:140521925;G|A;Family=12001	-0.022581911189678	0.952161361418092	0.996022715787731	1
chr8:140527463;G|C;Family=14699	0.258039351869438	0.0528934050149175	0.759904803842306	1
chr8:140529731;G|A;Family=14154	-0.128106667552471	0.616153950851039	0.996022715787731	1
chr8:140532572;T|C;Family=12412	0.0221268083491842	0.869053974601863	0.996022715787731	1
chr8:141195681;A|G;Family=12738	-0.070372257851156	0.847540330928555	0.996022715787731	1
chr8:141448037;C|T;Family=12622	-0.010413286003411	0.963240953724582	0.996022715787731	1
chr8:142544658;G|T;Family=11625	0.0457839767869398	0.835263554102713	0.996022715787731	1
chr8:143297985;T|C;Family=11356	0.132355622365711	0.723334123758546	0.996022715787731	1
chr8:143318080;T|C;Family=14100	-0.401276903706075	0.116006478996606	0.905173479085028	1
chr8:143324603;G|A;Family=14111	0.110872731950272	0.463816069624667	0.996022715787731	1
chr8:143653484;TC|T;Family=11327	0.0354149342173189	0.832412024244673	0.996022715787731	1
chr8:143694347;C|T;Family=11277	0.012787247226322	0.919543257939568	0.996022715787731	1
chr8:144115745;G|A;Family=11568	0.0463366376976811	0.800276432905562	0.996022715787731	1
chr8:144502068;T|C;Family=12802	-0.0696753563948451	0.40790846911249	0.996022715787731	1
chr8:144527295;G|C;Family=11078	-0.125276126448483	0.404808182231177	0.996022715787731	1
chr8:17247873;C|G;Family=13277	0.0673314779722242	0.362775502337897	0.996022715787731	1
chr8:17297014;G|C;Family=14549	0.0134186623515403	0.957804839767364	0.996022715787731	1
chr8:17566779;G|A;Family=13230	-0.101697187003622	0.688885600752264	0.996022715787731	1
chr8:1782214;G|A;Family=12770	0.0949710402207715	0.40065741281924	0.996022715787731	1
chr8:18071404;T|A;Family=13252	-0.120727468325769	0.571398402364767	0.996022715787731	1
chr8:18529285;A|G;Family=14691	0.177456907145253	0.40199461428863	0.996022715787731	1
chr8:18531048;A|G;Family=14448	-0.128491603892091	0.156508222788544	0.982623796799126	1
chr8:1860162;C|T;Family=22017	0.0553732686689141	0.792669492115763	0.996022715787731	1
chr8:1958160;T|C;Family=13626	-0.313801220068746	0.0229409535478065	0.670299962064901	1
chr8:2004228;T|C;Family=14557	-0.311450729860349	0.18966873518756	0.996022715787731	1
chr8:2005051;A|G;Family=11424	0.225081986053939	0.395451972006276	0.996022715787731	1
chr8:2006315;T|A;Family=11546	0.330909297051395	0.148959686986194	0.979079076844982	1
chr8:21691253;C|A;Family=11610	0.0840231313413788	0.593734492233171	0.996022715787731	1
chr8:21909212;G|A;Family=12469	0.0218437521895928	0.852667856895783	0.996022715787731	1
chr8:21909628;G|A;Family=13982	-0.0523891936072643	0.686831289029495	0.996022715787731	1
chr8:22048473;C|T;Family=12373	0.118646052359171	0.401421392236495	0.996022715787731	1
chr8:22209648;G|A;Family=11989	0.0193220200363423	0.886116263854819	0.996022715787731	1
chr8:22250658;C|G;Family=11818	0.0371298735615482	0.81267112684624	0.996022715787731	1
chr8:22620003;GT|G;Family=14507	-0.265098281570302	0.501909825392356	0.996022715787731	1
chr8:22620016;C|T;Family=12113	0.320266812858275	0.159537953052924	0.986644205588117	1
chr8:22621222;C|T;Family=11818	-0.00543816816107275	0.958193581285125	0.996022715787731	1
chr8:23020670;C|T;Family=14354	0.0488691605705869	0.853860394665457	0.996022715787731	1
chr8:23136670;T|C;Family=12775	0.0122423187336267	0.929622346827432	0.996022715787731	1
chr8:23566433;G|A;Family=11031	0.0327474892062821	0.778354091188004	0.996022715787731	1
chr8:24357347;C|T;Family=12605	-0.147462108448595	0.318595603042898	0.996022715787731	1
chr8:246847;T|C;Family=11552	-0.155565579367218	0.57347930821343	0.996022715787731	1
chr8:25412256;ATTAT|A;Family=13585	-0.219080647952199	0.356624850171548	0.996022715787731	1
chr8:26410533;C|G;Family=11458	0.100645367272578	0.729744258156177	0.996022715787731	1
chr8:26505153;A|G;Family=11017	-0.011252231513542	0.852042920880444	0.996022715787731	1
chr8:27236813;G|A;Family=11444	0.046224165030564	0.754771519785576	0.996022715787731	1
chr8:27735798;CCAA|C;Family=11156	0.407990081931237	0.180934588453048	0.996022715787731	1
chr8:28812448;G|T;Family=11843	0.126344915739925	0.446263226684177	0.996022715787731	1
chr8:29051336;GTAT|G;Family=13584	0.0831736624910656	0.661875051390438	0.996022715787731	1
chr8:29067835;T|C;Family=13808	-0.0665743861581389	0.714066079469678	0.996022715787731	1
chr8:30831849;A|G;Family=14163	0.247522048238144	0.101193771772744	0.905173479085028	1
chr8:33548607;G|T;Family=14283	-0.1838427062715	0.228402136865888	0.996022715787731	1
chr8:37745694;C|T;Family=14270	-0.0456926953764019	0.735821997343292	0.996022715787731	1
chr8:37845026;G|A;Family=13072	0.0436406006713491	0.7929678392583	0.996022715787731	1
chr8:37859423;G|A;Family=14619	0.237920304807541	0.100063394783186	0.905173479085028	1
chr8:38274890;T|C;Family=11310	-0.0219206697696072	0.884239532871501	0.996022715787731	1
chr8:38424684;C|T;Family=12703	-0.0902233060232566	0.670417817136917	0.996022715787731	1
chr8:38989521;T|C;Family=14234	-0.0324452838750768	0.873044008623331	0.996022715787731	1
chr8:38991018;T|C;Family=13233	0.00766327358772253	0.959953391282149	0.996022715787731	1
chr8:39637652;G|A;Family=13838	0.156006187851652	0.106732225127183	0.905173479085028	1
chr8:39645438;G|C;Family=12892	-0.526409631961732	0.0757181232478611	0.856664103332264	1
chr8:40531284;A|C;Family=14660	-0.0141970582112663	0.946304338358384	0.996022715787731	1
chr8:42272348;G|C;Family=13772	-0.234030384155974	0.0581731617462328	0.772097658423288	1
chr8:42554909;T|C;Family=12113	-0.244187298283956	0.26887479250294	0.996022715787731	1
chr8:43024687;G|C;Family=13654	0.383728614440719	0.481251700466624	0.996022715787731	1
chr8:472182;A|T;Family=14491	0.0283736544850613	0.836621416275485	0.996022715787731	1
chr8:491999;C|T;Family=14474	0.681559493245469	0.0391830416183436	0.71240606807306	1
chr8:492350;T|C;Family=12796	0.425314089116263	0.0238602943627353	0.676990758459172	1
chr8:53228434;CAG|C;Family=11172	0.248399111036206	0.0357039709258861	0.710285751252033	1
chr8:55527291;G|A;Family=13069	0.83426853056986	0.026501395279242	0.684139056656749	1
chr8:55538529;T|C;Family=12984	0.361422844625021	0.29852863514483	0.996022715787731	1
chr8:56164546;A|C;Family=12314	-0.260438426295816	0.556927510968437	0.996022715787731	1
chr8:56217465;TAGAAGC|T;Family=11948	0.327925003430781	0.146601508596539	0.976500853237864	1
chr8:58448913;C|T;Family=11018	-0.154042911630573	0.254809711617003	0.996022715787731	1
chr8:61606588;A|G;Family=13853	0.227308204997362	0.6413113278359	0.996022715787731	1
chr8:61659074;C|G;Family=22315	0.210225495448716	0.189058612121818	0.996022715787731	1
chr8:61665222;C|T;Family=14053	-0.102538694976279	0.237799944095965	0.996022715787731	1
chr8:63186531;G|C;Family=12674	0.168957815185903	0.428405881233515	0.996022715787731	1
chr8:65602541;C|T;Family=13335	0.0344139923809374	0.908456146161471	0.996022715787731	1
chr8:65718492;G|A;Family=12597	-0.104682027092344	0.61447648083435	0.996022715787731	1
chr8:66514029;T|G;Family=14254	-0.00467170265437178	0.974463857093791	0.996335242230383	1
chr8:66632325;T|C;Family=11922	-0.52328294741802	0.437293580302091	0.996022715787731	1
chr8:68233907;C|T;Family=12919	-0.0411589665046032	0.919460646357815	0.996022715787731	1
chr8:6924777;A|G;Family=12532	0.666651147325442	0.00679219547645113	0.437341919844825	1
chr8:69672964;C|T;Family=11195	-0.114248622786079	0.24478279778015	0.996022715787731	1
chr8:73420884;C|G;Family=13882	-0.310820232276059	0.173737739065717	0.996022715787731	1
chr8:73668999;C|T;Family=11679	-0.0754877532207944	0.834818736930466	0.996022715787731	1
chr8:74365934;T|G;Family=14110	-0.0700407740915398	0.670450086308737	0.996022715787731	1
chr8:76865498;C|CG;Family=13613	0.165893364047262	0.301281253730447	0.996022715787731	1
chr8:76865499;C|T;Family=13613	0.000863243989431191	0.994573359327676	0.997729814887619	1
chr8:76981153;T|C;Family=14692	-0.117188776729605	0.531706081671299	0.996022715787731	1
chr8:76982966;A|G;Family=13748	0.1644920173692	0.527575277501501	0.996022715787731	1
chr8:78717932;G|A;Family=12541	-0.700125203904073	0.0711089816463308	0.846732634192782	1
chr8:78738606;G|C;Family=12643	-0.175452302875775	0.280571467093327	0.996022715787731	1
chr8:80526198;G|C;Family=14253	-0.171116839257928	0.593345463265018	0.996022715787731	1
chr8:80971856;T|A;Family=11073	-0.221224979521431	0.517861540059341	0.996022715787731	1
chr8:81480433;T|C;Family=13763	0.335639457037021	0.179843698743244	0.996022715787731	1
chr8:81701852;G|C;Family=13947	0.00409437020576753	0.985934431422086	0.997729814887619	1
chr8:85124850;G|A;Family=14385	0.253955055249361	0.377387151906112	0.996022715787731	1
chr8:85480675;G|A;Family=13630	0.61542004057416	0.00679169959087035	0.437341919844825	1
chr8:88038481;C|A;Family=11838	-0.260530396703933	0.46460639958151	0.996022715787731	1
chr8:89926047;G|T;Family=14285	0.108327761923024	0.666298238729939	0.996022715787731	1
chr8:90956239;CTGTT|C;Family=12483	0.463809674012386	0.365666847465178	0.996022715787731	1
chr8:90957147;A|G;Family=11537	-0.0415725230697103	0.901186741901716	0.996022715787731	1
chr8:90993992;A|G;Family=14522	-0.203894180508091	0.401593001645667	0.996022715787731	1
chr8:9139918;A|C;Family=13948	0.149614164446371	0.399460295335711	0.996022715787731	1
chr8:91955087;C|G;Family=14152	-0.0765502281154775	0.750985298909918	0.996022715787731	1
chr8:91956796;T|A;Family=12032	-0.207047072675589	0.645811513224098	0.996022715787731	1
chr8:93702337;TATG|T;Family=14271	0.286902520918036	0.375381266960615	0.996022715787731	1
chr8:94127863;G|A;Family=22308	0.0634361355324924	0.623394053379305	0.996022715787731	1
chr8:94790581;A|G;Family=13375	-0.227800606824111	0.481162858362793	0.996022715787731	1
chr8:94790790;AAT|A;Family=12499	0.599117707144227	0.104208932351725	0.905173479085028	1
chr8:95047123;T|A;Family=14095	0.174186193649083	0.272235041665381	0.996022715787731	1
chr8:96610564;T|C;Family=11030	0.0600548587629463	0.865304018755206	0.996022715787731	1
chr8:97275271;G|A;Family=13082	0.0168674094481854	0.887595295613444	0.996022715787731	1
chr8:9780855;T|A;Family=13412	-0.288866255046612	0.28689776644145	0.996022715787731	1
chr8:98432386;T|G;Family=14371	0.399576487392748	0.0243381779716412	0.676990758459172	1
chr8:99511216;G|A;Family=12922	-0.110321445849049	0.546280435415208	0.996022715787731	1
chr9:101362333;G|A;Family=12111	-0.299888195711199	0.410451165608715	0.996022715787731	1
chr9:105637531;T|C;Family=12377	0.0220314797964879	0.864898338817186	0.996022715787731	1
chr9:107012058;A|G;Family=11063	0.0283669559274953	0.953284258737076	0.996022715787731	1
chr9:107331575;TC|T;Family=13575	0.0716005352766337	0.692346047117366	0.996022715787731	1
chr9:108868801;AG|A;Family=14371	0.117487780473932	0.45321333331239	0.996022715787731	1
chr9:109073266;A|G;Family=14440	0.137927067249984	0.355756899359497	0.996022715787731	1
chr9:109172479;C|T;Family=11000	-0.0828055903308783	0.715793631732177	0.996022715787731	1
chr9:109174247;C|G;Family=13592	-0.256231954005031	0.133737505812962	0.949028831583958	1
chr9:110169350;T|G;Family=14314	0.215520479270902	0.501086643743403	0.996022715787731	1
chr9:111361377;A|G;Family=13929	-0.116951596034277	0.110326998950635	0.905173479085028	1
chr9:111544251;T|G;Family=13096	0.153012506938034	0.430140047018903	0.996022715787731	1
chr9:112219628;A|C;Family=14509	0.334374363098842	0.131222435643541	0.934959853960227	1
chr9:112223846;A|G;Family=14081	0.0867264828174024	0.701832451586073	0.996022715787731	1
chr9:112661862;T|TA;Family=12221	0.124769243349279	0.346443756756087	0.996022715787731	1
chr9:113291674;A|G;Family=12899	0.100759919220978	0.502328951544921	0.996022715787731	1
chr9:113315864;C|T;Family=11455	0.000581402999533542	0.996344544048139	0.997729814887619	1
chr9:113408274;A|G;Family=11775	-0.132836120897676	0.56969260002332	0.996022715787731	1
chr9:113408563;G|C;Family=14240	-0.189204172723122	0.345182667270069	0.996022715787731	1
chr9:120602066;A|G;Family=13946	0.0899811562748977	0.593940448493926	0.996022715787731	1
chr9:121783329;C|T;Family=14202	-0.122130591287459	0.47905500085244	0.996022715787731	1
chr9:122240838;G|A;Family=14116	0.696548402791754	0.000996816720683035	0.204315045665625	1
chr9:122324182;T|G;Family=13660	0.341326756838007	0.0204587134645869	0.643500295499815	1
chr9:123089820;C|A;Family=12637	0.210782676062041	0.197867799366896	0.996022715787731	1
chr9:123123170;G|A;Family=13259	0.114675673436993	0.570907935838303	0.996022715787731	1
chr9:124482337;C|G;Family=13133	-0.212509786793531	0.146355654422284	0.976500853237864	1
chr9:124517762;A|G;Family=14042	-0.00670002568605987	0.964054961757399	0.996022715787731	1
chr9:124812407;C|T;Family=11376	0.0462185425063383	0.821580103481914	0.996022715787731	1
chr9:124814304;G|C;Family=12066	0.054381349697382	0.551982878707683	0.996022715787731	1
chr9:124947542;G|A;Family=11671	-0.0682478986337711	0.761278334452315	0.996022715787731	1
chr9:125341338;A|G;Family=11922	0.209920597179135	0.348387233545465	0.996022715787731	1
chr9:125437495;T|C;Family=13001	0.00161464567401672	0.996046917496622	0.997729814887619	1
chr9:125438213;G|A;Family=14291	-0.0371523538560827	0.670767173789766	0.996022715787731	1
chr9:126503518;G|A;Family=14246	-0.236344993909027	0.0354376892342165	0.710285751252033	1
chr9:126696795;G|A;Family=14415	0.0265305758713056	0.826045756237549	0.996022715787731	1
chr9:126882867;TG|T;Family=13581	0.299045904359413	0.140935481819068	0.957095059150192	1
chr9:126990082;C|T;Family=11462	0.240146820365839	0.143489769522194	0.964291188000857	1
chr9:127872724;G|A;Family=13601	0.159541785144114	0.402129510405167	0.996022715787731	1
chr9:128163787;G|A;Family=12457	-0.0182397388266837	0.934699286098838	0.996022715787731	1
chr9:128635951;G|A;Family=11009	-0.223639762099169	0.330961512653692	0.996022715787731	1
chr9:128809363;G|A;Family=14641	-0.0851317935112543	0.66528465814056	0.996022715787731	1
chr9:129176594;G|A;Family=13649	-0.0394066451784891	0.853382013238943	0.996022715787731	1
chr9:129810352;G|T;Family=13912	-0.227975462552184	0.161921412273854	0.990048796069546	1
chr9:129827484;T|C;Family=14085	-0.414793305639729	0.0171558900418318	0.612013213605795	1
chr9:130234947;G|A;Family=14563	0.131400006048904	0.301855776079184	0.996022715787731	1
chr9:131123084;TG|T;Family=11009	0.123052016895085	0.398897996440017	0.996022715787731	1
chr9:131523662;G|A;Family=13332	0.00651278854345538	0.960924215630687	0.996022715787731	1
chr9:132262526;G|A;Family=14005	-0.296628875768124	0.000998951905756581	0.204315045665625	1
chr9:132638219;A|G;Family=14550	0.105562003269202	0.327296895677534	0.996022715787731	1
chr9:133161106;T|C;Family=11004	0.275502654447054	0.0421129983917661	0.721314755705274	1
chr9:133329726;C|T;Family=14410	-0.469224656584243	0.109317989483371	0.905173479085028	1
chr9:133361896;C|T;Family=14053	0.0622404927228551	0.610028177719677	0.996022715787731	1
chr9:133363549;C|G;Family=11038	-0.328325634975968	0.0185548641302369	0.622425828789969	1
chr9:133430005;G|A;Family=12062	-0.0832936737177254	0.5323006313556	0.996022715787731	1
chr9:133449924;G|A;Family=14554	0.0979290211848634	0.755680174568003	0.996022715787731	1
chr9:133763665;C|T;Family=13772	0.170837712707896	0.247530964240263	0.996022715787731	1
chr9:135566816;A|G;Family=14065	-0.0684392318887043	0.51669147917685	0.996022715787731	1
chr9:135694297;CT|C;Family=13390	0.15667976834839	0.383856485511966	0.996022715787731	1
chr9:136196867;T|A;Family=11857	-0.0217214027703207	0.911825502881509	0.996022715787731	1
chr9:136367682;G|A;Family=13443	-0.0122236010516209	0.944028444737905	0.996022715787731	1
chr9:136840556;G|A;Family=13094	0.0888670042153221	0.718218121410573	0.996022715787731	1
chr9:137007274;A|G;Family=12944	-0.0610791398920971	0.729658265292773	0.996022715787731	1
chr9:137010114;C|T;Family=14317	0.0303877987827131	0.86780556629529	0.996022715787731	1
chr9:137011936;C|T;Family=12225	0.0125684052800297	0.932585682382499	0.996022715787731	1
chr9:137013102;G|A;Family=14275	0.00921857959784973	0.957801510233174	0.996022715787731	1
chr9:137078580;C|T;Family=14361	-0.243300407196839	0.0843141164302857	0.865796441028131	1
chr9:137087244;G|C;Family=13043	0.0482892377772622	0.680824447555586	0.996022715787731	1
chr9:137161981;C|A;Family=14008	-0.00347314320615094	0.983531188632673	0.997729814887619	1
chr9:137164953;C|T;Family=13780	-0.0488907221327967	0.785125061372573	0.996022715787731	1
chr9:137273442;GT|G;Family=13636	0.015262282007787	0.935590586315456	0.996022715787731	1
chr9:137301028;T|C;Family=14119	-0.00469863717098905	0.979025720715445	0.996335242230383	1
chr9:137522810;C|T;Family=13251	0.00313260537760539	0.96821001194519	0.996022715787731	1
chr9:14085340;GAA|G;Family=14147	-0.0664149125485035	0.610487962173142	0.996022715787731	1
chr9:14611924;C|T;Family=12247	-0.154118566583159	0.550646979853485	0.996022715787731	1
chr9:14616772;T|C;Family=14687	-0.394670540433729	0.322965640436715	0.996022715787731	1
chr9:16416120;C|T;Family=12682	-0.099540507142353	0.540577073465761	0.996022715787731	1
chr9:17300732;C|T;Family=13684	0.0457616030684047	0.696396488744025	0.996022715787731	1
chr9:18909049;G|T;Family=11964	0.215519707866697	0.251605603645295	0.996022715787731	1
chr9:19054207;T|TA;Family=11499	0.378441119809774	0.0728027229870775	0.855186039952934	1
chr9:20865950;T|G;Family=11235	-0.306605919740209	0.491791700056927	0.996022715787731	1
chr9:21409905;C|T;Family=14149	-0.0769536090435777	0.626691933035168	0.996022715787731	1
chr9:21480945;T|G;Family=12233	-0.289651088226093	0.529147989871888	0.996022715787731	1
chr9:21862263;GA|G;Family=22252	0.141030825362635	0.672663988333942	0.996022715787731	1
chr9:22003750;T|TG;Family=14696	0.127145526017916	0.603430966184632	0.996022715787731	1
chr9:27327950;A|G;Family=11964	-0.131924680475902	0.148852141849283	0.979079076844982	1
chr9:27948743;A|G;Family=11300	0.129614902148331	0.482619880829306	0.996022715787731	1
chr9:3221259;A|G;Family=13311	-0.075852783806966	0.885249888599448	0.996022715787731	1
chr9:33104557;G|A;Family=13136	-0.129056115355004	0.210392257401255	0.996022715787731	1
chr9:33112948;C|T;Family=11928	-0.0489731105476179	0.730469212318408	0.996022715787731	1
chr9:33281041;G|A;Family=13509	-0.679466124875979	0.248675857594514	0.996022715787731	1
chr9:34400074;G|T;Family=13890	0.155543187658724	0.395913388079025	0.996022715787731	1
chr9:34723228;G|C;Family=13203	0.0474811688645833	0.787444691739372	0.996022715787731	1
chr9:34978932;A|G;Family=11792	0.00484153222726132	0.969283545033121	0.996022715787731	1
chr9:36337040;A|C;Family=14084	0.205990440223941	0.352158735019047	0.996022715787731	1
chr9:36835610;G|A;Family=12185	-0.122520591174139	0.469562769078264	0.996022715787731	1
chr9:36838268;C|T;Family=13932	-0.0882474854738961	0.423416475593161	0.996022715787731	1
chr9:36838887;C|T;Family=13812	-0.000641569806603716	0.997155912204336	0.997729814887619	1
chr9:37436817;C|T;Family=11627	0.0714145324024261	0.639018650557451	0.996022715787731	1
chr9:37503112;TGAA|T;Family=13267	-0.0149936559169377	0.90788026027983	0.996022715787731	1
chr9:37515815;G|C;Family=14635	-0.0178612577078175	0.812377055845876	0.996022715787731	1
chr9:4605416;T|A;Family=13415	-0.154761961449241	0.350894376069661	0.996022715787731	1
chr9:5234229;C|T;Family=14175	-1.26734872788099	0.000382939202333886	0.158502626577178	1
chr9:5235143;T|C;Family=13383	-0.278577187423993	0.0257088396661806	0.681378180467678	1
chr9:5786983;C|A;Family=12498	0.0670992531762568	0.777123802805102	0.996022715787731	1
chr9:5909470;C|A;Family=11164	-0.0290914196316599	0.828252305057299	0.996022715787731	1
chr9:6011694;C|A;Family=11615	-0.629742572128372	0.107219171875747	0.905173479085028	1
chr9:6014079;C|T;Family=12396	0.0535394113294734	0.608374975464327	0.996022715787731	1
chr9:69431314;C|T;Family=12382	-0.178447024304549	0.283918516389951	0.996022715787731	1
chr9:70532688;A|G;Family=13732	0.289706861180953	0.225842750954497	0.996022715787731	1
chr9:72353171;T|C;Family=12624	-0.0433791767882171	0.694681843869601	0.996022715787731	1
chr9:74691212;A|G;Family=14268	-0.0206291354908298	0.904045984812029	0.996022715787731	1
chr9:77317670;A|T;Family=13623	0.0963762417943788	0.595322540808443	0.996022715787731	1
chr9:77419858;G|A;Family=22231	-0.00543586945721822	0.95961948107261	0.996022715787731	1
chr9:77719646;C|T;Family=14446	0.292619430173682	0.269475507953617	0.996022715787731	1
chr9:78273599;T|A;Family=11316	-0.294514951124925	0.545924132607621	0.996022715787731	1
chr9:78329763;T|C;Family=11685	0.0458151225613521	0.862989237917935	0.996022715787731	1
chr9:79722581;C|T;Family=11199	-0.144593011036306	0.219252964375821	0.996022715787731	1
chr9:8315243;G|A;Family=12923	-0.0966984268485031	0.535269153410583	0.996022715787731	1
chr9:8316672;C|CCTGA;Family=12536	-0.274451565723122	0.428065533278812	0.996022715787731	1
chr9:83247078;C|T;Family=13298	-0.11974342365653	0.675673450360679	0.996022715787731	1
chr9:84876701;T|C;Family=14125	0.197813758744246	0.323976623311205	0.996022715787731	1
chr9:86022196;G|A;Family=14394	0.0300106675411339	0.949308207180063	0.996022715787731	1
chr9:87650018;G|A;Family=13884	-0.0039037700184322	0.938916769134332	0.996022715787731	1
chr9:88992903;G|A;Family=12940	0.155939651346858	0.105456811514726	0.905173479085028	1
chr9:89002362;G|A;Family=14179	0.0748210426833471	0.660276576275613	0.996022715787731	1
chr9:89007807;T|C;Family=14011	0.0276712013931473	0.806199547035935	0.996022715787731	1
chr9:89377705;G|A;Family=14613	0.056465453461149	0.507045973183222	0.996022715787731	1
chr9:93034580;G|A;Family=12479	-0.0990434083863119	0.544726574472546	0.996022715787731	1
chr9:93952040;GATC|G;Family=14109	-0.244212773572214	0.248981422159921	0.996022715787731	1
chr9:94295032;C|T;Family=12493	-0.639683998964216	0.0307416122031917	0.709043771016594	1
chr9:95099215;G|A;Family=13300	0.334184812351683	0.325259565460848	0.996022715787731	1
chr9:95467382;A|T;Family=13578	0.128745203878904	0.564025497427786	0.996022715787731	1
chr9:95467387;G|A;Family=13991	-0.0607624304662145	0.649715631447106	0.996022715787731	1
chr9:96320998;C|T;Family=12497	-0.111942181146133	0.404129625361553	0.996022715787731	1
chr9:96756012;G|C;Family=14095	0.0862973089998539	0.559610359762168	0.996022715787731	1
chr9:96758618;A|G;Family=13159	0.0309260826776027	0.80278984010655	0.996022715787731	1
chr9:97673220;A|G;Family=13070	0.0544616729085388	0.850760039009725	0.996022715787731	1
chr9:97855594;C|G;Family=12619	-0.216585559527593	0.420848646251874	0.996022715787731	1
chr9:98849178;C|T;Family=11445	-0.219341419457835	0.0750871657905112	0.856664103332264	1
CLIP2_wgs	-0.151775611355066	0.0916781602263174	0.894474932349443	1
CMTR1_wgs	-0.0112579919094735	0.934117030304424	0.996022715787731	1
CNGB1_wgs	0.288706354477159	0.306052396382324	0.996022715787731	1
CNKSR3_wgs	0.043882440718411	0.704977442575975	0.996022715787731	1
CNNM2_wgs	0.147421689112262	0.47948310724972	0.996022715787731	1
CNTF_wgs	-0.276488402647089	0.172959701273696	0.996022715787731	1
CNTLN_wgs	-0.0101387662360702	0.933287280848689	0.996022715787731	1
COCH_ssc	0.747289667948947	0.0335541491508197	0.710285751252033	1
CRTC1_wgs	0.0453361724167317	0.842820755605721	0.996022715787731	1
CSK_wgs	-0.0502727226105161	0.793368277045439	0.996022715787731	1
CTD-2132N18.3_wgs	-0.0388292458844387	0.890723274259024	0.996022715787731	1
CUX1_wgs	-0.0897670525426166	0.561779777936456	0.996022715787731	1
DACT2_wgs	-0.107905604318818	0.244152455281722	0.996022715787731	1
DCAF4_wgs	0.10337896956714	0.412598799897799	0.996022715787731	1
DCTN5_ssc	-0.0266839652524279	0.836244050746495	0.996022715787731	1
DHRS7B_wgs	0.0609372516500752	0.543800848226008	0.996022715787731	1
DIDO1_wgs	-0.15367841249988	0.560091794527914	0.996022715787731	1
DNAJC8_wgs	0.248090676527269	0.0715263490211591	0.848795616199898	1
DPY19L3_wgs	-0.278433715157989	0.0920972176534658	0.894474932349443	1
DSE_wgs	-0.480026114682191	0.0451897933350908	0.729055155347708	1
ECE2_wgs	0.0957317624704744	0.367192715124096	0.996022715787731	1
EMILIN2_wgs	0.045807877890322	0.843025579836242	0.996022715787731	1
EPB41L1_wgs	0.0410877801660837	0.756451404059995	0.996022715787731	1
EPM2AIP1_wgs	-0.194126735015229	0.190654659478693	0.996022715787731	1
EPX_wgs	0.000760595612729229	0.992231128239614	0.997729814887619	1
ERICH1_wgs	-0.319434371857078	0.00586226669832954	0.437341919844825	1
ETF1_wgs	0.0258062924847978	0.873448810653305	0.996022715787731	1
ETV3_wgs	-0.513428028151684	0.244015552306354	0.996022715787731	1
F2RL3_wgs	-0.0319238953331447	0.859693375221046	0.996022715787731	1
FAM101B_wgs	-0.284147122456948	0.193100079418697	0.996022715787731	1
FAM127A_ssc	-0.00538068488767548	0.983999906760829	0.997729814887619	1
FAM83F_wgs	0.406283529789862	0.102790816021095	0.905173479085028	1
FANCC_wgs	-0.103012743719995	0.826532813832468	0.996022715787731	1
FANCM_wgs	-0.172350787547425	0.461354362718032	0.996022715787731	1
FARP2_wgs	0.0630128197020025	0.779915545607769	0.996022715787731	1
FAXC_wgs	0.0205108499960373	0.784869865422163	0.996022715787731	1
FBXO31_wgs	-0.125319542702096	0.43728925397201	0.996022715787731	1
FIGN_wgs	0.221930485309344	0.242198014209785	0.996022715787731	1
FKTN_wgs	0.14366869551728	0.593655955161232	0.996022715787731	1
FLJ14816_wgs	0.03352896284623	0.840272911689766	0.996022715787731	1
FLVCR1_wgs	0.504953178842491	0.276955622692269	0.996022715787731	1
FOSL2_wgs	-0.12389369632111	0.459144753052787	0.996022715787731	1
FRAS1_wgs	-0.178695892445225	0.679307368131121	0.996022715787731	1
FRK.1_wgs	0.0086167150740795	0.914605175609305	0.996022715787731	1
FST_wgs	0.184212654282138	0.112659665036546	0.905173479085028	1
FTO_wgs	-0.0816712236404321	0.545051274908567	0.996022715787731	1
FXYD3_wgs	-0.0502479010494173	0.702984036244749	0.996022715787731	1
GABPB2_wgs	-0.54716808826396	0.0386608562126819	0.71240606807306	1
GALNT11_wgs	0.207783999100264	0.409354706466725	0.996022715787731	1
GET4_wgs	-0.103643074438859	0.521850971909365	0.996022715787731	1
GFOD1_wgs	-0.161384576831729	0.218611861959	0.996022715787731	1
GLYAT_wgs	-0.27756932339036	0.145321901256481	0.971700482055355	1
GMPS_wgs	-0.067455199344861	0.678827363433582	0.996022715787731	1
GNB1L_wgs	0.099361273109327	0.623850778176742	0.996022715787731	1
GPR132_wgs	-0.0328050406332043	0.890070146734668	0.996022715787731	1
GPR88_wgs	0.0103667432677397	0.942566939320505	0.996022715787731	1
GRAMD2_ssc	-0.384356940390908	0.0228442135987975	0.670299962064901	1
GRK4_wgs	0.165293184905668	0.202211088371339	0.996022715787731	1
GSG1L_wgs	0.0151613933275758	0.900598820980268	0.996022715787731	1
GSKIP_wgs	-0.039194684752113	0.84517515459165	0.996022715787731	1
GSPT1_wgs	-0.136420814595085	0.128578771983826	0.92671157763597	1
GSTA1_ssc	0.267984124126793	0.605629476062141	0.996022715787731	1
GSTA2_wgs	-0.10791139990399	0.698298133882435	0.996022715787731	1
GTF2H1_wgs	-0.0244676135268764	0.914025966946768	0.996022715787731	1
GTPBP2_wgs	-0.0295914788431217	0.808010158504696	0.996022715787731	1
GTPBP6_ssc	0.0279942059248055	0.850279026163373	0.996022715787731	1
GXYLT1.1_wgs	-0.0465975600573557	0.707802611603436	0.996022715787731	1
HAP1_wgs	0.0977350554723394	0.496139526587478	0.996022715787731	1
HECA_wgs	-0.41200554855926	0.531794757650044	0.996022715787731	1
HELLS_wgs	0.0757785224501865	0.638986208291248	0.996022715787731	1
HHAT_wgs	-0.213090788453613	0.287014624589456	0.996022715787731	1
HIST1H2BJ_wgs	-0.0204558020442154	0.908636976517008	0.996022715787731	1
HIST1H2BN_wgs	0.0832461560976501	0.467688002338278	0.996022715787731	1
HK2_wgs	0.140685255107262	0.263397255909643	0.996022715787731	1
HLF_wgs	-0.082026347594349	0.726145447437053	0.996022715787731	1
HOXC11_wgs	0.0936124749808295	0.622888198695077	0.996022715787731	1
HS3ST1_wgs	-0.116015287325742	0.390024905134811	0.996022715787731	1
ICMT_wgs	-0.0921427719348694	0.526854177315673	0.996022715787731	1
ICOSLG_wgs	0.17484595369525	0.0559677523406713	0.772097658423288	1
IDE_wgs	0.0289372774933684	0.864239401863441	0.996022715787731	1
IFNLR1_wgs	-0.0517165403545744	0.694306017920138	0.996022715787731	1
IGF1_wgs	-0.0929037860053868	0.289680208071312	0.996022715787731	1
IGFBP4_wgs	-0.0286810320077541	0.866199638830916	0.996022715787731	1
IKBKB_wgs	-0.222020244058106	0.0778416302750064	0.858243244198766	1
IL10_wgs	-0.200515257369425	0.410575178092235	0.996022715787731	1
IL17A_wgs	-0.0805989451745537	0.762740810397669	0.996022715787731	1
IL20RB_wgs	-0.0898251091580693	0.505867087007572	0.996022715787731	1
INHBA_wgs	-0.0327809463348376	0.877477823781491	0.996022715787731	1
INO80C_wgs	-0.331243475413642	0.535996641881218	0.996022715787731	1
INPP4A_wgs	0.0154562196175188	0.913003461971078	0.996022715787731	1
INPP5F_wgs	-0.313190968917148	0.0622887211308129	0.798250875417692	1
INSL4_wgs	-0.144061219914853	0.362774126716162	0.996022715787731	1
IP6K1_wgs	0.106257286016051	0.558792918704143	0.996022715787731	1
IRGQ_wgs	0.236608549652901	0.0616471169899142	0.793877873236784	1
IRS1_wgs	-0.00724089263622751	0.960173913925254	0.996022715787731	1
ITGA9_wgs	-0.0437631143290079	0.813383046930192	0.996022715787731	1
KCNC4_ssc	0.0756662035203601	0.598227338553218	0.996022715787731	1
KCNJ12_wgs	0.0398228682515305	0.789982788576187	0.996022715787731	1
KCNK3_wgs	-0.116282276271575	0.224372011259106	0.996022715787731	1
KCNMA1.1_wgs	0.0983383288706921	0.585827818235414	0.996022715787731	1
KCNS1_wgs	0.0423108052685605	0.782591753042054	0.996022715787731	1
KCTD20_wgs	0.0545016864642117	0.899126269718943	0.996022715787731	1
KIAA0226_ssc	-0.0823870632372972	0.531836278228422	0.996022715787731	1
KIAA0247_wgs	-0.246308889390443	0.055116409288192	0.772097658423288	1
KIAA0319L_wgs	0.117128436622286	0.245044115068849	0.996022715787731	1
KIAA0930_wgs	-0.0350194289427907	0.91971715079752	0.996022715787731	1
KIAA1377_wgs	-0.388320388322124	0.0405117407227248	0.71240606807306	1
KIAA1456_wgs	0.0451724383849095	0.860961561149152	0.996022715787731	1
KIAA1751.1_ssc	-0.0670302651122202	0.66366466089254	0.996022715787731	1
KIAA1751.2_ssc	-0.0566046088848182	0.699979570939984	0.996022715787731	1
KIAA1751.3_ssc	-0.056138157785428	0.692614256899764	0.996022715787731	1
KIAA1751_ssc	-0.0767375621241657	0.616125172878845	0.996022715787731	1
KIAA1755_wgs	-0.0943576384289596	0.474305529688014	0.996022715787731	1
KIT_wgs	-0.309722644451507	0.310777059421329	0.996022715787731	1
KLHL3_wgs	0.010173123614731	0.943250226126537	0.996022715787731	1
KNCN_ssc	0.00928169124812605	0.931619966145928	0.996022715787731	1
KNDC1_wgs	0.0677307257276951	0.454825797012079	0.996022715787731	1
L1TD1_wgs	0.121127604250279	0.604385951241905	0.996022715787731	1
LAMB3_wgs	0.189696343008421	0.22601977349339	0.996022715787731	1
LAPTM5_wgs	-0.513632376182539	0.032925048636505	0.710285751252033	1
LASP1_wgs	-0.0327476731422384	0.831604958417751	0.996022715787731	1
LENG8.1_wgs	0.0041121417140138	0.978850551738814	0.996335242230383	1
LENG8_wgs	0.0452162533737964	0.682656157617243	0.996022715787731	1
LGSN_wgs	-0.128983740266287	0.188752499687402	0.996022715787731	1
LHX3_wgs	0.0114292047676887	0.956384007602662	0.996022715787731	1
LILRA6_wgs	-0.196546481259015	0.110058213686246	0.905173479085028	1
LMX1B_wgs	0.00840379241740381	0.944937629049921	0.996022715787731	1
LONP2_wgs	-0.230164873339683	0.0193333303161682	0.622425828789969	1
LPGAT1_wgs	-0.2230653386048	0.00746114962831999	0.466002069205332	1
LRRC15_wgs	-3.39375433189826e-05	0.999870297718961	0.999870297718961	1
LSMEM2_wgs	0.0576458174759368	0.685094184422137	0.996022715787731	1
LTN1_wgs	-0.498005438191357	0.352315674038705	0.996022715787731	1
LYRM2_wgs	0.347372894962286	0.148884418023821	0.979079076844982	1
MAK_ssc	-0.2203094907783	0.135105633097583	0.950023084808836	1
MAP1B_wgs	0.000911754802585694	0.995297600593314	0.997729814887619	1
MAP2K3_wgs	-0.0168370566805667	0.931489362178794	0.996022715787731	1
MAP4_wgs	0.108178080164207	0.508370933228458	0.996022715787731	1
MAPKAP1.1_wgs	0.109011194547543	0.292674233595877	0.996022715787731	1
MARVELD2_wgs	-0.208730230752207	0.462277112438288	0.996022715787731	1
MAVS_wgs	-0.0083452840172176	0.95925971137164	0.996022715787731	1
MCF2L_wgs	0.236969338651651	0.523738516806742	0.996022715787731	1
MEGF9_wgs	0.10119548587574	0.597691104058841	0.996022715787731	1
MFN2_wgs	0.200221185014976	0.110143887614543	0.905173479085028	1
MGAT1_wgs	0.0725546279041668	0.720693742788238	0.996022715787731	1
MGAT3_wgs	-0.0057779926691591	0.964764668963629	0.996022715787731	1
MICB_wgs	-0.145851353084172	0.155030214609269	0.982623796799126	1
MINK1_ssc	-0.0874759117468318	0.369183546874042	0.996022715787731	1
MLXIP_wgs	-0.218920373629882	0.104295677192672	0.905173479085028	1
MPV17L_wgs	-0.0215251065233499	0.900308516771855	0.996022715787731	1
MRPL54_ssc	-0.0287113757313018	0.882833006111911	0.996022715787731	1
MTMR6_wgs	0.118495586843926	0.456207788611238	0.996022715787731	1
MTR_wgs	-0.315494775992957	0.31142767815231	0.996022715787731	1
MUC2_ssc	-0.0621325593887057	0.63950702063337	0.996022715787731	1
MUC2_wgs	-0.113405355367755	0.196397856712277	0.996022715787731	1
MYO9B_wgs	-0.0086289385755485	0.928249767607485	0.996022715787731	1
MYRF_wgs	-0.125314292694448	0.560085209795373	0.996022715787731	1
MYT1_wgs	0.0415866324552	0.78282645168818	0.996022715787731	1
NFAM1_wgs	-0.00403095925198086	0.980001877603656	0.996335242230383	1
NHLRC2_wgs	-0.149589592225071	0.268868508920945	0.996022715787731	1
NINJ2_wgs	-0.111221824037933	0.609715995582957	0.996022715787731	1
NIPA1_wgs	0.0160415506812896	0.891850306737331	0.996022715787731	1
NME9_wgs	-0.0087658523592524	0.947649707337673	0.996022715787731	1
NT5DC3_wgs	0.00300748030164598	0.963752809913175	0.996022715787731	1
NTN1_wgs	-0.0714434202922362	0.578285936778284	0.996022715787731	1
NUDT14_ssc	0.0688540436085442	0.305343347087018	0.996022715787731	1
NUDT3_wgs	-0.0321211111791985	0.820675290771045	0.996022715787731	1
NXN_wgs	-0.113777583637965	0.52850477757961	0.996022715787731	1
OLFML2A_wgs	0.0154319768690151	0.917792206730369	0.996022715787731	1
OR2H1_wgs	0.0178418328985356	0.914362813401027	0.996022715787731	1
ORMDL1_wgs	-0.0516631582110832	0.895243818335028	0.996022715787731	1
OSCAR.1_wgs	-0.0659692055964097	0.507629686029054	0.996022715787731	1
OSCAR_wgs	-0.0847359963141688	0.33839352929353	0.996022715787731	1
OTUB2_wgs	-0.00631589609181548	0.969886016809608	0.996022715787731	1
P2RX3_ssc	-0.0127032029259518	0.918042398043429	0.996022715787731	1
P2RX7_wgs	0.0197160423404633	0.93653657292659	0.996022715787731	1
PAEP_wgs	-0.0559230352673936	0.539703607342051	0.996022715787731	1
PALM2-AKAP2_wgs	0.414554083409792	0.0358784142133289	0.710285751252033	1
PAQR9_wgs	-0.260905540721899	0.332264084752623	0.996022715787731	1
PARK7_wgs	0.0952903695900866	0.605960264309993	0.996022715787731	1
PARVB_wgs	0.0677313621022382	0.649233557252472	0.996022715787731	1
PAX5.1_wgs	0.0567345095834518	0.76349510064035	0.996022715787731	1
PAX5_wgs	-0.34915123506426	0.0423225020051653	0.72134970329392	1
PCBP3_wgs	-0.0177940801057317	0.847212487082143	0.996022715787731	1
PCDH17_wgs	-0.244064517072075	0.445244500636223	0.996022715787731	1
PCDH7_wgs	0.123352042925546	0.335688717468217	0.996022715787731	1
PCDHA6_ssc	0.0917680822637484	0.730902007585221	0.996022715787731	1
PCMT1_ssc	0.562280706133668	0.00405635186482414	0.437341919844825	1
PDCD1_wgs	-0.113252020077521	0.339384204056784	0.996022715787731	1
PDE7A_wgs	-0.0339735227628804	0.834217075865199	0.996022715787731	1
PDE9A_ssc	0.152155755273429	0.297718600746658	0.996022715787731	1
PEX2_wgs	-0.0626979356185338	0.860626122430159	0.996022715787731	1
PHF12_wgs	-0.397648993849028	0.0499595333950561	0.751988301361948	1
PHF17_wgs	0.00787760006789208	0.95759403020315	0.996022715787731	1
PHF21B_wgs	-0.0567668617671897	0.791675073273912	0.996022715787731	1
PIRT_wgs	-0.135519621443235	0.558427480686596	0.996022715787731	1
PKD1L2_wgs	-0.00546009884077195	0.954221266714433	0.996022715787731	1
PLA2R1_wgs	-0.332461391954029	0.342484251872225	0.996022715787731	1
PLEKHG4B_wgs	-0.0131905934073201	0.943498526309262	0.996022715787731	1
PLIN4_wgs	0.192277312277267	0.287011705523606	0.996022715787731	1
PLK5_wgs	0.0256591804920576	0.926862795792988	0.996022715787731	1
POLR3D_ssc	0.101150086149043	0.454068095904481	0.996022715787731	1
POLR3D_wgs	0.172566332150615	0.307332527755468	0.996022715787731	1
PPA2.1_ssc	-0.108715020240135	0.518762372862233	0.996022715787731	1
PPA2_ssc	0.199775242814177	0.202483167340116	0.996022715787731	1
PPARGC1A_wgs	0.0765125610538082	0.634454544746359	0.996022715787731	1
PPHLN1_wgs	-0.380537101839504	0.00320322555936235	0.405142951883532	1
PPP1R3B_wgs	-0.0196077984857288	0.936003114942487	0.996022715787731	1
PPP2R2B_wgs	0.152351912681623	0.504177873858147	0.996022715787731	1
PRKAR1A.1_wgs	0.108555207033511	0.695644708380209	0.996022715787731	1
PRKAR1A_wgs	-0.588340886681383	0.0484979647231015	0.739593962027298	1
PSAPL1_wgs	0.107520524611809	0.608180416106689	0.996022715787731	1
PTGDR2_wgs	-0.129338299308218	0.421156541523196	0.996022715787731	1
PTPLAD1.1_wgs	0.162051479181246	0.420785999073229	0.996022715787731	1
PTPLAD1_wgs	-0.0278970421442639	0.89254368403826	0.996022715787731	1
QSOX1_wgs	0.0553909278125135	0.737303968865941	0.996022715787731	1
RAB6B_wgs	-0.0499252173193535	0.513253869175373	0.996022715787731	1
RABGAP1L_wgs	0.233597239429985	0.586585353985609	0.996022715787731	1
RAET1G_wgs	0.0512812425114825	0.741966584463911	0.996022715787731	1
RANBP10.1_wgs	-0.0219882877600134	0.903308093439815	0.996022715787731	1
RANBP10_wgs	0.09318873511932	0.479913094934409	0.996022715787731	1
RAP1A_wgs	-0.0291031641197436	0.858046693837906	0.996022715787731	1
RBFOX2_wgs	-0.251540119041757	0.551823402595453	0.996022715787731	1
RBM28_wgs	0.052723269173092	0.717476697635449	0.996022715787731	1
RBM4_wgs	0.224064437212697	0.356905947498315	0.996022715787731	1
REEP1_wgs	0.413018435004848	0.213181853120767	0.996022715787731	1
REM2_wgs	0.262472762173052	0.422093350047588	0.996022715787731	1
RFX7_wgs	0.118571307970334	0.351258316588482	0.996022715787731	1
RIMS3_wgs	-0.32282973643442	0.0399444984893911	0.71240606807306	1
RNF130_wgs	-0.10544393010213	0.311314533811824	0.996022715787731	1
RNF219_wgs	0.80016120085802	0.00474515274688097	0.437341919844825	1
RNF44_wgs	-0.26728057706644	0.0133706850893401	0.548509048557456	1
RYR3_wgs	-0.303029310092554	0.287064995014124	0.996022715787731	1
SAMD5_wgs	-0.372727593052694	0.432114462919181	0.996022715787731	1
SAR1B_wgs	0.0414993365842337	0.825243623502292	0.996022715787731	1
SBF1_wgs	-0.124996379547423	0.472629388042852	0.996022715787731	1
SCAI_wgs	0.172330620316764	0.238609201596877	0.996022715787731	1
SCARB2_wgs	0.0144541147519342	0.935170431415195	0.996022715787731	1
SCUBE1_wgs	0.0424111546559048	0.671341245016534	0.996022715787731	1
SERAC1_wgs	0.129405205547257	0.11194034035803	0.905173479085028	1
SF3B3_wgs	-0.132994687415507	0.216045023424622	0.996022715787731	1
SFXN2_wgs	0.0943679621639553	0.620543842683873	0.996022715787731	1
SH2B3_wgs	-0.211761017974065	0.0111821176944242	0.548509048557456	1
SH3PXD2A_wgs	0.14135547184005	0.512765354209527	0.996022715787731	1
SHISA6_wgs	-0.043974379180193	0.655571110028717	0.996022715787731	1
SHISA9_wgs	-0.413559745056389	0.274221199716805	0.996022715787731	1
SLC2A13_wgs	0.224654334791802	0.52882001509514	0.996022715787731	1
SLC34A2_wgs	-0.117889589585505	0.224651698116464	0.996022715787731	1
SLC36A2_wgs	-0.278590504447328	0.163039823885641	0.990093369460061	1
SLC39A9_ssc	-0.017238998797384	0.823899032483696	0.996022715787731	1
SLC4A4_wgs	-0.14175567528095	0.201750509189226	0.996022715787731	1
SLC6A1_asc	0.239750509121127	0.152117320067309	0.982623796799126	1
SLCO2A1_wgs	-0.187672934687078	0.212867767501568	0.996022715787731	1
SMYD5_wgs	-0.158358702779936	0.216047616018236	0.996022715787731	1
SNX29.1_wgs	-0.0113717870286932	0.92292473825948	0.996022715787731	1
SNX29.2_wgs	0.111540220346699	0.526818547926319	0.996022715787731	1
SNX29_wgs	0.0834652135343031	0.31103856754714	0.996022715787731	1
SORCS2_wgs	-0.145576219719908	0.405919815499253	0.996022715787731	1
SORD_ssc	0.00178896467376162	0.98596081291229	0.997729814887619	1
SOX21_wgs	-0.201938489733812	0.304797689058121	0.996022715787731	1
SP7_wgs	0.147285298549969	0.332089949855219	0.996022715787731	1
SPATS2_wgs	0.579630338945127	0.0345783891565668	0.710285751252033	1
SPRED3_wgs	0.316538838882105	0.184505971434378	0.996022715787731	1
SPRR3_wgs	-0.0126070630767305	0.934216080726304	0.996022715787731	1
SPRR4_wgs	0.0240522775076373	0.886515530985505	0.996022715787731	1
SRRM4_wgs	-0.115875379498911	0.397815795754799	0.996022715787731	1
STK24_wgs	-0.125958380888018	0.706257962595553	0.996022715787731	1
STON1_ssc	-0.113826883016107	0.312945220459315	0.996022715787731	1
STON1_wgs	-0.156836213612707	0.312511514562926	0.996022715787731	1
SURF4_wgs	-0.0318328812818222	0.667269982923783	0.996022715787731	1
SYNGR3_wgs	-0.0194590132264049	0.881081454088224	0.996022715787731	1
SYNJ1_wgs	-0.123068705611573	0.334787138939406	0.996022715787731	1
SYT3_wgs	-0.0779157411652141	0.372269273549163	0.996022715787731	1
TACR2_wgs	0.087751863563721	0.743571690890236	0.996022715787731	1
TDRP_wgs	0.0800460479049479	0.522529968337617	0.996022715787731	1
TEKT1_wgs	0.126185199981632	0.392743108445437	0.996022715787731	1
TIMP3_wgs	0.110768420927378	0.461125139472309	0.996022715787731	1
TIRAP_ssc	-0.0900136246859183	0.584683713135053	0.996022715787731	1
TMEM63B_wgs	-0.119169140153393	0.390861381963505	0.996022715787731	1
TMEM95_wgs	-0.0681497045686484	0.683991797828773	0.996022715787731	1
TMEM98_wgs	0.111240359191037	0.426633876207898	0.996022715787731	1
TMTC2_wgs	-0.302130199494587	0.0638329593740307	0.802120393645321	1
TNRC6B_wgs	-0.0288766144151777	0.64526889720028	0.996022715787731	1
TOLLIP_wgs	0.012964831242468	0.932981399161624	0.996022715787731	1
TPGS1_wgs	-0.0470138832987518	0.73382186719885	0.996022715787731	1
TPGS2_wgs	-0.0957643850184446	0.419858726614408	0.996022715787731	1
TRAF3_wgs	0.0971415151821666	0.48181782419326	0.996022715787731	1
TRAM2_wgs	-0.189230315201547	0.126782204050779	0.92671157763597	1
TRIM2_wgs	-0.261673638898785	0.265887570898824	0.996022715787731	1
TSPAN14_wgs	0.0213139107828149	0.848274989926652	0.996022715787731	1
TTC39C_wgs	0.0211070206632028	0.936532949632633	0.996022715787731	1
TTL_wgs	0.00670469222918819	0.970554594336647	0.996050272877368	1
UBAP2L_wgs	-0.130148996147695	0.241744505798979	0.996022715787731	1
UBE2QL1_wgs	0.0491539922931153	0.66559331480152	0.996022715787731	1
UBE2V2_wgs	-0.0774300644761737	0.490469170667328	0.996022715787731	1
UTP6_wgs	0.0482642850478053	0.784506707276541	0.996022715787731	1
VAV2_wgs	0.0369271964644501	0.748026882163946	0.996022715787731	1
WDFY2_wgs	-0.10654892841551	0.44806589245155	0.996022715787731	1
WDR52_wgs	-0.425206322955678	0.120712692949427	0.910790200870522	1
WSCD1_wgs	-0.0421538837818281	0.777838878433547	0.996022715787731	1
XAF1_wgs	0.124487217143941	0.653323045644155	0.996022715787731	1
XKR7_wgs	-0.0326968231967367	0.825583776364434	0.996022715787731	1
YEATS2_wgs	-0.0527596639019069	0.896288019778183	0.996022715787731	1
YPEL5_wgs	-0.000523102685709281	0.996613788997053	0.997729814887619	1
ZBTB39_wgs	-0.145575940078287	0.11958400025681	0.909832754689121	1
ZC3H7B_wgs	-0.263832837911944	0.244828964178524	0.996022715787731	1
ZKSCAN1_wgs	-0.222249109428714	0.166825619927623	0.994944563444845	1
ZNF208_wgs	0.423266450710463	0.00877702697142811	0.526167634131992	1
ZNF234_wgs	0.161087752035886	0.126923799267221	0.92671157763597	1
ZNF280D_wgs	0.0897207544777784	0.387842741276148	0.996022715787731	1
ZNF414_wgs	0.272864324538584	0.0725528206601045	0.855139516729435	1
ZNF544_wgs	-0.0774450312627394	0.573324106883359	0.996022715787731	1
ZNF592_wgs	0.126417537477937	0.368806034324159	0.996022715787731	1
ZNF629_wgs	0.11765296166766	0.59723624807391	0.996022715787731	1
ZNF691_wgs	0.167890642299056	0.236401075037182	0.996022715787731	1
ZNF771_wgs	0.124772278153229	0.191091204683754	0.996022715787731	1
