Element	logFC	pval	fdr	bonferroni
9-Sep_wgs	-0.329472049352395	0.0118123162480101	0.089089367553485	1
ABCB5_wgs	0.0385467830056771	0.850453729278103	0.94895106909715	1
ABHD2_ssc	0.16808098638389	0.123234324015793	0.437737405305867	1
ABL2_wgs	-0.393980506590967	0.318739042539953	0.680808571815758	1
AC010536.1_wgs	0.1941118691953	0.172790363512158	0.520001559353941	1
AC010547.9_wgs	-0.211909302923868	0.0460946680771167	0.23313497476274	1
ACAD11_ssc	0.103613152514055	0.808640001067241	0.933823150085727	1
ACBD3_wgs	0.535779924393318	0.384750184764414	0.732260351645458	1
ADAM28_wgs	-2.80054615415388	1.39958451143953e-09	8.98999784514659e-08	5.39399870708795e-06
ADARB1_wgs	-1.38456515644339	7.44408957027681e-10	5.41311720827299e-08	2.86895212038468e-06
AGFG2_wgs	-0.34134621094214	0.000962338818589278	0.0115901681463846	1
AGO4_wgs	-0.182167519442573	0.136080084428178	0.457637561419022	1
AGTR1_wgs	-2.46934429153679	8.69774911496393e-09	4.29542186247933e-07	3.3521125089071e-05
AKAP10_wgs	0.0100214029445575	0.97696315375704	0.992201907831216	1
AKAP9_wgs	3.72836141121365	6.9152691872699e-12	6.83370447377902e-10	2.66514474477382e-08
AKR1B1_ssc	-0.189275390131088	0.211167571574001	0.580889287087191	1
AKR1C1_wgs	0.545638155520488	7.04513744211623e-05	0.00122859546162516	0.27151959701916
AL117190.3_wgs	-0.0618690473902031	0.625053144398965	0.867015653629244	1
ALDH3A2_ssc	0.591543112978874	4.26313605448758e-05	0.000782386969237864	0.164301263539951
ALG14_wgs	0.241708614633752	0.218552320678539	0.590854222523823	1
ALX4.1_wgs	0.0849778602001818	0.326837555698221	0.686095268823958	1
ALX4_wgs	0.589159089072817	2.51938991298477e-07	7.89408839401895e-06	0.00097097287246433
AMPD2_wgs	0.936276861218874	1.733508484963e-05	0.000355369239417414	0.0668094170104739
AMZ1.1_wgs	0.424680246217779	0.0021614807055855	0.023139851775907	1
AMZ1_wgs	0.462995585439075	0.00158941116882207	0.0178069495483729	1
ANGPTL4_wgs	0.356754969758157	0.0136975679155636	0.0999818688382234	1
ANO8_wgs	0.0866694163239838	0.317039733236208	0.680808571815758	1
ANTXR2_wgs	0.332159333081017	0.289498919430714	0.656489667724431	1
AP3S2_wgs	0.114821537266288	0.235703915576446	0.611823303246514	1
AP4S1_wgs	2.42552170382015	4.8602897213584e-09	2.56596665563223e-07	1.87315565861153e-05
APOBEC3C_wgs	0.154322859770265	0.153454871669256	0.486784180963313	1
ARFGAP2_wgs	0.459930074247391	0.000113936146864685	0.00187653807699358	0.439109910016497
ARHGEF12_wgs	-0.124909832003785	0.455582412934543	0.778754180451909	1
ARL3_wgs	0.218624316338023	0.0304446729027451	0.1743443824178	1
ARL5B_wgs	-0.947025962548869	0.000146340056693309	0.00236972511973115	0.563994578496015
ARPC4_wgs	0.0831969872404568	0.777160101812839	0.927585949949421	1
ARRDC3_wgs	1.75906269904127	7.18470100284605e-10	5.32496878172475e-08	2.76898376649687e-06
ASIC2_wgs	1.20323626223592	1.06325834945663e-07	3.7594474117485e-06	0.000409779767880586
ASPH_wgs	0.155865530458454	0.280516255573066	0.65392968377527	1
ATP2B2_wgs	0.0664279766172297	0.493899246076162	0.799448842661708	1
ATP6V1A_wgs	0.501562016351467	0.0016629285078005	0.0185229088701246	1
ATP8B4_wgs	0.566256033126913	0.00315455486790507	0.0315783232750809	1
ATP9A_wgs	0.943764250222922	1.08703042129975e-05	0.000235360406948834	0.0418941524368924
ATXN7L3_wgs	0.0926937522264777	0.22545430136296	0.598107457316769	1
BAG2_wgs	-1.5241538714056	6.16321545346823e-09	3.16707098102221e-07	2.37530323576666e-05
BAIAP2L1_wgs	-0.436870926698558	0.157940182401291	0.492476911791728	1
BARX1_wgs	-0.0578256249678617	0.564142470961675	0.833401565395305	1
BAZ1B_wgs	-1.07550303017459	6.27577667847074e-06	0.000142275548934272	0.0241868433188262
BAZ2A_wgs	-0.231487897463349	0.352572412376406	0.707715665259723	1
BCAS1_wgs	-1.20238192791903	3.09381669159536e-08	1.28210425047404e-06	0.000119235695294085
BCL2_wgs	-0.15756823293767	0.210286747710175	0.579861282135902	1
BEND7_wgs	0.16324173926681	0.172159584975204	0.518767037134038	1
BMP3_wgs	0.50916545044842	0.171318745165543	0.51663728002191	1
BOD1L2_wgs	0.0707585797535651	0.902110684731659	0.969173847646282	1
BRD1_wgs	0.0607805085692287	0.653653793106272	0.878261916160868	1
BRI3_ssc	-0.323719677453759	0.00310707566696702	0.0313473026714422	1
BRI3_wgs	-0.347884350296852	0.000713140724805996	0.0091614811780077	1
BTBD6_wgs	-0.274754933370252	0.0260934223111494	0.157377229400892	1
C10orf54_wgs	-0.039307307768344	0.685322713639311	0.89065656155889	1
C10orf71_wgs	-0.0447099351214307	0.636390083336283	0.869522783998248	1
C11orf45_wgs	0.132479447917113	0.260193087196396	0.635880886528161	1
C11orf68_wgs	0.828007735526694	1.28262861869599e-09	8.37839101093954e-08	4.94325069645433e-06
C16orf54_wgs	-0.133474518448755	0.461066226116936	0.781730619583993	1
C17orf102_wgs	0.113019679794784	0.356552205067233	0.711543155590568	1
C19orf44.1_ssc	0.483770238976367	1.13375451609042e-05	0.00024302784351262	0.0436948990501247
C19orf44_ssc	-1.02480341881394	1.05238828102799e-09	7.24268649121764e-08	4.05590443508188e-06
C1orf116_ssc	-0.0691897933412059	0.626517694726479	0.867188516565119	1
C1orf116_wgs	-0.108570489323767	0.427747175375724	0.762505834365421	1
C1orf233_wgs	0.00437191778850257	0.962197939856351	0.985980572915727	1
C21orf33_wgs	-0.0991937792340652	0.690006447372112	0.89065656155889	1
C21orf37_wgs	0.763649646042439	0.031365006569844	0.178290170088759	1
C21orf49_wgs	0.122244888609436	0.284320235305151	0.65392968377527	1
C22orf34_wgs	0.0922396658464256	0.603230585030777	0.85878284345224	1
C2CD4A_wgs	-0.25931784397504	0.0119990140343512	0.0899692608723532	1
C2orf68_wgs	0.214456731036206	0.412921517749496	0.748780003653022	1
C2orf88_wgs	-0.078510858256515	0.739418821509153	0.91406916934398	1
C3orf52_wgs	0.436804571620575	0.000671194216215182	0.00868047821910507	1
C4orf22_wgs	-0.208098156147348	0.01069776565696	0.0822937901036407	1
C4orf32_wgs	3.21087806469675	5.03801051721235e-08	1.98715331390395e-06	0.000194164925333364
C5orf28_wgs	0.363687696949013	0.404872507957338	0.74790793654324	1
C9orf139_wgs	-0.0363162884328643	0.789179829175161	0.930727571907569	1
CACNA2D3_ssc	-0.0179662615534208	0.922881119946114	0.974225265068072	1
CACNG8_wgs	0.91641966872949	1.21775015848654e-05	0.000255634282712565	0.0469320911080713
CARF_wgs	-1.78898568364181	1.50763618548935e-12	1.7607363208715e-10	5.81042985887595e-09
CCDC148_wgs	-2.54992025354925	3.39640444746518e-09	1.86996324864726e-07	1.30897427405308e-05
CCDC25_wgs	-0.282161778718011	0.249972465625404	0.625457862109478	1
CCDC90B_wgs	0.419829162550209	0.0302609435649465	0.173991095610828	1
CCNA2_wgs	-0.000221511248829135	0.999679234331456	0.999976876646894	1
CCNT1_wgs	1.38709321210397	4.31190151339172e-12	4.37317590331887e-10	1.66180684326117e-08
CD7_wgs	0.144027807910322	0.313547227289224	0.677740333131055	1
CD96_wgs	0.309742460385383	0.0883201776794278	0.357830773054963	1
CDC27_wgs	-0.545133437401762	0.0309210037490252	0.176678357332272	1
CDC42EP4_wgs	0.0333744828908261	0.884435262253458	0.961088799045968	1
CDH5_wgs	-0.081226850098457	0.583992189705276	0.84581206280501	1
CDS2_wgs	0.727134548567481	1.22046466058931e-05	0.000255634282712565	0.0470367080191119
CDYL2.1_wgs	-0.180163328867214	0.130455240801277	0.450514783197242	1
CDYL2_wgs	-0.313567422163916	0.00567752812171683	0.050533933905535	1
CELF6_asc	-0.151842763524963	0.26155523415356	0.637189552735665	1
CENPN.1_wgs	0.039836238122236	0.885275415024194	0.961088799045968	1
CHD5_wgs	0.932937575495128	0.00062979890719981	0.00817254204830999	1
CHML_wgs	-0.0594320431477925	0.940226248109296	0.978151545855519	1
chr10:100555917;A|AC;Family=14036	0.170799072211959	0.300637946965827	0.665893920189795	1
chr10:100993505;A|C;Family=11818	-0.0171832471592858	0.918966782744163	0.973933569308383	1
chr10:101785050;A|C;Family=14039	-0.0823240319331729	0.575600255583	0.841977193870417	1
chr10:101786330;T|C;Family=13626	-0.125396947331772	0.536347243951854	0.82279786808671	1
chr10:102673925;T|A;Family=14458	-0.146965845017381	0.105269615888663	0.400649788893085	1
chr10:102674395;C|T;Family=14490	0.0248389455193897	0.853154905109882	0.950580804941742	1
chr10:102738597;C|T;Family=12788	-0.203659711423693	0.0342612066538919	0.189716509258763	1
chr10:103077203;A|G;Family=14217	-0.0277961904147877	0.817440624135655	0.939257435379504	1
chr10:103084989;C|G;Family=14475	0.435166757982911	0.113647359665092	0.417935996325634	1
chr10:103599336;G|A;Family=13239	0.51774053185964	3.50836829804049e-06	8.61226205136819e-05	0.0135212514206481
chr10:1040478;C|T;Family=14490	0.31349604500069	0.0215504213866399	0.137281527312579	1
chr10:105264286;A|T;Family=14167	0.148385690923718	0.587041540296898	0.846415308777518	1
chr10:110292906;G|A;Family=22087	0.319770455913852	0.0201285878602192	0.131931254444362	1
chr10:110899044;G|A;Family=14508	-0.19200541724604	0.759439477655446	0.919061000736783	1
chr10:11288488;C|T;Family=14011	0.040659413410519	0.848717326023453	0.94895106909715	1
chr10:11335913;G|A;Family=14080	-0.00286449304932394	0.986578015935539	0.996924927481795	1
chr10:113912877;C|T;Family=12613	-0.54552523072197	0.000516313146296231	0.00692356347809143	1
chr10:113916527;A|G;Family=11753	0.350052765323266	0.328220698808526	0.686373122781523	1
chr10:11454999;C|A;Family=14368	-0.00126156310345773	0.990648879292378	0.998681867850595	1
chr10:114863518;G|A;Family=14358	-0.394234950843509	0.404463008180084	0.74790793654324	1
chr10:116672228;T|C;Family=12837	-0.214088050103167	0.0855992212671681	0.353578909804409	1
chr10:116674330;TG|T;Family=13177	-0.198574436166318	0.483218078647246	0.795184660592009	1
chr10:117277554;T|C;Family=13557	-0.18871722239387	0.661519704387109	0.881350950294825	1
chr10:118685229;C|T;Family=13462	0.289341889130508	0.048520027243523	0.242852188307192	1
chr10:119575344;T|C;Family=14361	-0.234089736655263	0.580204424955245	0.84388994569329	1
chr10:119828703;T|C;Family=13964	-0.333535059953102	0.0295714036746617	0.172364260947924	1
chr10:120906250;C|G;Family=13043	0.215315722745991	0.156359464237839	0.489926321278561	1
chr10:122441654;G|A;Family=14234	-0.297346624753965	0.152920948935443	0.486669972912633	1
chr10:122457129;G|A;Family=14433	-0.213914928193688	0.452803415797593	0.777708121922714	1
chr10:124007668;T|C;Family=14417	-0.0103410846556242	0.942131120723563	0.978151545855519	1
chr10:126504992;A|AG;Family=14563	0.572433158583074	5.43671873072836e-06	0.000125467748432498	0.0209531139882271
chr10:128083596;G|A;Family=13867	0.0191883007921931	0.906682261967953	0.969664121542712	1
chr10:12830453;G|A;Family=14412	0.176924240147603	0.541588194017863	0.825018551676558	1
chr10:12831770;A|G;Family=11905	-0.218782910614745	0.0145417946852631	0.103211927655624	1
chr10:130067553;C|T;Family=13964	0.0330778670518222	0.794260706292624	0.930727571907569	1
chr10:132417688;A|G;Family=14265	-0.0259835091316116	0.872703071262069	0.95659773510922	1
chr10:133226372;C|T;Family=11587	-0.409699092273074	0.011039549816386	0.0845853379569618	1
chr10:13441561;C|A;Family=14096	0.0780965143123603	0.458665265855417	0.779669188777314	1
chr10:18679337;G|A;Family=11412	0.0227903373340213	0.920548562626053	0.973933569308383	1
chr10:21742762;G|A;Family=13888	-0.18301112893671	0.164932443535973	0.503829223908482	1
chr10:22536841;C|T;Family=14137	-0.256486860296818	0.150490561654897	0.48307236388229	1
chr10:27673518;TCTAA|T;Family=11679	0.133506821814913	0.607783580439609	0.860081822289343	1
chr10:27674431;CA|C;Family=13528	0.0789729073135112	0.854881517073957	0.950722998391178	1
chr10:28590744;CAA|C;Family=14200	0.175359285061194	0.61705600162496	0.863655714625198	1
chr10:28610739;AATTC|A;Family=14204	0.545992954723644	0.00018658498060653	0.00291133002128569	0.719098515257565
chr10:32876908;T|A;Family=13188	-0.384753964033998	0.259168311337931	0.634934012702654	1
chr10:38058596;C|T;Family=14206	0.278352935895012	0.098843252531642	0.383627286260774	1
chr10:38064613;C|T;Family=14603	0.0767765229997564	0.730021968176385	0.910888475908408	1
chr10:42589230;T|C;Family=14258	0.276253844754691	0.328760971628098	0.686373122781523	1
chr10:44936816;G|A;Family=14225	0.0305693158804736	0.845918931823104	0.948214533645045	1
chr10:45454685;A|T;Family=14293	-0.131681155800083	0.558855414114912	0.831417702919047	1
chr10:45455701;G|T;Family=14012	0.0329921400925389	0.816727821959377	0.939257435379504	1
chr10:46311665;G|A;Family=14070	0.231673107643395	0.105289079905699	0.400649788893085	1
chr10:49327099;G|A;Family=13533	-0.132576514112861	0.151592663370071	0.485197258680225	1
chr10:4982907;G|A;Family=13868	-0.191627400314982	0.0858762530444765	0.353578909804409	1
chr10:50306955;T|C;Family=13928	0.818989251687588	3.0998981840661e-05	0.000601898147218741	0.119470076013908
chr10:51908110;C|A;Family=14132	-0.196217929231944	0.287096581574444	0.654116066499193	1
chr10:52296787;C|T;Family=13237	0.621100520952513	0.0572661138219004	0.271674632662994	1
chr10:53821903;G|A;Family=14423	0.404124924707155	0.0652460968844686	0.296881295623072	1
chr10:53938946;C|T;Family=14400	0.148819245363712	0.625282845167666	0.867015653629244	1
chr10:58396347;T|C;Family=13801	0.325308137160576	0.250085772057785	0.625457862109478	1
chr10:61414817;G|A;Family=12716	0.136873147858374	0.646214523435929	0.87616024464433	1
chr10:62195207;A|G;Family=13988	-0.0336081913439913	0.926403247233578	0.975241222299429	1
chr10:68343012;T|C;Family=14209	0.0657561409676768	0.785884703371228	0.930727571907569	1
chr10:68414265;T|C;Family=14380	1.17243625866554	0.0816121317465653	0.343752082788265	1
chr10:68911219;AAC|A;Family=13929	-0.0718588443126673	0.699871555517991	0.894628515743395	1
chr10:69404819;A|G;Family=14139	-0.239503389373162	0.113992799319718	0.418302094118766	1
chr10:70150623;G|T;Family=22004	-0.361346941231932	0.435173418671051	0.763385687554952	1
chr10:70425648;A|G;Family=14221	0.276994552867208	0.0734620122774455	0.321872655093906	1
chr10:71747722;G|A;Family=14065	-0.169071928777161	0.103637142439873	0.398311543384334	1
chr10:71750800;C|T;Family=14356	0.0775083679598622	0.47411791935958	0.788968247500787	1
chr10:71750965;C|T;Family=14293	0.107803212172495	0.453176579091195	0.777708121922714	1
chr10:71816558;A|G;Family=14004	0.233102390163954	0.147320092041817	0.477520298342441	1
chr10:72335546;C|A;Family=13237	-0.0648788777476117	0.742134709519831	0.914674502874777	1
chr10:73136826;C|T;Family=13928	0.00305065011179397	0.985701486132586	0.996300426843689	1
chr10:74101002;A|G;Family=14402	0.787837117151748	2.87662829946654e-06	7.24609507591114e-05	0.011086525466144
chr10:76875350;G|T;Family=14594	-0.311791311008267	0.352264653411465	0.707466375324537	1
chr10:76876859;C|T;Family=14658	0.100524264179853	0.501975280729889	0.806692489689128	1
chr10:77001472;G|T;Family=13008	-0.263623642875569	0.0200120516516468	0.131390880861068	1
chr10:79316375;C|CTGTA;Family=13567	0.635592443102795	0.199695300212071	0.563415583468024	1
chr10:80090866;G|A;Family=12568	0.18579420707404	0.221590814589545	0.593475329692917	1
chr10:80529499;G|C;Family=13505	0.117503376822533	0.299580610786718	0.665893920189795	1
chr10:812367;A|G;Family=12318	0.109220096308151	0.582050182331858	0.845075123986909	1
chr10:87552910;C|G;Family=14175	0.235535877271432	0.238575057119168	0.613866121971821	1
chr10:87751614;GA|G;Family=12661	0.381348596401265	0.372922113827375	0.721144920567337	1
chr10:87967103;GT|G;Family=11224	-0.236898779309075	0.542676684391948	0.825588429732742	1
chr10:91282878;A|G;Family=14301	0.439421981464143	0.246010024008771	0.622186928665382	1
chr10:92051693;C|G;Family=11568	0.0315986588918069	0.718062662034254	0.906895142159033	1
chr10:92558801;G|A;Family=12412	-0.297831052335662	0.00464727184928636	0.0430542925652636	1
chr10:92901375;T|C;Family=11954	0.341124051745156	0.425684814548588	0.760428288644136	1
chr10:93306532;T|TCTAA;Family=11718	-0.69355012655852	0.00584885855250599	0.0515823818337713	1
chr10:93665442;C|T;Family=14017	0.0326610980751029	0.90715675594644	0.969664121542712	1
chr10:94325123;C|T;Family=22349	0.257813434879022	0.0121072879534611	0.0902543283803463	1
chr10:94535820;C|G;Family=14160	-0.202806099701271	0.676767451689872	0.887767787206523	1
chr10:95210747;G|A;Family=14484	-0.306859068508488	0.154103760167862	0.48801634485369	1
chr10:96364842;C|T;Family=13026	0.547295980376552	0.0180697899815415	0.121325732733207	1
chr10:96989266;T|C;Family=12689	0.0694944896581655	0.556989346529444	0.830799321373178	1
chr10:98247936;T|C;Family=13916	0.585663790362256	0.0128560307338457	0.0949178974104242	1
chr11:101033498;C|A;Family=13863	-0.205434801018297	0.59360806565837	0.851736963904451	1
chr11:101034122;G|A;Family=14161	0.11149908348583	0.512601921137491	0.811654808571853	1
chr11:101998918;C|T;Family=13001	-0.102388811586123	0.490459577222302	0.799114514447091	1
chr11:102081375;G|C;Family=13956	-0.572595168964912	0.119807147431573	0.432029252691811	1
chr11:102712136;ATTT|A;Family=13154	-0.0447041992867693	0.850740049396712	0.94895106909715	1
chr11:102715386;A|G;Family=12653	-0.0177100178333772	0.860081756344373	0.952686605115663	1
chr11:102722552;G|A;Family=12534	0.0406650772461213	0.731955116667947	0.911750167950312	1
chr11:103908523;A|G;Family=11172	0.2908017590008	0.405979667846772	0.748522986226006	1
chr11:104890491;T|C;Family=11722	-0.225664196212772	0.172932975971509	0.520001559353941	1
chr11:106674176;C|T;Family=14015	-0.14380263753191	0.686568593423409	0.89065656155889	1
chr11:106676736;C|G;Family=14043	-0.156284314833562	0.510054735837227	0.810953363001927	1
chr11:107336571;G|A;Family=14522	0.772432268478999	0.0240596734364578	0.147184097498585	1
chr11:107665691;A|G;Family=11471	-0.118573525188117	0.344527706857415	0.700674212749755	1
chr11:107707617;C|T;Family=14296	-0.0134612589090614	0.928072997484938	0.975988132595065	1
chr11:108147607;T|A;Family=11028	0.564782523776482	0.199181358382682	0.562789556603268	1
chr11:108506922;C|T;Family=12351	0.0585302218923407	0.723136469430809	0.908266945536984	1
chr11:110168323;CCTTT|C;Family=14485	0.833638456867386	0.0213214538138292	0.136273437808454	1
chr11:110464436;A|G;Family=11300	0.331220690729431	0.0164820140309399	0.113062989525684	1
chr11:110578017;A|AGGTT;Family=11749	-0.45495833324923	7.78618076339726e-05	0.00132778498505013	0.30007940662133
chr11:111755330;G|A;Family=11484	-0.123406645330798	0.33231741983124	0.689815418457632	1
chr11:111759888;C|G;Family=11355	0.213817314699043	0.34954221721977	0.705685538208721	1
chr11:112020819;G|C;Family=12864	0.312660740739466	0.0739956337346136	0.321872655093906	1
chr11:112082999;G|A;Family=13010	0.0725549039684669	0.616673728356406	0.863655714625198	1
chr11:113733596;C|A;Family=14454	-0.208060490800097	0.268773949500782	0.643041746208391	1
chr11:114313231;C|T;Family=12653	-0.114646550864475	0.283425498248713	0.65392968377527	1
chr11:116776461;G|A;Family=13748	0.0921546286365239	0.564178693335846	0.833401565395305	1
chr11:116777302;T|A;Family=13853	0.166321032407187	0.253546379509804	0.62961839344767	1
chr11:117204647;T|C;Family=13694	-0.215151448755564	0.0410298836840329	0.215434838853219	1
chr11:118000915;T|C;Family=14243	-0.247864358099787	0.0297934089769189	0.172408105400969	1
chr11:118396788;C|T;Family=12655	0.134237260585938	0.707153297540468	0.899129558578533	1
chr11:118448406;C|G;Family=12695	0.0539018148674772	0.770590736414559	0.924704282499387	1
chr11:118544742;G|A;Family=14525	-0.0695775688982019	0.653010850170837	0.878261916160868	1
chr11:119356346;G|A;Family=22106	-0.113706071198956	0.52453242504657	0.8194957681801	1
chr11:119418127;G|A;Family=13900	-0.00912593750158598	0.944850147537722	0.978622001776506	1
chr11:11956188;A|C;Family=11094	-0.426816161786974	0.108993354661336	0.409016931708654	1
chr11:120112232;T|G;Family=14653	0.0048722337061895	0.963211645643643	0.985980572915727	1
chr11:120487883;G|A;Family=12857	0.469439478375914	0.0681859531442143	0.303451112491688	1
chr11:12263478;C|T;Family=12899	0.291260680057562	0.0918106737853769	0.366270972931183	1
chr11:12263717;A|G;Family=11989	0.163441436819006	0.439762967205649	0.766081956533469	1
chr11:124188074;C|T;Family=13948	-0.235473408698985	0.0864029351166925	0.354133864910901	1
chr11:124767889;G|A;Family=12019	-0.152459156780396	0.234199374681076	0.611823303246514	1
chr11:125101218;G|A;Family=12647	0.166438279288958	0.0978759775163243	0.381024259947388	1
chr11:125583699;A|C;Family=13195	-0.0136741378687944	0.90987175982412	0.970294898273979	1
chr11:125777019;T|C;Family=11452	0.176949344356889	0.104795445311532	0.400649788893085	1
chr11:125943602;G|A;Family=11824	-0.203215610492156	0.359837152048603	0.712025972923677	1
chr11:126291555;C|T;Family=14661	-0.144500750991696	0.272954702885153	0.645616942968411	1
chr11:1275105;C|G;Family=14076	0.0774778330283307	0.398081498671323	0.746209190602763	1
chr11:128812544;T|TA;Family=12029	0.264194250366216	0.118116195673641	0.427838174930649	1
chr11:128901589;G|C;Family=14230	-0.573341898889648	2.54679078572346e-05	0.00050594493238032	0.098153316881782
chr11:128902526;G|A;Family=14209	0.13919871336686	0.259311400102226	0.634934012702654	1
chr11:128917908;A|G;Family=14187	0.0395583423251466	0.820602725516967	0.939471036171205	1
chr11:129452030;GTTTTT|G;Family=13512	1.77723302201173	1.07318176923064e-12	1.34264279034887e-10	4.1360425386149e-09
chr11:129859531;C|CT;Family=11691	0.0571036125471888	0.723359695805394	0.908266945536984	1
chr11:129902006;A|G;Family=14174	-0.284202000615214	0.0399915431935178	0.212004687025884	1
chr11:130228414;G|T;Family=11167	-0.677759776437554	0.143081616460822	0.471292626630103	1
chr11:132416102;T|C;Family=13572	-0.254458427535882	0.350053397914636	0.705685538208721	1
chr11:134245909;C|G;Family=11305	0.155408099610551	0.29996554083474	0.665893920189795	1
chr11:13729935;A|T;Family=12351	0.168527573145406	0.584328144349026	0.845884553918893	1
chr11:15246372;A|C;Family=12243	-0.103654948649561	0.744731348588492	0.915874208440275	1
chr11:1555259;G|C;Family=11350	-0.00106929400445646	0.992944003688837	0.999166107106209	1
chr11:17088319;G|A;Family=12440	-0.18595442294386	0.241918004869306	0.617860828870979	1
chr11:17373816;C|T;Family=14188	0.289136929364415	0.0089743203793142	0.0714608073179275	1
chr11:17427056;A|G;Family=13692	0.00134068108732469	0.990259711820678	0.998681867850595	1
chr11:17429244;G|A;Family=13057	-0.0516764055770415	0.718902487372242	0.906895142159033	1
chr11:18020918;G|A;Family=12285	-0.35395339504823	0.00768094828271709	0.0632529373538284	1
chr11:18279726;G|A;Family=11108	-0.269781494298647	0.088482804027343	0.357830773054963	1
chr11:18366513;A|G;Family=12790	0.620581677841605	0.000368534059324067	0.00518368709720786	1
chr11:18366682;A|G;Family=13336	0.0714156043390052	0.808268900461639	0.933773483926605	1
chr11:18703455;A|T;Family=12624	-0.0951961683467159	0.492887481185693	0.799147013332632	1
chr11:18703822;A|C;Family=14648	0.09885848302075	0.540899732869903	0.824941658282788	1
chr11:18728563;G|A;Family=11060	-0.194724764363075	0.259517533725365	0.635035285700035	1
chr11:18728740;C|A;Family=13115	-0.354569244626049	0.0234616157031003	0.145426594224999	1
chr11:22281573;G|C;Family=12243	-0.200593080078861	0.406966549919724	0.748665761744345	1
chr11:27495352;T|C;Family=11181	0.478750059915611	0.00419176016123295	0.0394988842576817	1
chr11:27657333;T|G;Family=14055	0.206788851474685	0.190065154329382	0.549108774201977	1
chr11:27657533;A|AT;Family=14509	-0.508048758749018	0.234369372665916	0.611823303246514	1
chr11:294999;C|T;Family=13546	-0.282349466045933	0.112527555673385	0.415503107358129	1
chr11:31663622;A|T;Family=12810	0.0640036329009991	0.752266289632453	0.918351054875982	1
chr11:33704138;C|T;Family=12032	-0.0937433259598746	0.526025336385508	0.819808839349929	1
chr11:33710221;C|T;Family=14174	0.143784438341597	0.434116627930637	0.762966568364489	1
chr11:35190037;C|T;Family=14068	0.479283846271192	0.0155253280488941	0.108200025859743	1
chr11:35254980;C|G;Family=11552	-0.0494788576680496	0.810740980224551	0.935227697631075	1
chr11:35813130;C|CA;Family=13266	-0.11268445883874	0.357744126260183	0.711543155590568	1
chr11:35813437;T|C;Family=14631	0.0876094676716316	0.449212212869427	0.773903012798725	1
chr11:35816752;C|G;Family=11895	0.0671697935768311	0.79317037605865	0.930727571907569	1
chr11:381974;G|T;Family=14292	0.209304350237382	0.18684955881282	0.543075565357925	1
chr11:4138349;A|G;Family=14472	0.104685973582665	0.658993716735795	0.879723513785852	1
chr11:43494116;C|CA;Family=13781	-0.186720345160422	0.386606084322937	0.73398022117271	1
chr11:44261939;C|T;Family=11359	0.157697080949865	0.528475938850484	0.821268656584583	1
chr11:44263819;C|G;Family=11942	-0.341185813854582	0.000467203775559789	0.00638511826598379	1
chr11:44263856;G|A;Family=14521	-0.134443114189013	0.128918217349725	0.448829813091865	1
chr11:44933723;G|C;Family=11578	-0.0568269819358462	0.763801401830532	0.92033921632222	1
chr11:45228552;G|A;Family=11575	0.312734453933796	0.0687272822699354	0.304804310550438	1
chr11:45231207;T|G;Family=14285	0.727918010961618	4.36141283339954e-11	3.73530779109374e-09	1.68088850599218e-07
chr11:4596536;C|T;Family=13054	-0.358512523494455	0.421796095993257	0.757856482031708	1
chr11:4600333;G|A;Family=14070	0.516874048607881	0.0170299318058607	0.115670355259486	1
chr11:46672547;G|C;Family=11033	-0.0571743114593699	0.686852071456223	0.89065656155889	1
chr11:46743981;T|C;Family=12052	0.072396919550053	0.40413617989448	0.74790793654324	1
chr11:47165115;T|G;Family=12852	-0.254409891395054	0.0326770271323273	0.183582015405233	1
chr11:47166582;C|A;Family=13215	0.264536373055386	0.0196913326747066	0.129949308438903	1
chr11:48132413;C|A;Family=14153	-1.06500945640819	0.061224075584018	0.286009196728249	1
chr11:48170486;G|T;Family=13962	0.0482946573622971	0.550845948730067	0.829428767435352	1
chr11:498026;C|T;Family=13893	0.186845201008876	0.0827902210676494	0.34681903477687	1
chr11:5004713;A|G;Family=12595	0.387932311035892	0.163882456529055	0.503369306057458	1
chr11:55639482;C|T;Family=12324	-0.361518034261935	0.0819264143893731	0.344323229069405	1
chr11:56033816;G|A;Family=12231	-0.00433577960622232	0.976061684971027	0.992201907831216	1
chr11:56702320;A|G;Family=11234	-0.0949012245511191	0.581441982620779	0.845075123986909	1
chr11:57370014;C|T;Family=12836	0.132754605340469	0.437048279535417	0.765804457218173	1
chr11:57501029;G|A;Family=12691	0.364567959592961	0.0618552902840379	0.287910976756862	1
chr11:57737902;C|CT;Family=11642	-0.279974241189985	0.0457657043323177	0.232386066530635	1
chr11:58527350;TA|T;Family=14696	-0.280624873164077	0.0643946827699092	0.29500936819585	1
chr11:58625337;G|A;Family=12449	-0.125956065383848	0.224798310869862	0.598105188085417	1
chr11:58709471;G|A;Family=14100	-0.466303078667766	0.00329000416466719	0.0324624827713739	1
chr11:59367652;G|A;Family=12923	-0.0815688138169934	0.466129783543567	0.785072252237686	1
chr11:59517618;T|C;Family=12894	0.0214380133385587	0.86627547087622	0.954170863047331	1
chr11:59518549;T|C;Family=12728	0.346646488540578	0.304310944242646	0.670548962896472	1
chr11:59793434;A|G;Family=13795	0.0753433442263805	0.736447236631235	0.912885205628075	1
chr11:59835969;A|G;Family=11404	0.0513744200339149	0.673665795176809	0.886420500211529	1
chr11:60071017;T|C;Family=12066	0.154975865307774	0.465192225397328	0.784797220526779	1
chr11:60095790;G|A;Family=14257	-0.10938901599595	0.751753848527985	0.918052538959787	1
chr11:6019567;G|A;Family=12832	0.0648192103975949	0.630540319533012	0.869032911073625	1
chr11:6021602;G|A;Family=11094	-0.02597008369622	0.953027147090706	0.984737430743725	1
chr11:60308270;C|T;Family=12449	0.116238291494224	0.732303442944738	0.911889327660427	1
chr11:60404647;C|T;Family=12451	-0.775800035741603	0.00160892046405205	0.0179732738216133	1
chr11:60852177;T|C;Family=13924	-0.236028836352562	0.106505453767457	0.403610637974218	1
chr11:61282803;C|G;Family=11074	-0.219958143258199	0.145641222581243	0.475276267424311	1
chr11:61743803;C|T;Family=12457	-0.00253484767922927	0.978557200743761	0.992201907831216	1
chr11:61786465;G|T;Family=13237	0.174622434020055	0.30763549371694	0.675061453492803	1
chr11:61789183;T|TA;Family=11518	-0.078200500625623	0.612558743663914	0.861285101385496	1
chr11:618678;T|G;Family=12641	-0.0109931454040034	0.936069353380834	0.977612571732158	1
chr11:62751389;G|C;Family=13070	0.202961832710557	0.14282895534003	0.471032466234741	1
chr11:62790431;GTTTT|G;Family=13920	1.38368656904172	4.25000076855969e-05	0.000782386969237864	0.163795029620291
chr11:62885204;C|T;Family=13102	0.296989495031951	0.0328163889490135	0.183829016002177	1
chr11:62981062;G|A;Family=14039	-0.0611836559091247	0.672325647691589	0.886420500211529	1
chr11:62981347;G|A;Family=13687	-2.09779330881544	2.8489925807261e-14	4.99091700278109e-12	1.09800174061184e-10
chr11:63409814;C|G;Family=11942	0.0722893167463889	0.767309611638161	0.922974795022931	1
chr11:63409852;C|T;Family=11241	-0.540940190050065	0.028615261840679	0.168371326922102	1
chr11:63409912;T|C;Family=14433	0.144951416812643	0.394716223290855	0.743338704667901	1
chr11:63762350;T|C;Family=12083	0.4175361491597	0.15595280555529	0.489926321278561	1
chr11:6394244;C|T;Family=14240	0.0300288871958033	0.82270751091796	0.939471036171205	1
chr11:64267590;G|A;Family=11377	-0.305152499132151	0.096587232381291	0.37829999349339	1
chr11:64606383;G|A;Family=11407	0.0177266359302313	0.915348032671042	0.972904389937726	1
chr11:64765438;T|C;Family=12673	-0.124651091452586	0.414402503245022	0.750167800613581	1
chr11:64949800;G|T;Family=14275	0.176982969444289	0.409496633915183	0.748665761744345	1
chr11:65121232;G|C;Family=11723	-0.109259011721829	0.457721130582114	0.779669188777314	1
chr11:65281124;G|A;Family=14101	-0.453887862782024	0.112117796370539	0.41495960985684	1
chr11:65321589;G|A;Family=12955	0.0810664616200475	0.707358801663236	0.899129558578533	1
chr11:65352130;C|G;Family=13866	-0.0223612952343801	0.850545519756351	0.94895106909715	1
chr11:65411530;G|A;Family=13374	0.147586133373321	0.404045830974661	0.74790793654324	1
chr11:6547555;G|A;Family=12687	-0.0540800232161045	0.637975812495042	0.8704095280066	1
chr11:65853562;C|T;Family=14169	-0.263649553353602	0.119156201234822	0.430391752164015	1
chr11:65865967;G|A;Family=14284	0.0376119018663494	0.802741023661744	0.932157067811776	1
chr11:65916856;A|C;Family=14481	-0.343402900888543	0.0515976077844682	0.252054242767601	1
chr11:65916912;CTGTG|C;Family=11252	1.15336895484913	2.89708542373076e-13	4.2943720088686e-11	1.11653672230583e-09
chr11:66624490;C|G;Family=14637	0.041107193738576	0.78990061329408	0.930727571907569	1
chr11:66640573;G|GTC;Family=14658	0.0291311684119141	0.862482913188788	0.953723423103982	1
chr11:6680814;T|G;Family=14594	0.29416968063634	0.409458834347081	0.748665761744345	1
chr11:6681539;T|G;Family=11740	0.206444076783284	0.196581272765793	0.560549445041641	1
chr11:67432652;G|T;Family=12939	-0.0852995446654776	0.455455574296559	0.778754180451909	1
chr11:67463954;G|A;Family=12788	0.237684556953392	0.363215466096403	0.713472174482944	1
chr11:68029139;C|T;Family=13264	-0.17486389001584	0.122593295410389	0.436696283237839	1
chr11:68156383;GTTAA|G;Family=13907	0.210845616952677	0.604423656343731	0.858822020415638	1
chr11:68158808;G|A;Family=11729	-0.302326490557585	0.140684437788617	0.466206210866147	1
chr11:68166240;G|A;Family=12859	-0.0599372276293637	0.726647756183259	0.908663352475756	1
chr11:68171572;C|G;Family=11519	-0.133069868527233	0.319863875226998	0.682588801287293	1
chr11:68413826;C|T;Family=13277	-0.127114633062458	0.367107427956671	0.716928030948205	1
chr11:68614239;TTG|T;Family=14154	-0.382425972514748	0.482568861533157	0.795184660592009	1
chr11:68911444;G|A;Family=13752	0.0203038333581926	0.846069540081535	0.948214533645045	1
chr11:69772347;G|C;Family=12540	0.00585704516800871	0.963837483971173	0.985980572915727	1
chr11:72002499;T|G;Family=12956	-0.0131823338021972	0.95126067406802	0.983675513243399	1
chr11:72093661;G|A;Family=11417	0.0974896930490065	0.533951378340182	0.82279786808671	1
chr11:72685573;G|C;Family=13886	0.114676082272447	0.522188152748501	0.8194957681801	1
chr11:727113;CCT|C;Family=12906	-0.0846190319110476	0.629982227134036	0.869032911073625	1
chr11:73864332;C|T;Family=12340	-0.154930825013691	0.236444964591476	0.612817009775082	1
chr11:74837928;T|C;Family=11207	-0.0289084047071638	0.869490278615017	0.955521965720638	1
chr11:75081895;A|G;Family=13611	0.238312213991604	0.272706847642456	0.645616942968411	1
chr11:76403845;C|T;Family=13853	-0.109957360725944	0.536667132254425	0.82279786808671	1
chr11:77217266;A|AATCT;Family=12952	0.0849694987166322	0.570710247010431	0.836954829519863	1
chr11:77660108;G|A;Family=13093	0.0613952990497748	0.821196996872484	0.939471036171205	1
chr11:77664650;A|G;Family=11003	-0.437985440864605	0.0521710868965768	0.253233462089933	1
chr11:801461;C|T;Family=14686	-0.136314993670091	0.35201889559593	0.707341409607254	1
chr11:8102656;T|C;Family=11071	0.297111353051091	0.232353474377225	0.610133774124451	1
chr11:8105153;C|T;Family=12655	0.18020563111637	0.205001638856594	0.572519069676315	1
chr11:82977622;C|T;Family=14525	0.138097503406772	0.402218589735781	0.74790793654324	1
chr11:831871;G|A;Family=12281	0.0725656453595761	0.598481371065992	0.856815454713347	1
chr11:83261214;G|A;Family=14697	-0.226447152682313	0.217432325948181	0.589714415344328	1
chr11:86808954;G|T;Family=11827	-0.0460889826284883	0.836946128596144	0.944812647805958	1
chr11:86946390;A|G;Family=12463	-0.123745726073755	0.224871410881103	0.598105188085417	1
chr11:92981626;G|A;Family=12646	-0.020630197974632	0.871639480761891	0.955975685502654	1
chr11:93147909;C|A;Family=13051	0.370574233388406	0.0671511717107886	0.300662512149779	1
chr11:94377370;T|C;Family=11276	0.354908311626549	0.449903350319959	0.774420505642305	1
chr11:94871680;G|A;Family=12238	0.283503836935994	0.285776996330664	0.65392968377527	1
chr12:100207757;A|G;Family=13561	0.100405945366224	0.620053819193744	0.864814882920692	1
chr12:101396195;C|G;Family=11397	-0.295583583782208	0.0116177225317615	0.0879660169693688	1
chr12:102396966;G|T;Family=11470	0.143346678322064	0.286529675477035	0.65392968377527	1
chr12:10324400;C|A;Family=13561	-0.244900432295685	0.0297648981507635	0.172408105400969	1
chr12:103268201;C|T;Family=14307	0.356404754749329	0.115252319257577	0.421425463395354	1
chr12:103772774;G|A;Family=11158	-0.208667679612694	0.131644080161866	0.451418693343782	1
chr12:103775848;A|G;Family=14257	-0.235977785637779	0.00317379166570751	0.0316885831078672	1
chr12:103777193;G|A;Family=13146	-0.0296406571165982	0.833408065131504	0.943253225286701	1
chr12:103932337;G|T;Family=13167	-0.033878101950291	0.866937606768967	0.954170863047331	1
chr12:104350238;AAAAAC|A;Family=13621	0.955144797675067	0.0317275601703073	0.179556559319184	1
chr12:105007091;AT|A;Family=12738	0.414210324252308	0.145393854651216	0.475273889589301	1
chr12:105008304;C|T;Family=13738	-0.320033057271372	0.192683483631046	0.553767446617488	1
chr12:106715462;C|A;Family=13874	-0.276708794738356	0.0878850880712246	0.357665395381732	1
chr12:108780125;G|A;Family=14652	0.0287996239972845	0.790314533663346	0.930727571907569	1
chr12:108784717;T|C;Family=13160	0.0466926083486067	0.660401511115135	0.880992531615691	1
chr12:109072323;C|T;Family=13375	0.383960034725123	0.113395122370905	0.417406687313721	1
chr12:111348592;A|G;Family=11415	-0.0214080384487183	0.957446542371186	0.985839961073617	1
chr12:111449380;T|C;Family=13617	-0.282601023017821	0.16441650380699	0.503369306057458	1
chr12:111449493;T|A;Family=12795	-0.0840388631151724	0.323387571625177	0.68550247400251	1
chr12:111453948;C|T;Family=11731	0.389283924474371	0.49154345028281	0.799147013332632	1
chr12:111816200;C|T;Family=14519	-0.0756073312110087	0.775607374516425	0.926880874848466	1
chr12:111816750;A|T;Family=13187	0.100021053291986	0.495146557465505	0.800795145812864	1
chr12:111816778;T|C;Family=14260	-0.117226350943952	0.515465178079972	0.81318166038486	1
chr12:112053609;C|T;Family=11033	-0.0631322255167334	0.637472290861279	0.870286294360386	1
chr12:112508927;G|T;Family=13160	-0.130078774241521	0.744593355688179	0.915874208440275	1
chr12:112970080;G|A;Family=12296	0.00706628561027282	0.955248230983257	0.985282226121481	1
chr12:116717020;TA|T;Family=14416	0.450695169079015	0.0599043655734454	0.281207582119438	1
chr12:116859326;T|A;Family=13567	0.547476357313005	5.98935691094264e-05	0.00106581081694311	0.230829815347729
chr12:117209070;C|T;Family=14507	0.143229632818141	0.44598160455992	0.77076820806006	1
chr12:117215112;C|T;Family=14284	-0.0457579637858607	0.647375482532341	0.87616024464433	1
chr12:119159576;C|T;Family=14522	-0.471759516963566	0.000232690501839033	0.0035168203689711	0.896789194087631
chr12:120460320;C|T;Family=14095	-0.0433078805857972	0.730081604068778	0.910888475908408	1
chr12:120696586;A|C;Family=22349	0.10916785111668	0.461998604552703	0.782312224053654	1
chr12:120762897;A|C;Family=11196	-0.190788990438385	0.146641138223954	0.4765218775001	1
chr12:120764969;C|T;Family=13996	-0.0377255172088173	0.771405248539821	0.924726540551312	1
chr12:12094817;G|A;Family=14108	-0.32357054908601	0.0260050900383804	0.157336918379777	1
chr12:121004021;A|G;Family=11205	-2.17252853970488e-05	0.999911410462333	0.999976876646894	1
chr12:121020607;A|G;Family=13532	0.0770020903120408	0.520485631072023	0.819090086627839	1
chr12:121165437;C|T;Family=14257	-0.000986000747811508	0.995005104486219	0.999404124401772	1
chr12:121185462;G|C;Family=14696	0.136481313686057	0.298973470997703	0.665893920189795	1
chr12:121649034;C|T;Family=11215	-0.0767230308203739	0.582522475286804	0.845271694184994	1
chr12:121649978;T|G;Family=12719	-0.227812215776843	0.0442579980940481	0.228340461384821	1
chr12:122142004;G|A;Family=12867	-0.279431843044307	0.142874144532541	0.471032466234741	1
chr12:122143154;C|T;Family=11118	0.182212678368705	0.0673078872505331	0.300662512149779	1
chr12:122145614;C|T;Family=13152	0.124722209119127	0.405003597188828	0.74790793654324	1
chr12:122473224;T|C;Family=14484	-0.115073642945675	0.589229327505809	0.848213725658636	1
chr12:122985855;C|T;Family=12068	-0.0824828938240375	0.736283492168961	0.912885205628075	1
chr12:123291583;A|G;Family=14363	0.0195822999623167	0.910170258811472	0.970344724055162	1
chr12:123295534;G|A;Family=13041	0.288131321382922	0.00213273607701085	0.0230239911506997	1
chr12:124014248;G|A;Family=12728	-0.128999344147172	0.375447030099564	0.723807123403894	1
chr12:125028457;C|T;Family=12512	0.000491832397349512	0.997927596407938	0.999466630671878	1
chr12:125029809;T|G;Family=13097	-0.141685188660675	0.378880347114449	0.726470078497058	1
chr12:125143296;G|A;Family=12532	-0.276269008761432	0.365683372130128	0.715766234733121	1
chr12:125657481;T|C;Family=11233	-0.0599685977493809	0.777136824956848	0.927585949949421	1
chr12:125658027;G|C;Family=11233	0.150487637145381	0.407452643058046	0.748665761744345	1
chr12:125658842;A|G;Family=14613	0.170371186250076	0.29539844746255	0.663244329068371	1
chr12:130456610;C|A;Family=11345	-0.116625627289871	0.439626296360139	0.766081956533469	1
chr12:131944583;C|T;Family=14524	0.0486522502371538	0.794868486749104	0.930727571907569	1
chr12:132196741;C|T;Family=11673	0.780109710885607	6.20258007340675e-06	0.000141448186999465	0.0239047436029096
chr12:132511604;C|T;Family=11470	0.119133267584564	0.375613452726463	0.723807123403894	1
chr12:132584068;T|C;Family=11142	0.283521614718807	0.318483349496166	0.680808571815758	1
chr12:132775108;C|T;Family=11345	0.0564778104111337	0.711557262802957	0.903572221035452	1
chr12:133018678;A|G;Family=13167	0.0352631293436409	0.885894281008897	0.961088799045968	1
chr12:133107244;CAG|C;Family=12206	0.148887266434918	0.608221612004997	0.860215079877894	1
chr12:13551970;G|GA;Family=11121	-0.0171532552867601	0.876289349582144	0.958589298981046	1
chr12:13558545;G|A;Family=11057	0.213723212630565	0.0494339909574514	0.245197684877758	1
chr12:14981780;C|T;Family=14124	-0.269434212798636	0.426181369198592	0.760770262571271	1
chr12:15596275;G|A;Family=11654	-0.0187776098996702	0.896227690992454	0.96779532672595	1
chr12:16594312;C|T;Family=11003	-0.00612278924089268	0.989519239316395	0.998587889061374	1
chr12:190601;C|T;Family=13580	0.280675540004979	0.0387372876852147	0.207064503105156	1
chr12:19372221;G|A;Family=12297	0.0862641233035686	0.59982544845506	0.856949364209242	1
chr12:19373120;C|A;Family=13835	-0.385368704349678	0.186022630950906	0.542308033044472	1
chr12:1950195;G|GTC;Family=12950	0.1791733142619	0.0739466454770311	0.321872655093906	1
chr12:20711418;A|G;Family=13533	0.0747708424835203	0.390011535449331	0.737901059215376	1
chr12:20737256;G|T;Family=12906	0.253021350334612	0.0879845110471166	0.35769230545948	1
chr12:21531159;A|G;Family=12788	-0.631365410641799	0.152394157707026	0.485394284134611	1
chr12:21924680;C|A;Family=13118	-0.363026390578738	0.464328853615529	0.783847306979521	1
chr12:26079613;T|C;Family=14576	0.503213692546559	0.0817583323441581	0.343991935430551	1
chr12:26121198;T|C;Family=11356	0.116771215865939	0.753117667764448	0.918808322749029	1
chr12:26338385;G|A;Family=11168	0.119511428297855	0.652399703427408	0.878261916160868	1
chr12:26964790;G|C;Family=14554	0.122607961344861	0.733636999680623	0.912012723426348	1
chr12:26964838;T|C;Family=14545	0.313442480941182	0.387963778332712	0.735109342032582	1
chr12:30719113;G|A;Family=14474	-0.0386897058819731	0.75760031225791	0.919048538618833	1
chr12:30996424;G|A;Family=11578	0.430106128242848	0.00283722237086221	0.0290815293013377	1
chr12:31667984;G|A;Family=12603	0.213794628467669	0.130740942285977	0.450563473589797	1
chr12:31992971;TTAAG|T;Family=11333	-0.0415300300458098	0.93058108045396	0.976280662124009	1
chr12:32643133;A|G;Family=14608	0.503588073150954	0.235744059502095	0.611823303246514	1
chr12:32645051;C|G;Family=13462	-0.0270478544715918	0.87139282668489	0.955975685502654	1
chr12:32791196;A|C;Family=11098	-0.827683912601177	0.00672642243521654	0.0571005111571025	1
chr12:3283454;C|T;Family=13623	0.0407290152552744	0.800754729602777	0.931514859006672	1
chr12:3593554;A|G;Family=13174	-0.0649812728592788	0.559962065730961	0.831635376233959	1
chr12:39553047;A|G;Family=12314	-0.173344207973554	0.598157977582304	0.856670696990784	1
chr12:39950119;T|C;Family=14692	-0.404381999517407	0.1107370879485	0.413185499353237	1
chr12:39951106;T|C;Family=13895	0.125743081837383	0.783800999658771	0.930727571907569	1
chr12:41072332;G|C;Family=12879	0.526365057005751	0.328343825467471	0.686373122781523	1
chr12:42084882;A|G;Family=13211	-0.446665352977321	0.173108977854465	0.520001559353941	1
chr12:42085385;C|T;Family=14452	-0.144170216002269	0.130016440393199	0.449533727079845	1
chr12:42442154;G|A;Family=12799	0.313997640549314	0.295964247041219	0.663244329068371	1
chr12:42445266;T|G;Family=14061	0.415553459128788	0.0412070125479952	0.215546889657394	1
chr12:4500258;C|T;Family=14402	0.378508665951322	0.0275703075791371	0.163975255262337	1
chr12:45920025;T|G;Family=12341	-0.272261386351516	0.493195131215756	0.799147013332632	1
chr12:47075765;T|C;Family=12845	-0.0626797698301085	0.853885148626609	0.950722998391178	1
chr12:47744519;T|G;Family=12300	-0.0627038354421567	0.805418535499018	0.932157067811776	1
chr12:47780985;C|T;Family=13645	-0.0180916165526104	0.926365329736107	0.975241222299429	1
chr12:47788073;A|C;Family=11918	0.0626816684347627	0.532281297324723	0.82279786808671	1
chr12:48134794;G|A;Family=13471	0.0884891372510838	0.453811428917929	0.778020127691146	1
chr12:48338099;G|A;Family=13447	-0.141043544649117	0.174578276689569	0.522379408665837	1
chr12:48692215;T|C;Family=12529	-0.505701513510648	0.0013219821028253	0.0152087135053394	1
chr12:48827626;C|A;Family=12457	0.0302615034656796	0.832932508457213	0.943044032783225	1
chr12:48914552;C|A;Family=14412	-0.0930491061596586	0.626652833065349	0.867188516565119	1
chr12:48966507;G|A;Family=12346	-0.262820155856823	0.034524719907536	0.190901392429905	1
chr12:49019250;C|A;Family=14095	-0.261502607271181	0.175983622462556	0.524954242237377	1
chr12:49020756;A|G;Family=12804	-0.129080615255849	0.233543856808328	0.611823303246514	1
chr12:49463191;G|C;Family=13116	0.416940673616808	0.0234601484843261	0.145426594224999	1
chr12:49867275;G|A;Family=11208	-0.324897987762978	0.128697212259341	0.448829813091865	1
chr12:49957401;C|T;Family=14675	-0.0212911525969933	0.845879374179724	0.948214533645045	1
chr12:50477022;T|A;Family=12641	-0.114587494194543	0.801115573157876	0.931653415495008	1
chr12:50746032;A|T;Family=13364	0.120970413449518	0.295721142870098	0.663244329068371	1
chr12:51196813;T|G;Family=11194	0.156886327307095	0.434345993483378	0.762966568364489	1
chr12:51352434;C|T;Family=13815	-0.501779099463037	0.01203608302684	0.0900719689037695	1
chr12:51507933;C|T;Family=14017	-0.285258507719927	0.24392703463791	0.620524614847857	1
chr12:51513413;C|G;Family=14598	-1.49809327382536	6.78362604948488e-08	2.56314654850144e-06	0.000261440947947147
chr12:51722551;T|C;Family=13210	-0.252724068301943	0.0719773705317658	0.317029469747915	1
chr12:53025344;G|A;Family=13335	0.0776748229395802	0.620155452973439	0.864814882920692	1
chr12:53064322;A|G;Family=13617	-0.0420987108942047	0.897743426038121	0.968617907041131	1
chr12:53327895;G|A;Family=12585	-0.0792258029076822	0.585896010408664	0.846415308777518	1
chr12:53977028;G|A;Family=12498	-0.234547381550061	0.0176183381474618	0.118916068687071	1
chr12:54532250;G|C;Family=13764	-0.611823235263311	0.000953482594116783	0.0115386664081407	1
chr12:55367547;A|C;Family=11575	0.525799814334427	0.04415287237609	0.228103445224465	1
chr12:55367558;A|C;Family=11575	0.313591328858838	0.219550168598958	0.591297239539052	1
chr12:55555603;C|A;Family=14077	0.0389975102940312	0.739361803339601	0.91406916934398	1
chr12:55751470;G|A;Family=14668	-0.164295689354234	0.478651484424564	0.791726532606125	1
chr12:55757313;A|C;Family=11573	-0.357895964356218	0.304782391597207	0.670834572938684	1
chr12:55821637;C|T;Family=11843	-0.371779013123828	0.00699818665931485	0.0586326334456509	1
chr12:56037956;A|C;Family=11198	-0.0145650958306186	0.963184483563596	0.985980572915727	1
chr12:56712871;A|G;Family=11198	0.165013362631617	0.335006261204264	0.693029592421488	1
chr12:57001546;T|C;Family=11933	-0.0141869793425918	0.843030803743916	0.947730481392618	1
chr12:57028607;G|A;Family=12325	-0.0522719402156088	0.615193438261669	0.862793126295659	1
chr12:57028838;C|T;Family=13187	0.469296536154678	0.0390231808890275	0.208303793831457	1
chr12:57235470;C|A;Family=11671	0.230941272454788	0.173550277798449	0.520921160930858	1
chr12:57823411;G|T;Family=14158	0.0412236614628489	0.795598975208411	0.930727571907569	1
chr12:59779592;C|A;Family=14475	0.328999896223077	0.0602977698255383	0.282709981639446	1
chr12:6122766;C|T;Family=14609	0.0797613828444906	0.623055728293645	0.866813536365917	1
chr12:61709191;T|A;Family=11552	-0.0654794703098991	0.886268313736349	0.961088799045968	1
chr12:62335564;A|G;Family=13929	-0.257892656280249	0.443950131840332	0.768948463378416	1
chr12:62405485;C|G;Family=11556	0.322833364416573	0.063567504425231	0.29269911834509	1
chr12:62405921;T|G;Family=11653	0.0326930911885389	0.901851383615214	0.969173847646282	1
chr12:62414589;G|A;Family=12550	-0.229681206684722	0.0780344444010184	0.333445666088427	1
chr12:62501626;A|G;Family=11905	0.0935949496201978	0.369419042101193	0.719182954815037	1
chr12:62561094;C|A;Family=12220	0.104220161220001	0.676021821823147	0.887393767474935	1
chr12:62645630;T|A;Family=13616	-0.1551014756855	0.310173869616452	0.675571725315019	1
chr12:63146591;C|G;Family=14570	-0.442672292103423	0.21297293453033	0.583367227917478	1
chr12:6329869;G|T;Family=14152	0.166190739647129	0.124752984006384	0.440694775765906	1
chr12:64714808;G|C;Family=12929	-0.0805205517555303	0.689826981225959	0.89065656155889	1
chr12:64715064;G|C;Family=11931	-0.195770507643273	0.328482046203625	0.686373122781523	1
chr12:65466681;C|T;Family=11216	-0.377960565297507	0.155373727761727	0.489224139537333	1
chr12:6570170;T|C;Family=12891	0.461623908998068	0.332906364332972	0.689815418457632	1
chr12:66345813;C|T;Family=11781	-0.0482129193179518	0.791091727777472	0.930727571907569	1
chr12:67311074;C|T;Family=13314	-0.0262028105289305	0.87125173161436	0.955975685502654	1
chr12:67659038;C|T;Family=13010	0.323684827515149	0.00530688606203775	0.0475645090304499	1
chr12:68661243;G|GA;Family=14188	0.125687732160335	0.756416187799629	0.919048538618833	1
chr12:68667799;A|C;Family=14619	-0.169885791386131	0.639767828508037	0.871567766373268	1
chr12:68765817;A|T;Family=12108	0.138787818040754	0.60966850642995	0.860307810032308	1
chr12:68773240;T|C;Family=13694	0.105884096668986	0.593336803408904	0.851664819492705	1
chr12:68777610;C|A;Family=13565	0.162200659475344	0.194720629391603	0.556716102132964	1
chr12:68839652;G|A;Family=11947	0.104925493100529	0.558747842924406	0.831417702919047	1
chr12:68845263;G|A;Family=13560	0.340044361461302	0.307928914177568	0.675061453492803	1
chr12:68851407;C|T;Family=14123	0.171245215760317	0.23537555015879	0.611823303246514	1
chr12:69353396;A|T;Family=14551	-0.325255764086306	0.247762445116096	0.623287508797281	1
chr12:69575266;T|G;Family=11424	0.579277458318394	0.0168289773312537	0.114591658365109	1
chr12:69683242;T|C;Family=13012	0.564241380626697	0.0102655343719258	0.0802502423314443	1
chr12:69683587;A|T;Family=13012	0.0188760490078022	0.904649524090266	0.96955485701999	1
chr12:6976750;A|G;Family=11892	-0.109852107466386	0.394941611415321	0.743338704667901	1
chr12:6977262;C|G;Family=14036	0.0694421312837525	0.465706082860598	0.784797220526779	1
chr12:6981145;C|T;Family=12669	0.355479192831257	0.0338283393821681	0.187958519999612	1
chr12:70432230;C|T;Family=14346	0.0691997267069412	0.455856105630386	0.778754180451909	1
chr12:70433211;A|C;Family=11644	-0.0893131546883338	0.636687414749107	0.869522783998248	1
chr12:71786240;A|G;Family=13216	0.407235013790067	0.135822138585361	0.457637561419022	1
chr12:71791230;A|G;Family=12290	-0.139125260685718	0.17914404556557	0.531093193545929	1
chr12:74540835;C|T;Family=11678	0.126574477734009	0.579074236555513	0.84388994569329	1
chr12:75277651;G|C;Family=13057	0.201872327855371	0.3159025582997	0.680541341356647	1
chr12:75432182;T|C;Family=11981	0.24764198009426	0.576897124100133	0.843053812478823	1
chr12:75500348;A|C;Family=11167	0.103558920536135	0.754643560487309	0.919048538618833	1
chr12:76044822;T|C;Family=11042	0.111760308280929	0.746032955011747	0.916547978519373	1
chr12:76047956;A|AT;Family=11520	0.275048813216656	0.456546583964823	0.779242929406744	1
chr12:79451261;G|A;Family=13537	0.0253453123621982	0.936209451660458	0.977612571732158	1
chr12:79592274;C|T;Family=14561	0.0673562986614164	0.843801549356985	0.947730481392618	1
chr12:79774887;C|G;Family=12645	-0.426872568013368	0.0660465073785191	0.297016615445522	1
chr12:80679096;C|T;Family=11086	-0.125570327600791	0.677957062473306	0.887883197070805	1
chr12:83132643;A|G;Family=14022	0.0806017706652338	0.586257844399909	0.846415308777518	1
chr12:85958506;T|C;Family=12201	-0.342520932580727	0.364384472128866	0.713586257919029	1
chr12:85960376;A|G;Family=13874	-0.180729725761561	0.148741649585001	0.480109143635338	1
chr12:85964312;T|G;Family=12682	0.217111008430109	0.631746522401284	0.869032911073625	1
chr12:85968103;G|T;Family=11056	0.0870010111715121	0.770361870812364	0.924704282499387	1
chr12:88093626;TTTTA|T;Family=12238	1.18562772825163	0.00432826276698755	0.0405866781118492	1
chr12:89421060;G|A;Family=13903	-0.22927858455438	0.218359989583724	0.590854222523823	1
chr12:916707;C|CA;Family=11201	0.162476433856738	0.391317617823509	0.739283381907748	1
chr12:926902;AAGAG|A;Family=14501	0.607572819980418	0.000229377005641876	0.00349414616499522	0.884018979743791
chr12:927165;G|A;Family=13965	0.190575045732741	0.225541083440011	0.598107457316769	1
chr12:92775906;A|G;Family=13998	0.493062381712034	0.221762006067678	0.593521369017243	1
chr12:93512803;G|A;Family=11946	-0.0593158637134099	0.859679455345796	0.952686605115663	1
chr12:95934176;A|G;Family=14386	0.254021651099853	0.559224135715076	0.831417702919047	1
chr12:9716586;T|C;Family=11417	-0.202023210830582	0.18823889281699	0.544240579832469	1
chr12:9754370;A|G;Family=12494	0.25463460558767	0.599798149311653	0.856949364209242	1
chr13:101719060;A|C;Family=13578	-0.212138675169374	0.410127464769044	0.748665761744345	1
chr13:101722669;G|A;Family=12972	-0.151120340821344	0.289641761513348	0.656489667724431	1
chr13:108307449;CT|C;Family=14603	0.131726626116704	0.784389686782558	0.930727571907569	1
chr13:109207141;C|T;Family=14456	-0.00449844149852902	0.982534529903712	0.994142315108665	1
chr13:110687748;G|A;Family=13687	-0.369079621306594	0.178163506957829	0.529407984437529	1
chr13:112910075;T|C;Family=11305	0.29928999513068	0.271864924934975	0.645616942968411	1
chr13:112917269;C|T;Family=12869	0.0244872705512182	0.865581568031331	0.954170863047331	1
chr13:112956885;A|G;Family=14165	0.0923667041636285	0.507207477179285	0.80962422668288	1
chr13:113090030;C|T;Family=11099	-0.0206365344413431	0.885007712192141	0.961088799045968	1
chr13:113816042;G|T;Family=14358	0.119821757655042	0.263600625272295	0.639343492636517	1
chr13:113816271;A|C;Family=12964	-0.243628659827735	0.0657107859156113	0.29697456564497	1
chr13:113816283;G|T;Family=12964	-0.0850107698553246	0.430146701834249	0.762901697592819	1
chr13:20138542;C|T;Family=14370	-0.271575536567365	0.22748998189185	0.601747694036508	1
chr13:20141428;G|A;Family=14484	-0.262099441096894	0.0261637538736656	0.157390403019261	1
chr13:20780589;G|C;Family=11089	0.741099005194554	0.0204068028928929	0.133075834770236	1
chr13:21154518;C|G;Family=13869	-0.118680770733323	0.198139915699597	0.562320497132729	1
chr13:21158043;T|C;Family=14097	0.347606212827362	0.0350444227329668	0.193497428671711	1
chr13:21492794;T|C;Family=13070	0.370372572503999	0.380290003834481	0.727724764040759	1
chr13:25249228;G|A;Family=14315	-0.11473511820914	0.477269019717461	0.791126429865222	1
chr13:25335555;G|A;Family=13218	0.411955311466684	0.466480202905337	0.785072252237686	1
chr13:25341928;C|T;Family=11497	-0.0227489296666055	0.939452290634273	0.978151545855519	1
chr13:29509496;G|A;Family=14577	-0.156287330012108	0.531684587799249	0.82279786808671	1
chr13:30459362;G|C;Family=11509	0.0935033447735605	0.708426816886033	0.900190224951787	1
chr13:32515608;G|A;Family=12134	-0.187960586795443	0.74166971642497	0.914674502874777	1
chr13:32517549;A|T;Family=11114	0.186279752888014	0.674479071070268	0.886420500211529	1
chr13:32776757;A|G;Family=14687	-0.175323891484852	0.667412381270972	0.885136723130876	1
chr13:36847210;G|A;Family=13034	0.138137431854549	0.699434349908003	0.894628515743395	1
chr13:39789275;A|G;Family=11194	-0.0627958262262437	0.85343473238513	0.950617762604709	1
chr13:41129088;C|A;Family=13524	0.0111432363979453	0.95550301066284	0.985282226121481	1
chr13:41252566;G|C;Family=13876	0.0239612066882998	0.890812897755243	0.964222012574552	1
chr13:42166660;A|T;Family=12680	0.129505615961494	0.631619632843045	0.869032911073625	1
chr13:42233480;C|T;Family=14586	0.0214914276848601	0.86404729457174	0.954170863047331	1
chr13:42235436;T|TA;Family=13163	-0.0691302034982579	0.8466025454781	0.948214533645045	1
chr13:44022567;G|A;Family=11360	-0.706133007112947	0.000284695890036103	0.00414044513282695	1
chr13:44434270;C|T;Family=13608	-0.323673703414122	0.045922738722201	0.23287662504653	1
chr13:45782571;C|T;Family=13162	-0.19087277967948	0.253224071318923	0.629597258638028	1
chr13:48263554;C|G;Family=12184	0.916186621966704	4.19676167561469e-12	4.37143770211325e-10	1.6174319497819e-08
chr13:48267396;G|T;Family=14084	-0.0118747510433991	0.938475176345706	0.978151545855519	1
chr13:49699807;G|A;Family=13621	0.037034673060517	0.737700749625568	0.913885788832189	1
chr13:50955833;A|G;Family=14633	0.0625223284962002	0.681424250195107	0.889335949966794	1
chr13:51374698;G|A;Family=14687	-0.0782479150020528	0.556108764926836	0.830799321373178	1
chr13:51760323;C|G;Family=13649	-0.0744755400305334	0.475419074133506	0.789769444702816	1
chr13:57726742;T|G;Family=12837	0.383886762170324	0.00197334644615084	0.0216059011462083	1
chr13:66302882;G|A;Family=14681	-0.0144438314719104	0.962025910849825	0.985980572915727	1
chr13:67224268;A|T;Family=11152	0.12848068769586	0.29341640723869	0.660244493803743	1
chr13:71440244;T|TGTAA;Family=14023	-0.449480679065029	0.000702641082034144	0.00905678505070097	1
chr13:72756094;T|TAAC;Family=14237	-0.455332163968243	0.367789674967994	0.716975926821775	1
chr13:73077466;A|C;Family=13324	-0.0660180465642648	0.880526361226541	0.960739756402375	1
chr13:76880244;ATT|A;Family=11083	-0.088557924628024	0.716356495135534	0.906895142159033	1
chr13:77001351;C|T;Family=14432	0.2196526840793	0.548642178228001	0.828853606726197	1
chr13:77045036;G|A;Family=11010	0.084430894830388	0.801968790992637	0.932157067811776	1
chr13:78600311;T|TA;Family=13534	-0.0833198765838193	0.784512039384977	0.930727571907569	1
chr13:78614347;A|C;Family=11544	0.686311434821092	0.00090417844204457	0.0109927562007564	1
chr13:87683876;A|C;Family=13580	0.105761814227025	0.786671328171455	0.930727571907569	1
chr13:87690210;T|C;Family=13673	2.17105573543215	0.00430346813774902	0.0404526004948408	1
chr13:94436896;G|T;Family=14007	-0.194596678600788	0.567546251921236	0.835007811243021	1
chr13:94711191;C|T;Family=12014	-0.410949445239813	0.00470970622028217	0.043423942040592	1
chr13:95207885;T|C;Family=13023	0.201489071692493	0.314470738755526	0.679355508499886	1
chr13:95793362;G|A;Family=13932	-0.0533279366332732	0.661584924546686	0.881350950294825	1
chr13:97464506;A|G;Family=11433	-0.0316125157349076	0.756800864586457	0.919048538618833	1
chr13:98024108;C|T;Family=14291	0.0383355383651439	0.873193030547603	0.956862649909145	1
chr13:98400083;C|T;Family=22161	0.0348883396461153	0.832006985116096	0.943044032783225	1
chr13:98404385;C|A;Family=12686	-0.0941134161710509	0.565906936866042	0.835007811243021	1
chr13:98452189;C|T;Family=11115	-0.554610246427234	0.0567954107805998	0.270233966849916	1
chr13:98856517;C|T;Family=12375	-0.0615933328225758	0.61360446282237	0.861505136509077	1
chr13:99892578;C|T;Family=12308	0.0227269300769942	0.895650942882755	0.967493136857905	1
chr14:100132753;GAGA|G;Family=14566	0.484858370795579	0.00125196176442351	0.0145772224776079	1
chr14:100139286;A|G;Family=14195	0.248579001879891	0.018708199988995	0.124527465902568	1
chr14:100292534;C|T;Family=12851	0.0526990089446809	0.7895071090417	0.930727571907569	1
chr14:101562759;G|A;Family=14305	0.350722433689883	0.0469294099113993	0.23611742271349	1
chr14:101927185;C|T;Family=14537	0.356338697353842	0.0451263081287825	0.230965194592733	1
chr14:101927529;C|T;Family=11060	-0.949548720462557	0.127063381125192	0.446401340798989	1
chr14:102047898;A|C;Family=13094	-0.075488624980448	0.561608858533529	0.832269565676963	1
chr14:102086072;G|C;Family=11812	-0.0651435665268712	0.60984975013188	0.860307810032308	1
chr14:102195033;T|C;Family=14215	0.245398956278147	0.119833749643888	0.432029252691811	1
chr14:102210028;T|G;Family=13106	-0.248790376938034	0.499925271998209	0.804751486970852	1
chr14:102213013;C|T;Family=14115	0.157322868622901	0.524817230183287	0.8194957681801	1
chr14:102213969;G|C;Family=13375	0.000338678493185401	0.998236854992088	0.999466630671878	1
chr14:102229211;T|C;Family=13206	-0.320829351874333	0.3384205231001	0.695612104548153	1
chr14:102506416;G|C;Family=12749	0.143615470671687	0.31510465149021	0.679582163874241	1
chr14:102906678;T|C;Family=13968	0.23646119801668	0.216930735527136	0.58876834839548	1
chr14:102907234;C|T;Family=11333	-0.251805967416235	0.0209619137545616	0.134622758583744	1
chr14:102910062;C|G;Family=12048	0.165563532462229	0.211465404718041	0.580889287087191	1
chr14:102911499;C|T;Family=14450	-0.0237179516943006	0.859528816080364	0.952686605115663	1
chr14:102932637;G|A;Family=13552	-0.085106212755722	0.54368076376769	0.825588429732742	1
chr14:103342934;A|G;Family=12858	-0.0652844374015106	0.720775099258703	0.906895142159033	1
chr14:103704906;G|A;Family=14133	0.975043898395091	1.06624037288198e-06	3.02153705668174e-05	0.00410929039708716
chr14:103705880;C|T;Family=13267	0.351321412473281	0.0658879131591825	0.29697456564497	1
chr14:103734576;C|T;Family=14066	-0.0109426992797395	0.939845935977625	0.978151545855519	1
chr14:104112623;G|T;Family=12536	-0.0852310570665006	0.526524943099986	0.819808839349929	1
chr14:104721982;C|G;Family=12301	0.064709235276761	0.66318495971619	0.882292897804533	1
chr14:104747250;G|GT;Family=13316	-0.626691821986478	0.00381282640671118	0.0365538133618529	1
chr14:105049685;G|A;Family=11792	0.032484933407855	0.804305980405286	0.932157067811776	1
chr14:105173014;TGGA|T;Family=14535	-0.153560866509107	0.136059182859807	0.457637561419022	1
chr14:105470468;G|A;Family=14042	-0.0601519212794005	0.631221641731957	0.869032911073625	1
chr14:19782641;G|A;Family=11730	-0.00606652900768752	0.959815293580925	0.985980572915727	1
chr14:19880987;T|G;Family=22364	-0.055194019280084	0.865700238161049	0.954170863047331	1
chr14:20031416;G|T;Family=11498	0.406547648031234	0.351498699831895	0.706664574414252	1
chr14:20425908;T|C;Family=13050	0.443841823652737	0.164455264693457	0.503369306057458	1
chr14:20700952;C|T;Family=13309	0.445605240613111	0.0364281630825629	0.198137703966628	1
chr14:20994001;G|A;Family=11494	-0.302100984201742	0.138234450712288	0.462029080006665	1
chr14:20996199;G|A;Family=13621	0.740381337296405	0.000515357050763203	0.00692356347809143	1
chr14:22774371;G|A;Family=12300	0.277591198930551	0.24962411386519	0.625415377766424	1
chr14:22887622;G|A;Family=13750	0.155130719017025	0.19906833229506	0.562789556603268	1
chr14:22900579;T|C;Family=13250	0.372336209776945	0.132402207453135	0.452213842435091	1
chr14:22901745;A|C;Family=12955	0.955267648304939	1.0834757367281e-05	0.000235360406948834	0.0417571548935009
chr14:22972415;T|C;Family=12775	-0.115082124604993	0.433594378896059	0.762966568364489	1
chr14:23043475;C|T;Family=14348	-0.0229413561260476	0.905442165903302	0.969664121542712	1
chr14:23300858;C|T;Family=13508	0.0194080159303951	0.863635659639925	0.954170863047331	1
chr14:23530131;G|A;Family=11328	0.0588907997235229	0.538306076224605	0.82359998398004	1
chr14:24075435;C|T;Family=14339	0.44537597373903	0.144286777245984	0.474067552861058	1
chr14:24119799;G|A;Family=12501	-0.0109863104944343	0.936426563630098	0.977612571732158	1
chr14:24123924;G|A;Family=14349	-0.0519681395991906	0.763290817409535	0.92033921632222	1
chr14:24187426;C|T;Family=11028	-0.258095349380682	0.136868512186383	0.45908724627182	1
chr14:30619431;CAT|C;Family=13412	0.304514520137607	0.445373444449153	0.770062474161972	1
chr14:30889794;G|A;Family=14587	0.0826234104972913	0.630540255432301	0.869032911073625	1
chr14:31073045;A|G;Family=11645	-0.331322591605391	0.350462407922027	0.705685538208721	1
chr14:31446717;C|T;Family=12014	0.21813569663726	0.249744231028159	0.625415377766424	1
chr14:33680780;A|C;Family=11800	-0.170123200700145	0.269495718719495	0.644315446615963	1
chr14:33803547;G|A;Family=12697	0.0597045242837308	0.79039740520916	0.930727571907569	1
chr14:35050255;C|T;Family=14675	0.0987397461589848	0.550150994939142	0.829411804157302	1
chr14:35099374;T|C;Family=13600	0.170223308887794	0.516221095193453	0.81404095780506	1
chr14:35871556;G|A;Family=14376	0.220297254457856	0.0829026578385555	0.346912967763076	1
chr14:36677286;A|G;Family=11303	-0.354407548269766	0.00249002617706411	0.0259366510443381	1
chr14:39182369;T|A;Family=14270	0.165176863664465	0.410379966462314	0.748665761744345	1
chr14:45200776;A|C;Family=14568	0.0444907386921249	0.579912892813163	0.84388994569329	1
chr14:49783018;G|A;Family=12692	0.302956663741874	0.084942359123415	0.352008443077034	1
chr14:49786048;G|A;Family=12681	-0.0382645996929098	0.747052644988232	0.916920867160901	1
chr14:50330962;C|T;Family=13023	0.0230730478962143	0.930683744847849	0.976280662124009	1
chr14:51254398;C|T;Family=12020	-0.202308838434213	0.492113996507099	0.799147013332632	1
chr14:52005391;C|T;Family=13718	0.134889291655888	0.273076452771249	0.645616942968411	1
chr14:52009877;C|T;Family=11089	0.217472011542665	0.152168791236749	0.485394284134611	1
chr14:52707428;C|G;Family=13903	0.101070689938239	0.394728844528753	0.743338704667901	1
chr14:52771440;T|G;Family=14081	0.251529200751029	0.580256449425848	0.84388994569329	1
chr14:53040793;G|A;Family=14412	0.0323135246447712	0.824311086061287	0.939759015554068	1
chr14:54424277;A|G;Family=11721	-0.72667835431037	0.0113159273408819	0.086188901129958	1
chr14:54789343;G|A;Family=12225	-0.0944917794229818	0.552717495222505	0.830296632883807	1
chr14:54790002;G|C;Family=11107	-0.254460198260801	0.123078176380651	0.437586062519399	1
chr14:54792246;G|A;Family=14110	0.0924389802354719	0.633105534301419	0.869522783998248	1
chr14:55046970;C|T;Family=14640	-0.832883264517714	0.000545634010738745	0.00725128785305904	1
chr14:55066791;A|G;Family=14210	0.272025126255458	0.357790310521574	0.711543155590568	1
chr14:55069842;TC|T;Family=12396	-0.0641771638893645	0.831464475276217	0.943044032783225	1
chr14:55368655;T|A;Family=13047	-0.317654183835685	0.0209794381293265	0.134622758583744	1
chr14:56609267;A|G;Family=12161	0.267736029376842	0.176148455673146	0.525039557745015	1
chr14:57206134;G|A;Family=12132	-0.152128036216192	0.304478641688849	0.670548962896472	1
chr14:59369246;C|CA;Family=14606	0.151210378046009	0.645962319532607	0.87616024464433	1
chr14:60644825;T|G;Family=13007	0.483736381790079	0.0266998653786889	0.160033096686574	1
chr14:60710671;G|A;Family=13305	0.290883853043095	0.000769490605526232	0.00975531840032269	1
chr14:61550781;A|G;Family=13005	-0.0561651910543106	0.713528783973623	0.904883163354506	1
chr14:62081161;C|T;Family=13012	-0.221282994259251	0.362384691124727	0.71329448396052	1
chr14:63373754;G|A;Family=11897	0.389038145132553	0.170535397673819	0.515485037360703	1
chr14:64471001;G|C;Family=12346	0.0203927146201475	0.957428513548007	0.985839961073617	1
chr14:64481638;C|G;Family=13630	0.190399708418853	0.411145380483343	0.748665761744345	1
chr14:64587318;G|A;Family=11804	0.405337718469763	0.000858681713841503	0.0105730329876842	1
chr14:64744664;G|A;Family=11520	0.108449091384506	0.478544949916488	0.791726532606125	1
chr14:64947292;C|T;Family=12073	-0.255170397211964	0.124660955293953	0.440694775765906	1
chr14:67333928;G|A;Family=13884	-0.549836306668937	0.184621011270161	0.539855369829439	1
chr14:67471834;G|A;Family=12481	0.0283420498320911	0.824422737827791	0.939759015554068	1
chr14:67471937;C|T;Family=11505	0.0366877669488419	0.780553118785841	0.928643310357053	1
chr14:67588167;C|T;Family=12780	-0.0359500018780006	0.760240391891246	0.919061000736783	1
chr14:67762324;C|T;Family=12451	-0.143431473815255	0.341294066409704	0.697630428244105	1
chr14:67783324;C|T;Family=11933	-0.0927650984242969	0.635387051477253	0.869522783998248	1
chr14:69349262;G|T;Family=12507	0.0194155069792895	0.850953527451934	0.94895106909715	1
chr14:69458622;C|T;Family=11117	-0.591257349822729	1.94710895185432e-06	5.07037695976119e-05	0.00750415790044657
chr14:69528683;G|A;Family=11775	0.231523638275563	0.0391823958607637	0.208769788426607	1
chr14:69714507;C|T;Family=13961	-0.0700296144535438	0.487585458712155	0.798035493042404	1
chr14:69714839;G|C;Family=13709	0.0547778542846245	0.648213913167933	0.876188006257954	1
chr14:70051018;G|A;Family=13618	-0.0728223994395658	0.552504536488206	0.830296632883807	1
chr14:70672191;A|G;Family=13271	0.358762520099251	0.0127427173647307	0.094261867032	1
chr14:70672279;A|G;Family=14165	-0.013063543776185	0.937785988307459	0.978151545855519	1
chr14:71741218;T|C;Family=14463	0.229038258474939	0.367638881320315	0.716975926821775	1
chr14:72951816;C|T;Family=14216	0.135791650629489	0.434612639069024	0.762966568364489	1
chr14:72957270;A|G;Family=11775	0.684916044031085	0.134865186941726	0.457637561419022	1
chr14:72970085;C|T;Family=11051	0.0230982231581486	0.880837136992449	0.960739756402375	1
chr14:73219147;C|T;Family=12304	0.146991348680651	0.513648952987633	0.811808275435325	1
chr14:73219800;A|G;Family=14084	-0.0142028768295695	0.907892090457409	0.969664121542712	1
chr14:73264024;T|C;Family=14378	0.181249381475318	0.171083009887748	0.51663728002191	1
chr14:74199900;A|G;Family=14234	0.0116802455580931	0.955377731933855	0.985282226121481	1
chr14:74675817;G|A;Family=11462	0.118640271649764	0.372796927248755	0.721144920567337	1
chr14:74905829;C|T;Family=14342	-0.058191345733465	0.703346465147481	0.897581879694832	1
chr14:75014738;C|G;Family=11382	-0.0765724901808816	0.745379269151928	0.916036895188626	1
chr14:76501674;T|C;Family=13568	0.0388870399924314	0.92140302917126	0.973933569308383	1
chr14:76780525;A|G;Family=12674	-0.0651461645659601	0.658915594593361	0.879723513785852	1
chr14:76788186;G|C;Family=11924	0.0200086026727177	0.855009318221023	0.950722998391178	1
chr14:77131926;A|G;Family=11366	0.0151183164778044	0.887815131975558	0.961813315211435	1
chr14:77275778;G|A;Family=11110	0.121494965767016	0.497299067414151	0.802592380994194	1
chr14:77331556;C|T;Family=13621	0.260541584091273	0.13846486440262	0.462029080006665	1
chr14:77672418;A|G;Family=12015	0.044226450216646	0.921994466495254	0.973933569308383	1
chr14:80198034;C|T;Family=11108	0.273568670407702	0.0597602207536183	0.281207582119438	1
chr14:81260740;T|C;Family=11033	0.489795981099301	0.104695522039277	0.400649788893085	1
chr14:81472756;T|C;Family=12426	-0.120873466684593	0.642367182453968	0.873808834351884	1
chr14:85638868;A|C;Family=14172	0.113779734033081	0.772781629746418	0.925086803100728	1
chr14:85639167;T|A;Family=13705	-0.100748120846113	0.439461422609134	0.766081956533469	1
chr14:85640939;T|C;Family=12407	-0.0203619339156006	0.846145682104383	0.948214533645045	1
chr14:85645691;A|C;Family=14344	-0.0984418604490385	0.409722729187294	0.748665761744345	1
chr14:87941540;C|T;Family=11107	0.16249330916965	0.458743136175771	0.779669188777314	1
chr14:88465931;AATT|A;Family=11366	0.249766928104566	0.584481205782567	0.845884553918893	1
chr14:88467813;C|G;Family=14590	-0.356482187689259	0.354827895791579	0.710762323482716	1
chr14:90043800;G|A;Family=13335	0.295001731741627	0.45552150405153	0.778754180451909	1
chr14:90533760;G|C;Family=14268	0.4404496261577	0.000514039613829017	0.00692356347809143	1
chr14:90538579;G|A;Family=14394	-0.200710394041142	0.0845631962110757	0.351192411850739	1
chr14:92045541;A|C;Family=12892	-1.64795912997494	2.97351974652461e-15	6.0839952474828e-13	1.14599451031059e-11
chr14:92047191;C|T;Family=14135	0.127064562315902	0.57312914077263	0.839543788877885	1
chr14:92053999;A|G;Family=11164	-0.310722335654255	0.0756715799620128	0.326948732257396	1
chr14:92054370;G|C;Family=12099	0.134649434334573	0.187982554574384	0.544143038220332	1
chr14:93227678;G|C;Family=14006	0.207267130392138	0.18430937248362	0.539353319325644	1
chr14:93720913;C|A;Family=14227	0.0616358748527627	0.575205140393308	0.841944782026513	1
chr14:94039397;GACAA|G;Family=14096	0.957669295770348	2.62783687430684e-11	2.35527518920431e-09	1.01276833135785e-07
chr14:94569714;G|A;Family=11310	-0.00126571824534427	0.994057889672863	0.999404124401772	1
chr14:95185595;A|G;Family=11201	0.0157889792919646	0.937175805999868	0.978032915332654	1
chr14:96243117;G|GA;Family=14404	0.301086903157843	0.0597480446761042	0.281207582119438	1
chr14:96385707;G|A;Family=11526	0.116935598028385	0.458359890857708	0.779669188777314	1
chr14:99501572;T|C;Family=14618	0.00691270567227246	0.970551625544464	0.98984134829404	1
chr14:99508667;G|C;Family=14525	-0.352583630589489	0.00659483148572506	0.056355832696196	1
chr14:99940981;T|G;Family=11575	0.0993038385000321	0.804398886460773	0.932157067811776	1
chr15:100567287;C|T;Family=14290	-0.00919061314291293	0.95330964040084	0.984737430743725	1
chr15:100915213;C|G;Family=14525	-0.209071402889463	0.341573344132212	0.697630428244105	1
chr15:101027693;G|A;Family=12036	0.117452363904322	0.674139367651819	0.886420500211529	1
chr15:101029230;C|T;Family=13822	0.0134371514604357	0.912200728044909	0.971434541554318	1
chr15:101068817;G|A;Family=12550	0.0637801128972639	0.721203327723124	0.906895142159033	1
chr15:101069279;G|T;Family=14260	0.0475829783734218	0.630911612576684	0.869032911073625	1
chr15:101177327;C|T;Family=14043	-0.158182520428256	0.734561283402227	0.912048706904698	1
chr15:101270931;G|C;Family=12796	0.0773786206402861	0.636601201811432	0.869522783998248	1
chr15:101271238;C|T;Family=14047	-0.0385677524454748	0.935192243091688	0.977612571732158	1
chr15:101346652;G|A;Family=13532	0.129687783682322	0.300982669686202	0.665893920189795	1
chr15:22827571;A|G;Family=13624	0.0054510902240917	0.967411305388962	0.987656469130877	1
chr15:23441288;T|A;Family=14697	0.169491989053968	0.388835758673877	0.736399515444285	1
chr15:23567590;T|G;Family=12925	-0.154593021233384	0.258645266431771	0.63451232134185	1
chr15:24982024;C|T;Family=14272	0.110878434130576	0.409512227200268	0.748665761744345	1
chr15:25334715;T|C;Family=12162	0.187747129255284	0.120797782607003	0.433881317956559	1
chr15:25677943;G|A;Family=14245	0.00745278929601264	0.977801309930209	0.992201907831216	1
chr15:25679685;C|T;Family=12132	0.176519092259331	0.350237039633959	0.705685538208721	1
chr15:25680190;T|C;Family=14465	0.351868468592696	0.0335898177920265	0.187344656686643	1
chr15:26583387;C|T;Family=12573	0.503609069075248	8.08995705748641e-05	0.0013735107709054	0.311786944995526
chr15:27535641;C|CA;Family=13634	-0.105216827000049	0.406337003829148	0.748522986226006	1
chr15:28260857;G|A;Family=14243	-0.244609275627234	0.17397335628137	0.52178468101821	1
chr15:28269371;A|C;Family=11469	-0.191030291869586	0.252945404168469	0.629597258638028	1
chr15:29121091;G|A;Family=12246	0.107135572931274	0.384542684981403	0.732260351645458	1
chr15:32638104;T|C;Family=14070	-0.0670454381966723	0.751584685134077	0.918052538959787	1
chr15:32768823;G|A;Family=13673	-0.167589397526834	0.693423312625373	0.892083509288303	1
chr15:32770748;C|A;Family=11380	-0.127793749370562	0.566274534761412	0.835007811243021	1
chr15:34228531;C|G;Family=11484	-0.0580457324039	0.719560792149045	0.906895142159033	1
chr15:34904362;T|G;Family=13050	-0.034976810597938	0.907854002250526	0.969664121542712	1
chr15:34980804;A|G;Family=14620	0.341790800928242	0.444130586268903	0.768948463378416	1
chr15:40091406;A|G;Family=14446	0.174258649338456	0.337193252596552	0.694200211275167	1
chr15:40272478;G|A;Family=11368	-0.0277792016406111	0.87193511730415	0.95602786403704	1
chr15:40324948;T|G;Family=11014	0.0316854836256435	0.793933301894779	0.930727571907569	1
chr15:40375689;C|G;Family=13585	0.100208084562205	0.512132534791732	0.811644023571606	1
chr15:40663005;G|T;Family=12716	-0.284934543073924	0.325052213408634	0.686095268823958	1
chr15:40736463;C|A;Family=11578	-0.111609599448734	0.331589124951092	0.689681038095896	1
chr15:40765303;A|C;Family=11220	-0.0784533136383807	0.686919424280918	0.89065656155889	1
chr15:40767256;C|T;Family=13544	0.115314269480524	0.262004422192512	0.637234002187622	1
chr15:40814773;C|T;Family=13948	0.11319960054671	0.344882973945585	0.700674212749755	1
chr15:41280038;A|G;Family=12656	-0.0838309082542792	0.632044434286293	0.869032911073625	1
chr15:41898395;T|G;Family=11257	0.214205779649934	0.460668886661012	0.781575061167079	1
chr15:42239720;C|T;Family=14118	-0.385712738623582	0.0924365440259803	0.366890258162851	1
chr15:42352520;C|T;Family=12510	-0.367602868392935	0.0141103566841039	0.101393074277816	1
chr15:42355683;T|C;Family=12858	0.0395418623066044	0.757282720172552	0.919048538618833	1
chr15:42567837;C|T;Family=13888	-0.615016137365273	0.000224557288294385	0.0034343007503435	0.865443789086561
chr15:42569418;C|T;Family=14385	-0.589948308452272	0.00866686171749129	0.0694430042811049	1
chr15:42718825;G|A;Family=11339	-0.000862722567989287	0.995531220657353	0.999421027458567	1
chr15:42728672;CT|C;Family=12622	-0.0752611442110219	0.396680589905925	0.744880280823062	1
chr15:45691267;A|G;Family=12826	1.14087811145911	0.030337835041639	0.173991095610828	1
chr15:48460268;G|A;Family=11018	0.0857247320622342	0.359094820348639	0.711543155590568	1
chr15:48989689;A|G;Family=11364	0.166358147413605	0.679076439871622	0.888255436039652	1
chr15:49859538;T|C;Family=12759	-0.105346003009602	0.577022550959485	0.843053812478823	1
chr15:50499413;T|C;Family=11030	0.190772351266086	0.581832335166418	0.845075123986909	1
chr15:50501626;A|G;Family=12161	0.142180682419323	0.270435211460022	0.644961203568641	1
chr15:50561366;T|C;Family=13998	-0.118791130787397	0.511638593804692	0.811644023571606	1
chr15:51208400;C|T;Family=11551	-0.0406010778998244	0.756245191207078	0.919048538618833	1
chr15:52121290;C|T;Family=12108	0.213285157413398	0.0753532621466291	0.326305025070909	1
chr15:52229152;C|T;Family=11329	-0.00273697290799898	0.988443079142701	0.998024528953621	1
chr15:52383145;G|C;Family=14068	0.143342419623654	0.273106710842759	0.645616942968411	1
chr15:53514080;G|A;Family=14209	-0.0412583276746725	0.878546250719895	0.959578854331853	1
chr15:55359693;G|A;Family=12563	0.180274933987717	0.281997636813556	0.65392968377527	1
chr15:55539177;C|T;Family=11079	0.00559181034084114	0.98800921768296	0.997847883896784	1
chr15:55613938;G|A;Family=12021	0.0246918516949709	0.797547422294622	0.930727571907569	1
chr15:56088533;TTTTG|T;Family=11181	0.379755203018136	0.285915433322552	0.65392968377527	1
chr15:56093321;G|A;Family=13684	-0.121135463074635	0.411599753639334	0.748665761744345	1
chr15:56396701;G|C;Family=12906	-0.08375920642152	0.641954203193787	0.873619879628834	1
chr15:56397396;T|G;Family=12906	-0.170282395054906	0.275608980045107	0.647704842466679	1
chr15:56398111;T|A;Family=12906	0.437729580924835	0.323541515363406	0.68550247400251	1
chr15:56653398;A|C;Family=12572	0.750322748654329	2.82360904765375e-09	1.60032195142023e-07	1.08821892696576e-05
chr15:57547895;A|G;Family=12648	0.457497921455681	0.00139538132996188	0.0159578624500685	1
chr15:58590855;AACC|A;Family=14608	-0.0169540507602879	0.963930423013124	0.985980572915727	1
chr15:59132694;T|C;Family=13169	-0.42588330155726	0.0315574978905299	0.179120172120916	1
chr15:59134897;T|G;Family=14109	-0.434808131251374	0.0713367739514051	0.314927751212732	1
chr15:59137358;A|G;Family=11246	-0.0797931962094497	0.542904890478424	0.825588429732742	1
chr15:60422471;T|A;Family=13916	-0.0385807324974258	0.832335130430123	0.943044032783225	1
chr15:60423023;T|C;Family=12246	0.907867017749463	0.00233647121252726	0.0246705754878906	1
chr15:60451608;A|G;Family=12802	-0.134530404773269	0.538412255082843	0.82359998398004	1
chr15:62069453;C|T;Family=14228	0.0764998320218205	0.420171766095716	0.757055627177601	1
chr15:63322397;C|T;Family=11546	0.133518959172862	0.739155152924845	0.91406916934398	1
chr15:63599874;T|G;Family=13258	0.0686471221969618	0.540810422868517	0.824941658282788	1
chr15:63600869;A|G;Family=13082	-0.146010295647588	0.496159142530438	0.801423862243213	1
chr15:63601973;A|C;Family=14038	-0.229496140825163	0.168556425809565	0.51049655500868	1
chr15:64168554;G|T;Family=14004	0.182152024748124	0.200942091779584	0.565690885112137	1
chr15:64424311;G|C;Family=14304	0.381960050441262	0.341407393473149	0.697630428244105	1
chr15:64503001;T|C;Family=13026	0.0540506118061199	0.648388218434791	0.876188006257954	1
chr15:64866999;C|T;Family=11998	0.129122415077472	0.345879713572883	0.702328986359268	1
chr15:65577405;C|CG;Family=14244	0.468125015000885	0.000276527370372401	0.00403688062657286	1
chr15:65577406;A|C;Family=14244	-0.321732516407686	0.0693807949689383	0.306996077853373	1
chr15:65896118;C|G;Family=12161	-0.209916966322532	0.371374619815944	0.720935907000184	1
chr15:65906121;G|A;Family=12056	0.36995075503566	0.15200570576466	0.485360389409278	1
chr15:66337167;T|C;Family=12238	-0.0560058150071503	0.850246151354015	0.94895106909715	1
chr15:66553131;C|T;Family=14675	-0.184020186970055	0.089792032296924	0.361230159156936	1
chr15:66781212;G|A;Family=14671	0.020169952193244	0.956393567182268	0.985282226121481	1
chr15:67373445;T|C;Family=14523	0.128544655165946	0.276562704481641	0.648735643987977	1
chr15:67373521;GT|G;Family=12548	-0.0771380843244468	0.424275153239237	0.760428288644136	1
chr15:67501603;C|A;Family=12532	-0.203008431993609	0.41491338162639	0.750515885659344	1
chr15:67530050;T|C;Family=14596	-0.0315971169437381	0.817478766628844	0.939257435379504	1
chr15:68292697;TA|T;Family=11195	0.327250815485985	0.521898745894624	0.8194957681801	1
chr15:68292743;G|T;Family=14006	0.694638062005238	0.0361014643373363	0.197075132515714	1
chr15:68779354;T|TG;Family=14207	0.267494385394694	0.51181564562886	0.811644023571606	1
chr15:69270974;G|A;Family=14464	-0.264460848437086	0.318782501264681	0.680808571815758	1
chr15:70049346;C|T;Family=13977	0.0987266307363237	0.525208756462078	0.8194957681801	1
chr15:71959179;C|T;Family=11445	0.312887151304209	0.510383680761041	0.811141734289918	1
chr15:72141795;AAGATT|A;Family=13776	1.31727550652354	1.19190269771403e-06	3.35298758904371e-05	0.00459359299698989
chr15:72208624;C|T;Family=12795	0.171929617762128	0.27741456517579	0.650338037826943	1
chr15:72593154;T|A;Family=13763	-0.156580694466814	0.699640740345608	0.894628515743395	1
chr15:72756402;A|C;Family=14428	0.222275264489136	0.112922758857594	0.41646345706906	1
chr15:72774997;T|C;Family=12704	0.102396773330683	0.559599772021798	0.831417702919047	1
chr15:73739396;G|A;Family=13166	-0.153203298034856	0.377735085056905	0.724995526797466	1
chr15:73946452;T|A;Family=14240	-0.0599847431966762	0.770942881685214	0.924704282499387	1
chr15:73981283;G|A;Family=14342	0.803332060066907	0.000420936226000417	0.00579388648216289	1
chr15:73981895;G|A;Family=14458	0.0612069050677251	0.626059023389726	0.867188516565119	1
chr15:74630849;G|C;Family=11731	-0.183294424400988	0.284616223578874	0.65392968377527	1
chr15:74803022;T|C;Family=12492	0.253559411078648	0.168226122883693	0.51049655500868	1
chr15:74845146;GA|G;Family=14257	0.136713549813817	0.552951267173472	0.830296632883807	1
chr15:74901292;G|A;Family=14290	0.0901147351757051	0.663857548303883	0.882548116993158	1
chr15:75355796;C|T;Family=13122	-0.0206138015589831	0.844348424517998	0.947893628922914	1
chr15:75370263;G|A;Family=11504	0.113680340022469	0.635117415485098	0.869522783998248	1
chr15:75463370;A|G;Family=14482	-0.215200509025709	0.0140973301306882	0.101393074277816	1
chr15:75661407;G|C;Family=14620	-0.374311611558492	0.182601259802188	0.538031540732136	1
chr15:76728599;C|T;Family=14558	-0.316501976715369	0.0163494777557433	0.112519441554705	1
chr15:77007986;G|A;Family=12279	-0.112214627498917	0.534692883127176	0.82279786808671	1
chr15:77107216;T|C;Family=12618	0.0545382590996739	0.691546055530831	0.891017142845996	1
chr15:78163484;A|G;Family=14436	-0.441333169843814	0.216346156023169	0.587595549903659	1
chr15:78478334;C|T;Family=13364	0.0697131177019537	0.654164080480089	0.878448908073262	1
chr15:78490631;A|G;Family=13557	-0.00272757307239211	0.990368938794477	0.998681867850595	1
chr15:78536282;C|G;Family=11303	0.0551874424640313	0.695494200440339	0.892400370680246	1
chr15:78594137;CTTACT|C;Family=22349	1.38296961543399	4.19967998594492e-05	0.000778152243549602	0.161855666658317
chr15:78925354;A|G;Family=11963	-0.110279295220569	0.491852606239842	0.799147013332632	1
chr15:79295340;G|A;Family=11989	-0.0211284447797379	0.885574174893356	0.961088799045968	1
chr15:79845082;C|T;Family=22249	-0.0194242325418781	0.963681319572416	0.985980572915727	1
chr15:81303649;C|T;Family=14369	0.429473309753863	0.00648445904684556	0.0559085126768295	1
chr15:82043046;G|A;Family=14351	0.169365895392257	0.147849147064659	0.478029037573151	1
chr15:82687129;TGAA|T;Family=13394	0.12476349349606	0.29091057445358	0.657191883906271	1
chr15:82842933;T|C;Family=13673	0.194011129064423	0.361131745704474	0.71203976402849	1
chr15:83017414;C|T;Family=12588	0.237665248971373	0.577608317195935	0.843053812478823	1
chr15:83138377;T|C;Family=13881	0.829432216203117	0.108262359085443	0.407463996011034	1
chr15:83138723;C|T;Family=13191	0.139263697346547	0.688849687589032	0.89065656155889	1
chr15:83139026;G|C;Family=11235	-0.0579592174281688	0.842542434784959	0.947730481392618	1
chr15:84802623;C|T;Family=11729	0.147400173997228	0.0114836640078058	0.0871221281222121	1
chr15:84804014;A|G;Family=13466	0.14248718603167	0.756686837330489	0.919048538618833	1
chr15:84806138;A|G;Family=11203	0.109073577473562	0.480807925528169	0.793590468944566	1
chr15:86909044;C|A;Family=13724	0.312538039662755	0.00279964684063464	0.0287729037968157	1
chr15:86910332;A|T;Family=14254	-0.107609802137541	0.658101955157896	0.879142091916302	1
chr15:87861035;T|G;Family=14410	-0.124037116570347	0.453225854135551	0.777708121922714	1
chr15:87874420;G|A;Family=11458	0.00404935676533095	0.983615016655373	0.99452775909319	1
chr15:88480591;A|T;Family=14635	-0.021100593048434	0.919259994991418	0.973933569308383	1
chr15:89195431;G|A;Family=14575	0.237295763467901	0.0210899189124447	0.13501752074512	1
chr15:89202100;G|A;Family=14536	0.137991420452123	0.556971242650617	0.830799321373178	1
chr15:89326709;ACTCCTC|A;Family=14565	2.08298765982423	2.57753032569237e-15	5.84341286777553e-13	9.93380187521839e-12
chr15:89681678;C|T;Family=13484	-0.397641891567996	0.133584171103645	0.454799819287497	1
chr15:89682026;G|C;Family=11411	0.412111497899451	0.0239850583790518	0.147030416493031	1
chr15:89833427;A|T;Family=11456	-0.33690738959631	0.00331846479803249	0.0324624827713739	1
chr15:89834264;A|T;Family=13666	-0.144970737451622	0.429129628709537	0.762835277892165	1
chr15:89896555;C|A;Family=12029	-0.49734280421678	0.31062593610782	0.675571725315019	1
chr15:90273069;G|T;Family=14633	0.233619250202945	0.234839782344993	0.611823303246514	1
chr15:90365138;GA|G;Family=13589	0.0698741153882914	0.67657549949223	0.887767787206523	1
chr15:90500172;T|G;Family=11047	0.233793800826422	0.380838117430647	0.728050647111962	1
chr15:90883330;G|A;Family=Hou-etal:rs4702	0.233813131679704	0.356599404945517	0.711543155590568	1
chr15:91300272;G|A;Family=14344	-0.155894058168355	0.493240421040182	0.799147013332632	1
chr15:92618243;G|A;Family=11089	-0.286451533749721	0.00844226237511348	0.0680679481039484	1
chr15:92901779;A|C;Family=12687	0.253270450421007	0.533897063787897	0.82279786808671	1
chr15:92901780;T|A;Family=12687	-0.100312084219363	0.785101480642683	0.930727571907569	1
chr15:93045173;G|A;Family=11627	0.0276656214673759	0.859371827259793	0.952686605115663	1
chr15:93045216;C|T;Family=13333	0.11620915745465	0.450528122871948	0.775149725691288	1
chr15:94481478;G|C;Family=13732	0.0718150218507663	0.556959178019889	0.830799321373178	1
chr15:94481988;A|G;Family=12483	0.187061251165982	0.55417866057426	0.830729116240061	1
chr15:96338680;G|GT;Family=12493	-0.245280719724893	0.545034795120859	0.826018128350685	1
chr15:98961301;G|A;Family=13914	0.117511255476556	0.569635987750722	0.836074868999432	1
chr15:98961330;T|C;Family=14452	0.348499765367828	0.204083937280066	0.571197889816538	1
chr15:99713046;T|C;Family=11045	0.00458004586332076	0.963998235244262	0.985980572915727	1
chr15:99713601;C|T;Family=12372	-0.534830793569014	0.332915588565437	0.689815418457632	1
chr15:99713868;T|C;Family=13628	-0.721460268137151	0.138613163867623	0.46212381794621	1
chr15:99715933;A|G;Family=13251	0.34171200806674	0.142398542783644	0.470269052174946	1
chr16:10528610;T|G;Family=12729	0.055672699281806	0.860277818707647	0.952686605115663	1
chr16:10532068;C|T;Family=13234	-0.234857655644337	0.0674033239484716	0.300662512149779	1
chr16:10940794;C|T;Family=13850	-0.190360669720859	0.326028611931605	0.686095268823958	1
chr16:11372558;G|C;Family=14393	0.311300317980365	0.01508808372218	0.105822388829879	1
chr16:11549237;CA|C;Family=11417	0.272679874429014	0.0737464514131339	0.321872655093906	1
chr16:11871306;C|T;Family=13015	-0.349681336033021	7.6286600220088e-05	0.00130670469888097	0.294008557248219
chr16:1213915;A|G;Family=14061	0.0651373477830177	0.66304025466567	0.882292897804533	1
chr16:12569002;G|T;Family=14493	-0.176694627400241	0.0558795709386961	0.267527784345012	1
chr16:12569318;T|TGC;Family=12285	0.255260814941916	0.0382285972518801	0.205199183577641	1
chr16:12569804;A|G;Family=14265	0.268050123058662	0.253984629823005	0.630300555916201	1
chr16:12573936;CTT|C;Family=11839	0.423568549685112	0.00234288479268981	0.0246707048935151	1
chr16:1321063;C|T;Family=14016	-0.118557914332268	0.376746040730182	0.724032155250941	1
chr16:1321177;C|T;Family=11685	0.193896867543245	0.374670477331279	0.723203242746705	1
chr16:13237326;G|A;Family=14058	-0.308142018800844	0.00680656779063806	0.0574096059202443	1
chr16:1324951;G|A;Family=14321	-0.891796317693088	3.1780424669567e-06	7.95336082315007e-05	0.0122481756676511
chr16:13948562;T|C;Family=12821	0.0437984042166022	0.660374272289849	0.880992531615691	1
chr16:13949970;A|AT;Family=11479	-0.281260504911108	0.159525755060883	0.494222073958718	1
chr16:189971;T|C;Family=14122	0.249405681816732	0.0548385082679426	0.264515157527723	1
chr16:19267192;C|T;Family=14257	0.156103453964979	0.313230466498362	0.677734483412331	1
chr16:1938368;C|T;Family=13263	0.0717242089910748	0.773447554211056	0.925160420213969	1
chr16:1984949;A|T;Family=12864	-0.126486625346926	0.602744560706974	0.858771732704133	1
chr16:19856813;C|A;Family=11298	0.843244481719194	3.24021054824901e-05	0.000618206507571865	0.124877714529517
chr16:1993957;C|T;Family=12014	-0.168834976843972	0.213795342763438	0.584373936886731	1
chr16:20032346;T|C;Family=12325	-0.414240464419203	0.00118706553626567	0.0139480200511216	1
chr16:2081694;C|T;Family=14601	0.0692741094246631	0.706917580168694	0.899129558578533	1
chr16:2086268;C|T;Family=12621	0.201432101911368	0.15883026160149	0.493998899991731	1
chr16:21179846;G|A;Family=14379	-0.0279551904657662	0.792274636343826	0.930727571907569	1
chr16:21251033;C|T;Family=12631	0.112547798023176	0.691556378036943	0.891017142845996	1
chr16:23063202;T|C;Family=13364	0.181970807886514	0.374220926635011	0.722931053258813	1
chr16:23464668;G|A;Family=14519	0.163753105505096	0.0336592055422254	0.187460373063203	1
chr16:23667172;T|C;Family=12647	-0.190277629023729	0.0229855571843682	0.143575911488744	1
chr16:24215158;A|G;Family=13136	-0.0918783335708064	0.429622402374583	0.762835277892165	1
chr16:25239158;G|T;Family=11352	-0.188611801940929	0.0493753856237818	0.245197684877758	1
chr16:2707660;C|A;Family=14036	0.045717763009762	0.758637484404873	0.919048538618833	1
chr16:2707663;G|A;Family=14036	0.505549681444152	0.00102614646223904	0.0122060755107076	1
chr16:27449743;C|T;Family=14061	0.0725492385168641	0.653375738535491	0.878261916160868	1
chr16:27788100;C|A;Family=11993	-0.0647894934537048	0.577523529957539	0.843053812478823	1
chr16:28484111;A|G;Family=13368	-0.0981361745439428	0.523127940968449	0.8194957681801	1
chr16:28873529;G|A;Family=13076	0.15242696248592	0.464257174696684	0.783847306979521	1
chr16:29743897;C|T;Family=11301	-0.173489762155433	0.324815402688235	0.686095268823958	1
chr16:29992683;G|C;Family=11003	0.0466157622209287	0.688030194828601	0.89065656155889	1
chr16:30095091;C|T;Family=11055	-0.133760753111887	0.399746399917599	0.74790793654324	1
chr16:30532838;G|A;Family=22030	-0.070250691489675	0.623566099080517	0.866813536365917	1
chr16:30780397;T|G;Family=12829	0.186246032153802	0.0774297418671743	0.332680295603222	1
chr16:30989356;G|C;Family=11345	0.212904004193845	0.643966807555464	0.875365813779399	1
chr16:30990077;T|A;Family=11540	0.0965942821743993	0.439623573152544	0.766081956533469	1
chr16:31193345;A|G;Family=14416	-0.255453933564152	0.257236630290315	0.634074423408076	1
chr16:31332096;C|T;Family=11484	0.054930651256516	0.841400040388807	0.947620033798499	1
chr16:3140739;C|G;Family=12536	-0.0927211029764686	0.47097928693645	0.786738079008401	1
chr16:3535329;G|T;Family=14149	0.0191766523574598	0.878471317048757	0.959578854331853	1
chr16:3656675;G|A;Family=13424	0.318137155429236	0.0921854809920206	0.366270972931183	1
chr16:3704332;A|T;Family=12073	-0.164970386142314	0.330553124702205	0.688622563568809	1
chr16:4190888;C|T;Family=11235	-0.0227397064732417	0.834096261488603	0.943253225286701	1
chr16:46657240;T|A;Family=12719	-0.314332551032659	0.147060490790058	0.477367348378792	1
chr16:4690849;G|A;Family=14653	0.0876192324795942	0.600628278660997	0.857341254059067	1
chr16:46929467;AG|A;Family=12779	0.219067115775525	0.184090571507347	0.539161232773534	1
chr16:4752418;C|T;Family=14070	0.173153722461827	0.733979199398636	0.912012723426348	1
chr16:48352917;C|G;Family=12788	0.426159550231409	8.77841441257002e-05	0.00147738031205436	0.338320091460449
chr16:48538924;C|T;Family=14617	0.0355168071207855	0.755490857192764	0.919048538618833	1
chr16:49279058;G|T;Family=13283	-0.242033812157367	0.212461635044219	0.582380612703	1
chr16:49490000;C|T;Family=14598	0.0929731097204499	0.38539016909001	0.733116343372605	1
chr16:50707935;A|G;Family=13504	0.052919359464938	0.729549482449963	0.910814287451298	1
chr16:53491584;A|AAGAT;Family=14637	-0.132966768486794	0.730788661079253	0.911475566278136	1
chr16:53934071;C|T;Family=13882	-0.066644842449758	0.661100317228745	0.881314639432578	1
chr16:54115899;A|G;Family=14641	-0.0795957282357709	0.61963306481646	0.864814882920692	1
chr16:54118659;A|G;Family=11587	-0.16179000406827	0.167936788408061	0.510030246276334	1
chr16:56847265;ATC|A;Family=13856	-0.0948986288615071	0.469953399153575	0.786738079008401	1
chr16:56944000;G|A;Family=12020	-0.834186893703597	0.00012270930868414	0.0020124326624199	0.472921675668676
chr16:57082663;G|A;Family=14247	-0.0349366779262531	0.902957102476819	0.969173847646282	1
chr16:57148331;G|GTACA;Family=11056	-0.760844640809559	2.87227700318713e-05	0.000561916526410315	0.110697555702832
chr16:57167173;C|A;Family=14042	-0.0845813391521782	0.705563668083356	0.898626033309072	1
chr16:57252813;A|G;Family=12975	0.157539495195353	0.281710234873114	0.65392968377527	1
chr16:57252942;G|GA;Family=14423	0.484313565737853	0.275619081900714	0.647704842466679	1
chr16:57883767;A|G;Family=13129	-0.432804883358075	0.0260900810942458	0.157377229400892	1
chr16:583935;G|A;Family=14161	-0.561001303788239	0.0186723968997659	0.124504182788405	1
chr16:58512675;T|C;Family=12318	0.267752445105988	0.30993586219904	0.675571725315019	1
chr16:58520791;C|T;Family=13143	-0.249996452015857	0.0752211537870436	0.326099355112785	1
chr16:59123;A|G;Family=13681	-0.0392907977467706	0.821674758533558	0.939471036171205	1
chr16:61653156;G|T;Family=12469	-0.295473946900543	0.336154653907441	0.693915391622538	1
chr16:62660;C|T;Family=14680	0.02977351905504	0.860344351747471	0.952686605115663	1
chr16:66400812;C|T;Family=12086	0.386270538363857	0.0487514398038526	0.243063452786608	1
chr16:66404214;G|A;Family=14152	0.352272210873157	0.0126045931242348	0.0934194267323098	1
chr16:66612716;C|T;Family=12662	0.0464810428628702	0.809738840726202	0.934631174650728	1
chr16:66616749;C|T;Family=11775	0.43457366101905	0.0219591984361011	0.138738935693006	1
chr16:66854047;G|C;Family=13259	-0.128896801698234	0.338108429018673	0.695341454342564	1
chr16:66911921;C|T;Family=13351	0.109047379042543	0.408261531796544	0.748665761744345	1
chr16:66942147;A|G;Family=13938	0.182902309906655	0.193871449624345	0.555111862445934	1
chr16:67198680;C|G;Family=11276	-0.362965925715114	0.0387051684661059	0.207064503105156	1
chr16:67270740;A|G;Family=14244	0.0637102288671422	0.68907604888648	0.89065656155889	1
chr16:67647175;G|A;Family=11150	0.255134818381112	0.031178346394511	0.177658799941516	1
chr16:67683136;C|G;Family=14645	0.0122806664918464	0.943511660114753	0.97828731183273	1
chr16:67724986;C|G;Family=14645	-0.0595926882454801	0.68720757195813	0.89065656155889	1
chr16:67725007;C|G;Family=14645	-0.0606830187141682	0.613056507930205	0.861285101385496	1
chr16:67843938;T|C;Family=13808	0.126142807672754	0.587703001112776	0.846415308777518	1
chr16:67951940;A|G;Family=14151	-0.17931416586542	0.290237206770828	0.656489667724431	1
chr16:68300417;G|GTTGA;Family=13929	-0.27143802844916	0.111132348660209	0.413420918664522	1
chr16:68687595;C|G;Family=14402	-0.0733782351793583	0.680473827593092	0.888697435291012	1
chr16:69340788;T|C;Family=13143	0.0431264478436454	0.685371212732042	0.89065656155889	1
chr16:69356055;A|C;Family=14454	-0.259643770768613	0.0130636454392692	0.0960826135934039	1
chr16:70247662;G|T;Family=11509	-0.648786481243737	0.246748354352312	0.622186928665382	1
chr16:70483943;C|T;Family=14265	-0.0543689863687617	0.644677191295307	0.875365813779399	1
chr16:70572436;C|T;Family=11753	0.370358285858473	2.75907806160567e-09	1.5870875894669e-07	1.06334868494282e-05
chr16:70573035;A|T;Family=14597	0.172619676398129	0.146102417895117	0.475573242033597	1
chr16:70662896;C|T;Family=14417	0.193648534603117	0.154289457196808	0.488203257829637	1
chr16:70687915;C|T;Family=11168	0.0598005500220993	0.663207712750319	0.882292897804533	1
chr16:70785746;C|A;Family=11003	0.0295583779967516	0.886276489831181	0.961088799045968	1
chr16:71282674;A|T;Family=11256	0.248954652865805	0.539578192651435	0.824230818263429	1
chr16:71456106;G|A;Family=12518	-0.181433341944838	0.128732854344337	0.448829813091865	1
chr16:71641521;GA|G;Family=14192	0.272923092415696	0.108669709880789	0.408199865380663	1
chr16:71645018;G|A;Family=11178	0.0568090076144312	0.881467508728282	0.960739756402375	1
chr16:71765565;C|T;Family=11207	-0.167659725311012	0.174446450021081	0.522379408665837	1
chr16:718549;C|T;Family=11397	0.14899199852428	0.283265757520023	0.65392968377527	1
chr16:71855434;G|A;Family=11307	0.0800221069338481	0.638217823391217	0.8704095280066	1
chr16:72027420;C|T;Family=11368	0.127034410425252	0.354357101807728	0.710188388126356	1
chr16:72086073;A|C;Family=13391	0.000651476427718253	0.997902844511371	0.999466630671878	1
chr16:729185;T|G;Family=14467	0.0262286080548001	0.804938194736272	0.932157067811776	1
chr16:74448548;G|A;Family=14679	0.0392226840453977	0.902684663295053	0.969173847646282	1
chr16:74622513;T|C;Family=11707	0.356737831876742	0.458069146225312	0.779669188777314	1
chr16:74672149;T|G;Family=11883	0.270446097722948	0.222738069694291	0.595054742929084	1
chr16:75108224;G|GT;Family=14633	0.155955336624613	0.273493023038431	0.645616942968411	1
chr16:75114636;C|T;Family=12664	-0.311444360862434	0.0903885647956104	0.362494826974279	1
chr16:75234913;C|T;Family=12154	0.0596815003262143	0.731626940419895	0.911750167950312	1
chr16:75235814;T|G;Family=14219	-0.0275186961052818	0.879970391713836	0.960738212369724	1
chr16:75538088;C|A;Family=14480	0.506095705907163	0.241255491502428	0.617396191401299	1
chr16:75568310;G|C;Family=13773	0.172853683641685	0.25468254562735	0.630408818784718	1
chr16:77741983;G|C;Family=12739	0.201199868494169	0.244605680002207	0.621775630495521	1
chr16:785736;G|C;Family=14131	0.388139920052819	0.0617782603438539	0.287910976756862	1
chr16:80599464;G|A;Family=12738	0.0561343845883146	0.629301037522324	0.869032911073625	1
chr16:80604158;G|A;Family=14321	0.404956866934993	0.00080561953700443	0.010080706803945	1
chr16:80604272;C|T;Family=12154	0.049812029825836	0.668936699228414	0.88547701400202	1
chr16:80968023;GAA|G;Family=14363	0.263659716496099	0.40222660449432	0.74790793654324	1
chr16:81022785;C|T;Family=12180	0.0433476732579828	0.751783552920884	0.918052538959787	1
chr16:81171803;A|G;Family=12937	-0.020919418754327	0.925023161669505	0.975241222299429	1
chr16:81173810;G|A;Family=14666	-0.516799982829266	7.79473644319788e-06	0.000175677861123302	0.0300409142520846
chr16:81174389;G|A;Family=12180	0.258634676001829	0.0839233794581414	0.349288017744792	1
chr16:81267919;C|A;Family=12083	-0.11928593578292	0.26839100124616	0.643041746208391	1
chr16:81388913;C|G;Family=11417	0.151014142336011	0.734059021294378	0.912012723426348	1
chr16:81959671;G|A;Family=22280	-0.135044720426262	0.312214552787269	0.676455962214118	1
chr16:81991522;G|A;Family=14521	0.000698551099857448	0.994766118042666	0.999404124401772	1
chr16:83344870;G|A;Family=11492	0.196005638178698	0.0841536958640389	0.349868763603027	1
chr16:83670854;A|G;Family=11642	0.121784689653038	0.478093638241307	0.791483196641752	1
chr16:84054426;C|G;Family=11121	0.265085232425159	0.18295001111021	0.538647320717151	1
chr16:84122855;T|C;Family=14363	-0.359671447193611	0.0618063304879696	0.287910976756862	1
chr16:84159689;G|C;Family=12057	-0.0346003651405359	0.842796131504507	0.947730481392618	1
chr16:84329819;A|C;Family=13874	-0.124658738823943	0.497657874037391	0.80283526435333	1
chr16:84779105;G|A;Family=14402	-0.0273444053294504	0.822539464505774	0.939471036171205	1
chr16:84907429;G|A;Family=13631	-0.0208630324081001	0.805765096438085	0.932278199241183	1
chr16:8648242;C|T;Family=13947	-0.177038560804907	0.422678682006434	0.759088369269709	1
chr16:87330135;C|G;Family=11561	0.176053608760284	0.0802644558214389	0.339187733262966	1
chr16:87409016;G|A;Family=11417	-0.00518858715207082	0.983689625755901	0.99452775909319	1
chr16:87831950;G|A;Family=11078	-0.178257736047943	0.431580542114362	0.762966568364489	1
chr16:88863449;C|T;Family=13714	-0.234029180331307	0.245792503366833	0.622186928665382	1
chr16:8898628;C|A;Family=14675	-0.222466527992263	0.491373266166549	0.799147013332632	1
chr16:8902160;G|C;Family=13855	-0.317688036735009	0.200482586541665	0.564809860037704	1
chr16:89145960;G|A;Family=11404	0.220000829989198	0.300640827264096	0.665893920189795	1
chr16:8915256;T|C;Family=12211	-0.166564574917677	0.4371483668604	0.765804457218173	1
chr16:89280322;C|A;Family=13875	0.121802609210385	0.64762077427124	0.87616024464433	1
chr16:89284363;CTTTG|C;Family=12507	0.865759574565652	0.00115289810558823	0.0136296604261872	1
chr16:89285006;G|A;Family=13038	0.0826909605654473	0.624635975753607	0.867015653629244	1
chr16:89529318;A|T;Family=11809	0.042663775979079	0.751120742890251	0.918052538959787	1
chr16:89537204;G|A;Family=13882	0.0437011971062859	0.755842485499861	0.919048538618833	1
chr16:89935278;G|A;Family=13371	-0.114788452203092	0.535114038526434	0.82279786808671	1
chr16:90062141;G|A;Family=11726	-0.0815585175561914	0.571385422702731	0.837383648569314	1
chr16:9753839;G|T;Family=14468	0.0641284589214706	0.585316300730293	0.846415308777518	1
chr17:1002576;A|C;Family=11172	0.151029960092435	0.199447481688631	0.563128640606581	1
chr17:10711013;A|G;Family=11027	-0.140330882728541	0.526551279580022	0.819808839349929	1
chr17:10824130;G|C;Family=13539	0.130662276369826	0.280134422934007	0.65392968377527	1
chr17:11561421;T|A;Family=11305	-0.355765898166693	0.00209748280332872	0.0227070188877216	1
chr17:12766872;A|G;Family=13456	-0.299196973470864	0.113364243876668	0.417406687313721	1
chr17:12984718;A|G;Family=11216	-0.0400634607628913	0.832810275062456	0.943044032783225	1
chr17:1495860;C|T;Family=13565	-0.0557422933200589	0.705182518894782	0.898437496800162	1
chr17:15976942;GCT|G;Family=13006	0.0303547018742236	0.885120217828076	0.961088799045968	1
chr17:16443567;G|T;Family=13998	0.191102009837506	0.317860656967009	0.680808571815758	1
chr17:1705283;C|T;Family=14119	-0.124626103632263	0.512927196817023	0.811808275435325	1
chr17:17186364;G|A;Family=11345	-0.0911456455363908	0.425740876983549	0.760428288644136	1
chr17:17202707;G|A;Family=11013	0.423919216871869	0.000517380976048348	0.00692356347809143	1
chr17:17213402;T|C;Family=12923	0.265508139737324	0.128934860195028	0.448829813091865	1
chr17:17246958;A|G;Family=13578	-0.00197686250906467	0.98887538103991	0.998199507210009	1
chr17:17347119;G|C;Family=13991	-0.18639335919191	0.273872437319091	0.645624728525194	1
chr17:17347268;C|T;Family=13147	-0.412199350149219	0.0364503456440943	0.198137703966628	1
chr17:17810691;C|T;Family=14023	-0.0825612020765115	0.405681934785512	0.748522986226006	1
chr17:17844299;C|T;Family=12787	0.0563716953571892	0.673637313785762	0.886420500211529	1
chr17:18209382;C|T;Family=11277	-0.196674288898483	0.0444475038486671	0.229011604054496	1
chr17:19336672;A|T;Family=14566	0.373764376473817	0.339483602523443	0.697203942742494	1
chr17:19336685;G|A;Family=12368	-2.75412562046525	2.79199204732812e-08	1.18245465389039e-06	0.000107603373504026
chr17:19675582;C|G;Family=12796	0.0640435275145116	0.721197039563533	0.906895142159033	1
chr17:19675745;C|T;Family=11167	-0.101272680161551	0.555361466510491	0.830799321373178	1
chr17:19774141;T|C;Family=11412	0.086427191762297	0.741496295456268	0.914674502874777	1
chr17:19904509;T|C;Family=13239	0.0681760441015144	0.821422903881233	0.939471036171205	1
chr17:2060730;G|A;Family=14418	0.292941321665566	0.0216007701419185	0.137375194928967	1
chr17:21314581;G|A;Family=14524	0.128359593599525	0.253087040693821	0.629597258638028	1
chr17:21418873;T|G;Family=14414	-0.26091238626417	0.155257426267309	0.489224139537333	1
chr17:21528779;A|G;Family=11963	0.334401496893779	0.153222695007364	0.486784180963313	1
chr17:2384552;A|T;Family=11266	-0.118302104900941	0.490846611434183	0.799114514447091	1
chr17:2385999;G|A;Family=12647	0.0077039210865069	0.959302612851154	0.985980572915727	1
chr17:2685270;C|T;Family=11872	-0.256002134016148	0.0124301677926909	0.0923041747071885	1
chr17:2689537;C|A;Family=11396	-0.292950350021366	0.0954234823478102	0.374648556424533	1
chr17:27307982;C|T;Family=14662	-0.0198718711770906	0.943797119744344	0.978307844392211	1
chr17:28328570;G|A;Family=11203	-0.0638919204319782	0.649656855573515	0.877287148346296	1
chr17:28396592;G|T;Family=22196	-0.236961795909159	0.193244006880023	0.554138692347922	1
chr17:28493652;G|T;Family=14242	-0.232062092046001	0.315349022177004	0.679728820732759	1
chr17:28592000;G|T;Family=12662	-0.130336495916098	0.36041396398603	0.71203976402849	1
chr17:28907331;C|T;Family=13289	-0.601473993736472	0.000274498428715783	0.00402249788696056	1
chr17:28912324;T|A;Family=14692	-0.0549084795679898	0.69786945440777	0.893551122022441	1
chr17:29561734;C|G;Family=14668	0.149503732718032	0.370649156874415	0.7204433685436	1
chr17:29613847;T|TC;Family=11458	0.0919186967205267	0.320223539677569	0.682600399290571	1
chr17:30316398;C|A;Family=11568	-0.386958223715306	0.417223670671772	0.752730250118953	1
chr17:30469229;G|A;Family=13875	-0.321745747639085	0.38406548602603	0.732260351645458	1
chr17:30469801;G|C;Family=13211	0.327358283774677	0.149513201148988	0.481390039455473	1
chr17:30522508;T|G;Family=12784	0.0420699525723845	0.746971517404552	0.916920867160901	1
chr17:30522509;G|A;Family=12784	0.0807580272538633	0.539944402426801	0.824463441740448	1
chr17:30784103;C|CT;Family=14319	0.107229880889696	0.614781016659592	0.862528590537337	1
chr17:31357330;C|T;Family=12061	-0.230447074515102	0.247350451479888	0.623064470590514	1
chr17:31861451;C|CA;Family=13507	0.112292574829101	0.512339451041618	0.811644023571606	1
chr17:31862034;G|A;Family=13001	0.195571601005007	0.498398594944188	0.803021816435996	1
chr17:32324631;T|C;Family=12331	0.0879872097174296	0.820925754193995	0.939471036171205	1
chr17:32942652;G|C;Family=13706	-0.36815337212705	0.0888783006103061	0.358677456075518	1
chr17:32944107;A|G;Family=11678	0.205297178828707	0.0884638721666955	0.357830773054963	1
chr17:33013379;T|TG;Family=11156	-1.65315712205182	4.27993448168359e-16	1.25077363528858e-13	1.64948674924086e-12
chr17:34272198;T|A;Family=13981	0.302280743195868	0.512015922904724	0.811644023571606	1
chr17:35188649;T|A;Family=22004	-0.365803910111874	0.145024145653249	0.474733807489969	1
chr17:3610294;C|T;Family=11346	-0.380577481994688	0.0161452851383943	0.111512417425397	1
chr17:36504501;C|G;Family=12368	0.121057404264626	0.342298687028958	0.697630428244105	1
chr17:36510788;C|T;Family=11714	-0.216331359570625	0.303966561706465	0.670187144631989	1
chr17:36547463;C|T;Family=13302	-0.433320738734275	0.298270686558245	0.665751767557377	1
chr17:36608546;G|C;Family=14359	-9.53321496377374	5.51830824843058e-38	2.12675599894514e-34	2.12675599894514e-34
chr17:36943831;A|T;Family=13894	0.379966068466245	0.135448115382356	0.457637561419022	1
chr17:37087183;C|T;Family=12512	0.0806724601766253	0.471219858199536	0.786738079008401	1
chr17:37516990;C|T;Family=13881	-0.180375798532333	0.107380474052158	0.40533236728405	1
chr17:37610970;G|A;Family=14691	0.148710710440237	0.477066571012257	0.791126429865222	1
chr17:37687135;C|G;Family=12189	0.0266612892496148	0.862656941603654	0.953723423103982	1
chr17:3812829;G|A;Family=13593	0.193007840460814	0.0505543257682596	0.248815356627551	1
chr17:38403853;C|T;Family=14017	-0.0761740530548765	0.460752085877427	0.781575061167079	1
chr17:38920410;G|C;Family=11115	-0.179313812840425	0.19879584851436	0.562789556603268	1
chr17:3897556;C|T;Family=12029	0.146423690906568	0.146003611598741	0.475573242033597	1
chr17:39065232;G|A;Family=13802	-0.0668651992488132	0.610772819166191	0.860664879366179	1
chr17:39532426;C|CA;Family=14127	0.101096656744299	0.797849537282343	0.930727571907569	1
chr17:39533534;C|A;Family=13296	-1.59130731677297	0.000743538632320612	0.00945741877545756	1
chr17:40457313;C|T;Family=11456	-0.354901892944337	0.00680752203050121	0.0574096059202443	1
chr17:40629233;C|T;Family=12378	-0.0469274338297954	0.903943645564562	0.969173847646282	1
chr17:40641579;T|TTG;Family=14632	-0.219624118243084	0.45645541526935	0.779242929406744	1
chr17:40643454;T|C;Family=11714	0.371343820639773	0.0296264531656716	0.172364260947924	1
chr17:40644141;CA|C;Family=11037	-0.517943766718686	0.214140146852676	0.584508446806138	1
chr17:41117259;GC|G;Family=13893	-0.163686949710249	0.603391458967538	0.85878284345224	1
chr17:41723692;T|C;Family=14360	0.121863560916032	0.263019610620673	0.638738235243903	1
chr17:4174000;A|G;Family=14350	0.052762677968149	0.766716692929183	0.922549526865148	1
chr17:42125692;G|A;Family=13681	0.346775920443629	0.0661371000496234	0.29707737015297	1
chr17:42544022;C|T;Family=12070	-0.2935691990992	0.0232811516429946	0.144952436885462	1
chr17:42582715;T|C;Family=11118	-0.210130834800766	0.126398046907429	0.445312419658702	1
chr17:42613932;G|A;Family=13992	-0.229751061185422	0.136558213074746	0.458445429608074	1
chr17:43049164;C|G;Family=22105	-0.0824055861597393	0.550286970220608	0.829411804157302	1
chr17:43049165;C|A;Family=22105	-0.0422868394969245	0.744837145017431	0.915874208440275	1
chr17:43076586;T|C;Family=13973	-0.236741670102645	0.185039207061887	0.540668009110322	1
chr17:44192213;ACT|A;Family=12796	0.260338300650029	0.000880138078387904	0.010735624586821	1
chr17:442839;C|A;Family=13251	0.0236253242352463	0.855468212887308	0.950958896010292	1
chr17:44399519;C|T;Family=12250	0.0547180977971328	0.722322515025985	0.907672309393592	1
chr17:44775654;G|A;Family=13956	-0.629113196401649	0.0200075334204567	0.131390880861068	1
chr17:44781583;G|A;Family=14185	-0.211914175315894	0.0892303434457218	0.359345604639302	1
chr17:44903598;T|C;Family=12223	1.02522063724947	2.27781173291988e-07	7.43956476158748e-06	0.000877868641867323
chr17:45024340;G|T;Family=13631	-0.0635328290921697	0.785018913605335	0.930727571907569	1
chr17:45098660;C|T;Family=11349	0.273832493273765	0.0386015465476983	0.206912879547746	1
chr17:45150929;TAAAC|T;Family=14028	0.227984250612277	0.36370717407935	0.713586257919029	1
chr17:46764427;G|C;Family=14351	-0.111275170840565	0.327317408318653	0.686095268823958	1
chr17:47120685;AG|A;Family=12786	-0.0212018793157613	0.935271948762309	0.977612571732158	1
chr17:47311174;C|T;Family=11106	-0.00457203588698237	0.979690124609613	0.992372137813959	1
chr17:47441140;T|C;Family=13287	-0.039702415119269	0.821960882450107	0.939471036171205	1
chr17:47828659;T|C;Family=14065	-0.093555083596223	0.605381044570156	0.858996360623898	1
chr17:47948532;C|A;Family=13872	-0.348390187442251	0.151828721839219	0.485197258680225	1
chr17:48726725;G|A;Family=12184	0.169287438366321	0.193181623999389	0.554138692347922	1
chr17:4886482;T|C;Family=14522	-0.147384909787235	0.312250948826911	0.676455962214118	1
chr17:48933294;C|T;Family=13852	0.071417367035946	0.566799631942073	0.835007811243021	1
chr17:49173339;A|G;Family=11843	0.352097265768514	0.158789255252481	0.493998899991731	1
chr17:49711223;C|T;Family=11654	-0.101518259838026	0.55556802218344	0.830799321373178	1
chr17:49718010;C|G;Family=11359	0.29776963287014	0.0654710236378711	0.29697456564497	1
chr17:49830597;C|G;Family=14058	0.049974770555089	0.744763102681556	0.915874208440275	1
chr17:50184292;C|T;Family=13195	0.0366243759820954	0.763696053822743	0.92033921632222	1
chr17:50550045;G|A;Family=13842	0.112715183268492	0.550285650803994	0.829411804157302	1
chr17:5444498;C|A;Family=11414	0.149875298089133	0.4102544185717	0.748665761744345	1
chr17:55162413;G|A;Family=14405	0.0678610525730099	0.446581856386772	0.771373480631833	1
chr17:55163759;C|T;Family=13111	0.272058767855966	0.286751729522627	0.65392968377527	1
chr17:55323951;CATT|C;Family=12605	0.796197864754723	2.58939100369275e-07	7.98361034258549e-06	0.000997951292823186
chr17:56595478;T|C;Family=11924	0.20160875702506	0.560444964955618	0.832031931794666	1
chr17:57862980;G|T;Family=13748	0.127436880933098	0.638240095004321	0.8704095280066	1
chr17:58599593;T|C;Family=11107	-0.103554870979538	0.534994035561809	0.82279786808671	1
chr17:59015731;C|T;Family=13784	0.690574841093321	0.0236067281297354	0.14580181123718	1
chr17:59119468;AT|A;Family=14247	0.113201694265573	0.65090594143331	0.878261916160868	1
chr17:59399446;A|G;Family=13398	-0.165633650094221	0.146445307671482	0.476287101912145	1
chr17:59400046;T|C;Family=11986	-0.000392102705924287	0.996885459476411	0.999466630671878	1
chr17:6121900;C|T;Family=14502	-0.395677330606551	0.0228042672697193	0.142906741556907	1
chr17:61484112;C|T;Family=14216	0.0368403660889872	0.761824027576375	0.92033921632222	1
chr17:61944501;A|T;Family=11414	-0.285186444231877	0.408655259612655	0.748665761744345	1
chr17:61945064;A|T;Family=13010	0.592414825909119	0.0890401542742334	0.35895476419759	1
chr17:61945223;G|A;Family=14229	-0.511365525309723	0.0165755699248824	0.113266394486696	1
chr17:62692794;G|A;Family=13985	0.278999467453163	0.0448587241705338	0.230638639652981	1
chr17:63697720;G|A;Family=12794	0.0707984040174901	0.568836171523121	0.836074868999432	1
chr17:63831128;C|T;Family=11768	-0.0185198610867714	0.918338213714823	0.973933569308383	1
chr17:63833991;G|A;Family=11678	0.279356167357117	0.219198343988049	0.591297239539052	1
chr17:63928961;C|T;Family=12902	-0.0921590051113385	0.653056133217344	0.878261916160868	1
chr17:6454236;C|T;Family=13154	-0.2509941458226	0.158875331686712	0.493998899991731	1
chr17:64594082;T|C;Family=13139	-0.0626943296351588	0.704308894241027	0.897621189948717	1
chr17:6685348;G|A;Family=12891	0.0992753040752882	0.425761716115761	0.760428288644136	1
chr17:6685661;C|T;Family=14472	-0.194417164229288	0.17422960252942	0.522146880364217	1
chr17:67032752;G|A;Family=12430	-0.155782937217927	0.35036851264806	0.705685538208721	1
chr17:67338372;T|A;Family=12766	0.165932423717852	0.678852861044017	0.888255436039652	1
chr17:67347395;G|A;Family=11365	0.46638276675035	0.00923930133413356	0.0734191079211355	1
chr17:6773804;G|T;Family=13951	0.507286444272041	0.0511853157304692	0.251297078758252	1
chr17:6774202;G|T;Family=11359	0.261437002599277	0.159126385595157	0.493998899991731	1
chr17:6787629;C|T;Family=11216	-0.0934550903357816	0.410416396337999	0.748665761744345	1
chr17:6798690;A|C;Family=12623	-0.0686142454843429	0.571437206989439	0.837383648569314	1
chr17:6812943;G|T;Family=12588	-0.129532252959625	0.424386820060077	0.760428288644136	1
chr17:68267884;T|C;Family=13628	0.0148814290569214	0.959983199159895	0.985980572915727	1
chr17:68531332;ATGTCC|A;Family=12798	1.5159831184599	9.19733880970746e-12	8.86163594315314e-10	3.54465437726126e-08
chr17:68531339;T|A;Family=12798	-0.194314037736042	0.175790069579382	0.524783058217613	1
chr17:68906046;G|A;Family=13882	0.05336022832903	0.870696951016298	0.955975685502654	1
chr17:70178963;C|T;Family=13584	-0.465239329432975	0.0132553252198311	0.097306711232817	1
chr17:72124442;G|A;Family=11954	0.0272617628282836	0.878659516589805	0.959578854331853	1
chr17:7221992;C|T;Family=14452	0.139425121580717	0.145105455428953	0.474733807489969	1
chr17:73283634;C|CTT;Family=11190	-0.342101734645196	0.673058156594367	0.886420500211529	1
chr17:73283762;C|A;Family=13383	-0.532683044743909	0.0239964016538964	0.147030416493031	1
chr17:73334918;GC|G;Family=13531	-0.139136151882854	0.371968276673738	0.721100766191258	1
chr17:73337763;C|T;Family=14609	0.680014492533265	0.000853482362904035	0.01054269559818	1
chr17:7357133;C|A;Family=14236	0.19984534332871	0.0649928664746495	0.296718664908887	1
chr17:742897;C|CT;Family=11258	-0.377146322957787	0.243434637756055	0.619759811689766	1
chr17:7444181;A|T;Family=14658	-0.0944510627184283	0.533235642324542	0.82279786808671	1
chr17:75165697;C|T;Family=11474	0.0129730973314752	0.921060716378449	0.973933569308383	1
chr17:7577693;C|T;Family=12655	-0.0597966961844729	0.525128835553934	0.8194957681801	1
chr17:7577700;C|T;Family=12655	-0.117858553631062	0.358896787312657	0.711543155590568	1
chr17:75777838;A|ATAAAT;Family=12932	-1.13504655332083	0.00130496288614694	0.0150578651593123	1
chr17:7586403;C|T;Family=13784	-0.261950270315097	0.366146756696347	0.716133551863695	1
chr17:76543242;C|T;Family=14432	0.0604342936590131	0.738232074248254	0.91406916934398	1
chr17:76714842;T|G;Family=11350	-0.0845530902470757	0.760031277112031	0.919061000736783	1
chr17:76947974;C|T;Family=14048	-0.00561122671374494	0.978415908478146	0.992201907831216	1
chr17:77483029;G|A;Family=14215	-0.208724767464208	0.0859635284085965	0.353578909804409	1
chr17:78111987;G|A;Family=11918	0.249883425034647	0.31684382873748	0.680808571815758	1
chr17:78424093;G|A;Family=11587	0.0320836937148592	0.800422628387134	0.931514859006672	1
chr17:7908710;C|T;Family=12630	0.10413376205296	0.421188001422183	0.757856482031708	1
chr17:79835251;G|A;Family=13234	-0.172777674336257	0.444960426510761	0.77003928323865	1
chr17:79933683;G|A;Family=11220	0.0676601942713936	0.601645507824515	0.85784009883673	1
chr17:800033;T|C;Family=11348	0.720531144513507	3.67041244423329e-05	0.000694593839128582	0.141457695600751
chr17:80210139;T|C;Family=14224	-0.0543830025057751	0.779434994261059	0.928575724229403	1
chr17:80212028;T|C;Family=14157	0.05964433298207	0.71270166286949	0.90413173426564	1
chr17:80394450;G|A;Family=14658	-0.131154313099428	0.283687625264298	0.65392968377527	1
chr17:80398303;G|T;Family=11045	-0.13740816992415	0.246636733071878	0.622186928665382	1
chr17:80730645;A|G;Family=14484	0.0369684815935806	0.854585153504718	0.950722998391178	1
chr17:81106117;C|T;Family=11599	-0.355521843880832	0.00841969195265404	0.0680679481039484	1
chr17:81312831;C|T;Family=13709	0.105432718637639	0.567078688245157	0.835007811243021	1
chr17:81511373;C|T;Family=11510	0.114802355696062	0.817460084626321	0.939257435379504	1
chr17:81540218;G|A;Family=12997	-0.0550811254959751	0.799116036759197	0.931295193731462	1
chr17:81558391;C|T;Family=22196	-0.00837557616350576	0.956330603794797	0.985282226121481	1
chr17:81562756;T|C;Family=11382	-0.110192725845549	0.47501547783602	0.789769444702816	1
chr17:81843605;C|T;Family=14687	-0.244173976545575	0.0930872705980852	0.367957272702585	1
chr17:81843632;G|A;Family=14569	0.11477060960193	0.367674037365238	0.716975926821775	1
chr17:8204924;G|A;Family=11499	0.0241099944243921	0.810058153700454	0.934719797713039	1
chr17:82058007;G|T;Family=11345	0.40554235028727	0.0854964999860074	0.353544539641709	1
chr17:82314871;A|G;Family=14364	0.116141886569704	0.421722322359992	0.757856482031708	1
chr17:82324717;C|T;Family=12675	-0.0718870767574027	0.695812951192045	0.892400370680246	1
chr17:82945181;C|G;Family=11258	-0.0504665069752073	0.865811906851787	0.954170863047331	1
chr17:8369111;C|T;Family=11201	-0.438875938994183	0.0179163796765948	0.120505632240133	1
chr17:8468015;T|C;Family=11572	0.0723112826229552	0.724789675837895	0.908266945536984	1
chr17:9240239;C|T;Family=14544	0.676013874068326	0.0738994118644929	0.321872655093906	1
chr17:9241327;C|T;Family=13034	-0.196703026270697	0.0833707592012003	0.348115824443582	1
chr17:9241513;C|T;Family=12053	0.0269598998024941	0.843720746587785	0.947730481392618	1
chr17:9612389;C|T;Family=14160	0.0427672534128816	0.831268906758559	0.943044032783225	1
chr18:10485563;C|T;Family=13748	-0.22043562220097	0.203076506768433	0.569772384494671	1
chr18:10714782;G|T;Family=13373	0.261615158227068	0.0165714559886533	0.113266394486696	1
chr18:21529536;G|A;Family=11225	0.00869315951727109	0.973058964837612	0.991583619905911	1
chr18:24020189;A|G;Family=14315	0.0635832820467871	0.669047499941329	0.88547701400202	1
chr18:24132833;C|T;Family=12792	-0.412665483057104	0.329121287572948	0.686381732849645	1
chr18:26914607;A|G;Family=11924	0.143993407015737	0.322747464254539	0.684949739667949	1
chr18:2915670;A|G;Family=14524	-0.580787567582538	4.86964828315666e-05	0.000881109130670693	0.187676244832858
chr18:3066874;G|A;Family=11563	0.172762102536179	0.201288400297583	0.566252185946633	1
chr18:31414171;T|TA;Family=12694	-0.687463652518146	0.0999592827856122	0.386550254243534	1
chr18:31624157;A|G;Family=14189	0.015049449981856	0.940056427938937	0.978151545855519	1
chr18:32129815;AT|A;Family=14201	0.412233855992351	0.282970641338568	0.65392968377527	1
chr18:3498616;C|G;Family=11524	0.190311272521329	0.281814359492476	0.65392968377527	1
chr18:35140698;C|T;Family=11834	0.347056038111197	0.155304447790873	0.489224139537333	1
chr18:35334598;A|G;Family=14157	0.0128899216733326	0.889987322487769	0.96375699378136	1
chr18:36796092;T|C;Family=13567	0.562944114291929	0.000401011305438341	0.00555934378114881	1
chr18:36796660;C|T;Family=13083	-0.151965204191183	0.181758568135797	0.53636869953703	1
chr18:45848704;C|T;Family=12923	0.435931465167663	0.000628806487094201	0.00817254204830999	1
chr18:45899442;C|T;Family=11456	-0.513913899313515	0.0048395514590913	0.0441417694618514	1
chr18:46093213;C|T;Family=14114	0.30907364751478	0.439250178807816	0.766081956533469	1
chr18:46668357;C|G;Family=12115	0.264350457293998	0.0534731264869559	0.258576448532908	1
chr18:47115270;C|T;Family=11521	0.173378659261372	0.185677033245066	0.541710284728603	1
chr18:47206668;A|T;Family=13948	0.325779056210552	0.0167907426598095	0.114533667629922	1
chr18:47816184;C|G;Family=14200	-0.246112853411241	0.358903872540978	0.711543155590568	1
chr18:47816216;T|C;Family=13865	-0.287737293400793	0.19904658243651	0.562789556603268	1
chr18:49591399;A|G;Family=11310	0.282077347297958	0.0831402215456845	0.347529733012004	1
chr18:50282491;C|A;Family=13300	0.123245744759984	0.310695836192615	0.675571725315019	1
chr18:50949666;T|C;Family=11201	0.449058783456538	0.0778574123071882	0.333402741146559	1
chr18:50952338;T|C;Family=12341	-0.40311523518803	0.266959107779041	0.642636103298203	1
chr18:51078306;A|G;Family=11277	0.0746855322131725	0.594845849854819	0.852694165312574	1
chr18:5398077;G|A;Family=12462	-0.0634873950545063	0.609155960435405	0.860273752846483	1
chr18:5398115;A|G;Family=13884	-0.0418462645424702	0.727261142657585	0.909135401817169	1
chr18:54154498;C|A;Family=12210	-0.349979538210871	0.00838118240783068	0.0680022673679567	1
chr18:54296322;C|T;Family=12210	0.119518149467203	0.489450213857264	0.798661106152245	1
chr18:54297523;G|T;Family=14202	-0.138362391372154	0.716246021298739	0.906895142159033	1
chr18:55261466;C|T;Family=12358	-0.324689319424538	0.0491311500189744	0.244324454416939	1
chr18:56614458;C|T;Family=11014	-0.572121073878407	3.1078809365991e-05	0.000601898147218741	0.11977773129653
chr18:57028033;C|T;Family=14007	-0.440890512776871	0.0105844239649197	0.0817482363943899	1
chr18:57028951;G|A;Family=14484	-0.00913783155461747	0.958229993432775	0.985980572915727	1
chr18:57033380;A|G;Family=13207	0.359076074848022	0.206782592943687	0.574785819085826	1
chr18:57034521;T|C;Family=11156	-0.103300588929227	0.487642342012159	0.798035493042404	1
chr18:57035806;A|T;Family=11715	-0.0396178612440153	0.758588646609707	0.919048538618833	1
chr18:57149865;C|T;Family=11590	0.132615358839731	0.682139936860982	0.889667450647115	1
chr18:57487405;G|A;Family=14044	-0.135168625596515	0.353106017169251	0.708417798110513	1
chr18:57487406;G|A;Family=14044	1.05923616434554	1.88684224767169e-06	4.94686396090251e-05	0.00727189002252668
chr18:57606629;T|C;Family=11064	-0.906056630001858	4.74578138229924e-09	2.54031131213629e-07	1.82902414473813e-05
chr18:58748284;C|T;Family=13484	-0.217074018444371	0.105330293491811	0.400649788893085	1
chr18:58751043;T|A;Family=11488	-0.237856114445003	0.286078961711833	0.65392968377527	1
chr18:5884848;GT|G;Family=14568	0.278823500302941	0.555612715132037	0.830799321373178	1
chr18:5884859;C|T;Family=14568	-0.465715015320125	0.239578530710147	0.615147006900004	1
chr18:5884860;T|A;Family=14568	-0.189805773387042	0.678546784371631	0.888255436039652	1
chr18:5889282;A|G;Family=14526	0.159687278620273	0.281374839250367	0.65392968377527	1
chr18:61813756;G|A;Family=13973	-0.302802886217461	0.0941525623276702	0.371183223189255	1
chr18:62385817;C|T;Family=13602	0.00262860923791717	0.979855351096696	0.992372137813959	1
chr18:63124075;C|T;Family=12449	0.516881443527781	6.09661696834767e-05	0.00107289323269461	0.234963617960119
chr18:63328839;A|G;Family=13891	0.695439683054474	0.105369887222319	0.400649788893085	1
chr18:63805290;G|T;Family=14641	-0.30144010768397	0.475326650164876	0.789769444702816	1
chr18:66501913;C|T;Family=13881	-0.236557060992784	0.339556772321656	0.697203942742494	1
chr18:68675115;T|C;Family=13776	-0.0708711552440169	0.679827886388442	0.888255436039652	1
chr18:69862004;G|A;Family=12938	-0.283996879847291	0.318651660974292	0.680808571815758	1
chr18:70329846;A|G;Family=12892	0.284550648421689	0.375581641802616	0.723807123403894	1
chr18:74506010;C|T;Family=11353	0.286070415970268	0.110762066704166	0.413185499353237	1
chr18:74521168;T|G;Family=13944	0.177663545348005	0.198581991923358	0.562789556603268	1
chr18:74522851;G|A;Family=14231	0.16066280724976	0.586815133383866	0.846415308777518	1
chr18:74920754;T|A;Family=14474	-0.0597431876643502	0.834034274686706	0.943253225286701	1
chr18:75417385;C|T;Family=11711	-0.290259705898577	0.186763253466599	0.543075565357925	1
chr18:77013595;G|A;Family=14128	-0.00389676074352704	0.970736845894972	0.98984134829404	1
chr18:79756556;G|C;Family=14041	0.402323912521669	0.254396140330135	0.630408818784718	1
chr18:80158760;G|T;Family=12858	0.118051878082169	0.484507701048582	0.79635998919372	1
chr18:8809860;A|G;Family=12643	0.0996089056528952	0.604239043901634	0.858822020415638	1
chr18:911279;T|G;Family=13898	0.94641852530898	2.41354533989066e-05	0.000481958743002	0.093018037399386
chr18:9400089;A|G;Family=14590	0.450111973966729	0.32683335050627	0.686095268823958	1
chr19:10114668;A|G;Family=14455	0.0397675089836899	0.819004988094359	0.939471036171205	1
chr19:10118718;TG|T;Family=12803	0.0743132819125028	0.731898047303579	0.911750167950312	1
chr19:10143955;C|T;Family=13576	0.149669230268233	0.318612464372554	0.680808571815758	1
chr19:10154316;G|A;Family=14481	0.31332264852951	0.129385034339663	0.448829813091865	1
chr19:10285641;C|T;Family=13913	-0.0123382452860244	0.938418427248319	0.978151545855519	1
chr19:10350591;C|G;Family=13355	-0.224362867893903	0.0738252198613258	0.321872655093906	1
chr19:10690815;G|A;Family=14299	0.0795095589209752	0.471350647875032	0.786738079008401	1
chr19:10713003;C|T;Family=14008	-0.28843134465865	0.102162160299593	0.393732965794632	1
chr19:11059881;C|T;Family=13551	0.0673991307697149	0.631943458033635	0.869032911073625	1
chr19:11377614;A|T;Family=12210	0.156067057498975	0.292010930396659	0.65851967568679	1
chr19:11378471;G|A;Family=14264	0.0300306423322513	0.839973617542558	0.946843615679736	1
chr19:11466260;T|A;Family=11544	0.126985169098988	0.402485486545635	0.74790793654324	1
chr19:11553400;G|C;Family=11883	-0.114847655732869	0.30178923193285	0.666912671943351	1
chr19:11869154;T|C;Family=11453	-0.373015698283013	0.13956901986375	0.464506910669166	1
chr19:12078532;C|T;Family=13517	0.120089496684212	0.668216334597217	0.88547701400202	1
chr19:12080709;CTG|C;Family=14468	-0.152621346943036	0.797935494464557	0.930727571907569	1
chr19:1230053;G|A;Family=11296	-0.164704403909961	0.408554513451058	0.748665761744345	1
chr19:12348291;C|T;Family=22161	0.126595893752533	0.416406359964367	0.751676867120689	1
chr19:1258219;G|A;Family=13333	0.160119758464154	0.0919461244947592	0.366270972931183	1
chr19:12679459;T|C;Family=14028	0.0783186811931142	0.517602519463324	0.815315601697452	1
chr19:12700352;G|A;Family=12803	-0.0662245427171635	0.555016126375826	0.830799321373178	1
chr19:12924715;G|T;Family=14149	-0.00115001468648184	0.994906734317098	0.999404124401772	1
chr19:12948759;C|T;Family=14264	-0.187727766860733	0.229424901483365	0.605618883778691	1
chr19:13884982;G|A;Family=12916	0.072375731225387	0.535852039265588	0.82279786808671	1
chr19:1388885;C|T;Family=11444	-0.0917324598332446	0.671637065860154	0.886420500211529	1
chr19:1394448;T|TCCTC;Family=13298	-0.570215142966752	0.00330533942707488	0.0324624827713739	1
chr19:1472499;C|T;Family=12154	0.308596893249507	0.0673615004337222	0.300662512149779	1
chr19:14793055;G|A;Family=12529	-0.237870962734502	0.400051389805098	0.74790793654324	1
chr19:1535410;T|C;Family=11993	-0.00464616827253594	0.965243619766183	0.986488706067056	1
chr19:1574146;G|A;Family=13573	-0.0881771029851854	0.465608772767664	0.784797220526779	1
chr19:16242202;C|T;Family=14107	0.0243701858051899	0.847878837237962	0.94895106909715	1
chr19:16327507;TAAA|T;Family=11348	0.648950787413713	0.157683174359915	0.492472410034938	1
chr19:16425268;C|T;Family=12221	1.2804864128395	0.00892063033535782	0.0711803505434142	1
chr19:16550303;G|A;Family=13963	0.173684674413815	0.203131099194519	0.569772384494671	1
chr19:16744472;G|A;Family=11494	0.0401461597216041	0.834599645989219	0.943268925408343	1
chr19:16890067;C|A;Family=11047	-0.0800757088140106	0.561160056294784	0.832269565676963	1
chr19:16891891;C|T;Family=12833	-0.892693801897987	4.3038061678058e-07	1.25658098263057e-05	0.00165868689707235
chr19:17213067;G|A;Family=14261	-0.189586199849698	0.237587664525372	0.613534778049848	1
chr19:17219683;C|T;Family=11092	-0.0833175950331585	0.472106123639995	0.786979671500235	1
chr19:17323501;G|A;Family=14150	0.322772820196804	0.000187848720692936	0.00291922971592975	0.723968969550577
chr19:17604526;G|T;Family=11062	-0.158861396000356	0.285754987646891	0.65392968377527	1
chr19:17721451;C|T;Family=11622	0.243536391513946	0.286528073567237	0.65392968377527	1
chr19:17829854;G|A;Family=14116	-0.0882603004514903	0.660746171809344	0.881147317008031	1
chr19:17998453;C|T;Family=13042	-0.0143100159925855	0.940206284464939	0.978151545855519	1
chr19:18150377;G|A;Family=14100	-0.657253370626528	5.04333601053135e-05	0.000908271821709712	0.194370169845878
chr19:18208337;G|A;Family=11883	0.0362860359957562	0.74198994745757	0.914674502874777	1
chr19:18367064;G|A;Family=13681	0.108496519899367	0.570517335355954	0.836954829519863	1
chr19:1853494;G|A;Family=12011	-0.275556188804128	0.163374319334911	0.503369306057458	1
chr19:18777792;CTGTT|C;Family=12360	0.556868416956839	3.62096691943734e-06	8.8324091819693e-05	0.0139552065075115
chr19:18779780;C|T;Family=14080	-0.0129488208369612	0.90668120337007	0.969664121542712	1
chr19:1918203;C|T;Family=13076	-0.174114597930808	0.3022771879107	0.667608184646325	1
chr19:19279297;C|T;Family=13913	-0.18270353584602	0.206408486704757	0.574782014277553	1
chr19:2038196;C|T;Family=14458	-0.813284385415371	9.02774184900949e-09	4.29542186247933e-07	3.47929170860826e-05
chr19:20621313;G|C;Family=12804	0.0522923548085102	0.719542093031823	0.906895142159033	1
chr19:2099397;A|T;Family=13808	0.103882134189049	0.346853100919264	0.70393462398254	1
chr19:21122952;C|T;Family=13618	-0.287672502404948	0.0878790590135311	0.357665395381732	1
chr19:21187456;G|A;Family=14011	2.62246581564382	1.49732749753929e-10	1.1776939133707e-08	5.77070017551643e-07
chr19:21291272;ATAT|A;Family=12299	0.492096308036468	0.19604484537816	0.559671728953652	1
chr19:21397466;GTC|G;Family=11201	-0.062070688893252	0.550817551242991	0.829428767435352	1
chr19:21407616;A|G;Family=13409	-0.811946884919055	0.080047429021178	0.338641922555017	1
chr19:2231507;CCT|C;Family=13277	0.248413178989524	0.543894401424866	0.825588429732742	1
chr19:22391242;ACT|A;Family=11453	-0.0343258312520063	0.925472936142155	0.975241222299429	1
chr19:23359291;C|T;Family=11399	-0.0635512900311847	0.657854970596624	0.879116871248054	1
chr19:2734559;G|T;Family=14511	0.0945490825542731	0.523886122748022	0.8194957681801	1
chr19:2755615;T|A;Family=13001	-0.158197278121147	0.224233869172583	0.598105188085417	1
chr19:2834546;A|G;Family=14147	0.199459599619635	0.369481642587902	0.719182954815037	1
chr19:2881957;T|A;Family=12375	-0.0816789865922675	0.654712610353101	0.878860630838998	1
chr19:3123668;A|G;Family=11031	0.111186982519123	0.488252447971001	0.798220369683119	1
chr19:31275868;C|T;Family=11472	-0.0591972204153721	0.796490062615065	0.930727571907569	1
chr19:3146448;C|G;Family=12206	-0.258975021801673	0.0926870888877297	0.367128510352837	1
chr19:3207844;C|T;Family=13654	-0.192509857560578	0.124138685052545	0.43933011220616	1
chr19:32412068;G|T;Family=14303	0.124612314904003	0.0501022735621498	0.247556618344263	1
chr19:32597322;TGTTAA|T;Family=14561	1.38168577613195	5.96374488408251e-05	0.00106581081694311	0.22984272783254
chr19:32597979;T|G;Family=13466	0.0668465181610045	0.734337413210437	0.912048706904698	1
chr19:3295674;TC|T;Family=14532	0.0504227243005267	0.786836171132858	0.930727571907569	1
chr19:32976941;C|T;Family=11452	0.155719107142995	0.225318829619389	0.598107457316769	1
chr19:33382215;T|G;Family=12189	-0.0387335598652367	0.825099364866608	0.940252203487849	1
chr19:33387249;G|A;Family=14058	0.240117302546479	0.209338280810182	0.578758776357561	1
chr19:34353858;A|G;Family=22019	0.099914339242831	0.671884126332812	0.886420500211529	1
chr19:34505830;G|T;Family=12976	-0.0936874220054348	0.495739655610827	0.80118164621824	1
chr19:3466720;C|T;Family=12184	-0.101696495004543	0.425268026130081	0.760428288644136	1
chr19:3468506;G|A;Family=12163	0.0257832311460524	0.839788262286771	0.946843615679736	1
chr19:34685912;T|C;Family=14545	0.130891969315572	0.556546285436679	0.830799321373178	1
chr19:34743021;A|G;Family=11346	0.18937288398705	0.511901004161085	0.811644023571606	1
chr19:35066529;CT|C;Family=13381	-0.529189785368472	0.00632693492913494	0.0546726619212692	1
chr19:35121615;C|T;Family=11888	-0.259677266630092	0.065228407586217	0.296881295623072	1
chr19:3579044;C|T;Family=12522	0.118515366003986	0.678007329781884	0.887883197070805	1
chr19:36103510;A|ATATC;Family=12552	-0.53456234854034	0.000340309949349175	0.00485760942515452	1
chr19:36511520;G|A;Family=13265	-0.0317918413662841	0.781903851142432	0.929792484511858	1
chr19:36632666;C|T;Family=14469	0.229917750888518	0.124014485091214	0.439293957299209	1
chr19:36979879;G|A;Family=13805	-0.411103149354514	0.328600822104395	0.686373122781523	1
chr19:37470333;G|A;Family=11193	0.256949136402866	0.134547654810005	0.457637561419022	1
chr19:37668818;A|G;Family=14058	-0.181947597703133	0.548715030220847	0.828853606726197	1
chr19:38211798;C|T;Family=13159	-0.329577111773479	0.0214842432758959	0.137086545671031	1
chr19:38330214;C|A;Family=12111	-0.191680804027319	0.215786598010351	0.587120606501813	1
chr19:38365061;G|A;Family=13293	0.176272514873774	0.177348125562919	0.528206859288633	1
chr19:38396241;C|T;Family=11508	0.25807253830176	0.108008448675297	0.407303875924262	1
chr19:39178674;C|T;Family=13266	0.110061922003804	0.523978495901888	0.8194957681801	1
chr19:39179269;A|G;Family=12694	0.059951329516692	0.577101031810419	0.843053812478823	1
chr19:39201012;G|T;Family=13266	0.259642584600704	0.00803588854438922	0.0658942860639916	1
chr19:39328516;A|G;Family=11895	0.0702231389112584	0.653442160030012	0.878261916160868	1
chr19:39398321;G|A;Family=22017	-0.229312759201663	0.145609643311497	0.475276267424311	1
chr19:39520183;C|T;Family=22288	0.245520475767996	0.260812301104974	0.636183929404159	1
chr19:40030601;C|T;Family=12121	-0.123006491999175	0.791805217518078	0.930727571907569	1
chr19:40234708;G|A;Family=12764	-0.338619391548548	0.0123291002650496	0.0917304100801183	1
chr19:4038153;C|T;Family=13602	0.0773290055550398	0.582167735906913	0.845075123986909	1
chr19:40394770;C|T;Family=12853	-0.396825818604869	0.0301974353508964	0.173962504996046	1
chr19:4047049;C|T;Family=11250	-0.0353688539056479	0.874097092523017	0.957487027230274	1
chr19:40557132;C|T;Family=11678	-0.273932691548898	0.341690122301548	0.697630428244105	1
chr19:40605167;C|G;Family=13152	0.0488255700829126	0.796724814304902	0.930727571907569	1
chr19:40691570;C|A;Family=13346	-1.96021057774883	1.3711822040526e-17	6.60567026802339e-15	5.28453621441871e-14
chr19:40765253;C|T;Family=11724	-0.0382879778228362	0.838407395302551	0.945908109337246	1
chr19:40898180;G|A;Family=14363	-0.32858317576978	0.00441427858735218	0.0411928079313687	1
chr19:41294573;C|T;Family=12462	0.125845151909948	0.278708010745588	0.651570102087873	1
chr19:41424943;G|A;Family=13040	-0.0613095737553242	0.694201791537435	0.892115273286187	1
chr19:42042637;C|T;Family=14452	-0.0867005093714177	0.689410168783091	0.89065656155889	1
chr19:42042700;C|T;Family=13628	-0.0554624737018327	0.795436002328126	0.930727571907569	1
chr19:42059505;C|A;Family=11301	-0.145800626248686	0.384339136145112	0.732260351645458	1
chr19:43496094;G|A;Family=11154	-0.108784462653596	0.471512444749783	0.786738079008401	1
chr19:43496423;G|A;Family=14153	0.202881404753543	0.112554552174854	0.415503107358129	1
chr19:4360558;G|A;Family=11935	-0.0619842387644649	0.724639011198174	0.908266945536984	1
chr19:4361009;C|T;Family=11083	0.215582328235366	0.18404660291455	0.539161232773534	1
chr19:44133777;G|A;Family=14357	0.0382685133648738	0.934532029518644	0.977612571732158	1
chr19:44158856;C|T;Family=12938	-0.456704202749855	0.0552199262776196	0.265926434026494	1
chr19:44428981;G|A;Family=13722	0.209513751376438	0.164482204679289	0.503369306057458	1
chr19:44662215;A|G;Family=12498	-0.0571749880510096	0.425792487517915	0.760428288644136	1
chr19:44662421;A|G;Family=13118	-0.141894429169322	0.357564564122064	0.711543155590568	1
chr19:44819769;C|T;Family=12390	0.287103192584591	0.0054540533379811	0.0487701196393948	1
chr19:44903002;C|T;Family=11723	0.0488323976534996	0.758084724132762	0.919048538618833	1
chr19:4502335;G|A;Family=14427	0.172772765083879	0.10152123498859	0.392046933513052	1
chr19:45350309;C|T;Family=13572	0.221809165087827	0.249303226178129	0.625415377766424	1
chr19:45485605;G|A;Family=14221	0.689958857488974	0.01734537397643	0.117279072465195	1
chr19:45526843;G|A;Family=12231	-0.0367079347661143	0.919096531696895	0.973933569308383	1
chr19:45553149;A|G;Family=14503	0.0280168925206302	0.825453351272593	0.940377539404249	1
chr19:45553435;G|A;Family=13466	-0.244216281625201	0.0563896831014493	0.269635035574424	1
chr19:45626789;A|G;Family=14125	0.318479111721785	0.0517480300927098	0.252132627025668	1
chr19:45873286;A|T;Family=14453	-0.0850597886166032	0.440397760239988	0.766081956533469	1
chr19:4675897;G|A;Family=11545	-0.0667372042403703	0.681701619670117	0.889396764457898	1
chr19:4676194;C|G;Family=11963	-0.299052347952004	0.0902946668309487	0.362494826974279	1
chr19:47065223;A|G;Family=11172	-0.0783901617162369	0.489118244095299	0.798661106152245	1
chr19:47065629;T|C;Family=11264	-0.227801907948256	0.0578790928271335	0.27370064264512	1
chr19:47342993;T|C;Family=12036	0.260040433789602	0.00851153617204573	0.0684832158811362	1
chr19:4797792;T|A;Family=11947	-0.0800356258746104	0.792321863153355	0.930727571907569	1
chr19:4798670;G|A;Family=12301	0.20569804792137	0.310462056489034	0.675571725315019	1
chr19:4801249;G|A;Family=12695	0.523943146034997	0.309863109170899	0.675571725315019	1
chr19:48382990;A|G;Family=14338	-0.201221281867757	0.237470295948439	0.613534778049848	1
chr19:48481022;C|A;Family=12341	-0.356353549370657	0.0171517053096496	0.116173413468172	1
chr19:49068615;T|TATC;Family=14095	0.102670783074006	0.395549654066264	0.743633349644577	1
chr19:49150245;C|T;Family=12415	0.0826732270525639	0.776687356249866	0.927585949949421	1
chr19:49521773;G|A;Family=14470	0.819259383159899	3.69600526218219e-06	8.95874483047179e-05	0.0142444042804501
chr19:49865263;C|G;Family=14103	0.657427663121735	1.59968809801312e-05	0.000331462254287235	0.0616519792974258
chr19:50048609;C|T;Family=11390	-0.192697763206471	0.181184562641409	0.535494865352753	1
chr19:50292334;G|A;Family=13968	-0.0272688181527837	0.836342261037667	0.944407581025247	1
chr19:50430640;G|A;Family=11928	0.0573185457615299	0.686439060538122	0.89065656155889	1
chr19:50480191;C|T;Family=11325	-0.0201032260726298	0.925285655582173	0.975241222299429	1
chr19:50624899;C|T;Family=14498	-0.280742017249258	0.0501885808294453	0.247665544835701	1
chr19:50820232;C|T;Family=14232	-0.0184104877249985	0.925205553531562	0.975241222299429	1
chr19:50977229;G|A;Family=22349	-0.118284596930265	0.372150862468711	0.721100766191258	1
chr19:519440;G|A;Family=13808	-1.25186434592022	1.87864147258058e-11	1.76592298422574e-09	7.24028423532555e-08
chr19:51993635;C|T;Family=12447	-0.193927293692152	0.259023929567064	0.634934012702654	1
chr19:52291570;A|G;Family=13301	-0.00428137224790776	0.976977689073263	0.992201907831216	1
chr19:52294516;G|A;Family=12707	-0.14070947316755	0.28860517838284	0.655441577776939	1
chr19:52321837;T|G;Family=14113	-0.0663898191374444	0.793636431954443	0.930727571907569	1
chr19:52839554;G|C;Family=12308	0.142578039328314	0.151814718882119	0.485197258680225	1
chr19:52839774;A|G;Family=12382	-0.178445631245917	0.0690901540906773	0.306061441224679	1
chr19:53050896;G|A;Family=12550	0.0963529394931039	0.508625929265302	0.809996116548141	1
chr19:53875413;T|C;Family=12804	0.0197123403484518	0.858268929430225	0.952577471002121	1
chr19:53987427;G|A;Family=12377	-0.184299524418618	0.325278558650888	0.686095268823958	1
chr19:54095620;G|C;Family=13015	-0.449642785699089	5.30374711378732e-06	0.000123716927406223	0.0204406413765363
chr19:54459074;C|T;Family=11420	0.124274635917436	0.264953793229958	0.640208099754393	1
chr19:54459097;T|C;Family=14153	-0.103216348980251	0.400101257597501	0.74790793654324	1
chr19:54994369;A|G;Family=13738	0.283801913505283	0.0412190082193823	0.215546889657394	1
chr19:5559309;G|A;Family=12864	0.00865136753311374	0.964064116808586	0.985980572915727	1
chr19:55702673;C|T;Family=14188	-0.119068857791488	0.50556138628582	0.808478665039648	1
chr19:5587029;G|A;Family=11569	-0.365099702685851	0.0532059257052029	0.257607585009864	1
chr19:5612196;G|A;Family=14482	0.145830899870422	0.226340287569029	0.599529531471502	1
chr19:5657345;T|C;Family=11303	-0.294160040011369	0.129379519189475	0.448829813091865	1
chr19:57218288;C|T;Family=14385	-0.305595788153327	0.322362037705365	0.684508701551778	1
chr19:57219010;A|G;Family=13546	-0.656288023732358	0.00217410360424031	0.0232105132707539	1
chr19:57220445;A|C;Family=13644	-0.0401104218280103	0.720413736390059	0.906895142159033	1
chr19:57542734;C|T;Family=13996	0.0838485491477875	0.569611136215407	0.836074868999432	1
chr19:57862221;T|C;Family=12565	0.0549837768883759	0.567548195471401	0.835007811243021	1
chr19:58340391;G|C;Family=12134	-0.15698619414197	0.361562485263039	0.71203976402849	1
chr19:58342329;C|T;Family=12861	-1.19189904462737	1.05007659744523e-05	0.000231883668949622	0.040469952065539
chr19:58498453;C|A;Family=12867	0.0317848065468395	0.82859103715303	0.942179965812435	1
chr19:58555781;G|C;Family=13601	0.129705400387434	0.372341672204399	0.721107942048117	1
chr19:6212463;T|C;Family=11625	0.345180779303636	0.0393947912602099	0.209417276574964	1
chr19:643682;C|T;Family=12770	-0.096825612506865	0.613119495286673	0.861285101385496	1
chr19:7112336;C|CA;Family=13028	0.937079877637868	0.00148930540865074	0.0168322083429324	1
chr19:7643024;G|T;Family=14452	-0.108494711925831	0.401420570756209	0.74790793654324	1
chr19:831970;C|G;Family=13093	0.0841568868476954	0.636319125251842	0.869522783998248	1
chr19:8374252;C|G;Family=12662	0.210770467978623	0.117441046571685	0.426595469827778	1
chr19:8580323;G|C;Family=11892	0.730134101323641	0.000716830198681548	0.00917828433793584	1
chr19:9412868;C|T;Family=12409	0.275610145210428	0.0673847790992779	0.300662512149779	1
chr19:9647926;A|G;Family=11723	0.340734669242648	0.289926625928122	0.656489667724431	1
chr19:9810940;T|C;Family=14623	0.312574578541679	0.0906886469195866	0.362942933777868	1
chr19:9848601;G|A;Family=11324	0.253705729861297	0.16551977750176	0.504279227266232	1
chr2:100280585;C|T;Family=11810	-0.128638069249319	0.563200178889713	0.833401565395305	1
chr2:10057444;C|T;Family=13984	0.0181669303904272	0.929645156916576	0.975988132595065	1
chr2:101397685;C|T;Family=12641	-0.253105078489207	0.074696846514482	0.324556534911853	1
chr2:102344264;C|T;Family=12679	-0.190401857074902	0.127785729697807	0.44812211306219	1
chr2:102533057;A|G;Family=13634	-0.363534193918054	0.083801152359683	0.349156368858614	1
chr2:102716264;C|A;Family=11615	-0.574763416540673	0.111978389077236	0.41495960985684	1
chr2:102717597;C|A;Family=12681	0.124417725588044	0.266275034146579	0.641791107943036	1
chr2:105266592;G|A;Family=22027	-0.131008476495765	0.335879313897884	0.693718582938074	1
chr2:106093641;G|A;Family=12289	-0.230319545437019	0.472364222683157	0.787069483018109	1
chr2:106093764;TA|T;Family=14157	0.0292187051944613	0.903114442861073	0.969173847646282	1
chr2:106805473;G|A;Family=11051	0.19313016980599	0.68576685921717	0.89065656155889	1
chr2:108785373;A|G;Family=11077	-0.22497517085848	0.548403603656171	0.828853606726197	1
chr2:108894943;A|C;Family=12313	-0.224159062225222	0.0921510782659821	0.366270972931183	1
chr2:109502878;TTTC|T;Family=13542	-0.031367125012066	0.899023730765953	0.968655478278108	1
chr2:111166684;G|A;Family=13621	-0.136118397379715	0.583360471958169	0.84581206280501	1
chr2:112215489;A|AAAAT;Family=13858	-0.614371074343869	0.0182994783604931	0.12265424278494	1
chr2:112333897;G|A;Family=12597	0.178239236237178	0.667866804152216	0.885434696664135	1
chr2:112533293;G|T;Family=14026	-0.293467156499514	0.0143171557246976	0.101993194386293	1
chr2:112536119;A|G;Family=13619	0.528704172549014	0.000241075632786187	0.00361519645431114	0.929105488757963
chr2:112573587;G|A;Family=11276	0.213327281390761	0.217666538425748	0.589934486000586	1
chr2:112588364;TAC|T;Family=13064	0.173581137036009	0.162049757245137	0.501235765989373	1
chr2:113027836;C|A;Family=11545	0.204524371696984	0.0500562438852472	0.247556618344263	1
chr2:113206331;G|A;Family=14375	0.234211438469808	0.32123428086707	0.683168455434345	1
chr2:113216257;C|T;Family=11933	0.208593722319234	0.316349468929822	0.680808571815758	1
chr2:113742122;T|C;Family=12766	-0.0883071133542528	0.763303377515015	0.92033921632222	1
chr2:113959963;A|G;Family=13736	-0.110423734840612	0.786428186124331	0.930727571907569	1
chr2:120104264;G|A;Family=12637	0.31430532461505	0.0854668098287733	0.353544539641709	1
chr2:120984534;A|T;Family=13071	0.0744971318054969	0.712093302268213	0.903657420790811	1
chr2:120989430;G|A;Family=13097	-0.24265367472393	0.135308609277537	0.457637561419022	1
chr2:121221318;C|T;Family=11266	-0.0573291092341867	0.735952892801832	0.912885205628075	1
chr2:127048247;C|T;Family=13988	0.00496041805472562	0.9828772155707	0.994228028558918	1
chr2:127701340;G|C;Family=14613	-0.163794049013558	0.348012401619148	0.705173394237747	1
chr2:127941254;C|G;Family=12907	0.00764125127949927	0.976820637114071	0.992201907831216	1
chr2:128172585;T|C;Family=22026	-0.110262446664613	0.369057170802171	0.719083082038204	1
chr2:128190451;CTT|C;Family=14623	0.250684760446155	0.105048347974555	0.400649788893085	1
chr2:128190905;G|A;Family=12722	0.1675723296331	0.23240175931881	0.610133774124451	1
chr2:128191396;C|A;Family=11800	-0.517099436961179	0.12698032731262	0.446401340798989	1
chr2:130765137;A|T;Family=11810	-0.176490596034994	0.635611814455069	0.869522783998248	1
chr2:131049416;G|A;Family=11883	0.36095416446262	0.000400267373206253	0.00555934378114881	1
chr2:131147540;T|C;Family=13916	0.145335436286538	0.291974402177058	0.65851967568679	1
chr2:134449703;C|T;Family=12727	0.215951048097491	0.364228373155609	0.713586257919029	1
chr2:134956020;T|C;Family=12052	0.148320771301541	0.46833786215006	0.786346614600163	1
chr2:135224442;A|G;Family=14570	-0.0533968385940973	0.656548072039271	0.878860630838998	1
chr2:135839883;C|T;Family=11031	-0.240264238028211	0.299140123155461	0.665893920189795	1
chr2:143049382;C|T;Family=14411	0.0623856737423683	0.490216994258198	0.799114514447091	1
chr2:143050341;C|T;Family=13592	0.00749954171975175	0.953294380856684	0.984737430743725	1
chr2:143053230;A|G;Family=12989	-0.308207507978016	0.0104187879277462	0.0812123451047141	1
chr2:143939613;TTTC|T;Family=13881	0.361620205597743	0.362859148594532	0.713375973964556	1
chr2:144388926;T|C;Family=12001	-0.293002341231458	0.24346558248529	0.619759811689766	1
chr2:144399661;G|A;Family=13894	-1.6928659832508	0.000983276909036062	0.0117687863584627	1
chr2:144462320;T|C;Family=13211	-0.497739168389373	0.0102043788444181	0.0799343009479418	1
chr2:147928575;A|ATAAC;Family=11307	-0.660524100548689	0.0735411220036125	0.321872655093906	1
chr2:148471094;A|T;Family=14363	1.18801113001265	0.0303361495356231	0.173991095610828	1
chr2:151482061;CTT|C;Family=14617	0.09206702076204	0.623513462273153	0.866813536365917	1
chr2:152654408;T|C;Family=11336	0.180264700105479	0.720624490406283	0.906895142159033	1
chr2:152656191;C|CT;Family=12499	-0.254114538931561	0.532144909553618	0.82279786808671	1
chr2:154857794;T|A;Family=14449	-0.244050214921307	0.0517001163099011	0.252132627025668	1
chr2:157312188;A|G;Family=13988	-0.167914166606373	0.348497962544046	0.705685538208721	1
chr2:158338688;G|A;Family=13148	-0.214948603201729	0.520971798756137	0.819224678754289	1
chr2:158625346;G|C;Family=12162	-0.263034932269991	0.273348865804835	0.645616942968411	1
chr2:159771089;G|A;Family=13924	-0.111819524404616	0.628188276431502	0.869001298408834	1
chr2:159946682;A|C;Family=13918	-0.585253300404598	4.33037130981058e-05	0.000790959764360662	0.1668925102801
chr2:160101510;T|C;Family=12788	0.291983795728914	0.309067472818943	0.675571725315019	1
chr2:161983203;AG|A;Family=14644	0.13427275430997	0.449401905200712	0.773903012798725	1
chr2:162008566;G|T;Family=13579	0.0521561754478208	0.622818281769704	0.866813536365917	1
chr2:162008659;T|C;Family=13409	0.161977094162639	0.232088858195624	0.610133774124451	1
chr2:163606073;T|C;Family=12091	-0.386071479470083	0.0665507969363452	0.298587626766792	1
chr2:163607844;T|C;Family=11285	-0.106859346830187	0.248690684011892	0.624806972739134	1
chr2:165094381;C|T;Family=14595	0.174207724163064	0.325102030144189	0.686095268823958	1
chr2:165344801;C|T;Family=14280	0.0281117062802541	0.82132057699585	0.939471036171205	1
chr2:165344869;C|A;Family=11892	0.888203538537497	1.40836553385508e-08	6.38569502056175e-07	5.42784076747749e-05
chr2:165354309;G|T;Family=11114	-0.136669753385727	0.459339802621019	0.780209607448834	1
chr2:165374868;T|C;Family=13544	-0.574366302083169	0.00312901978423141	0.031424408247925	1
chr2:165989378;A|G;Family=13752	0.939375520774742	0.00034761160711002	0.00494352447897423	1
chr2:165989790;AAAAAT|A;Family=14514	1.31728912215855	0.014180297622144	0.101393074277816	1
chr2:165991496;T|C;Family=12340	-0.375109134553356	0.150662423815909	0.48307236388229	1
chr2:165991561;G|A;Family=12499	0.249058060935048	0.153187857566198	0.486784180963313	1
chr2:165998144;A|C;Family=13891	0.305128905459062	0.0784018421356795	0.334248561494368	1
chr2:166046848;G|C;Family=13988	0.0794019755297302	0.664499738016698	0.883097238040122	1
chr2:166198309;C|T;Family=12449	-0.402327409058362	0.4487376947888	0.773450391644024	1
chr2:168774857;TG|T;Family=12748	0.0909798345350992	0.57850824097798	0.843575770234255	1
chr2:168923786;G|A;Family=11251	0.0987164847510518	0.42711534941647	0.76208451696809	1
chr2:170847738;G|A;Family=12630	0.230180368191988	0.264811591807127	0.640208099754393	1
chr2:170991658;G|GATCT;Family=12626	0.227257639719905	0.260651268686822	0.636183929404159	1
chr2:170992470;C|A;Family=13403	-0.357452921409347	0.0223078591887508	0.140252021718508	1
chr2:171319581;C|T;Family=11187	-0.0204281758819656	0.881068944026158	0.960739756402375	1
chr2:171555749;G|A;Family=12396	-0.0506744299623954	0.701336077043082	0.896087712270403	1
chr2:172081770;G|T;Family=11480	-0.31106670974604	0.00299871736201246	0.0304356012537556	1
chr2:172100315;A|G;Family=13051	-0.253240287385384	0.463891670793425	0.783847306979521	1
chr2:172504612;A|C;Family=11172	0.241423760113765	0.0658412561538577	0.29697456564497	1
chr2:172600469;C|T;Family=13508	0.229596692325538	0.269916022547409	0.6445206635054	1
chr2:172603764;C|T;Family=13556	-0.344862609025267	0.16523532682914	0.504127356154226	1
chr2:175925325;G|C;Family=14093	-0.158544946942109	0.483206373878425	0.795184660592009	1
chr2:176124206;G|A;Family=13709	-0.187430954657227	0.283021498068684	0.65392968377527	1
chr2:177615973;G|C;Family=13531	0.449373214021109	0.348739307181939	0.705685538208721	1
chr2:177629027;A|T;Family=12925	-0.100374846242583	0.25769306267873	0.634074423408076	1
chr2:178136552;C|T;Family=22105	-0.120773468227858	0.482643385894963	0.795184660592009	1
chr2:178137904;G|C;Family=14468	-0.305356630510447	0.26879612172852	0.643041746208391	1
chr2:178402055;T|G;Family=12867	0.223249398356941	0.0788609306454432	0.335463605637459	1
chr2:178402563;A|G;Family=11198	0.700824933572731	0.0758066700727579	0.32716562873506	1
chr2:178873393;A|G;Family=14017	0.999883494229092	0.0234886627039898	0.145426594224999	1
chr2:178874946;T|A;Family=14226	-0.0325035394788206	0.748022694107947	0.917238136523076	1
chr2:178875519;C|T;Family=14406	0.102342948390005	0.524075143624154	0.8194957681801	1
chr2:178877310;C|T;Family=14041	-3.057185192155	2.50113462358372e-06	6.34169265742872e-05	0.00963937283929166
chr2:182142011;G|C;Family=11552	0.170018058219002	0.0862968166431901	0.354133864910901	1
chr2:182142017;C|T;Family=12316	-0.186321693527789	0.167107969574546	0.508314218421704	1
chr2:182780190;C|T;Family=13787	-0.234426945349464	0.268539203550288	0.643041746208391	1
chr2:182782843;T|C;Family=13947	0.188682961931516	0.347279425025626	0.704428896867769	1
chr2:182788544;T|C;Family=11030	0.0980260239120899	0.719647943566774	0.906895142159033	1
chr2:182791335;T|C;Family=13981	-0.0985400254616718	0.791361349022895	0.930727571907569	1
chr2:185761040;GA|G;Family=12598	0.147212404406697	0.608684829846962	0.860273752846483	1
chr2:186679617;A|G;Family=13214	0.17620957656203	0.657086274835269	0.878860630838998	1
chr2:189034022;C|T;Family=14085	0.0943221658700362	0.655754839720902	0.878860630838998	1
chr2:189458825;G|A;Family=12184	-0.201088708147048	0.140586855748999	0.466206210866147	1
chr2:189775364;T|G;Family=12833	-0.0734733960190997	0.804539468880452	0.932157067811776	1
chr2:189854023;A|C;Family=12227	-0.315326665509921	0.274770849063101	0.646894839516917	1
chr2:189864171;T|C;Family=11441	0.0751048716037663	0.701478107918995	0.896087712270403	1
chr2:190202057;T|C;Family=14031	-0.150602379316377	0.53552710831441	0.82279786808671	1
chr2:190204763;A|G;Family=14470	-0.217944836866167	0.509239936603217	0.810326472200164	1
chr2:191692786;C|G;Family=12420	0.256104738310699	0.464230235910886	0.783847306979521	1
chr2:196135862;A|C;Family=14564	0.0406564353006527	0.907540231433457	0.969664121542712	1
chr2:197392121;C|T;Family=12686	0.0344199258461722	0.907383539888533	0.969664121542712	1
chr2:197551264;G|A;Family=13154	-0.264855086959699	0.33670766116876	0.693941885638717	1
chr2:197708200;T|C;Family=12648	0.64584980009305	0.0571791822128126	0.271674632662994	1
chr2:199933186;G|A;Family=12843	-0.00592519158677692	0.971201469684172	0.989952516308596	1
chr2:200489752;G|C;Family=12314	0.43100356428796	0.0144513920706881	0.102759529594893	1
chr2:201163531;C|T;Family=12401	-0.0285294696736795	0.789612993776548	0.930727571907569	1
chr2:201623884;G|A;Family=13574	0.0695533252076125	0.897743203020575	0.968617907041131	1
chr2:201889137;A|C;Family=11164	0.0508537854385771	0.531693567999896	0.82279786808671	1
chr2:202962073;T|C;Family=13741	-0.0828633514437096	0.577821461048429	0.843053812478823	1
chr2:203402659;C|T;Family=13471	0.169321355872461	0.218168227299307	0.590854222523823	1
chr2:203431051;G|GA;Family=12388	-0.262604945825125	0.0206971739499253	0.134514179431723	1
chr2:20449434;A|G;Family=14575	0.00971674740726572	0.980012547099099	0.992372137813959	1
chr2:20618580;G|A;Family=13624	-0.103500874975698	0.422930918200774	0.759187591404649	1
chr2:206619891;G|A;Family=14540	-0.225983686882705	0.133526406112332	0.454799819287497	1
chr2:207601814;G|C;Family=12478	-0.128272554990184	0.370689984385563	0.7204433685436	1
chr2:207763431;C|T;Family=14598	0.177981731151082	0.205350461706855	0.572663299144875	1
chr2:208285776;C|T;Family=11679	0.130595119138715	0.411045878372656	0.748665761744345	1
chr2:21024411;A|G;Family=14214	-0.0586620162607519	0.741810096400087	0.914674502874777	1
chr2:210678792;A|G;Family=14058	-0.296065014607468	0.290370121623623	0.656489667724431	1
chr2:211382007;C|G;Family=13929	-0.052461117757367	0.875484955076822	0.958284299024729	1
chr2:213930055;G|A;Family=12430	-0.348246969034112	0.0556912654536589	0.266957881913435	1
chr2:215346766;G|A;Family=14303	-0.0668840978029133	0.750033193321123	0.917659659384002	1
chr2:215346790;G|A;Family=11657	0.0426009602895389	0.783325640327132	0.930727571907569	1
chr2:216501655;C|T;Family=13869	-0.202008053267427	0.47694055793014	0.791126429865222	1
chr2:217801751;T|C;Family=11571	0.289577164151717	0.137228138851532	0.459493698639275	1
chr2:218234999;G|A;Family=12716	-0.0440402447290691	0.778268660056489	0.928409674284546	1
chr2:219163441;A|G;Family=12367	0.0996214866057967	0.518864351928719	0.816872227260329	1
chr2:219180733;A|T;Family=12469	0.0214330196625764	0.843893959369798	0.947730481392618	1
chr2:219216033;G|A;Family=14124	-0.252230984527949	0.358609739801502	0.711543155590568	1
chr2:219506756;CAAG|C;Family=13197	0.1316373682951	0.735324023083767	0.912701702082074	1
chr2:221420166;A|G;Family=14653	-0.172018023976546	0.247551467475901	0.623163524266571	1
chr2:223967681;A|G;Family=11401	-0.0416881645439592	0.93331707379527	0.977612571732158	1
chr2:224473722;C|T;Family=14303	0.186283548995767	0.49337208515202	0.799147013332632	1
chr2:224807721;G|A;Family=13843	-0.165352007814256	0.0767738153782658	0.33023022820071	1
chr2:226732343;G|A;Family=12636	-0.562021196506076	1.05292273134883e-05	0.000231883668949622	0.0405796420661839
chr2:226995818;G|A;Family=11264	0.0885610616720576	0.649346449565027	0.877175330046832	1
chr2:227981684;G|T;Family=11981	-0.0800720502508627	0.740064667425177	0.91406916934398	1
chr2:230907364;C|T;Family=14147	0.0294825886706514	0.77290594343133	0.925086803100728	1
chr2:231372229;C|T;Family=12444	0.176953433058796	0.21861912852075	0.590854222523823	1
chr2:232238540;C|A;Family=11625	-0.0655213986505665	0.616798317026086	0.863655714625198	1
chr2:232260352;C|T;Family=13041	-0.216084298572796	0.192460694319986	0.553539937245692	1
chr2:232263310;C|T;Family=11012	0.230278027214714	0.068089485168541	0.303372110797176	1
chr2:232336039;G|A;Family=13722	-0.00938539290522606	0.935072181862767	0.977612571732158	1
chr2:232531616;G|A;Family=11729	-0.00432359615885295	0.977039263945598	0.992201907831216	1
chr2:232858311;A|G;Family=12289	0.343774461663302	0.197945102465992	0.562320497132729	1
chr2:233519539;T|C;Family=11597	-0.264164192391845	0.31336866877031	0.677734483412331	1
chr2:234494895;A|C;Family=14620	-0.0320682567087862	0.903896924082218	0.969173847646282	1
chr2:235055422;G|A;Family=12638	0.280198091721807	0.0296963853838665	0.172364260947924	1
chr2:236120386;G|A;Family=11000	0.44716303885611	0.102449885009473	0.394447409417091	1
chr2:236124576;C|T;Family=13611	-0.0708338701781688	0.544995105233308	0.826018128350685	1
chr2:237088619;A|G;Family=14632	-0.393892345162865	0.219111808125273	0.591297239539052	1
chr2:238099394;T|C;Family=12724	1.50929558331129	2.69981122520916e-10	2.04021028665806e-08	1.04050724619561e-06
chr2:238152501;TG|T;Family=11540	0.0505594230488133	0.651341445091329	0.878261916160868	1
chr2:239050745;C|T;Family=13272	-0.125290817873628	0.4375917814591	0.766081956533469	1
chr2:240482185;C|G;Family=11946	0.108272064404212	0.327122672930774	0.686095268823958	1
chr2:240520532;G|A;Family=13398	-0.332454394477885	0.206868800431489	0.574785819085826	1
chr2:241183251;C|T;Family=14202	0.0151909653553575	0.899002260053456	0.968655478278108	1
chr2:241353409;A|C;Family=13564	-0.28538943353832	0.14090295489035	0.466529199439353	1
chr2:241445606;C|T;Family=13385	0.0363987338948104	0.733753191420727	0.912012723426348	1
chr2:241749408;G|A;Family=14576	-0.00964245726058097	0.942322129085664	0.978151545855519	1
chr2:241749817;C|T;Family=14146	0.451263462608926	0.108622773384939	0.408199865380663	1
chr2:241755178;C|T;Family=13136	0.0592280055030236	0.742855144102214	0.91511778145282	1
chr2:24175802;G|T;Family=13930	-0.0944172333982147	0.541806423013328	0.825018551676558	1
chr2:241850685;G|A;Family=13309	0.15916495972837	0.479372878138833	0.792393207556887	1
chr2:24789958;C|T;Family=11800	0.0164551679420975	0.94152833874286	0.978151545855519	1
chr2:24820199;G|A;Family=14563	-0.810217129898668	0.0279438438380052	0.165177260968822	1
chr2:25145559;G|A;Family=14386	-0.094441417018268	0.543371913102862	0.825588429732742	1
chr2:25156660;C|T;Family=11353	-0.065024343399616	0.500098549894964	0.804751486970852	1
chr2:25157831;T|C;Family=13513	0.15272342245308	0.351301272432806	0.706636275551165	1
chr2:25230242;G|A;Family=11715	0.27519708737859	0.0887787089489784	0.358651094642938	1
chr2:25230513;GA|G;Family=14027	0.154665368359589	0.283341980484486	0.65392968377527	1
chr2:25234307;G|A;Family=14336	0.246223399114603	0.257787344450636	0.634074423408076	1
chr2:26730402;C|T;Family=14100	0.0135700385041444	0.903872462603777	0.969173847646282	1
chr2:26732705;C|G;Family=11246	-0.114402319729235	0.272396355289766	0.645616942968411	1
chr2:26947441;G|A;Family=11056	0.108622317114343	0.256345277771547	0.633004324907136	1
chr2:27136929;G|A;Family=14192	-0.156604441123832	0.54168938230021	0.825018551676558	1
chr2:27243927;C|T;Family=11931	-0.174344640561766	0.0506152671499741	0.248815356627551	1
chr2:279906;C|T;Family=13932	-0.131989558995293	0.630072313706071	0.869032911073625	1
chr2:28415715;T|C;Family=13946	-0.0942766925054654	0.482129442424431	0.795184660592009	1
chr2:28416444;CCTCT|C;Family=13843	0.330817836686873	0.295130273510216	0.663225699188556	1
chr2:28643133;C|T;Family=12281	0.125333387237614	0.286151616863251	0.65392968377527	1
chr2:30159423;C|T;Family=14652	-0.0389163019955264	0.596323614752712	0.854361045076934	1
chr2:31267680;A|C;Family=12850	0.0261796305714868	0.828568203850481	0.942179965812435	1
chr2:3207891;C|G;Family=11252	-0.968768488248599	0.0120634447090602	0.0901017750168954	1
chr2:32089567;C|G;Family=14480	0.137749363855571	0.451471086973525	0.776425510573835	1
chr2:32220466;C|G;Family=13805	0.0787855219013457	0.606245485442917	0.858996360623898	1
chr2:32307549;T|C;Family=11869	0.332934951353848	0.231801932525095	0.610133774124451	1
chr2:32312264;G|A;Family=11981	-0.102735440274739	0.411904609190063	0.748780003653022	1
chr2:3550465;G|A;Family=12964	0.339210233408441	0.258388954924836	0.634287281707208	1
chr2:3644481;TA|T;Family=14522	-0.310475684222593	0.282427149302029	0.65392968377527	1
chr2:36549633;T|A;Family=11845	-0.349315654370484	0.273243954299751	0.645616942968411	1
chr2:36549682;A|G;Family=13954	0.227412132881555	0.651267680462753	0.878261916160868	1
chr2:36759377;G|T;Family=22105	-0.0467551973524974	0.819537545267618	0.939471036171205	1
chr2:37251942;A|C;Family=13905	0.353967246751388	0.429151528253967	0.762835277892165	1
chr2:38734005;C|T;Family=11773	-0.0211950867845179	0.87135123354182	0.955975685502654	1
chr2:38974699;T|C;Family=14680	-5.5308181642529e-06	0.999976876646894	0.999976876646894	1
chr2:38984348;G|A;Family=13984	-0.604330264763114	0.15919736216651	0.493998899991731	1
chr2:40098122;C|T;Family=12360	0.0596465084519907	0.805340155650739	0.932157067811776	1
chr2:40104941;G|T;Family=11869	0.00269174581506132	0.993670817753631	0.999404124401772	1
chr2:40110232;G|A;Family=13393	0.152551285848408	0.466480398968423	0.785072252237686	1
chr2:40110784;A|G;Family=13629	0.0329987937014069	0.856763108443841	0.952123708172596	1
chr2:43565070;T|C;Family=12346	-0.146526256455331	0.691311110674706	0.891017142845996	1
chr2:44318697;G|A;Family=14343	0.41433848942901	0.337014409111628	0.694200211275167	1
chr2:46185708;C|T;Family=13166	-0.351045646289732	0.133579254220996	0.454799819287497	1
chr2:46186250;C|G;Family=13556	0.0889755166368271	0.610409645917749	0.860554086261239	1
chr2:47074316;G|A;Family=22364	0.310718190006492	0.0686390214215356	0.304763581288707	1
chr2:47074774;C|T;Family=12302	-0.121365471651353	0.349953961730212	0.705685538208721	1
chr2:47799713;G|A;Family=13890	0.0233145941763434	0.884774961012309	0.961088799045968	1
chr2:48375630;A|G;Family=14007	0.146860281804412	0.736656198625665	0.912885205628075	1
chr2:48377199;A|C;Family=14531	-0.143365874437528	0.732837157848062	0.911964612963006	1
chr2:48595331;A|G;Family=11456	0.122550544679342	0.225648220793612	0.598107457316769	1
chr2:50207689;G|C;Family=11679	0.0695202658059112	0.695310412392272	0.892400370680246	1
chr2:50918317;A|G;Family=12014	-0.0539640451786093	0.841060663120852	0.947514702036762	1
chr2:53887396;G|A;Family=14339	0.253810296947303	0.317946639833634	0.680808571815758	1
chr2:54065901;T|C;Family=11469	-0.144655408642258	0.357724236634991	0.711543155590568	1
chr2:54660185;T|G;Family=14502	0.129158359274354	0.665406134703588	0.883996981436618	1
chr2:5696599;G|A;Family=14153	0.307833514891344	0.129213717880773	0.448829813091865	1
chr2:5698500;A|G;Family=14479	0.225141383642759	0.463895704942021	0.783847306979521	1
chr2:60899234;C|T;Family=13589	0.246930016655616	0.150296065464184	0.48307236388229	1
chr2:61018400;CAGG|C;Family=11018	-0.0777609419010831	0.65361168675338	0.878261916160868	1
chr2:61482516;G|C;Family=14455	0.188381793652089	0.612163035997942	0.86112784786942	1
chr2:65083821;A|G;Family=11543	0.102241477207216	0.57566422051078	0.841977193870417	1
chr2:65084839;G|A;Family=11505	-0.287289790643434	0.0610878816849285	0.28571929127878	1
chr2:65310885;T|G;Family=11013	-0.1802420029199	0.504991368312725	0.808237846128423	1
chr2:67401400;A|G;Family=13895	0.177247045984029	0.683549857915415	0.890301166747553	1
chr2:67402535;A|G;Family=11485	-0.142451039367561	0.771913188819555	0.924760158442824	1
chr2:68567380;G|A;Family=11459	-0.274201837943132	0.291514200404593	0.658169729560223	1
chr2:69325719;A|G;Family=14301	0.0797383534461425	0.759839867290615	0.919061000736783	1
chr2:69461843;C|T;Family=14195	-0.347039691847988	0.0116872047185069	0.0883186019316189	1
chr2:69941432;G|C;Family=11429	-0.234907464660328	0.0161172280825947	0.111512417425397	1
chr2:69942862;T|C;Family=11429	0.176608130366514	0.393101723276578	0.741926562932386	1
chr2:70150021;TGCA|T;Family=14618	0.0190356908359513	0.870541633874405	0.955975685502654	1
chr2:70277199;C|G;Family=13991	-0.289185188516874	0.0698148705677669	0.308562512807538	1
chr2:70660965;G|T;Family=11018	0.186384681298975	0.159375781648502	0.494154676165188	1
chr2:70986440;AG|A;Family=13001	-0.149166239774589	0.0908322990277051	0.363140747357651	1
chr2:72131287;G|A;Family=11063	-0.0287298775086048	0.754146608173854	0.919048538618833	1
chr2:72934343;T|C;Family=12019	-0.556490233221451	0.000832952307961253	0.0103554780480086	1
chr2:72944993;G|A;Family=13787	0.101656013218453	0.538737820346051	0.82359998398004	1
chr2:73226979;G|A;Family=11954	-0.394549732030806	4.41300918453195e-06	0.000106298358732413	0.0170077373971861
chr2:74216301;T|G;Family=11121	0.181191982046281	0.543600490556339	0.825588429732742	1
chr2:74394294;G|A;Family=11986	-0.0425795537424077	0.793755636269207	0.930727571907569	1
chr2:74395549;T|C;Family=12621	-0.0103563380276607	0.929431758029763	0.975988132595065	1
chr2:74494487;C|T;Family=13358	-0.0920651740242061	0.673876786214686	0.886420500211529	1
chr2:74519915;T|C;Family=11346	0.610109005766605	0.00199544101226984	0.0217859197203625	1
chr2:74891539;T|C;Family=12628	-0.297728267892858	0.045083002116777	0.230965194592733	1
chr2:85544374;C|A;Family=12316	0.0193669706054203	0.901082529929227	0.969173847646282	1
chr2:85606685;G|A;Family=14228	-0.376978535367695	0.120361155636842	0.433120349042382	1
chr2:85658908;TAC|T;Family=14424	-0.109958657950343	0.474091387071539	0.788968247500787	1
chr2:86111157;G|C;Family=12613	0.0139007576311163	0.955947727138291	0.985282226121481	1
chr2:8853370;C|T;Family=12867	-0.50725565331969	0.115191165119994	0.421425463395354	1
chr2:8854433;C|T;Family=11265	-0.328314658140919	0.267154763572447	0.642705654686773	1
chr2:9481403;C|T;Family=12687	-0.16665546065245	0.224561282791458	0.598105188085417	1
chr2:9489450;A|G;Family=11651	0.227791675553215	0.318853002627775	0.680808571815758	1
chr2:95384419;C|T;Family=12687	0.101578933902177	0.521268010893896	0.819317664757371	1
chr2:96114264;C|T;Family=12701	-0.165724896715441	0.298064365998731	0.665751767557377	1
chr2:96329291;C|T;Family=12749	-0.32504167448394	0.400431209837662	0.74790793654324	1
chr2:96702316;C|T;Family=12619	-0.226303318850373	0.0905491798605644	0.362761475241804	1
chr2:96832748;G|T;Family=12778	0.103045549980816	0.43388477323261	0.762966568364489	1
chr2:98588361;C|T;Family=13836	0.189209154354022	0.0565446662863025	0.269706861222042	1
chr20:10057886;C|CTTGT;Family=13221	-0.768344275217036	0.00262888882962513	0.0272358536273529	1
chr20:10306498;G|A;Family=12953	0.101385122811164	0.392551847890723	0.741251750010214	1
chr20:10306532;A|G;Family=13042	-0.00799400966031905	0.943474017089271	0.97828731183273	1
chr20:1167310;A|G;Family=13358	0.234134119531504	0.34896837098805	0.705685538208721	1
chr20:13167426;G|A;Family=14040	-0.396014884305426	0.156930636074454	0.491316548684766	1
chr20:13300465;C|CA;Family=14500	-0.495565153267829	0.208027321609784	0.576789422650437	1
chr20:1563946;A|G;Family=12759	-0.157697048186889	0.468461812953289	0.786346614600163	1
chr20:16051769;A|G;Family=13560	0.305814015018209	0.00682964711317434	0.0574704366248338	1
chr20:17609122;T|G;Family=14130	0.029694971007186	0.881219757493811	0.960739756402375	1
chr20:17609764;A|G;Family=14526	-0.146292038189156	0.232066922418037	0.610133774124451	1
chr20:17967954;C|A;Family=13815	0.0794121880210212	0.491955669833807	0.799147013332632	1
chr20:18443421;G|A;Family=11114	-0.551646970510146	2.07222456520767e-05	0.00041813368975447	0.0798635347431037
chr20:19722220;G|A;Family=13770	-0.205793739100484	0.157173941504033	0.491511767932829	1
chr20:1979101;A|G;Family=13931	0.0597542258557108	0.601996777077415	0.858023512890664	1
chr20:20390331;G|A;Family=11676	-0.436146234317407	0.0105360003225804	0.0815376410506526	1
chr20:22563339;C|A;Family=13513	0.189594150306378	0.190603859563917	0.550252640269166	1
chr20:23046871;C|T;Family=13580	-0.0898257652170959	0.803769043605616	0.932157067811776	1
chr20:23081038;A|G;Family=14416	0.237006066764905	0.0244798187749388	0.149516991376568	1
chr20:23081535;C|G;Family=11096	0.272185375516305	0.0253308246145627	0.153826615836187	1
chr20:23603144;C|T;Family=12394	-0.00160048686545657	0.98778181502377	0.997847883896784	1
chr20:25006517;C|T;Family=14652	-0.0956277799570038	0.47365703395437	0.78888254488338	1
chr20:25297973;G|A;Family=12858	-1.31984240532595	5.42846469810333e-07	1.57303029672859e-05	0.00209213029464902
chr20:25774788;AC|A;Family=14168	-0.505417379000447	0.00399470521332413	0.0381079056736415	1
chr20:31937413;A|G;Family=12006	0.269638813679832	0.131654024732333	0.451418693343782	1
chr20:31945717;G|A;Family=14019	-0.226666058591355	0.322934501262148	0.684969492495496	1
chr20:31999641;G|A;Family=11495	0.267634555217075	0.219515652891598	0.591297239539052	1
chr20:32000279;T|C;Family=12358	-0.234530748664669	0.114072522293415	0.418302094118766	1
chr20:32031392;G|GC;Family=12568	-0.234619953859617	0.0657699065087221	0.29697456564497	1
chr20:33647201;G|A;Family=13053	-0.150767836792352	0.152286317416039	0.485394284134611	1
chr20:33658734;C|T;Family=12782	-0.157536288531776	0.326140441621152	0.686095268823958	1
chr20:354689;C|T;Family=14472	0.132690311990562	0.24508836338223	0.621837098403631	1
chr20:36231225;G|A;Family=14303	-0.164110316935361	0.0650563756741072	0.296718664908887	1
chr20:3646918;G|A;Family=13905	0.17885070827591	0.311501055347326	0.676352150596391	1
chr20:3648438;A|G;Family=14291	0.125754847692331	0.287468213302208	0.654116066499193	1
chr20:36782751;C|T;Family=14219	0.0367662267500883	0.726588531237564	0.908663352475756	1
chr20:36784635;C|T;Family=13970	-0.219519741871497	0.386868678557445	0.734117128094728	1
chr20:36905503;T|A;Family=14192	-0.205270778819866	0.657435183889162	0.878860630838998	1
chr20:38210994;C|T;Family=13383	-0.331013049439984	0.00250874313559028	0.0260611753222774	1
chr20:3825394;G|A;Family=11067	-0.0220928722720019	0.787856358006375	0.930727571907569	1
chr20:3866241;T|C;Family=13750	0.0785858392285882	0.469877042665601	0.786738079008401	1
chr20:3874352;T|C;Family=14578	0.265462897718151	0.220927467651186	0.592706265878947	1
chr20:41175517;G|A;Family=13023	-0.0350716531058088	0.770909667939494	0.924704282499387	1
chr20:41402484;C|T;Family=13941	-0.107781956630186	0.535714212489365	0.82279786808671	1
chr20:41402974;T|G;Family=14346	-0.0235091080557488	0.934534178900271	0.977612571732158	1
chr20:43716304;TC|T;Family=14282	-0.0303067466481091	0.85767659169241	0.952315063204422	1
chr20:44490900;A|AC;Family=13486	0.0445250309580588	0.786492267993263	0.930727571907569	1
chr20:44904975;G|A;Family=11869	-0.0605321096729899	0.693509776623144	0.892083509288303	1
chr20:45092483;T|C;Family=12759	-0.1285969092023	0.31021133106249	0.675571725315019	1
chr20:45373619;C|A;Family=12201	0.0888231213992593	0.509654331597787	0.810651173742415	1
chr20:45648601;G|A;Family=14610	0.21165088224329	0.453157756470141	0.777708121922714	1
chr20:47188268;GAC|G;Family=13703	0.217681103541678	0.304978797670739	0.670883725013144	1
chr20:4784171;T|C;Family=14394	0.103098443515127	0.63336202558372	0.869522783998248	1
chr20:49892051;T|C;Family=13324	0.24079251089597	0.107319236137549	0.40533236728405	1
chr20:50961374;A|G;Family=14219	0.393329776694423	0.237846850091819	0.613562088523341	1
chr20:51390478;G|A;Family=12617	0.161371289927006	0.241603513357957	0.617848027479255	1
chr20:51598823;T|C;Family=14311	0.0477877319794207	0.832888683697699	0.943044032783225	1
chr20:51600915;G|A;Family=14455	-0.00845878404091825	0.962984347393455	0.985980572915727	1
chr20:5195022;A|C;Family=14547	-0.440130344243329	0.00761864141559812	0.0628741841878269	1
chr20:53944804;G|T;Family=11526	0.266764112237412	0.157883746315928	0.492476911791728	1
chr20:57169515;G|C;Family=12100	0.0338838227875818	0.817603911801855	0.939257435379504	1
chr20:58364108;T|C;Family=12708	0.199954065604904	0.327464117238852	0.686095268823958	1
chr20:58444831;C|G;Family=12394	0.0531267518898542	0.764616747990533	0.920340776512496	1
chr20:58449461;A|G;Family=14231	0.392189780042884	0.299931629170453	0.665893920189795	1
chr20:58856372;G|A;Family=12735	0.0912213060099598	0.715689181781016	0.906895142159033	1
chr20:58903684;G|A;Family=14373	-0.0774844874651677	0.687306396265323	0.89065656155889	1
chr20:58909186;C|G;Family=11132	0.121817302442191	0.387491084570302	0.734574835186396	1
chr20:59028971;C|T;Family=11181	0.628785900255667	0.121531618294885	0.434664143697915	1
chr20:59325214;C|T;Family=14063	0.140169437218092	0.410091070745999	0.748665761744345	1
chr20:59947941;CAT|C;Family=11018	0.171370935265107	0.276336980982275	0.648600928566192	1
chr20:61975114;T|C;Family=13718	0.0502063178036053	0.896498826359734	0.967816940277427	1
chr20:62286187;G|T;Family=14481	0.356376811466756	0.109134614574446	0.409148642577737	1
chr20:62668294;C|T;Family=11189	0.324412691627592	0.307801798151736	0.675061453492803	1
chr20:62671759;G|A;Family=12719	-0.0464228705902248	0.606713507663995	0.85934357167844	1
chr20:62877971;A|G;Family=13026	-0.335670851870226	0.103660217440189	0.398311543384334	1
chr20:62878254;G|A;Family=13738	0.394467486980701	0.105412269314372	0.400649788893085	1
chr20:62968800;G|C;Family=13496	0.240993858817673	0.106760083752011	0.40417815597274	1
chr20:63743053;G|A;Family=12578	-0.220125774638576	0.00586972959425654	0.0516482599458098	1
chr20:63746676;G|A;Family=12738	0.0891021324593647	0.522994843928324	0.8194957681801	1
chr20:64240571;G|A;Family=12623	0.367903550797773	0.00612214254198509	0.0530222345221754	1
chr20:64275397;A|T;Family=14209	0.202982774817571	0.646970133223804	0.87616024464433	1
chr20:7978072;A|G;Family=12360	0.152636432874389	0.440487186216442	0.766081956533469	1
chr20:9480988;G|A;Family=11835	-0.0403077271189511	0.84878736558875	0.94895106909715	1
chr21:17565664;C|T;Family=12680	-0.0533525500097095	0.630024022621732	0.869032911073625	1
chr21:21539712;C|T;Family=13039	-0.414320332563192	0.262234854039847	0.637234002187622	1
chr21:28929048;T|C;Family=12497	0.331880130178881	0.180193256675308	0.532973761493965	1
chr21:30592947;A|T;Family=13524	0.385301987475623	0.00743848751734052	0.0617843338185999	1
chr21:32044396;G|T;Family=11246	0.303736419548784	0.154839405678277	0.489224139537333	1
chr21:33517446;T|C;Family=12197	-0.254053224619666	0.0271618155289205	0.162297111703038	1
chr21:34102835;G|T;Family=14531	-0.00382709325035145	0.981059307192369	0.992910338739336	1
chr21:34717175;G|A;Family=12480	-0.12918193376727	0.317542303168201	0.680808571815758	1
chr21:34788264;A|G;Family=14223	-0.0397462654835575	0.895232289448489	0.967493136857905	1
chr21:36375813;G|C;Family=13129	-0.199350208264965	0.484231367424416	0.79635998919372	1
chr21:37516066;C|T;Family=14550	0.239684113326617	0.00467089170729612	0.043169344460238	1
chr21:37608596;G|A;Family=13903	0.463311436260987	0.0565270457357556	0.269706861222042	1
chr21:38301666;C|A;Family=13938	0.332781812345022	0.117739968030642	0.42727856571572	1
chr21:39175161;G|A;Family=12295	0.277097896247223	0.0734976433336385	0.321872655093906	1
chr21:39196527;GT|G;Family=14292	-0.369483288938227	0.130054516267262	0.449533727079845	1
chr21:41408906;A|G;Family=14317	0.409470271292943	0.074915433830469	0.325139731962419	1
chr21:41465356;G|A;Family=14040	0.511065888442739	0.0609512052481302	0.285426421660138	1
chr21:41801553;T|C;Family=14348	0.0424504315405581	0.773415776297017	0.925160420213969	1
chr21:41885311;C|A;Family=12483	0.0994879882236382	0.531661263406173	0.82279786808671	1
chr21:42775306;G|A;Family=14216	-0.691287015729933	8.8202254541995e-09	4.29542186247933e-07	3.39931489004849e-05
chr21:43529357;T|G;Family=12445	0.613938475205214	0.0629221255017257	0.291468595773619	1
chr21:43693482;C|T;Family=13543	-0.0809943467730305	0.647685660869667	0.87616024464433	1
chr21:44079633;C|A;Family=12308	-0.430121081041919	0.00579492470812819	0.0512239445530414	1
chr21:44087918;C|T;Family=22364	0.157822452535082	0.211712364080299	0.581153455246063	1
chr21:44145706;G|A;Family=13942	-0.0643386388441323	0.590506703224586	0.849183893368491	1
chr21:44228232;C|T;Family=11299	-1.0081472756679	2.92142147297571e-07	8.86547902114045e-06	0.00112591583568484
chr21:44319382;A|G;Family=22252	0.0510568300729462	0.721256857872807	0.906895142159033	1
chr21:44459443;T|C;Family=14203	-0.134535345894303	0.387298679298319	0.734571412409312	1
chr21:45223082;C|G;Family=13752	0.0147469541300369	0.930471531475553	0.976280662124009	1
chr21:45264278;G|A;Family=13620	-0.268943411229642	0.0968582753630858	0.378976439847038	1
chr21:45942406;GC|G;Family=12793	0.0158232969645867	0.893357506206928	0.966320468403452	1
chr21:46129683;G|A;Family=14375	-0.171851995669636	0.268198250108419	0.643041746208391	1
chr22:17114976;A|G;Family=12478	-0.0345685552970557	0.817911646695239	0.939282326091612	1
chr22:17115083;A|G;Family=12437	0.240594163834731	0.309647787638641	0.675571725315019	1
chr22:17115310;GA|G;Family=14026	0.202923946358416	0.561895950254236	0.832269565676963	1
chr22:17555822;G|A;Family=11169	0.00649396168623118	0.960242423986756	0.985980572915727	1
chr22:17788481;G|C;Family=14587	-0.0570162566123642	0.813072370563008	0.936795490627753	1
chr22:17788756;T|TG;Family=13394	-0.0800777154560579	0.725856418597739	0.908558180342867	1
chr22:17789787;C|T;Family=13195	-0.207346375208614	0.429333714413055	0.762835277892165	1
chr22:17790452;C|T;Family=11305	-0.0296666827212848	0.812458475238158	0.936368111114791	1
chr22:18095494;G|A;Family=12902	0.195864169202665	0.0409666738708775	0.215396399861339	1
chr22:19783767;C|T;Family=13239	-0.130137224679376	0.430857713605815	0.762966568364489	1
chr22:19894032;T|A;Family=13942	0.0926281105474674	0.534958029962178	0.82279786808671	1
chr22:20111199;C|T;Family=12942	0.111640725880659	0.363858215218416	0.713586257919029	1
chr22:20987529;G|GT;Family=12907	0.56871250842852	2.83646708103107e-08	1.18823305764062e-06	0.000109317441302937
chr22:20995791;G|T;Family=13016	-0.263064038153355	0.144530729072911	0.474464591011074	1
chr22:20996054;G|A;Family=14192	-0.223541701668018	0.209578791529897	0.579008360255356	1
chr22:21447279;C|T;Family=12329	-0.509844864222037	6.0072723199592e-05	0.00106581081694311	0.231520275211227
chr22:21756331;C|T;Family=12014	0.177569066088064	0.386499883023687	0.73398022117271	1
chr22:21757478;G|A;Family=14523	0.418190081107314	0.0153365494089327	0.107078009822512	1
chr22:21763712;T|C;Family=12314	0.156546752297995	0.404623892646061	0.74790793654324	1
chr22:21920263;G|A;Family=13099	-0.100122220619663	0.556343488367808	0.830799321373178	1
chr22:21958603;A|G;Family=12323	0.0218899473209842	0.93625980450913	0.977612571732158	1
chr22:22484816;G|C;Family=14307	-0.167893625059483	0.720444069416935	0.906895142159033	1
chr22:23164296;G|A;Family=12964	-0.0959760845475091	0.507240202976081	0.80962422668288	1
chr22:23739329;G|A;Family=14470	0.294892912747433	0.507352099888223	0.80962422668288	1
chr22:23743320;A|G;Family=12197	-0.236994564392517	0.153462060163577	0.486784180963313	1
chr22:24586266;T|C;Family=14185	0.202711863084944	0.413247293142184	0.748780003653022	1
chr22:24588307;G|A;Family=13551	-0.0415214777680268	0.800485140438943	0.931514859006672	1
chr22:25351735;T|G;Family=14290	0.303675393064517	0.156149514740024	0.489926321278561	1
chr22:25722315;G|C;Family=14539	0.0261055319445549	0.837706522111979	0.945394124808072	1
chr22:28757200;G|A;Family=12683	0.126703039842731	0.648141354931149	0.876188006257954	1
chr22:29259151;T|C;Family=13050	-0.143187660255357	0.336564453056922	0.693941885638717	1
chr22:29730488;C|G;Family=13089	0.365154957868553	0.00669936151796045	0.0569963339739947	1
chr22:30334131;G|A;Family=14560	0.148985131986044	0.559201701271427	0.831417702919047	1
chr22:30423991;T|C;Family=11489	-0.0848221360636043	0.436917769571845	0.765804457218173	1
chr22:30461448;C|G;Family=11989	0.372561854584207	0.0318248879679734	0.179843281860072	1
chr22:31683328;G|A;Family=12382	-0.170749821850404	0.164039337865949	0.503369306057458	1
chr22:31906668;C|T;Family=12360	0.448546362551784	0.0269528712685424	0.16129870476547	1
chr22:32861747;G|A;Family=12796	-0.351617261147841	0.0110872766467495	0.084782468643993	1
chr22:33273439;T|C;Family=12457	0.274017922356226	0.035815934146712	0.196071889490665	1
chr22:35294562;C|G;Family=12697	-0.0141545439338644	0.914833019956955	0.97262523004527	1
chr22:35740448;C|T;Family=11415	0.142999748256645	0.551989893229036	0.830030842178972	1
chr22:36282343;G|A;Family=12976	-0.0229445230352213	0.843733528634321	0.947730481392618	1
chr22:36467645;C|G;Family=14380	-0.187153475509625	0.246840636722722	0.622186928665382	1
chr22:37180478;C|T;Family=13007	0.147936431130008	0.164250230968653	0.503369306057458	1
chr22:37180625;C|T;Family=11029	0.030739786560357	0.850586569218794	0.94895106909715	1
chr22:37697628;G|A;Family=11368	0.133127669341092	0.415179000577509	0.750515885659344	1
chr22:37813556;C|T;Family=13576	0.103727173553846	0.612111736111565	0.86112784786942	1
chr22:37968182;C|CTCTTA;Family=13071	-1.05471650692247	1.21516860670668e-12	1.46351869070236e-10	4.68325981024756e-09
chr22:38221428;C|T;Family=11502	-0.0899540707410627	0.55134021723881	0.829701365575312	1
chr22:38485351;A|G;Family=14649	0.140053430918033	0.487619673375615	0.798035493042404	1
chr22:38519103;C|G;Family=14185	-0.155277113477342	0.539206391019527	0.823989465102798	1
chr22:38733162;C|T;Family=14467	0.0688639644209217	0.567300590065087	0.835007811243021	1
chr22:38863175;C|G;Family=12631	0.155367044773732	0.228559959937308	0.604163296020841	1
chr22:39018581;T|C;Family=12407	0.136165333615499	0.196865209691464	0.560767566999928	1
chr22:39020064;G|A;Family=12671	-0.23635929202237	0.0736256077338199	0.321872655093906	1
chr22:39490288;T|A;Family=14249	0.0182399028826542	0.864151356985182	0.954170863047331	1
chr22:40036181;C|T;Family=11835	0.368185101390387	0.0024288096652708	0.0254365012227001	1
chr22:40329704;C|T;Family=11312	0.00352839800315144	0.96218392233778	0.985980572915727	1
chr22:40331447;G|C;Family=13034	-0.681126448320568	1.50148690087456e-09	9.4864434688042e-08	5.78673051597056e-06
chr22:40332081;T|G;Family=14046	-0.157515751161756	0.404149450688356	0.74790793654324	1
chr22:40361509;A|T;Family=13203	0.0276000107910648	0.83066372952042	0.942968487060883	1
chr22:40364303;C|T;Family=12738	-0.300800575694111	0.0805544721188565	0.340040455143563	1
chr22:40835633;G|C;Family=14515	0.0819610201877254	0.624926112055271	0.867015653629244	1
chr22:41358553;C|G;Family=13807	-0.306640971847979	0.23522803379723	0.611823303246514	1
chr22:41898660;A|G;Family=11415	0.0899252938702294	0.703125176383729	0.897581879694832	1
chr22:41898705;C|G;Family=12120	-0.0835218091587304	0.7258524581922	0.908558180342867	1
chr22:41903002;G|A;Family=14644	-0.240053500120761	0.0514941949468094	0.252054242767601	1
chr22:42031433;G|A;Family=11159	-0.465299952360188	0.0338949588478803	0.187958519999612	1
chr22:42383755;CT|C;Family=11219	0.541362799094662	0.00571732422356871	0.0507708929899397	1
chr22:42510354;G|A;Family=14458	0.062383819950102	0.663485028138159	0.882357245840049	1
chr22:43068521;G|A;Family=12976	0.136880225824551	0.361510988779099	0.71203976402849	1
chr22:43163169;G|A;Family=14659	-0.219070718516427	0.107356074328878	0.40533236728405	1
chr22:43199409;A|G;Family=13146	-0.367569599353541	0.000620924493605469	0.00811201016391687	1
chr22:43238370;G|A;Family=11057	0.0881650153340248	0.645422903890948	0.875866151970322	1
chr22:44244437;G|A;Family=11235	-0.110097160066647	0.355673392109088	0.711346784218177	1
chr22:44247500;C|G;Family=14356	0.237542864728745	0.128120912073103	0.448493326715102	1
chr22:44881542;TG|T;Family=14096	0.708298842183219	0.00415456997047441	0.0392443937897264	1
chr22:44882646;C|CCATG;Family=11304	-0.302862505780461	0.0776281591330866	0.332813948861338	1
chr22:45190914;TAGAG|T;Family=11942	0.817683539707649	0.000190680733460748	0.00295133954521174	0.734883546757723
chr22:46293891;C|G;Family=14470	-0.102931041902875	0.464176678213062	0.783847306979521	1
chr22:46361866;G|T;Family=13599	0.116820766908995	0.241752679148603	0.617848027479255	1
chr22:47173887;C|T;Family=11424	-0.0967448845315292	0.526027611770582	0.819808839349929	1
chr22:49773989;G|A;Family=11645	-0.310368455200655	0.0292530928425526	0.17082033305333	1
chr22:49774277;G|A;Family=11301	-0.188851675988873	0.276280643547358	0.648600928566192	1
chr22:49888231;T|C;Family=14629	-0.191557961385939	0.623682910312063	0.866813536365917	1
chr22:49901548;TTG|T;Family=14486	-0.109700735600827	0.458351194506111	0.779669188777314	1
chr22:50178310;C|T;Family=12201	0.39885950605521	0.0449847633712679	0.230853898845361	1
chr22:50218044;G|A;Family=12463	-0.138734530443768	0.583142674141111	0.84581206280501	1
chr22:50275338;G|A;Family=13364	0.201776977488642	0.234096931640542	0.611823303246514	1
chr22:50445576;G|C;Family=14316	0.030057781432996	0.763540065184415	0.92033921632222	1
chr3:100181264;A|C;Family=13221	-0.109208323296502	0.790585945986624	0.930727571907569	1
chr3:100357788;C|T;Family=13037	-0.168170063150484	0.0357116675325939	0.196033128722005	1
chr3:10041496;C|T;Family=14299	0.675747073693511	0.24023665610527	0.615411475581955	1
chr3:10099443;C|T;Family=11407	0.332844179597354	0.00454771164810863	0.0423354606082383	1
chr3:101671350;T|C;Family=12676	0.0611584501941289	0.677195902164787	0.887883197070805	1
chr3:10325764;C|T;Family=13543	-0.0821602150315034	0.357520465747727	0.711543155590568	1
chr3:10325905;T|C;Family=13925	0.259324148731531	0.335604409955514	0.693592346941177	1
chr3:105576696;C|T;Family=12335	-0.353470873389076	0.0401594622040215	0.212310791953771	1
chr3:105655851;C|T;Family=14051	0.095427835429768	0.82244070855386	0.939471036171205	1
chr3:107811324;A|C;Family=11038	0.213358874102386	0.447842172082088	0.772597910118338	1
chr3:108043546;C|CA;Family=14670	-0.552842931884911	0.0237894099507411	0.146460680431559	1
chr3:108191577;G|A;Family=12299	0.0836649328846306	0.662631184387162	0.882292897804533	1
chr3:111606844;G|T;Family=12859	0.28139009147943	0.156032653349364	0.489926321278561	1
chr3:111975878;TTGTC|T;Family=12775	0.358551613950665	0.219414921425603	0.591297239539052	1
chr3:112117415;G|A;Family=13267	-0.364422496769452	0.00677004868708304	0.0573445442637759	1
chr3:113291328;C|T;Family=11214	0.294997591753493	0.0278713799740328	0.165001994500649	1
chr3:113719696;AT|A;Family=13533	0.304017998820908	0.535330916506153	0.82279786808671	1
chr3:113809668;A|G;Family=14645	-0.505916226300055	0.00057051016850869	0.00755582882966492	1
chr3:113933626;G|A;Family=13614	-0.136986202416952	0.397660139337829	0.745782081269097	1
chr3:113961731;A|T;Family=13466	0.260559159748617	0.299092872542742	0.665893920189795	1
chr3:114005793;G|C;Family=14320	0.138613356455615	0.585502977981213	0.846415308777518	1
chr3:11809017;G|A;Family=13625	0.005336139577356	0.967909209568571	0.987903096842498	1
chr3:119211871;T|C;Family=13619	-0.112555331813771	0.599877021007397	0.856949364209242	1
chr3:119447066;T|C;Family=11888	0.167005082169069	0.121194161041137	0.434495159676783	1
chr3:119486870;C|T;Family=13835	-0.130273821500507	0.306519425505083	0.673120151508028	1
chr3:120167266;C|T;Family=11721	0.0864394596830909	0.603821539084167	0.85878284345224	1
chr3:121158446;A|T;Family=13128	-0.181528244538721	0.309087800061042	0.675571725315019	1
chr3:121626977;T|C;Family=13071	-0.0102769965425586	0.973569095984345	0.991841209601815	1
chr3:121694586;C|A;Family=14637	0.0405067456913739	0.88059318877832	0.960739756402375	1
chr3:121854701;A|G;Family=14313	-0.556662709451855	0.355219655741656	0.71117743024849	1
chr3:122120916;C|T;Family=12681	-0.0842871137918272	0.470371854304149	0.786738079008401	1
chr3:122574927;A|T;Family=14652	-0.698943685865181	0.15628590604024	0.489926321278561	1
chr3:123274084;T|G;Family=12692	0.158802203788293	0.677497766583755	0.887883197070805	1
chr3:123944909;A|G;Family=11094	0.104780758794388	0.47138217253521	0.786738079008401	1
chr3:124746887;C|T;Family=13787	-0.0799230504272263	0.453496142260511	0.777825604037387	1
chr3:125226421;C|T;Family=14534	-0.122229747023482	0.774624479373277	0.925993406794233	1
chr3:125231841;G|T;Family=14687	-0.369928250843524	0.340907656001458	0.697630428244105	1
chr3:12584278;G|A;Family=11108	0.0969756483915186	0.554110162962842	0.830729116240061	1
chr3:126103832;T|G;Family=13802	0.0717597026142901	0.778586182555431	0.928425478826928	1
chr3:126135218;G|C;Family=11263	0.240834304213287	0.197503852137961	0.561756344014541	1
chr3:127035373;G|C;Family=11474	-0.212738710237452	0.275021968355331	0.647090760709064	1
chr3:127615888;C|A;Family=14118	0.291239459937684	0.285619265331159	0.65392968377527	1
chr3:127676379;T|G;Family=14320	0.17699508876514	0.244741471578024	0.621775630495521	1
chr3:127986875;C|T;Family=12056	-0.00140870815904988	0.994378147281286	0.999404124401772	1
chr3:128480896;G|C;Family=11504	0.276268626136307	0.105065319938294	0.400649788893085	1
chr3:129040491;G|T;Family=12011	-0.461797176021943	0.0151017939430289	0.105822388829879	1
chr3:131165459;C|T;Family=14136	0.0220180402572301	0.939614491525876	0.978151545855519	1
chr3:1321790;A|G;Family=12964	0.183617245078712	0.232053465910547	0.610133774124451	1
chr3:1329859;G|A;Family=12385	-0.150972564143143	0.377023111891141	0.724032155250941	1
chr3:133826778;G|A;Family=11413	-0.337724754741474	0.39627453733048	0.744632894622949	1
chr3:133827116;G|T;Family=12724	-0.0262005355630118	0.771811057876449	0.924760158442824	1
chr3:133934381;C|A;Family=14482	0.125063782409876	0.251039184647206	0.627435160590357	1
chr3:134478503;C|G;Family=22052	0.0486061396967852	0.757184919057135	0.919048538618833	1
chr3:136145938;T|C;Family=14243	-0.171252626503419	0.626577762378929	0.867188516565119	1
chr3:136149821;A|G;Family=12779	0.0665191405900755	0.790548121287698	0.930727571907569	1
chr3:136327689;A|G;Family=14211	0.0965162910983828	0.523437706727888	0.8194957681801	1
chr3:136338071;A|G;Family=11236	0.29487223001018	0.0185156902031984	0.123887968824872	1
chr3:136338441;T|TTGA;Family=13006	-0.0134803157888266	0.946701723928081	0.980276314889528	1
chr3:136980530;C|G;Family=13129	0.0605718280967708	0.653796947967185	0.878261916160868	1
chr3:136989446;C|G;Family=11356	-0.0220488844007438	0.882522945510837	0.961088799045968	1
chr3:137010732;C|G;Family=13940	0.44923957014625	0.000612667363252614	0.0080313606053591	1
chr3:138167118;T|C;Family=13798	0.0633123722875493	0.535219247386532	0.82279786808671	1
chr3:13818784;A|AT;Family=11453	-0.13474850326654	0.203873892638091	0.571024696386048	1
chr3:138324244;G|A;Family=12759	0.207096382796556	0.0484557526356698	0.242845865614917	1
chr3:138405114;G|A;Family=12324	-0.300442876205336	0.0229529893600675	0.143575911488744	1
chr3:139561332;T|C;Family=13555	0.0863246151394347	0.545754499682668	0.82645887692613	1
chr3:140571367;A|G;Family=14452	-0.0432007921014095	0.898569312390626	0.968655478278108	1
chr3:14130863;C|T;Family=13412	-0.0813219890195479	0.468161022204697	0.786346614600163	1
chr3:141817086;G|A;Family=11069	0.00482190598074889	0.978517557170185	0.992201907831216	1
chr3:141946431;CT|C;Family=13375	-0.346888024456138	0.0047565061360284	0.043542932656184	1
chr3:141946441;A|C;Family=13375	0.0862383968815512	0.361342972114736	0.71203976402849	1
chr3:14198632;G|C;Family=12782	0.169637109994933	0.485869365136652	0.797507270342078	1
chr3:142961716;T|G;Family=12303	0.0164431722109544	0.899787102945592	0.968924139355214	1
chr3:143057916;C|T;Family=11580	-0.0684769268580224	0.581594321804768	0.845075123986909	1
chr3:143059102;A|AT;Family=11142	0.228948065150621	0.166475857325027	0.506791432962602	1
chr3:14490580;A|C;Family=11121	-0.101193914038899	0.557876589874401	0.831298872269604	1
chr3:148742791;T|G;Family=13028	0.0534748226575801	0.86419871468393	0.954170863047331	1
chr3:149965507;CTT|C;Family=11455	0.138581067860882	0.210338887500257	0.579861282135902	1
chr3:150464875;AG|A;Family=13023	-0.38520820753378	0.454388873558321	0.778504146223561	1
chr3:150543729;T|G;Family=12975	0.0547352692906603	0.8214658547059	0.939471036171205	1
chr3:151435545;T|C;Family=12313	0.0384883356484788	0.749211825514381	0.917599965666636	1
chr3:153168786;A|G;Family=11919	0.378707555397968	0.0552979884862408	0.265926434026494	1
chr3:154272947;A|T;Family=14536	0.0458489188268591	0.795100956719023	0.930727571907569	1
chr3:155833498;G|A;Family=12929	-0.428918237338872	0.128138255526771	0.448493326715102	1
chr3:155940583;C|T;Family=14200	0.193321277890045	0.147674380732022	0.478029037573151	1
chr3:155941178;G|A;Family=11046	0.13367785626645	0.297004404414806	0.665083510092611	1
chr3:155942209;C|T;Family=11544	0.0513484835270475	0.577931544517138	0.843053812478823	1
chr3:156537898;T|C;Family=14258	-0.113539228076868	0.607904225198799	0.860081822289343	1
chr3:156538430;A|C;Family=14076	0.128234650465392	0.653057147487609	0.878261916160868	1
chr3:156925112;G|C;Family=11718	0.115195365631343	0.780171287408816	0.9285917670394	1
chr3:157148062;G|C;Family=12324	0.370839894510957	0.26680149600521	0.642636103298203	1
chr3:157152211;A|G;Family=12512	-0.138930422080622	0.433618106849599	0.762966568364489	1
chr3:160417783;G|A;Family=13082	0.0657448308076893	0.608939850111949	0.860273752846483	1
chr3:160436833;T|A;Family=14215	1.1622731341505	0.00330550855579395	0.0324624827713739	1
chr3:161071100;G|C;Family=11462	0.185483044274722	0.135975339795133	0.457637561419022	1
chr3:161252221;T|C;Family=11227	-0.227688986851374	0.0903545663421863	0.362494826974279	1
chr3:169779365;C|A;Family=11195	-0.44077015855403	0.006573144315502	0.056355832696196	1
chr3:169926859;G|C;Family=13254	-0.0909085153772294	0.605772956816522	0.858996360623898	1
chr3:170396591;G|A;Family=12396	-0.108282119882742	0.764642233106646	0.920340776512496	1
chr3:170890492;G|A;Family=13583	-0.0717026365352381	0.673831524114658	0.886420500211529	1
chr3:171859042;T|A;Family=14011	0.0427093851754351	0.833912872112709	0.943253225286701	1
chr3:171859268;G|C;Family=14011	0.139581157506027	0.503738801286303	0.808237846128423	1
chr3:175808323;G|A;Family=12430	-0.0505019093020456	0.904042548595845	0.969173847646282	1
chr3:175808777;T|C;Family=11349	0.435760153661089	0.128240696948636	0.448493326715102	1
chr3:175808943;A|G;Family=14360	0.430138488248703	0.0638788242131547	0.29345684776103	1
chr3:177024818;A|G;Family=11897	0.0900644983056687	0.606120208891941	0.858996360623898	1
chr3:179397074;A|T;Family=13523	-0.303556979052462	0.569268958710967	0.836074868999432	1
chr3:179399799;A|G;Family=13706	0.264491669998581	0.330985698896101	0.689151206669677	1
chr3:179626617;G|A;Family=14671	0.0546632930367676	0.764141569539117	0.92033921632222	1
chr3:179797486;A|G;Family=14155	-0.0486016761546031	0.862396663898632	0.953723423103982	1
chr3:180610162;A|C;Family=14557	-0.00153486366037015	0.992398065181814	0.998950626920342	1
chr3:182944935;C|T;Family=14247	-0.134968623254257	0.357945176189665	0.711543155590568	1
chr3:183272134;G|A;Family=14425	0.319842836977037	0.317271526681317	0.680808571815758	1
chr3:183681295;A|G;Family=11172	0.212000853203095	0.512384512026393	0.811644023571606	1
chr3:183949843;G|A;Family=11159	-0.0697541634294925	0.621378656364827	0.866109707641968	1
chr3:183963531;G|A;Family=11793	0.19708897216692	0.282662806180923	0.65392968377527	1
chr3:184292359;C|G;Family=12304	-0.476959394580085	0.000789066939686164	0.00993811759983816	1
chr3:184322831;G|C;Family=11265	-0.0115155999309822	0.925878313817763	0.975241222299429	1
chr3:184322841;C|T;Family=12523	0.0234748102385892	0.829480182667771	0.942179965812435	1
chr3:184325022;A|C;Family=12285	0.0721105822167847	0.548841308864882	0.828853606726197	1
chr3:184353323;C|T;Family=11205	0.104372762706199	0.487115493805397	0.798035493042404	1
chr3:184371956;G|A;Family=12375	0.107676014455295	0.363755719104867	0.713586257919029	1
chr3:185079873;C|G;Family=12794	-0.194473315532553	0.179067504321873	0.531093193545929	1
chr3:185081076;G|GT;Family=12210	-0.209382099352617	0.407069899624598	0.748665761744345	1
chr3:185484490;A|G;Family=12921	-0.305289518834439	0.0478011180258558	0.240189711697064	1
chr3:185491643;A|G;Family=12573	-0.12989713687864	0.269829743665854	0.6445206635054	1
chr3:185631246;G|A;Family=11263	0.0925270755393844	0.484552198925603	0.79635998919372	1
chr3:186551141;G|A;Family=11380	-0.18250824460528	0.151687419864006	0.485197258680225	1
chr3:186855227;T|A;Family=13383	0.0816490729175099	0.635941107915597	0.869522783998248	1
chr3:186856850;A|T;Family=11046	0.178581502530061	0.613224265231396	0.861285101385496	1
chr3:187077425;G|C;Family=12326	0.0215589478958302	0.82419747453183	0.939759015554068	1
chr3:188746522;A|G;Family=11749	-0.0901030117288146	0.409535927919922	0.748665761744345	1
chr3:188877000;T|C;Family=12055	-0.416512337314479	0.376911153090959	0.724032155250941	1
chr3:190308176;A|G;Family=11101	-0.406340855158455	0.157248056528588	0.491511767932829	1
chr3:190429125;TC|T;Family=14527	-0.420185946212287	0.104414690748561	0.400649788893085	1
chr3:190648856;A|AT;Family=14551	-0.0155270955758644	0.899137517390338	0.968655478278108	1
chr3:191263055;G|A;Family=11458	-1.44040492231421	0.0230687504962322	0.14386240196194	1
chr3:191397225;A|G;Family=12653	0.267966113333683	0.349915947498177	0.705685538208721	1
chr3:193274903;G|A;Family=11651	-0.0246875904184033	0.895696811704464	0.967493136857905	1
chr3:195741032;C|T;Family=14112	0.154063372589427	0.285187732752102	0.65392968377527	1
chr3:195765065;A|G;Family=11984	0.425966323142151	0.238920389973465	0.613866121971821	1
chr3:195863418;C|T;Family=14007	0.24998753203938	0.0353223960146945	0.194475020343761	1
chr3:196353313;G|A;Family=14186	0.058016672375599	0.71915478939835	0.906895142159033	1
chr3:197787323;C|T;Family=13210	0.33269137284372	0.0209933258715179	0.134622758583744	1
chr3:197882964;G|T;Family=12661	-0.13481385181561	0.487567338344173	0.798035493042404	1
chr3:19984533;C|CA;Family=11017	-0.0392909346698861	0.877175695025054	0.959045426560726	1
chr3:21419460;T|C;Family=13018	0.311347453269483	0.1471490425205	0.477367348378792	1
chr3:21564628;G|A;Family=14224	-0.311888859340741	0.0332282139261063	0.185596429668425	1
chr3:24118529;A|G;Family=12779	0.401461777894464	0.149283768346826	0.481390039455473	1
chr3:24144679;T|C;Family=11027	-0.0976306856543322	0.379683179631727	0.727285772515246	1
chr3:28322041;T|C;Family=13165	-0.503900088562957	0.161346424403421	0.499461140281754	1
chr3:3057637;A|G;Family=13879	0.35176492069954	0.376918893575222	0.724032155250941	1
chr3:3069823;G|A;Family=13601	-0.0847741964685813	0.43145529802561	0.762966568364489	1
chr3:33869532;T|A;Family=12274	0.200443894186552	0.679904913419038	0.888255436039652	1
chr3:35690133;GACA|G;Family=11944	0.127523655195992	0.611989365980592	0.86112784786942	1
chr3:36987921;A|G;Family=11023	-0.215597068018981	0.0954605299452236	0.374648556424533	1
chr3:37819231;G|C;Family=12255	-0.0150774212466823	0.900424892328536	0.969027370884836	1
chr3:37981612;T|C;Family=13636	1.45760172882374	0.00415020224742335	0.0392443937897264	1
chr3:38141218;G|A;Family=11062	-0.0767743989128327	0.600366863262599	0.857285620975938	1
chr3:38230542;C|T;Family=14463	-0.0672955368192188	0.819176622038298	0.939471036171205	1
chr3:38253849;C|T;Family=14603	-0.272117584422763	0.0140474006527696	0.101393074277816	1
chr3:38254090;C|T;Family=14603	-0.21367259140703	0.418840938120657	0.755010746266143	1
chr3:38413212;G|A;Family=11347	-0.214866907583497	0.2067136547736	0.574785819085826	1
chr3:39525249;G|A;Family=12303	0.344392154633489	0.391063939510082	0.739283381907748	1
chr3:40258343;TCAG|T;Family=12493	-0.0338656510000507	0.878478857166614	0.959578854331853	1
chr3:40464578;G|A;Family=13346	0.0299271644955872	0.779296352113865	0.928575724229403	1
chr3:42203612;G|A;Family=12585	0.481062126361374	0.0654581276953299	0.29697456564497	1
chr3:42536507;G|A;Family=13724	-0.068725103837394	0.652540821032406	0.878261916160868	1
chr3:42536824;C|T;Family=11324	0.112114183496903	0.34761932010691	0.704747427507644	1
chr3:42647134;A|C;Family=14617	0.11934253147306	0.234909175957522	0.611823303246514	1
chr3:43349876;T|G;Family=12518	-0.0328881784043875	0.75421839681741	0.919048538618833	1
chr3:43350246;A|G;Family=12778	0.133336449525152	0.697396815403477	0.893324785813332	1
chr3:4362061;T|C;Family=12154	0.128672058843473	0.273557983359475	0.645616942968411	1
chr3:43717811;G|T;Family=12320	-0.0502226666111052	0.770427233221885	0.924704282499387	1
chr3:44439695;A|C;Family=13856	0.0363524711025187	0.74867549053199	0.917477041840395	1
chr3:45547599;G|A;Family=11184	0.260466948883141	0.129284537875261	0.448829813091865	1
chr3:45679692;C|T;Family=13835	0.0109592986784174	0.92491348709746	0.975241222299429	1
chr3:45680381;C|T;Family=12006	0.0896001215683392	0.394319863209281	0.743338704667901	1
chr3:45756935;G|C;Family=13684	-0.00628875618491008	0.950900629392172	0.983567102973009	1
chr3:45901659;G|T;Family=14058	-0.846189125304948	0.000330411366971889	0.00475151271757336	1
chr3:45919816;A|T;Family=14292	0.104560833207169	0.353423401422271	0.70868563427754	1
chr3:46710394;T|C;Family=11472	-0.0346721220346981	0.817646262506029	0.939257435379504	1
chr3:47846504;G|A;Family=11356	-0.0849164670119934	0.515138354632061	0.81318166038486	1
chr3:47852360;C|T;Family=13169	0.493716750529943	0.0147682990949872	0.10405306163086	1
chr3:48270786;C|A;Family=14351	-0.160869496905799	0.246355571559934	0.622186928665382	1
chr3:48294675;G|A;Family=13600	-0.0303470585800438	0.804832441100285	0.932157067811776	1
chr3:48404401;G|T;Family=13973	0.0568659038509636	0.691708288965477	0.891017142845996	1
chr3:48415712;C|A;Family=12689	0.248734896660646	0.384651989893316	0.732260351645458	1
chr3:48561884;G|A;Family=12108	0.301763874771435	0.0142679225844424	0.101830691926742	1
chr3:48637346;C|T;Family=13895	0.0932621834024035	0.401619926158285	0.74790793654324	1
chr3:49683365;T|C;Family=12440	0.0430020822259967	0.799058261165494	0.931295193731462	1
chr3:49713972;A|G;Family=13307	-0.215691326145819	0.230231279128064	0.607331519342614	1
chr3:49721483;G|T;Family=12412	-0.0462129066504571	0.717235993214241	0.906895142159033	1
chr3:49724909;A|T;Family=11245	0.0153010851558818	0.936085654393788	0.977612571732158	1
chr3:49724965;G|A;Family=13831	-0.363865329429831	0.0147112821030437	0.103841174405001	1
chr3:50101065;G|A;Family=13900	0.0132871636894495	0.932909700705369	0.977612571732158	1
chr3:50287240;G|T;Family=13486	-0.0869447943033025	0.386461912628365	0.73398022117271	1
chr3:50325514;C|T;Family=22280	-0.0657842127934643	0.495801304159445	0.80118164621824	1
chr3:50326397;C|T;Family=13833	-0.222442401419053	0.239748980654575	0.615174814542431	1
chr3:50584208;G|A;Family=12548	-0.190638198607321	0.199048960327797	0.562789556603268	1
chr3:50607476;C|T;Family=12162	-0.364954015848106	0.00695683900052492	0.0584131971852354	1
chr3:51382348;G|A;Family=22308	0.224313916385065	0.0633241116014438	0.292627249534729	1
chr3:51397631;T|TA;Family=11108	0.224057469307907	0.168620164640905	0.51049655500868	1
chr3:51981177;A|G;Family=13988	-0.336730550265729	0.0791758643327714	0.336431952743661	1
chr3:52710657;G|C;Family=14404	-0.0664296743487907	0.504925098063175	0.808237846128423	1
chr3:52840077;G|T;Family=11736	-0.429693059978268	0.0878020794527273	0.357665395381732	1
chr3:53091713;TC|T;Family=12524	-0.0508659731169951	0.900623676248724	0.969027370884836	1
chr3:53815743;G|A;Family=11196	-0.273443332539803	0.0755043365058293	0.326592270363037	1
chr3:56570051;G|C;Family=14314	-0.151911251002342	0.131981921457618	0.451499705469851	1
chr3:57091151;T|C;Family=11888	-0.0731032099589274	0.719915106982253	0.906895142159033	1
chr3:57095219;G|C;Family=13584	0.0731264829684934	0.603866503828638	0.85878284345224	1
chr3:57627731;CAT|C;Family=11718	-0.300055476347253	0.164070831975547	0.503369306057458	1
chr3:57897178;G|A;Family=12238	-0.215268123983137	0.360399722934989	0.71203976402849	1
chr3:58323856;C|T;Family=11045	-0.262004989241557	0.286650914619547	0.65392968377527	1
chr3:59749398;CT|C;Family=12899	-0.0860920395656325	0.396971289439049	0.744880280823062	1
chr3:62294279;TA|T;Family=14236	0.672009687490793	0.0659601007244665	0.29697456564497	1
chr3:69029837;T|C;Family=14245	-0.000888099519244142	0.995255067320705	0.999404124401772	1
chr3:69108646;A|G;Family=14446	-0.285923545043415	0.0456708845024218	0.232336132912086	1
chr3:70955673;T|C;Family=14259	2.61464988189887	3.31407853073426e-06	8.24029590803216e-05	0.0127724586574499
chr3:71675490;C|A;Family=11753	-0.290557205977475	0.0238619223883329	0.146672805238652	1
chr3:71684633;G|A;Family=11000	-0.429001706604949	0.00566018440811035	0.0504961821964289	1
chr3:73067881;TAACTC|T;Family=13965	0.846634824412794	0.182346397283859	0.537691671868395	1
chr3:8890175;C|T;Family=13026	-0.216309993338226	0.56650524703742	0.835007811243021	1
chr3:8981576;G|A;Family=12907	-0.620273693652155	0.000969428284850761	0.0116391794698281	1
chr3:9047394;C|T;Family=12657	-0.0190462845923756	0.899286274332919	0.968655478278108	1
chr3:9384861;T|C;Family=11325	0.19881708013195	0.163901046672229	0.503369306057458	1
chr3:9447908;G|A;Family=13576	-0.238409551137525	0.122601291765268	0.436696283237839	1
chr3:9476186;G|A;Family=13306	-0.203058997717861	0.286110760070992	0.65392968377527	1
chr3:9499170;C|G;Family=11229	0.0572203961751579	0.691728928748111	0.891017142845996	1
chr3:9499781;G|T;Family=11229	0.139400918485213	0.508015047061093	0.809996116548141	1
chr3:98134403;G|T;Family=11396	-0.603985845546486	0.131088870556115	0.450563473589797	1
chr3:98154572;T|C;Family=13167	0.102678990830525	0.544253121799973	0.82580768953429	1
chr3:98797515;T|C;Family=13160	-0.0540825107139852	0.84801007908356	0.94895106909715	1
chr3:9962571;C|A;Family=12271	0.108951655680704	0.763213215948987	0.92033921632222	1
chr3:9963806;T|C;Family=14017	0.0531451837666811	0.814647885794924	0.938049881043811	1
chr3:99799179;T|C;Family=11115	0.338815548108111	0.378573254183696	0.726242569250356	1
chr4:102723006;G|C;Family=14542	0.173820704059645	0.389379775963149	0.737067611277984	1
chr4:10442850;T|C;Family=12055	-0.215040627410776	0.0722847246606156	0.318019781783119	1
chr4:104469009;G|A;Family=12162	0.238759283910224	0.404813057990866	0.74790793654324	1
chr4:105275518;C|T;Family=11348	-0.0391673566058681	0.789751673120646	0.930727571907569	1
chr4:106247280;G|C;Family=14493	-0.379399228655205	0.0520716382398141	0.253069475127671	1
chr4:107912006;A|C;Family=14147	0.195436526079142	0.443778014547879	0.768948463378416	1
chr4:108005229;A|G;Family=12748	-0.0524160629741759	0.884868398353991	0.961088799045968	1
chr4:109688545;T|TAAAC;Family=12838	-0.912133747065541	0.0141421345143883	0.101393074277816	1
chr4:109713597;T|C;Family=14006	0.262601342588675	0.40251757253522	0.74790793654324	1
chr4:109844314;A|G;Family=12456	0.056625216862156	0.532200053718263	0.82279786808671	1
chr4:110046164;G|A;Family=14414	-0.322194639254155	0.0316845409652919	0.179556559319184	1
chr4:110047183;T|A;Family=14414	-0.231371910732996	0.320745230796189	0.683168455434345	1
chr4:110049519;T|C;Family=14424	0.939733465865767	0.042119091687218	0.219360782922349	1
chr4:112187019;C|T;Family=12689	0.271918406942174	0.487611079133803	0.798035493042404	1
chr4:112190766;C|G;Family=11383	-0.256505901355602	0.22279813026639	0.595054742929084	1
chr4:112539345;G|GA;Family=13870	-0.15424620744099	0.725152410850364	0.908266945536984	1
chr4:113901005;G|C;Family=14175	0.0627756314780897	0.891207468107007	0.964265463808087	1
chr4:113901299;T|G;Family=14175	0.648103096966741	0.0598515649328114	0.281207582119438	1
chr4:11394410;A|C;Family=13066	-0.00744686836551095	0.964439443823041	0.985980572915727	1
chr4:118714922;G|A;Family=14127	-0.166369866447918	0.257808671894254	0.634074423408076	1
chr4:118797718;C|T;Family=12150	-0.0721442886085321	0.586823899401025	0.846415308777518	1
chr4:118817391;G|T;Family=12638	0.201701602267712	0.212371709487039	0.582380612703	1
chr4:119294495;T|C;Family=13277	-0.158583516697187	0.616234022672166	0.863623972137647	1
chr4:120693224;C|T;Family=14233	0.0731847431883789	0.609597168739851	0.860307810032308	1
chr4:120837941;C|T;Family=12613	0.411960105275594	0.126587389235665	0.445541368140871	1
chr4:121668004;G|A;Family=11356	-0.52028687301202	0.299603812128314	0.665893920189795	1
chr4:121817385;A|G;Family=12517	-0.413189059009759	0.485871061433108	0.797507270342078	1
chr4:122922243;T|G;Family=11775	0.166584054200763	0.148573958189173	0.479969853194528	1
chr4:127724380;A|C;Family=11215	0.161027444747049	0.403637272242574	0.74790793654324	1
chr4:127835018;C|T;Family=11415	0.41911259373586	0.367207040241764	0.716928030948205	1
chr4:128017501;C|T;Family=14395	-0.333955722103402	0.143365100622755	0.471441209727047	1
chr4:128862284;C|T;Family=13660	0.0505295556534037	0.716371116137077	0.906895142159033	1
chr4:128874168;A|AT;Family=12507	-0.113535629826918	0.796067157778086	0.930727571907569	1
chr4:129039751;C|T;Family=14514	-0.143702193457557	0.527449165476138	0.820665758475993	1
chr4:133193466;C|A;Family=12637	-0.260932775904677	0.513752045611509	0.811808275435325	1
chr4:133194330;A|G;Family=13504	0.0820564739996138	0.762042838726196	0.92033921632222	1
chr4:134197149;C|T;Family=14288	-0.204501565931292	0.40344628278441	0.74790793654324	1
chr4:13568956;G|A;Family=11245	-0.00262084183159016	0.992252444639423	0.998950626920342	1
chr4:13614601;C|T;Family=22364	-0.0587528444558116	0.80516807475259	0.932157067811776	1
chr4:138164683;C|T;Family=13732	-0.020048606037183	0.944039147196325	0.978307844392211	1
chr4:1387646;AT|A;Family=13916	-0.047193564388801	0.673900851232641	0.886420500211529	1
chr4:1389494;C|T;Family=12782	0.180850086723182	0.17532059729461	0.523787272847618	1
chr4:139045662;G|A;Family=13415	-0.0309551822032504	0.840769744520481	0.947463916778343	1
chr4:1391008;T|G;Family=14198	-0.2428009946955	0.18398014723954	0.539161232773534	1
chr4:139388551;G|A;Family=14016	-0.419639924844273	0.0170474213252175	0.115670355259486	1
chr4:139476470;C|T;Family=13620	0.199727193789259	0.286132676659504	0.65392968377527	1
chr4:139533260;C|T;Family=14081	-0.17379149001453	0.355558836507706	0.711346784218177	1
chr4:139599880;C|A;Family=11266	-0.018940421356409	0.900637271019585	0.969027370884836	1
chr4:139600680;G|A;Family=11422	-0.393212896140727	0.0188309393550534	0.125128345300648	1
chr4:140859934;C|T;Family=12130	0.0261132772834385	0.940379314631037	0.978151545855519	1
chr4:140865880;T|C;Family=13523	-0.0490539642810843	0.901435240154512	0.969173847646282	1
chr4:140866639;T|TA;Family=13683	-0.118414386656144	0.245945055621725	0.622186928665382	1
chr4:141234067;A|G;Family=11172	-0.0339014906371777	0.847048775988803	0.948438693393621	1
chr4:142314758;C|T;Family=12424	-0.290518699494293	0.371547991687561	0.720935907000184	1
chr4:144109810;C|T;Family=11573	0.388856952031678	0.222581333031625	0.595054742929084	1
chr4:145123027;G|A;Family=13548	0.266854890106513	0.558899592559975	0.831417702919047	1
chr4:146514083;G|A;Family=13296	-0.0515556837839875	0.688292368254682	0.89065656155889	1
chr4:146641146;CAAGT|C;Family=12340	-0.379879261498779	0.0255308720613463	0.154710661830862	1
chr4:15069288;GCTGA|G;Family=12738	0.389395176837894	0.00715134120838837	0.0596581676262563	1
chr4:151120728;T|C;Family=14314	-0.0624245463434611	0.779825122400963	0.9285917670394	1
chr4:152628346;T|C;Family=11798	0.305135900647464	0.116073692860825	0.424026551929498	1
chr4:153336200;G|A;Family=11198	0.529003719537345	0.000998451545277588	0.011913412555727	1
chr4:15444954;A|T;Family=11307	0.298868312517547	0.0209100120524608	0.134622758583744	1
chr4:154535187;CACA|C;Family=14351	0.274966399962391	0.404101015835203	0.74790793654324	1
chr4:155713102;T|A;Family=14523	0.219646197369501	0.162420935397804	0.501980982376213	1
chr4:155919994;C|T;Family=12396	0.262129844193053	0.446732124745784	0.771373480631833	1
chr4:158905380;T|G;Family=14047	0.0400659702696284	0.869288583221039	0.955521965720638	1
chr4:158905911;A|C;Family=11979	-0.0163721083412407	0.911124181794316	0.971093085352681	1
chr4:16161394;C|T;Family=11018	-0.156867405120415	0.399034185046966	0.747631380248424	1
chr4:1641396;C|T;Family=14112	0.345154966841662	0.121503945697766	0.434664143697915	1
chr4:165079061;A|G;Family=14208	-0.237969795968839	0.0634572791880867	0.29269911834509	1
chr4:166074932;C|T;Family=13092	-0.0855002226460321	0.606176245140617	0.858996360623898	1
chr4:166734175;A|T;Family=11447	0.245232802581807	0.465424837037642	0.784797220526779	1
chr4:167000419;G|C;Family=14373	-0.0870518291337325	0.440132902051564	0.766081956533469	1
chr4:1692863;TAAC|T;Family=14411	-0.210228859765547	0.550943862126233	0.829428767435352	1
chr4:1717219;G|A;Family=14292	-0.0563895403387067	0.823469391007872	0.939759015554068	1
chr4:173331978;A|C;Family=11280	0.190801329072236	0.538100427722382	0.82359998398004	1
chr4:174637083;T|A;Family=13898	-0.385307768905155	0.341907970587387	0.697630428244105	1
chr4:17629337;A|G;Family=13131	-0.0645318052415091	0.646698507276505	0.87616024464433	1
chr4:176328690;T|C;Family=14137	-0.343270984453349	0.220384645367769	0.592706265878947	1
chr4:17802844;T|C;Family=11107	0.298082631404506	0.105972643398275	0.402382825277786	1
chr4:17817327;T|C;Family=11086	-0.0569113058656845	0.674590380674732	0.886420500211529	1
chr4:1805617;G|A;Family=11966	0.0627838145719338	0.665871167117866	0.884005331750691	1
chr4:183253800;G|C;Family=14285	-0.72163178779347	0.00127870740321793	0.0148437901566323	1
chr4:184089729;G|A;Family=14560	-0.134990885406789	0.262151770822983	0.637234002187622	1
chr4:185366907;T|TA;Family=11412	0.0994478600920204	0.531702700568082	0.82279786808671	1
chr4:186274383;A|G;Family=13742	-0.0450006924811662	0.905750009394048	0.969664121542712	1
chr4:1942178;A|T;Family=11057	-1.17503967230687	0.00837775880860994	0.0680022673679567	1
chr4:1942314;T|C;Family=12346	0.232796326361278	0.301719905787291	0.666912671943351	1
chr4:1947391;C|T;Family=11537	0.104423661870583	0.589391893438979	0.848213725658636	1
chr4:2065821;G|A;Family=13928	0.296692709898998	0.0648877373076905	0.296651648379406	1
chr4:23883160;G|T;Family=13692	0.457262909052564	1.78347607721586e-05	0.00036367813765026	0.0687351680158992
chr4:2512438;AAAG|A;Family=13927	0.0880421340504493	0.440388153168136	0.766081956533469	1
chr4:25677688;C|T;Family=13409	0.00466936789821404	0.975310629066733	0.992201907831216	1
chr4:25678077;A|G;Family=11256	0.083685547704302	0.471268612893609	0.786738079008401	1
chr4:26432168;G|T;Family=13336	0.157938983688123	0.499798693484291	0.804751486970852	1
chr4:2833952;G|A;Family=12343	-0.28758888048726	0.019793012906847	0.13039704571451	1
chr4:2838715;A|G;Family=13152	0.0625670098655343	0.573470321039873	0.839724398665527	1
chr4:2938451;T|C;Family=14379	-0.012009535456201	0.919073921852322	0.973933569308383	1
chr4:2965551;A|C;Family=14022	-0.0543892691179311	0.679481995720605	0.888255436039652	1
chr4:2966118;A|G;Family=12719	-0.115295483430305	0.448521241918937	0.773423206423079	1
chr4:31144075;G|A;Family=11933	0.738761310868869	0.0104587062314217	0.0812123451047141	1
chr4:3255979;G|A;Family=12802	0.115617797686884	0.540429631828796	0.824877544977498	1
chr4:3256094;C|G;Family=11346	-0.386328919177121	0.0157869424342664	0.109626803858851	1
chr4:3493275;C|T;Family=12749	-0.133426134614353	0.544846378291252	0.826018128350685	1
chr4:3493768;G|C;Family=14485	0.00968646697319015	0.961902893339249	0.985980572915727	1
chr4:38690744;C|T;Family=11067	-0.0175352396503274	0.876509779348522	0.958589298981046	1
chr4:39547814;A|G;Family=14460	0.207700955948519	0.657098930039849	0.878860630838998	1
chr4:39898284;A|G;Family=12108	0.0658937530404761	0.866905359294332	0.954170863047331	1
chr4:40157562;C|T;Family=11413	0.297947084259003	0.178915804130652	0.531093193545929	1
chr4:42412029;T|C;Family=13822	0.0438144570715331	0.82807172315613	0.942179965812435	1
chr4:4321136;C|T;Family=11946	0.0399403163833403	0.760660913817844	0.919281016573838	1
chr4:44699882;C|T;Family=13543	-0.0350487802950545	0.925945561623055	0.975241222299429	1
chr4:44706524;T|C;Family=12778	-0.411385291714618	0.1908846817669	0.550650870905414	1
chr4:51994125;T|G;Family=14044	0.103719182377403	0.524004039282924	0.8194957681801	1
chr4:52022904;T|C;Family=13694	0.818653049250492	0.119149336281866	0.430391752164015	1
chr4:52592741;A|C;Family=11491	0.137844945142897	0.113930360361379	0.418302094118766	1
chr4:52596840;C|T;Family=14670	-0.341717556440638	0.0291155608135881	0.170301297695285	1
chr4:54296702;G|A;Family=11096	0.176161458009692	0.195786664387465	0.559349002631053	1
chr4:54740149;T|G;Family=14541	-0.191939970423155	0.097861765647548	0.381024259947388	1
chr4:56393831;T|C;Family=14535	0.524793593907641	0.0101951143311968	0.0799343009479418	1
chr4:5897783;G|T;Family=11498	-0.116617905139455	0.432714912103841	0.762966568364489	1
chr4:6322500;G|A;Family=13341	-0.0592387370105872	0.697326687105371	0.893324785813332	1
chr4:6323061;C|G;Family=13737	-0.121198349401719	0.566579869942429	0.835007811243021	1
chr4:67606634;T|C;Family=12662	-0.0278938086242959	0.932122698081386	0.977524048545759	1
chr4:67821539;G|C;Family=22016	-0.096423723629202	0.792464700145912	0.930727571907569	1
chr4:68227184;G|A;Family=13592	0.29503777065366	0.525117127351792	0.8194957681801	1
chr4:68311189;G|C;Family=14134	-0.297923837687253	0.0104578150676298	0.0812123451047141	1
chr4:68497139;A|G;Family=11101	0.272469734961405	0.408520405853502	0.748665761744345	1
chr4:6881297;A|T;Family=13005	-0.10856319795482	0.433119373459404	0.762966568364489	1
chr4:6883369;A|C;Family=14686	-0.0817894791675738	0.87018076302355	0.955975685502654	1
chr4:69480687;G|T;Family=12113	0.194749122656575	0.207006413308544	0.574785819085826	1
chr4:70158581;C|T;Family=11075	-0.248556229242356	0.0498892275064758	0.24713763857321	1
chr4:7032861;G|A;Family=11489	-0.23465842494134	0.130015226881656	0.449533727079845	1
chr4:70815920;A|G;Family=11263	0.0420432321771521	0.807380886205666	0.933307119207149	1
chr4:70817047;AG|A;Family=13265	-0.253730252718666	0.625403092135261	0.867015653629244	1
chr4:70817164;CAAGTTT|C;Family=12175	2.87205857101055	1.3909537965172e-06	3.80194037714702e-05	0.00536073593177729
chr4:71568932;C|T;Family=11916	-0.0613601700025804	0.71484114590874	0.906249268530357	1
chr4:7431400;G|A;Family=14681	0.0959892958658365	0.559596086869336	0.831417702919047	1
chr4:75655166;A|G;Family=12523	-0.103145539963864	0.683175710488819	0.890114668094628	1
chr4:76159602;G|A;Family=11381	0.19969379517389	0.140492205629843	0.466206210866147	1
chr4:76159718;C|CA;Family=14329	-0.189417670229176	0.0298700714612258	0.172592586823934	1
chr4:76179611;A|G;Family=13195	0.174179925510166	0.18759500044284	0.544016577058378	1
chr4:76263795;A|G;Family=11497	-0.0175360882722613	0.898164041633979	0.968655478278108	1
chr4:767899;C|T;Family=13879	0.196771857318577	0.3512693596242	0.706636275551165	1
chr4:7741984;G|A;Family=11258	-0.198833430740154	0.154065644235671	0.48801634485369	1
chr4:7742481;T|C;Family=13628	0.0689818409414269	0.854612433342712	0.950722998391178	1
chr4:77717094;A|C;Family=12972	0.324209045951991	0.343871329295211	0.699725503222673	1
chr4:77718086;T|G;Family=14346	0.539192615100723	0.211379115129912	0.580889287087191	1
chr4:78071689;C|T;Family=11325	-0.179596812274787	0.525102017859034	0.8194957681801	1
chr4:78446141;A|G;Family=11933	-0.144580620230115	0.508505282102788	0.809996116548141	1
chr4:78912468;T|C;Family=11673	0.0955710560114489	0.823698404191151	0.939759015554068	1
chr4:78919845;C|T;Family=11450	0.112362110864625	0.688928035509136	0.89065656155889	1
chr4:78920280;CGTT|C;Family=13034	0.227195781627694	0.0527295580195437	0.255622285040656	1
chr4:78926636;G|A;Family=13748	0.000298115737665028	0.998207223602589	0.999466630671878	1
chr4:7966592;A|G;Family=11407	-0.294103479458491	0.188063966504796	0.544143038220332	1
chr4:79903699;G|A;Family=13578	0.17760764001047	0.614583549459473	0.862528590537337	1
chr4:8007268;G|A;Family=11031	-0.24747470735782	0.177855931054864	0.529026822809738	1
chr4:80870473;A|G;Family=13997	0.00591335535794826	0.941193639812851	0.978151545855519	1
chr4:81054276;T|A;Family=14419	-0.354490278105921	0.336341652202841	0.693929725690443	1
chr4:81088749;CGAT|C;Family=13444	1.96431255488624	0.000251673818899749	0.00373518798609045	0.969950898039634
chr4:82355303;C|T;Family=11041	-0.799998822774923	0.0870682684772287	0.355844227689544	1
chr4:82423553;G|C;Family=12673	-0.157112185116794	0.477457007251029	0.791126429865222	1
chr4:82917533;T|A;Family=11109	-2.11481224646753	0.00238179745303848	0.0250121182125621	1
chr4:82918607;C|A;Family=11568	0.10654888569652	0.72921455798613	0.910691155696224	1
chr4:82927114;A|G;Family=12320	-0.683251655280982	0.0156639492767402	0.108969062297034	1
chr4:82931083;C|T;Family=13916	-0.0186886480963074	0.915922470517264	0.972978280422694	1
chr4:83459557;C|T;Family=14608	-0.221895623230944	0.621891203654042	0.866510737123166	1
chr4:83462178;C|T;Family=13054	-0.444703959098516	0.00412993147859013	0.0392038323115427	1
chr4:83605812;T|C;Family=11346	0.914974837730036	0.106258237467214	0.403070125195515	1
chr4:84649853;GAAA|G;Family=12867	0.641485449088955	0.000223611134483881	0.00343345542749354	0.861797312300878
chr4:849961;G|A;Family=11798	0.367316000133841	0.0370659696054678	0.201200347689398	1
chr4:8606838;G|A;Family=12529	0.159693918226116	0.263349757122128	0.639137256894636	1
chr4:8618435;C|T;Family=12656	0.0823462768913794	0.535401108394992	0.82279786808671	1
chr4:87812148;T|C;Family=11310	0.0481349030533081	0.851865143586402	0.949692873411048	1
chr4:88707192;T|G;Family=13568	0.0671572187157429	0.644827074551041	0.875365813779399	1
chr4:95156901;A|G;Family=11368	-0.623425963458917	0.0113860716458354	0.0865521106963506	1
chr4:95167823;A|G;Family=13344	0.0652430077830114	0.505454553417768	0.808478665039648	1
chr4:95169196;T|C;Family=13654	-0.127415557822978	0.429835107202273	0.762835277892165	1
chr4:98471525;A|G;Family=13089	-0.0374330340511284	0.846524520547689	0.948214533645045	1
chr4:98874417;GCAC|G;Family=12860	0.0372107921028582	0.832321734606057	0.943044032783225	1
chr5:103277917;C|A;Family=11490	-0.0509355093592062	0.883618177199013	0.961088799045968	1
chr5:103549489;T|C;Family=13651	0.727104526708602	0.0881026996733311	0.357795368325625	1
chr5:1038589;G|A;Family=14036	-0.0379815560318339	0.836248774395602	0.944407581025247	1
chr5:10651985;A|G;Family=12572	-0.0271759697262759	0.867284572967933	0.954170863047331	1
chr5:10655067;C|T;Family=11954	0.174142978274497	0.132472607189729	0.452213842435091	1
chr5:107878371;G|A;Family=12645	-0.690257007436789	0.16842359939633	0.51049655500868	1
chr5:107880810;T|C;Family=12071	-0.40294684762918	0.264603542404123	0.640164502464212	1
chr5:109194136;G|C;Family=14596	-0.105470327844528	0.467910569269483	0.786346614600163	1
chr5:109195086;A|G;Family=13894	0.031210604194175	0.885402881507079	0.961088799045968	1
chr5:109196078;A|G;Family=12969	-0.0262220486437373	0.909626860006465	0.970294898273979	1
chr5:11017999;C|T;Family=12467	0.175686964387324	0.330113426531369	0.688078499649484	1
chr5:111473367;G|A;Family=11933	0.0982993816326492	0.553059819035013	0.830296632883807	1
chr5:112164264;A|G;Family=12758	0.629805514181378	0.258277649026721	0.634287281707208	1
chr5:113018686;G|C;Family=13160	-0.0729461886696833	0.50208442892067	0.806692489689128	1
chr5:113532927;C|T;Family=11788	0.0987375661745791	0.617428739195182	0.863655714625198	1
chr5:115126066;G|C;Family=14291	0.086662643784448	0.805408331082579	0.932157067811776	1
chr5:115206875;G|A;Family=12206	-0.127573353378553	0.721468735303476	0.906895142159033	1
chr5:115522383;T|C;Family=11957	0.434703408661576	0.297532904630578	0.665134463135874	1
chr5:115805085;TC|T;Family=14481	-0.464479838431152	0.00747093934894854	0.0618596613492169	1
chr5:123193715;A|G;Family=13843	-0.185901201155444	0.612218552974108	0.86112784786942	1
chr5:124637274;C|A;Family=13876	-0.199714468874659	0.508662953716125	0.809996116548141	1
chr5:126543387;C|T;Family=14129	-0.0773615298524287	0.673939083914371	0.886420500211529	1
chr5:127051416;G|A;Family=11524	0.0353891735921502	0.797271109788601	0.930727571907569	1
chr5:128259231;A|G;Family=13947	1.03454329690418	0.020840297432291	0.134622758583744	1
chr5:131200111;T|G;Family=13486	0.305616008452809	0.410735867837405	0.748665761744345	1
chr5:132483133;G|A;Family=13575	0.190809953660221	0.594232361627435	0.852315415598115	1
chr5:132861482;T|C;Family=14463	0.297412822769311	0.208618475737172	0.577508532480159	1
chr5:134579061;G|T;Family=22231	-0.010843902902934	0.936458895530101	0.977612571732158	1
chr5:134602714;C|T;Family=13064	-0.140585893342674	0.343156710769155	0.698640234180837	1
chr5:134603713;C|G;Family=12175	0.35615483378307	0.000955068651841431	0.0115386664081407	1
chr5:134606769;C|T;Family=11300	-0.58170072349312	0.27783070255482	0.650917645985578	1
chr5:134751145;T|C;Family=14206	0.0980106012632219	0.732800832715015	0.911964612963006	1
chr5:134751653;A|C;Family=12705	-0.0883576977714257	0.796265396827576	0.930727571907569	1
chr5:134900029;ACT|A;Family=14032	0.0101783970089826	0.960970134669246	0.985980572915727	1
chr5:135446401;G|A;Family=13053	-0.170075841344365	0.263864851422374	0.639581847409956	1
chr5:135826564;C|T;Family=13620	-0.156403142510723	0.312022452353708	0.676455962214118	1
chr5:135872456;C|T;Family=12162	-0.044215403290563	0.758992711017553	0.919048538618833	1
chr5:135947137;G|A;Family=14686	0.144362296152867	0.799976305027871	0.931514859006672	1
chr5:136247596;C|T;Family=14339	0.0308208948815689	0.717009639130035	0.906895142159033	1
chr5:136977317;C|T;Family=11388	0.0440758507962439	0.784797465672787	0.930727571907569	1
chr5:136978143;T|C;Family=12997	0.686818322954816	0.0235082429170146	0.145426594224999	1
chr5:137620150;C|T;Family=13812	0.333988273835079	0.0100088634213782	0.0788837620163429	1
chr5:138160986;G|T;Family=12837	-0.199158436385016	0.569676337828881	0.836074868999432	1
chr5:138468105;A|G;Family=11721	0.100800727649191	0.533741983364515	0.82279786808671	1
chr5:138506911;AG|A;Family=14015	0.682028039200757	4.17217312959588e-05	0.000776790108283214	0.160795552414625
chr5:139412675;C|A;Family=11254	0.20202980521726	0.207699673103725	0.576295565256843	1
chr5:139448778;C|T;Family=11696	-0.196826541087386	0.220996083048274	0.592706265878947	1
chr5:139473349;C|T;Family=13750	0.0198963409362028	0.887942858205056	0.961813315211435	1
chr5:139844466;A|G;Family=13985	-0.115502629117738	0.711860779545232	0.903657420790811	1
chr5:140116673;C|T;Family=12118	0.233770687102436	0.666885476567822	0.884742384403575	1
chr5:140566826;G|A;Family=12456	-0.0586933207831049	0.760033421414418	0.919061000736783	1
chr5:140668697;C|T;Family=13589	-0.143011486165986	0.321005740489584	0.683168455434345	1
chr5:141011417;G|A;Family=12494	-0.0799895257474648	0.741680883170516	0.914674502874777	1
chr5:141098268;T|G;Family=14118	0.526875067509569	0.211025539369162	0.580889287087191	1
chr5:141124503;C|T;Family=13577	0.0744785277485156	0.807326899129937	0.933307119207149	1
chr5:141218712;C|T;Family=13612	0.142110159794609	0.204969636605348	0.572519069676315	1
chr5:141511592;C|T;Family=12261	0.243659692718041	0.0195438470739437	0.129419221001682	1
chr5:141574181;C|T;Family=11265	0.0831923423593392	0.593241661051426	0.851664819492705	1
chr5:141944620;C|T;Family=13064	-0.192414373656669	0.312971129982142	0.677635244354592	1
chr5:144485013;G|A;Family=11918	-0.0714305401894716	0.647631609832493	0.87616024464433	1
chr5:146063236;G|A;Family=12628	-0.88559662878259	2.15547645283459e-06	5.53813749948302e-05	0.00830720624922452
chr5:146510584;G|A;Family=14540	-0.205832059002499	0.0766108486398491	0.33023022820071	1
chr5:14708976;T|TCTGC;Family=11700	-0.865842335611153	2.40703474353252e-05	0.000481958743002	0.0927671190157433
chr5:148286243;G|A;Family=12932	-0.285562649935134	0.47452444048811	0.789303924748026	1
chr5:149042833;G|A;Family=12497	0.139925041413344	0.12222517440709	0.436567027029589	1
chr5:149369334;G|A;Family=13586	0.0240648918637294	0.861362158861592	0.95311219071277	1
chr5:149632765;G|A;Family=12908	0.205396376849571	0.293461032144736	0.660244493803743	1
chr5:149852282;CCT|C;Family=12053	0.273639764832734	0.0553666491193253	0.265926434026494	1
chr5:150114767;G|A;Family=14044	0.262245690523275	0.0783120957829126	0.334235677904037	1
chr5:150132781;C|T;Family=14058	0.421906375453639	0.0196440731534745	0.129859790623484	1
chr5:150296819;C|G;Family=12802	0.233476961575863	0.245962527894559	0.622186928665382	1
chr5:150405353;G|T;Family=12790	-0.217987517874857	0.0487347470135267	0.243063452786608	1
chr5:150651253;G|A;Family=12972	0.0435451211387917	0.726314293512575	0.908663352475756	1
chr5:150653430;C|A;Family=11118	0.0149242462003768	0.908589703850233	0.969978585997358	1
chr5:150715573;G|A;Family=11250	-0.0439147088295892	0.635607915070204	0.869522783998248	1
chr5:151181061;G|A;Family=12681	-0.165676838682769	0.245072045377456	0.621837098403631	1
chr5:151315542;G|A;Family=13503	-0.192642895487561	0.315059623469446	0.679582163874241	1
chr5:151794181;A|G;Family=14642	-0.171936373689925	0.421547905708687	0.757856482031708	1
chr5:153991515;CA|C;Family=11676	0.235340107155875	0.41234977156879	0.748780003653022	1
chr5:153992232;T|C;Family=11519	0.0470342066332587	0.633195181652915	0.869522783998248	1
chr5:154417976;C|T;Family=14214	0.231222982196423	0.14153055704851	0.467803402114029	1
chr5:154968991;A|T;Family=11634	0.227901330705561	0.267811267832452	0.643041746208391	1
chr5:157086815;CCCA|C;Family=14307	-0.130732390204213	0.432268772707521	0.762966568364489	1
chr5:157502848;G|A;Family=14455	-0.0174253220430987	0.966901659880697	0.987397720503499	1
chr5:157759964;G|A;Family=11055	-0.0198646184470626	0.907500050859494	0.969664121542712	1
chr5:158698174;C|T;Family=14456	-0.249211058554105	0.055407090431571	0.265926434026494	1
chr5:160259707;C|A;Family=14681	0.0807378919058401	0.69571704901267	0.892400370680246	1
chr5:161289036;T|A;Family=11931	-0.0670528781302861	0.542751825235563	0.825588429732742	1
chr5:161897364;A|G;Family=14046	-0.11695766733233	0.273245252951643	0.645616942968411	1
chr5:162153429;T|A;Family=14317	-0.159321225809762	0.379903080150552	0.72734548976663	1
chr5:162159552;G|A;Family=11827	-0.395132815895098	0.0836659508654287	0.34897031886944	1
chr5:169598511;C|T;Family=11336	0.0403953196746357	0.92727277776974	0.975875117467818	1
chr5:170047567;T|TA;Family=12916	-0.165138220997563	0.043547234369466	0.225579356532153	1
chr5:171028985;T|G;Family=14333	-0.617768497045332	0.00361325703635902	0.0350768076023367	1
chr5:172044771;G|A;Family=14563	0.145097624219577	0.154931362348147	0.489224139537333	1
chr5:172044784;C|T;Family=11298	-0.0431121250427705	0.735777441503386	0.912885205628075	1
chr5:172334322;C|G;Family=13151	0.0591048699505937	0.698811726120405	0.89416347691502	1
chr5:172690788;T|A;Family=11159	-0.169594539603408	0.136468168262598	0.458445429608074	1
chr5:172950895;A|C;Family=11895	-0.121095496357426	0.32594837014532	0.686095268823958	1
chr5:173092121;A|C;Family=14185	0.311546581340421	0.461636697728619	0.782043003536746	1
chr5:173958259;G|A;Family=13290	-0.0153383783426646	0.959141983909286	0.985980572915727	1
chr5:175709168;A|G;Family=11079	-0.0727092499505533	0.38367568745517	0.732260351645458	1
chr5:175883914;C|T;Family=11707	0.123916041180519	0.457521801640451	0.779669188777314	1
chr5:176378052;G|A;Family=13582	0.287080978442775	0.0867452150998828	0.354900274941559	1
chr5:176508338;GT|G;Family=13975	-0.634826189210045	0.000521932769418304	0.00696030758940534	1
chr5:176508958;G|A;Family=11671	-0.23195252144319	0.221350631920943	0.593244322269342	1
chr5:176526703;G|A;Family=13629	-0.791895532044837	0.00319858544974349	0.0318536132385308	1
chr5:177307387;G|C;Family=12817	0.215983696865026	0.173041284236094	0.520001559353941	1
chr5:177490390;G|A;Family=14124	-0.131971737712447	0.579892000951913	0.84388994569329	1
chr5:177524227;G|A;Family=11781	0.100969308828426	0.674822790272869	0.886423665205058	1
chr5:178123185;G|A;Family=12858	-0.108793383870591	0.458819335793189	0.779669188777314	1
chr5:178123307;G|A;Family=12563	-0.0430940474548095	0.800059925848638	0.931514859006672	1
chr5:178619898;T|C;Family=12618	-0.264713189015444	0.199872166544138	0.56350207012517	1
chr5:178620162;A|G;Family=14288	0.04244374650032	0.839664155466487	0.946843615679736	1
chr5:178979903;C|G;Family=12739	-0.0903407659986648	0.563438224631288	0.833401565395305	1
chr5:179917699;TA|T;Family=12795	0.232536479305005	0.0638843526911012	0.29345684776103	1
chr5:180241066;T|C;Family=11563	0.165605057228531	0.402798818530336	0.74790793654324	1
chr5:180791412;T|C;Family=14263	0.107305954368379	0.45684062785501	0.779399636898278	1
chr5:180950161;G|A;Family=14696	-0.281684815195332	0.0251237052314579	0.152964865658829	1
chr5:181006559;C|T;Family=12899	-0.197973987937868	0.561270639954891	0.832269565676963	1
chr5:188554;TGAC|T;Family=13874	0.494446262143922	3.1827640843444e-07	9.50881610935141e-06	0.00122663727810633
chr5:24492863;GA|G;Family=12329	0.0896128243919349	0.696625242917118	0.893144938856478	1
chr5:2754211;C|T;Family=12498	-0.0519210492092196	0.67530196817426	0.886750863830869	1
chr5:31328224;T|C;Family=13914	1.145887792421	0.00578694156953116	0.0512239445530414	1
chr5:32787669;G|A;Family=12888	-0.00970511645444384	0.955627581401658	0.985282226121481	1
chr5:33947127;G|A;Family=13885	-0.21135672020103	0.110854646167942	0.413185499353237	1
chr5:35060331;G|A;Family=14513	0.168790628361333	0.438127823426093	0.766081956533469	1
chr5:35876241;G|A;Family=14310	-0.0964528813493008	0.656458444671573	0.878860630838998	1
chr5:36100376;T|C;Family=12415	-0.0852840295841448	0.690062400834158	0.89065656155889	1
chr5:36103518;G|GT;Family=11348	-0.188206087815282	0.471559844895145	0.786738079008401	1
chr5:36194589;A|G;Family=12858	0.34689336036726	0.532919749974532	0.82279786808671	1
chr5:38947440;A|T;Family=14188	-0.0521895592576321	0.874259690924581	0.957487027230274	1
chr5:40760134;C|T;Family=14336	-0.0475608541819221	0.912025892849937	0.971434541554318	1
chr5:40981661;C|T;Family=13148	-0.0572019820228187	0.638695053850185	0.870721873908247	1
chr5:41310859;C|T;Family=11055	-0.0608304836870304	0.59912669856238	0.856949364209242	1
chr5:42721448;G|C;Family=11931	0.116208728617248	0.687882849482393	0.89065656155889	1
chr5:43380844;A|G;Family=11348	-0.691715377531414	0.187596790583961	0.544016577058378	1
chr5:43444768;T|C;Family=12605	-0.454880055397516	0.318431538291648	0.680808571815758	1
chr5:52952473;A|G;Family=12415	0.306853854694011	0.497013383638465	0.802467356741787	1
chr5:52954074;C|A;Family=14285	-0.181339013991763	0.235299232155562	0.611823303246514	1
chr5:53045071;C|T;Family=12430	-0.331014934914749	0.0361994627209463	0.197330593106828	1
chr5:5319376;CAG|C;Family=14124	-0.359158908626137	0.295626583982369	0.663244329068371	1
chr5:53486850;G|A;Family=11325	-0.0161136042823361	0.911588276348994	0.971319108943606	1
chr5:53573684;G|A;Family=12313	-0.220265711362092	0.0276850713840097	0.164302206715609	1
chr5:55350930;A|G;Family=22349	0.123672766507768	0.545380527634927	0.8262171987048	1
chr5:55936960;T|C;Family=14472	0.261544633576752	0.431940293554996	0.762966568364489	1
chr5:56894370;G|GA;Family=13298	-0.2015454530495	0.628661399805675	0.869032911073625	1
chr5:56895756;A|G;Family=12233	-0.062861908723095	0.865271176890569	0.954170863047331	1
chr5:58454338;G|A;Family=11654	0.133530797352695	0.44319643001048	0.768712439811156	1
chr5:58970567;A|G;Family=13645	-0.0968366702394135	0.704233225471047	0.897621189948717	1
chr5:58973604;T|TATC;Family=14653	0.0615283857996529	0.657279149048455	0.878860630838998	1
chr5:64721648;A|C;Family=13736	0.00988164944067553	0.951827309856602	0.983997438891455	1
chr5:6491759;G|A;Family=11694	-0.101716073197383	0.213158043280754	0.583459587218769	1
chr5:6493758;C|T;Family=14303	0.143677393462691	0.0984954235325306	0.383048801507944	1
chr5:6494271;A|G;Family=13042	-0.0901096162925726	0.284039811274215	0.65392968377527	1
chr5:65297209;C|T;Family=12792	0.248785101247413	0.377045286867835	0.724032155250941	1
chr5:65591350;T|A;Family=11834	0.280746305355897	0.101709592541136	0.392381150804344	1
chr5:66180575;CTCT|C;Family=12237	0.137368985618672	0.268725900337509	0.643041746208391	1
chr5:662515;C|T;Family=14264	0.344566927064217	0.251385825682664	0.627487676283023	1
chr5:663304;C|T;Family=13287	0.413020659549812	0.135929408071874	0.457637561419022	1
chr5:72205719;G|A;Family=12834	-0.166616581282668	0.309504642751796	0.675571725315019	1
chr5:72366272;T|G;Family=13547	-0.120695128120074	0.796161735549452	0.930727571907569	1
chr5:74779164;CAAGAAT|C;Family=11060	1.99955605005694	0.000146195844899963	0.00236972511973115	0.563438786244457
chr5:74779462;ATATC|A;Family=11075	-0.454275094094	0.236760646610044	0.613222803787035	1
chr5:76327253;G|C;Family=11350	-7.10138672386094	6.97140366495615e-29	1.34338948623705e-25	2.6867789724741e-25
chr5:76617391;G|A;Family=14336	-0.0307876123010127	0.72511444737629	0.908266945536984	1
chr5:76627438;G|A;Family=12324	0.272318668657435	0.220761115726385	0.592706265878947	1
chr5:76834865;T|C;Family=13823	0.0849771934400963	0.780696503777076	0.928643310357053	1
chr5:78485842;C|T;Family=12582	-0.566740964240954	0.000878964570510711	0.010735624586821	1
chr5:79373237;A|C;Family=12055	0.103260112580882	0.820632473105693	0.939471036171205	1
chr5:80113607;C|T;Family=14534	-0.13872163509262	0.342225454055366	0.697630428244105	1
chr5:80113608;A|G;Family=14534	-0.0125569454708006	0.942359361993968	0.978151545855519	1
chr5:80142876;A|C;Family=11245	-0.0578837693217986	0.719508731864752	0.906895142159033	1
chr5:82273768;G|T;Family=14424	0.255464571514114	0.0726916892796543	0.319445576378321	1
chr5:9041297;G|GT;Family=11455	0.0922003097272888	0.759037752574921	0.919048538618833	1
chr5:90848652;A|G;Family=12832	-0.188257628792878	0.776379227323368	0.927515667112293	1
chr5:91369300;A|G;Family=11590	-0.0907943914380037	0.692819750657419	0.891986808245301	1
chr5:94705821;CATT|C;Family=12396	-0.247829043338712	0.144841178541324	0.474675086818252	1
chr5:96774034;T|G;Family=14328	0.259978698684237	0.214287983091756	0.584508446806138	1
chr5:97032967;C|A;Family=14226	-0.688605595049411	0.278954506602229	0.651570102087873	1
chr5:98855389;T|C;Family=12952	0.0835560513604936	0.668814851274933	0.88547701400202	1
chr5:98858989;C|CA;Family=14559	-0.0946581501872086	0.589875787114923	0.848593237603924	1
chr6:100655708;CT|C;Family=13234	-0.00903812663897156	0.977458681075218	0.992201907831216	1
chr6:101745058;T|C;Family=11572	0.511074382046358	0.303179152071063	0.668833687511093	1
chr6:104728706;C|T;Family=14506	-0.113494033194965	0.651531332368808	0.878261916160868	1
chr6:104729279;G|A;Family=11115	-0.12017024582235	0.748693642083042	0.917477041840395	1
chr6:105079279;G|C;Family=11413	0.226928945529341	0.644767424246105	0.875365813779399	1
chr6:105081775;A|G;Family=12007	0.148858582056173	0.27260372722231	0.645616942968411	1
chr6:106185755;T|C;Family=13333	0.320554094004789	0.0327942427569893	0.183829016002177	1
chr6:109980371;G|A;Family=11437	0.181390756647247	0.617601232357822	0.863655714625198	1
chr6:110612870;A|G;Family=11004	-0.278031131333914	0.0857108361818871	0.353578909804409	1
chr6:113935667;C|G;Family=14185	0.223637551510658	0.549861818852799	0.829411804157302	1
chr6:115936149;G|A;Family=14571	-0.00123056900875136	0.99191634765452	0.998950626920342	1
chr6:115939250;C|T;Family=14292	-0.128817676538453	0.693945604786283	0.892083509288303	1
chr6:115940637;AAAAC|A;Family=14568	0.595683232134709	0.0413758318237678	0.216073788413009	1
chr6:116119997;A|G;Family=13165	-0.410915871793085	0.121579643722458	0.434664143697915	1
chr6:116439914;C|T;Family=12626	-0.121031604725359	0.622263798654442	0.866716544999717	1
chr6:116523303;G|A;Family=12285	-0.410021650527905	0.258045425937668	0.634251958905467	1
chr6:118908858;T|C;Family=13579	0.295574349924076	0.150616550527165	0.48307236388229	1
chr6:121449531;T|C;Family=12795	0.0351055807025392	0.86484258519119	0.954170863047331	1
chr6:122445018;T|C;Family=14189	0.292264841573366	0.0644519688689428	0.29500936819585	1
chr6:122781941;G|A;Family=11031	-0.15032537514631	0.411630189189483	0.748665761744345	1
chr6:123218361;T|C;Family=12853	0.00271282404269935	0.991396696552505	0.998950626920342	1
chr6:125931978;C|T;Family=13776	0.0714794870737665	0.682713560135891	0.890062402256517	1
chr6:125979905;G|A;Family=13867	0.548567999133261	0.12904256992146	0.448829813091865	1
chr6:128005227;C|T;Family=13629	-0.204232739514146	0.287682079064902	0.654116066499193	1
chr6:130882353;T|C;Family=11189	-0.0461746081347363	0.687461332880507	0.89065656155889	1
chr6:132447822;T|C;Family=13872	-0.514880927613593	0.288138262328575	0.654767018286749	1
chr6:132682546;G|A;Family=13951	0.449668414073726	0.0112158982120424	0.0855961816023991	1
chr6:13360189;A|G;Family=13028	0.242721645340682	0.00655952231062798	0.056355832696196	1
chr6:13363690;G|A;Family=12821	0.138657339869911	0.273376346980844	0.645616942968411	1
chr6:133988725;C|CT;Family=14482	0.399025000676519	0.131170788107875	0.450563473589797	1
chr6:133989378;A|G;Family=14554	-0.141201382297827	0.705934861149121	0.898681591956412	1
chr6:135283717;TCTTA|T;Family=13335	0.211283750350552	0.283604422497425	0.65392968377527	1
chr6:13613509;T|C;Family=13317	0.0211753838977413	0.885018140053854	0.961088799045968	1
chr6:13786805;CAAAA|C;Family=14453	0.624082450868488	0.135138224932171	0.457637561419022	1
chr6:138337102;C|T;Family=14416	0.234578772528833	0.477467585850157	0.791126429865222	1
chr6:138382950;A|G;Family=13880	0.490266946401298	0.00747965806661522	0.0618596613492169	1
chr6:139178259;G|T;Family=12011	-0.17726147815574	0.443641518625056	0.768948463378416	1
chr6:139179044;A|G;Family=13992	0.601122063485621	0.0133070743833947	0.0975008834098923	1
chr6:145793967;T|G;Family=11471	0.430782636491837	0.191115544068405	0.550904492774595	1
chr6:145799581;G|A;Family=13518	-0.303389702434056	0.420448755439878	0.757200702553873	1
chr6:145935370;A|T;Family=12689	-0.0506462965607704	0.702734987292779	0.897395838643596	1
chr6:147386774;C|T;Family=14271	0.108132875669328	0.668430441481059	0.88547701400202	1
chr6:147569681;A|G;Family=12738	-0.103662667097569	0.286642592736304	0.65392968377527	1
chr6:149594921;T|TA;Family=13773	0.37596275518468	0.402689140913217	0.74790793654324	1
chr6:149683103;T|G;Family=14692	0.2352966531895	0.305887899514491	0.67249969465422	1
chr6:149802392;CTCTT|C;Family=11355	0.348701568335908	0.00608666854627126	0.0529526423867482	1
chr6:149918854;G|T;Family=13982	-0.00396516421598675	0.97083557253541	0.98984134829404	1
chr6:149918900;C|A;Family=12891	0.332785307514008	0.000499478536823028	0.00680208579828958	1
chr6:150401114;T|A;Family=14256	-0.527691899481299	0.238844405887907	0.613866121971821	1
chr6:150842843;A|G;Family=14595	-0.06782642060922	0.610470906029639	0.860554086261239	1
chr6:151423542;T|C;Family=12749	0.171789637677555	0.139019745944422	0.46307873886759	1
chr6:151436379;G|A;Family=13493	0.0353555914595135	0.927511820260669	0.975875117467818	1
chr6:151619649;G|A;Family=14168	-0.0744994546089712	0.523961710031141	0.8194957681801	1
chr6:151619677;C|T;Family=14315	0.000206016321012639	0.998429301527434	0.999466630671878	1
chr6:152435311;A|T;Family=12931	0.110255634806003	0.798094874490864	0.930727571907569	1
chr6:153007752;C|T;Family=13529	0.474293132562492	0.0141777447464502	0.101393074277816	1
chr6:154402214;C|T;Family=13940	0.165099900426736	0.0643636135637926	0.29500936819585	1
chr6:15523068;G|A;Family=11918	0.101545021550847	0.692944604018275	0.891986808245301	1
chr6:156936541;G|C;Family=12522	-0.133443404165734	0.603841811123249	0.85878284345224	1
chr6:157673793;C|T;Family=14241	-0.0910079975543127	0.67798455771038	0.887883197070805	1
chr6:158111188;G|A;Family=11615	0.0987391167149521	0.384536303742334	0.732260351645458	1
chr6:158117740;A|T;Family=12723	0.466775230896215	0.0104728945295908	0.0812123451047141	1
chr6:158506980;G|A;Family=14040	0.00723634660560326	0.954452019747809	0.985282226121481	1
chr6:158977496;G|C;Family=11360	-0.695583573691397	1.13505479585552e-05	0.00024302784351262	0.0437450118322717
chr6:159908666;C|T;Family=13166	0.150417616786563	0.273331031148412	0.645616942968411	1
chr6:160108261;G|A;Family=13057	0.0932733117581079	0.561900729084446	0.832269565676963	1
chr6:160109275;G|A;Family=14005	-0.0785832723859621	0.455744233121051	0.778754180451909	1
chr6:160216821;A|G;Family=11432	-0.0991286590762659	0.6244014900849	0.867015653629244	1
chr6:160711605;C|G;Family=13863	0.160647662697695	0.52926809338056	0.82183691856917	1
chr6:161154268;T|C;Family=12552	-0.02161043279034	0.949773673632517	0.982929038179302	1
chr6:161349561;A|AT;Family=12030	0.0480732042483871	0.858978400702676	0.952686605115663	1
chr6:16300875;A|G;Family=11798	-0.196549103929487	0.220324797476971	0.592706265878947	1
chr6:163573752;A|G;Family=13012	-0.432427356742014	0.298327271035701	0.665751767557377	1
chr6:163576481;A|G;Family=12101	0.403374111314007	0.439164123281653	0.766081956533469	1
chr6:167040897;A|T;Family=11024	-0.0257548192467129	0.938702793313037	0.978151545855519	1
chr6:167042285;T|C;Family=11184	0.209118634214422	0.601544599020998	0.85784009883673	1
chr6:167050007;A|G;Family=11800	0.255079675264561	0.4672983532071	0.785762588682445	1
chr6:167357627;G|C;Family=14524	-0.0339649766366229	0.812031146263452	0.936242801109168	1
chr6:168055897;A|G;Family=14418	0.161577027529203	0.494510713167363	0.800102556065078	1
chr6:168307277;C|T;Family=12255	-0.467963057420193	2.51464515429164e-08	1.07682693607111e-06	9.69144242463999e-05
chr6:169217039;A|G;Family=12908	0.17519722308425	0.236154320868204	0.612475607419958	1
chr6:170581376;A|T;Family=13581	-0.333957567971921	0.257331312893934	0.634074423408076	1
chr6:18225949;G|C;Family=12643	0.438869592230346	0.00459960998775754	0.0427154141995604	1
chr6:18468711;C|T;Family=12575	-0.0898251494675637	0.689153096217408	0.89065656155889	1
chr6:25986227;T|C;Family=14633	-0.0470001738103466	0.642546506630316	0.873808834351884	1
chr6:26253077;C|T;Family=12894	0.0363834324354653	0.916551924184201	0.973110500222014	1
chr6:26270346;A|C;Family=11524	-0.285497067964083	0.0186367206289556	0.12448166603812	1
chr6:26270657;G|A;Family=13277	-0.120402595254222	0.646797094840459	0.87616024464433	1
chr6:26285173;C|G;Family=22140	-0.229476497529938	0.0409320562337391	0.215396399861339	1
chr6:27810585;T|C;Family=11018	0.288158798051811	0.025345070331079	0.153826615836187	1
chr6:27854874;A|G;Family=11868	-0.324485963267178	0.00342010855765071	0.0332856019726915	1
chr6:28367141;C|T;Family=14307	-0.122315638123389	0.557243447262498	0.830799321373178	1
chr6:28534462;G|C;Family=14026	-0.121825278061335	0.237561612546948	0.613534778049848	1
chr6:2889864;C|T;Family=13703	-0.288781631202323	0.211010992858667	0.580889287087191	1
chr6:29310806;C|T;Family=12686	0.0852881834490428	0.39528583230939	0.743500047691746	1
chr6:29463903;T|G;Family=12832	0.0979115778921694	0.605373077676618	0.858996360623898	1
chr6:29831116;G|C;Family=11048	0.170064800255719	0.417380525299482	0.752730250118953	1
chr6:30676626;G|C;Family=14577	0.229093117101709	0.0827573858638701	0.34681903477687	1
chr6:30724523;G|T;Family=14076	-0.217733780758942	0.357806498169513	0.711543155590568	1
chr6:30893309;C|T;Family=14181	0.424602731557873	0.164568065810171	0.503369306057458	1
chr6:30899025;C|T;Family=13073	-0.374582732755586	0.0921803654380689	0.366270972931183	1
chr6:31510632;G|A;Family=11341	-1.19142266972198	3.38828660829908e-13	4.66373449585166e-11	1.30584565883847e-09
chr6:31557662;C|CTG;Family=11808	-0.114155850115821	0.322264043240012	0.684508701551778	1
chr6:31558799;G|A;Family=14662	0.0502244747176668	0.551913317113003	0.830030842178972	1
chr6:31661476;G|A;Family=14603	-0.0710400376409095	0.755140763173258	0.919048538618833	1
chr6:31673158;C|T;Family=11905	0.464608991264138	0.00519177267945963	0.0466412398756117	1
chr6:31689640;C|T;Family=11575	-0.0156856712476199	0.909394959827982	0.970294898273979	1
chr6:31859316;A|C;Family=14186	-0.105781622751817	0.427971244893908	0.762552555626964	1
chr6:31935940;C|G;Family=11721	-0.23650958523393	0.185519758155889	0.541661475706663	1
chr6:31945211;T|A;Family=11818	-0.0826782209108341	0.493190357826863	0.799147013332632	1
chr6:31964099;C|T;Family=12532	-0.0635585810208898	0.76249939626474	0.92033921632222	1
chr6:32069105;C|T;Family=12788	0.196759805770312	0.327979900255845	0.686373122781523	1
chr6:3267148;C|T;Family=11328	0.942407691867716	0.00102952747441143	0.0122086119580974	1
chr6:33440873;CTT|C;Family=13073	-0.0959464280669382	0.592731776852246	0.85157495496218	1
chr6:34019696;C|T;Family=14554	0.0905805037572522	0.396986013702795	0.744880280823062	1
chr6:34036305;G|A;Family=13531	0.119114436077186	0.470437960609264	0.786738079008401	1
chr6:34281276;T|C;Family=11216	-0.0482851725326074	0.629324776238172	0.869032911073625	1
chr6:34287657;A|G;Family=13741	0.0847742499070382	0.507336954545732	0.80962422668288	1
chr6:34537880;C|T;Family=14359	0.242208858371475	0.29748955076067	0.665134463135874	1
chr6:349000;C|T;Family=12100	0.109498655670423	0.523943782223935	0.8194957681801	1
chr6:35090681;GTTA|G;Family=11496	0.348515251488669	0.014121425185169	0.101393074277816	1
chr6:35248773;C|T;Family=11718	0.0503236754608152	0.771146747263371	0.924704282499387	1
chr6:35291567;C|T;Family=13195	0.220590910073452	0.119969172808544	0.432113263555261	1
chr6:35575305;G|A;Family=11453	-0.00141614908277462	0.992265079474471	0.998950626920342	1
chr6:35795046;A|C;Family=12624	-0.0865075752631193	0.321376338791507	0.683168455434345	1
chr6:36138971;C|T;Family=13153	0.0384769407327999	0.802902850351534	0.932157067811776	1
chr6:36142734;C|T;Family=14433	-0.0385450200462671	0.672874233841925	0.886420500211529	1
chr6:36490070;G|A;Family=14594	-0.0168039924982753	0.922115099423834	0.973933569308383	1
chr6:36741419;G|A;Family=12613	-0.0855715094739587	0.666870991474574	0.884742384403575	1
chr6:36925904;C|T;Family=11201	0.285833500972905	0.374737123966053	0.723203242746705	1
chr6:37392924;G|GA;Family=13581	-0.0165496180277961	0.903984336081387	0.969173847646282	1
chr6:37630704;C|T;Family=12467	0.168548096771277	0.342083470865357	0.697630428244105	1
chr6:38152744;G|C;Family=14632	0.189882658793575	0.202053348894776	0.567989501561244	1
chr6:38170191;A|G;Family=14384	0.187100041429837	0.415912098060135	0.751136469505042	1
chr6:38170360;T|A;Family=13531	0.322387315511734	0.057547936622327	0.272468977570575	1
chr6:38173519;G|A;Family=12361	0.100338671776359	0.641725060429027	0.873616525218463	1
chr6:39861263;G|T;Family=11280	-0.00821140630524595	0.95986031209185	0.985980572915727	1
chr6:411271;C|T;Family=12316	0.161386833042635	0.147789894786737	0.478029037573151	1
chr6:4116006;T|A;Family=13293	-0.2853215006061	0.32122756467136	0.683168455434345	1
chr6:41908977;G|A;Family=14130	0.826468974017655	0.0216708760453574	0.137562801321546	1
chr6:43007441;CT|C;Family=14550	0.109194188372025	0.587259857303997	0.846415308777518	1
chr6:43132030;G|A;Family=13808	0.182740684057311	0.196643188815853	0.560549445041641	1
chr6:43141734;G|A;Family=11726	-0.099711963867515	0.3713635028569	0.720935907000184	1
chr6:43450471;G|A;Family=14486	0.0266794254372786	0.843532493246902	0.947730481392618	1
chr6:44003235;C|G;Family=14525	-0.147963716294984	0.529220709982515	0.82183691856917	1
chr6:44155232;T|TG;Family=14303	-0.0977838792130917	0.278918652667504	0.651570102087873	1
chr6:44447702;G|A;Family=14188	0.264489470101005	0.238491255179148	0.613866121971821	1
chr6:46160238;A|AT;Family=14640	0.95729362752827	0.00215328804864226	0.023139851775907	1
chr6:47019974;C|A;Family=14131	-0.327262013278577	0.0392188185835142	0.208769788426607	1
chr6:49728384;A|G;Family=13589	-0.185728081365603	0.547771689091491	0.828536926906831	1
chr6:5104495;G|A;Family=12170	0.528021158311078	0.00263605863472241	0.0272369168316894	1
chr6:52189690;C|T;Family=11897	-0.161691128705054	0.749983138992388	0.917659659384002	1
chr6:52190217;T|C;Family=12001	0.621097870210317	0.00173096418991202	0.0191989936105748	1
chr6:52452690;A|G;Family=14163	0.0991374116161353	0.652756483216633	0.878261916160868	1
chr6:52497823;C|T;Family=11788	-0.378805373157965	0.00120468494944511	0.0141120236934999	1
chr6:52502624;A|G;Family=13496	0.0894839670249901	0.406501974616251	0.748522986226006	1
chr6:52750221;G|A;Family=11845	-0.46943071270444	0.121159331299146	0.434495159676783	1
chr6:52791844;C|T;Family=13714	-0.121907940813188	0.608820222555141	0.860273752846483	1
chr6:53268293;CTTTT|C;Family=14401	0.0611859521772981	0.80690413200017	0.933307119207149	1
chr6:55499251;C|A;Family=13300	0.0698890893072634	0.728310525071902	0.910151998582073	1
chr6:57026903;A|T;Family=14618	0.00140070692333483	0.996934773306008	0.999466630671878	1
chr6:57105244;G|T;Family=12585	-0.186192906003208	0.42559749628399	0.760428288644136	1
chr6:57168724;G|A;Family=14682	-0.945650308462976	0.0374360609971147	0.202276073138132	1
chr6:57184477;C|T;Family=13692	0.113855312217549	0.586306567629617	0.846415308777518	1
chr6:57185120;G|A;Family=13349	-0.249865098603532	0.414998910254764	0.750515885659344	1
chr6:57188047;G|A;Family=12180	-0.188806921137343	0.216061350675964	0.587235857196873	1
chr6:63277102;T|C;Family=14214	0.364105160617953	0.135336650387126	0.457637561419022	1
chr6:63277177;G|A;Family=12956	-0.168523369853433	0.123779482720499	0.438864881697152	1
chr6:63703543;CCG|C;Family=14133	-0.130287679835204	0.358230903515429	0.711543155590568	1
chr6:63703547;C|A;Family=14133	0.141796612363813	0.498278675147103	0.803021816435996	1
chr6:63713212;C|T;Family=13931	0.213016225770463	0.0878068960429599	0.357665395381732	1
chr6:63713346;C|T;Family=14110	-0.0913610110309656	0.434119855538456	0.762966568364489	1
chr6:69699046;T|C;Family=14152	0.0363453390047188	0.922910338028939	0.974225265068072	1
chr6:70525823;A|G;Family=11490	0.492862668231334	0.1234401164282	0.43806464890818	1
chr6:7417611;C|G;Family=11190	0.176151826290003	0.184045681602482	0.539161232773534	1
chr6:75085289;T|C;Family=12211	0.589746744612062	0.0201675318745233	0.131962084625489	1
chr6:75717110;G|T;Family=14452	-0.0131862551797057	0.975976436755924	0.992201907831216	1
chr6:75915105;G|C;Family=14613	-0.231669908893421	0.252780071212607	0.629597258638028	1
chr6:7882227;C|T;Family=11940	-0.121417426328701	0.274061721809594	0.645624728525194	1
chr6:79488659;T|C;Family=14643	0.0457991006454035	0.797863941372642	0.930727571907569	1
chr6:79700984;C|T;Family=14467	-0.160591961204096	0.290429393739013	0.656489667724431	1
chr6:83553760;AC|A;Family=14233	-0.07159213876653	0.895199833147433	0.967493136857905	1
chr6:83656787;CA|C;Family=12661	0.206018120909415	0.0635326786448986	0.29269911834509	1
chr6:83665562;G|T;Family=11543	0.0914408826830131	0.792025375991251	0.930727571907569	1
chr6:84732935;T|C;Family=13424	-0.268456940675416	0.454497750130517	0.778504146223561	1
chr6:87169739;C|G;Family=14492	-0.0780077294553097	0.607068243558043	0.859530128829058	1
chr6:88141988;A|G;Family=12396	-0.200884746594329	0.411486944759005	0.748665761744345	1
chr6:88142066;A|C;Family=12541	0.345521056244912	0.0048484781703406	0.0441417694618514	1
chr6:88612681;T|C;Family=13925	-0.15725977212743	0.251240089903047	0.627487676283023	1
chr6:89634132;A|T;Family=12708	-0.241435064999509	0.193542331080254	0.554581519690186	1
chr6:96795444;T|C;Family=11031	0.245308820581315	0.483129382399422	0.795184660592009	1
chr6:98837882;C|T;Family=14413	0.130996668885762	0.769787257012914	0.924704282499387	1
chr6:98873421;T|C;Family=14344	0.598617383865199	0.144817160433995	0.474675086818252	1
chr6:99280481;C|T;Family=14658	0.162413763869558	0.208571081457271	0.577508532480159	1
chr6:99433895;T|A;Family=14526	-0.00105511372718007	0.996398405453521	0.999466630671878	1
chr7:100034499;A|G;Family=11800	-0.420913417898585	0.0767298681956044	0.33023022820071	1
chr7:100037293;C|T;Family=12360	0.741143089061647	0.00331046511502043	0.0324624827713739	1
chr7:100070882;A|T;Family=11456	0.251919746369065	0.0394537407005704	0.209441758484846	1
chr7:100201111;G|T;Family=14227	0.666213577436446	5.13673573652734e-08	1.9996949018764e-06	0.000197969795285764
chr7:100367651;T|C;Family=13082	-0.189306959396115	0.242530840527475	0.618606127989999	1
chr7:100565841;C|T;Family=13497	0.15128988853077	0.278393075630516	0.651570102087873	1
chr7:100566755;G|A;Family=11348	0.659846783296491	1.41923497070774e-07	4.84047042221913e-06	0.000546973157710762
chr7:100627396;G|C;Family=11634	0.113184375072773	0.534805589951206	0.82279786808671	1
chr7:100681069;C|T;Family=14129	-0.00879032544795598	0.966751151991981	0.987397720503499	1
chr7:100865327;T|C;Family=14370	-0.274929203423497	0.0107540831859528	0.0825622243001235	1
chr7:100893782;C|T;Family=14533	-0.0332650470022531	0.704116645285331	0.897621189948717	1
chr7:101092639;G|A;Family=13589	0.188931370205943	0.462267767662029	0.78242423213415	1
chr7:101557594;G|A;Family=12860	0.164820559921027	0.265746990327035	0.641722368872426	1
chr7:102256679;G|T;Family=12585	0.31643204067822	0.0153325731815386	0.107078009822512	1
chr7:102457125;G|C;Family=13447	-0.196835814262918	0.224628538075435	0.598105188085417	1
chr7:103336877;T|A;Family=12975	0.23482901259167	0.358522903298837	0.711543155590568	1
chr7:103374495;G|C;Family=11336	0.123185451101415	0.370063269746217	0.719951459667804	1
chr7:105107653;TC|T;Family=12952	-0.201927646449847	0.287535387374877	0.654116066499193	1
chr7:105116390;C|A;Family=14261	-1.55086540917461	2.75627072457053e-05	0.000544752172948453	0.106226673724948
chr7:105116659;A|G;Family=13631	0.241179380395798	0.47806337044679	0.791483196641752	1
chr7:107196482;C|T;Family=11984	-0.154377034404211	0.400404627264259	0.74790793654324	1
chr7:107620052;T|G;Family=14412	-0.00699949098983874	0.979344782179233	0.992372137813959	1
chr7:107621378;G|C;Family=13215	0.158545543795609	0.526685699592741	0.819808839349929	1
chr7:107623206;C|T;Family=12056	-0.4568735290987	0.0454212661262447	0.231552327580089	1
chr7:107765695;G|T;Family=12086	-0.364314956730129	0.376521954906901	0.724032155250941	1
chr7:11028794;G|C;Family=12852	0.00361576441852318	0.978436895232051	0.992201907831216	1
chr7:112287394;G|A;Family=13838	-0.599044605557114	0.242124038070721	0.61797751173812	1
chr7:112287729;G|C;Family=14041	-0.109491067541656	0.289235889989008	0.656487114262448	1
chr7:112491008;G|A;Family=14564	-0.165131088188496	0.656896917386038	0.878860630838998	1
chr7:112764605;A|C;Family=12758	-0.0085398132333859	0.943359069595387	0.97828731183273	1
chr7:11374483;C|G;Family=12405	0.30859496146803	0.309865696983005	0.675571725315019	1
chr7:114693111;A|C;Family=14115	-0.347158316139474	0.39448750311265	0.743338704667901	1
chr7:115937292;T|C;Family=13863	0.245493605245609	0.493505420791817	0.799147013332632	1
chr7:117363392;C|G;Family=13211	0.0326453218220741	0.941544972300215	0.978151545855519	1
chr7:118191175;A|C;Family=12118	0.0211059206347809	0.969708620209565	0.98947763364778	1
chr7:120749567;T|C;Family=12686	0.399664455676283	0.192033975096176	0.55272512324172	1
chr7:12235662;G|C;Family=12180	-0.112568311359716	0.830543903890078	0.942968487060883	1
chr7:12236724;T|G;Family=14007	0.276395289414137	0.290269027392359	0.656489667724431	1
chr7:12237057;T|A;Family=11931	-0.273755404376555	0.293770670639014	0.660555521961938	1
chr7:12237561;A|G;Family=14202	0.974475652567099	1.34527365913478e-06	3.70334620164673e-05	0.00518468468230543
chr7:12331049;T|C;Family=14042	0.291509641616527	0.471757057755167	0.786738079008401	1
chr7:12344427;G|A;Family=11651	-0.148965801763283	0.366442267812414	0.716160497032983	1
chr7:123538093;G|A;Family=13165	-0.236475641721303	0.49085414650871	0.799114514447091	1
chr7:123638660;T|C;Family=13053	-0.326752490492186	0.122600084474046	0.436696283237839	1
chr7:124031121;C|T;Family=13694	-0.313618501114087	0.00954043578697951	0.0755006971725237	1
chr7:128257537;C|T;Family=14245	0.0342842900121044	0.903186952246663	0.969173847646282	1
chr7:128299202;C|T;Family=11187	-0.0677320366026352	0.536718692363775	0.82279786808671	1
chr7:128302575;G|A;Family=11252	-0.318642009543206	0.0954167865961312	0.374648556424533	1
chr7:128307112;GCAAA|G;Family=11194	0.630620183024665	0.000316637659583445	0.0045704926593056	1
chr7:129487405;G|C;Family=11731	0.0320499493167918	0.817625886604306	0.939257435379504	1
chr7:131493457;G|A;Family=14685	0.199703445587245	0.541694837002234	0.825018551676558	1
chr7:131495943;A|G;Family=14517	-0.153830065720998	0.612023544505573	0.86112784786942	1
chr7:134291115;G|C;Family=12219	-0.298240007688	0.013664471958108	0.0999295539403195	1
chr7:134442682;G|A;Family=14444	-0.207824325288581	0.122963547867069	0.437582191578654	1
chr7:134969307;C|T;Family=14233	-0.936705027392982	0.0290380839049739	0.170301297695285	1
chr7:135676391;TAATA|T;Family=11568	1.991869497335	2.07864451362311e-06	5.37657446678085e-05	0.00801109595550347
chr7:137388263;C|A;Family=14351	-0.0695148670632013	0.829287751759541	0.942179965812435	1
chr7:137390098;T|C;Family=Hou-etal:rs3735025	0.185621992335299	0.0780404750419723	0.333445666088427	1
chr7:138588097;A|T;Family=11954	-0.508323548686379	0.0461953770490702	0.233338116837636	1
chr7:139307497;T|A;Family=13772	0.503754094131435	0.282703927579211	0.65392968377527	1
chr7:139565026;G|A;Family=11156	0.299631329532272	0.270434861158454	0.644961203568641	1
chr7:139565092;G|T;Family=11156	-0.0152549849445214	0.943020861904829	0.97828731183273	1
chr7:139571713;G|C;Family=12867	-0.168402454350349	0.0486441707235014	0.243063452786608	1
chr7:140024674;A|C;Family=13006	0.0353580363537137	0.768423897210982	0.923738521475709	1
chr7:140090201;T|C;Family=12303	-0.133935178962101	0.72512743288761	0.908266945536984	1
chr7:140297460;G|A;Family=13349	0.123726091777372	0.434736529353508	0.762966568364489	1
chr7:141473065;G|C;Family=12875	0.351220910907492	0.214299542121711	0.584508446806138	1
chr7:14148804;T|G;Family=11055	-0.120721348375375	0.297164972594571	0.665083510092611	1
chr7:141593741;G|GC;Family=14174	-0.0490444003471802	0.850483662387582	0.94895106909715	1
chr7:141621769;G|A;Family=13843	1.14133052780973	1.52740556986937e-07	5.16370268971629e-06	0.000588662106627657
chr7:141654249;A|G;Family=14639	0.539043527408529	0.271992053222605	0.645616942968411	1
chr7:141929166;T|G;Family=11152	-0.0160983682809842	0.920611180603727	0.973933569308383	1
chr7:142867025;C|T;Family=12681	-0.0332176126289801	0.779168992631819	0.928575724229403	1
chr7:144453610;C|T;Family=13063	0.235419863888804	0.215430687666448	0.586763159198933	1
chr7:148800933;A|G;Family=11106	-0.0125410806967684	0.950312670227859	0.98322282712971	1
chr7:150627483;G|C;Family=13035	0.127398341960442	0.206043623213966	0.574180856013467	1
chr7:151013039;C|T;Family=13092	-0.0150092509941659	0.929343710639439	0.975988132595065	1
chr7:151987279;C|T;Family=13556	-0.696736371763528	1.22625688451129e-06	3.41950258024874e-05	0.00472599403290651
chr7:152103925;A|G;Family=13066	0.500404920610201	1.06196939572548e-05	0.000232547161995795	0.0409283005112599
chr7:152230230;G|A;Family=11241	0.0247003865125386	0.867765665537337	0.954170863047331	1
chr7:155802541;CATG|C;Family=14042	0.219892986403302	0.310009719202861	0.675571725315019	1
chr7:156682823;G|A;Family=11435	0.107956739351807	0.673584348511264	0.886420500211529	1
chr7:157005028;C|T;Family=11062	-0.386527019515294	0.0209856894192066	0.134622758583744	1
chr7:157414907;G|A;Family=12661	0.150638472707205	0.332868478578144	0.689815418457632	1
chr7:159028719;C|T;Family=14554	-0.0559932796363516	0.798145984731322	0.930727571907569	1
chr7:16088825;A|C;Family=11382	-0.191692812823505	0.0794871682065027	0.337382760206896	1
chr7:17794399;T|C;Family=12540	0.280912030270952	0.0296683803835631	0.172364260947924	1
chr7:17882719;G|A;Family=13514	-0.186916753645407	0.186757832194125	0.543075565357925	1
chr7:18998693;C|G;Family=12302	-0.143472274634411	0.55800990725518	0.831298872269604	1
chr7:19000716;C|A;Family=12302	-0.0518603028533861	0.843957190487666	0.947730481392618	1
chr7:19695939;C|G;Family=12055	-0.135527253431549	0.490366835821767	0.799114514447091	1
chr7:19696724;A|G;Family=14357	-0.0890266295753051	0.788742634422495	0.930727571907569	1
chr7:19721031;C|T;Family=13314	-1.06842544692043	0.00590613874458225	0.0518502476574488	1
chr7:20134737;T|C;Family=11729	0.239411042384417	0.284010809925582	0.65392968377527	1
chr7:20139350;T|C;Family=11905	0.356433969515193	0.0355190932578476	0.195279009152275	1
chr7:20413493;G|A;Family=11181	-0.393441003238969	0.343099153150361	0.698640234180837	1
chr7:20659230;C|A;Family=11679	0.36271151112174	0.112191985851278	0.41495960985684	1
chr7:22119418;T|A;Family=11931	-0.196518345640657	0.402722888059323	0.74790793654324	1
chr7:22192927;G|C;Family=14637	0.529059208890606	0.000394282442621162	0.00550566860094912	1
chr7:2252218;G|A;Family=11569	0.343924972690383	0.109255884923611	0.409205228858695	1
chr7:22937168;G|C;Family=13322	0.198954332149111	0.433138203471289	0.762966568364489	1
chr7:22937598;CAA|C;Family=14695	0.021900414138411	0.919696373737524	0.973933569308383	1
chr7:22939304;G|C;Family=13417	-0.121655356683583	0.445299548990137	0.770062474161972	1
chr7:23174064;G|A;Family=11986	0.0127150531005902	0.933889747677844	0.977612571732158	1
chr7:2442801;C|T;Family=14539	-0.000405064899487393	0.999025612058438	0.999803871429037	1
chr7:24688192;G|T;Family=13592	0.466736298961606	0.187130508206547	0.543482274776211	1
chr7:24798063;T|C;Family=14669	0.103284081801457	0.720869426784468	0.906895142159033	1
chr7:26373688;C|T;Family=14004	-1.17800373851067	4.7767718087798e-06	0.000113639991055786	0.0184096785510373
chr7:2662074;C|T;Family=11277	0.123326390413325	0.318272822108446	0.680808571815758	1
chr7:26668101;G|A;Family=11499	-0.0540134102595799	0.854856531383248	0.950722998391178	1
chr7:2713256;C|A;Family=12113	-0.368123528451113	0.013956235590145	0.101294410479132	1
chr7:2713592;C|T;Family=13764	0.199328911377165	0.109731655994689	0.410189914843387	1
chr7:2713712;A|G;Family=11561	0.347491664747826	0.0137831697022573	0.10041651423913	1
chr7:27195268;T|C;Family=14482	0.50395589691909	0.0159014577900455	0.110223414249704	1
chr7:27247414;C|T;Family=14169	0.0899302439014446	0.326892832717771	0.686095268823958	1
chr7:28823143;C|G;Family=13555	-0.512978082064548	0.00598072491114475	0.0522669247336777	1
chr7:29916016;G|T;Family=12173	-0.0660484573143692	0.625851001551989	0.867188516565119	1
chr7:30010714;A|G;Family=12938	-0.046205720630857	0.827506668714434	0.94188148293722	1
chr7:30081082;G|A;Family=14265	0.084994210188831	0.634939645056171	0.869522783998248	1
chr7:30161165;A|C;Family=12426	-0.492711603251918	0.0277105434263482	0.164302206715609	1
chr7:30162556;C|G;Family=14186	0.251523679378789	0.28119997571671	0.65392968377527	1
chr7:30923911;C|G;Family=13506	-0.121363023386043	0.327559754705781	0.686095268823958	1
chr7:31652930;A|AT;Family=11274	-0.178398665283107	0.35935684325673	0.71169644085891	1
chr7:31751585;T|C;Family=13718	-0.0984905364469569	0.557119304847488	0.830799321373178	1
chr7:32485421;T|C;Family=14600	-0.240603111641061	0.191279892378061	0.550966147402875	1
chr7:32587182;T|G;Family=12515	-0.0919422622159433	0.753097200940804	0.918808322749029	1
chr7:36453260;A|G;Family=14525	0.136121822379932	0.731038927433939	0.911492729320737	1
chr7:36854437;T|TA;Family=12449	1.64191391943297	0.00084116823237241	0.0104239947510073	1
chr7:37741364;G|A;Family=14186	-0.429232509524034	0.0407718273638815	0.215252907753972	1
chr7:41687210;A|G;Family=12526	-0.678392553444803	0.108123776144016	0.407340208464357	1
chr7:41687963;C|A;Family=13823	0.0511552658312092	0.706073653462381	0.898681591956412	1
chr7:41963579;T|C;Family=13631	-0.200299419113376	0.138391174482117	0.462029080006665	1
chr7:41963952;G|C;Family=11117	0.19914574338396	0.28103144495529	0.65392968377527	1
chr7:42917159;T|C;Family=13018	0.450850460790472	0.00301030009532234	0.0304506471584575	1
chr7:42921313;G|A;Family=12197	-0.0837754142184194	0.691499318220415	0.891017142845996	1
chr7:43563045;G|A;Family=13815	-0.331801778757857	0.605778896704789	0.858996360623898	1
chr7:43631800;C|T;Family=13512	0.117200526594886	0.350137275176627	0.705685538208721	1
chr7:44060113;G|A;Family=13028	0.131034692686383	0.604562569119778	0.858822020415638	1
chr7:44379847;G|A;Family=14297	0.293246203009855	0.0941923176645282	0.371183223189255	1
chr7:44384444;G|A;Family=13881	-0.222264256372402	0.033893606136393	0.187958519999612	1
chr7:44708801;C|G;Family=14147	0.0395163322653514	0.740038015144472	0.91406916934398	1
chr7:44767810;G|A;Family=13649	-0.058619056028698	0.745009248432865	0.915874208440275	1
chr7:44835049;G|A;Family=13628	0.0717612642556838	0.633591217966278	0.869522783998248	1
chr7:44876364;T|C;Family=13211	-0.164189686327926	0.740202186739742	0.91406916934398	1
chr7:44962744;G|T;Family=14350	-0.0237649640098919	0.876001634004191	0.958577597232298	1
chr7:4769211;C|T;Family=13709	0.0392418436081043	0.803918779777855	0.932157067811776	1
chr7:48272994;G|A;Family=11168	-0.238813158355747	0.488699214046705	0.798408974538365	1
chr7:50669862;G|A;Family=12676	-1.82973032134229	2.63987590548849e-09	1.54152753632616e-07	1.01740817397526e-05
chr7:51064958;C|G;Family=14541	-0.0954750817111246	0.431641141576394	0.762966568364489	1
chr7:54550490;G|T;Family=12817	-0.239168743329336	0.431355346921655	0.762966568364489	1
chr7:6164890;C|T;Family=14328	0.233669506287183	0.264596158797148	0.640164502464212	1
chr7:6330019;A|T;Family=13498	-0.0689957015240889	0.515418820403661	0.81318166038486	1
chr7:64520411;T|C;Family=13570	0.112250608012162	0.792802453484107	0.930727571907569	1
chr7:64831687;C|T;Family=14598	-0.293315839571074	0.362915962431161	0.713375973964556	1
chr7:64972029;T|TTAAA;Family=11722	-1.05074166194025	0.0352669326927633	0.194447437193004	1
chr7:65954605;G|A;Family=11404	-0.241662110304112	0.373383828274591	0.721675664077369	1
chr7:70292499;A|C;Family=14508	0.277018652395974	0.227342353364594	0.601747694036508	1
chr7:7247184;AG|A;Family=13064	-0.385071090145184	0.220972126530118	0.592706265878947	1
chr7:72946318;AG|A;Family=13941	0.0751771725606252	0.442022816563639	0.76821074324547	1
chr7:73340787;G|T;Family=13560	-0.0896951430777235	0.507538176353357	0.80962422668288	1
chr7:73441259;G|A;Family=13066	0.22939043231727	0.278852044389435	0.651570102087873	1
chr7:74404154;G|A;Family=11411	0.142857282232626	0.116580056470834	0.424367798643481	1
chr7:75537252;G|A;Family=14361	0.187292719949273	0.356156709408903	0.711543155590568	1
chr7:7607184;A|G;Family=11282	-0.0805333882027303	0.508822158319421	0.809996116548141	1
chr7:76268794;G|C;Family=14551	0.153540958995737	0.310791040213681	0.675571725315019	1
chr7:7868502;A|G;Family=13383	0.100941610897971	0.59118104849466	0.849836538940105	1
chr7:80674022;A|C;Family=13517	-0.243916295290822	0.344749629576773	0.700674212749755	1
chr7:8086554;C|A;Family=14214	-0.0857600864686873	0.475879973635154	0.790194493058976	1
chr7:8094168;G|A;Family=13741	-0.282862370233214	0.158946768411493	0.493998899991731	1
chr7:8127875;T|C;Family=13072	-0.175131765504172	0.26760837019793	0.64299417627358	1
chr7:83366086;G|T;Family=12575	-0.0956483673581494	0.82632041043202	0.941087134103133	1
chr7:83958398;C|A;Family=14025	0.431493326931776	0.117265109850206	0.42635823902141	1
chr7:83960121;C|T;Family=13160	0.152358076627007	0.69746089271207	0.893324785813332	1
chr7:84996009;C|T;Family=14158	0.312525224061005	0.471114753571204	0.786738079008401	1
chr7:85050554;G|A;Family=14303	-0.0513316291312109	0.914680964115535	0.97262523004527	1
chr7:87830053;A|C;Family=13129	0.0828864660675822	0.756829231218378	0.919048538618833	1
chr7:88199020;A|G;Family=12669	0.178695258866651	0.4129932065698	0.748780003653022	1
chr7:88278420;A|G;Family=13287	0.825033587763396	0.0222354718296655	0.140025340574397	1
chr7:896411;G|A;Family=14027	0.443440638627115	0.0036674897450398	0.0355138328577472	1
chr7:90233483;G|A;Family=13206	-0.104732674200416	0.457734407992771	0.779669188777314	1
chr7:90899326;T|TG;Family=14046	0.364313699314452	0.045323851494073	0.231415898323911	1
chr7:91271032;C|T;Family=11977	-0.083872136638022	0.802916143643854	0.932157067811776	1
chr7:92108825;A|T;Family=13807	0.149788346416458	0.688084979319774	0.89065656155889	1
chr7:92577109;G|C;Family=11056	0.741664113037083	0.0939933891440347	0.371158321476547	1
chr7:92615043;T|C;Family=13772	0.130143457179725	0.429911319040421	0.762835277892165	1
chr7:93099533;A|G;Family=13889	0.607533766552898	0.264300450834277	0.640164502464212	1
chr7:93100516;G|A;Family=11977	-0.443179342733873	0.162681000111011	0.502381870535125	1
chr7:95294332;C|T;Family=14202	-0.666098160426969	0.00498653144032396	0.0451128924202079	1
chr7:95585430;A|G;Family=11979	0.00985548377315268	0.963479763873151	0.985980572915727	1
chr7:98292716;C|T;Family=13502	-0.196892667442246	0.0272617836653391	0.162390903008063	1
chr7:98293310;T|C;Family=11432	0.10118089599595	0.751692977140709	0.918052538959787	1
chr7:99030080;C|T;Family=11266	-0.231772400178229	0.358981644029694	0.711543155590568	1
chr7:99391002;T|G;Family=11135	-0.246655852556283	0.261408524524907	0.637189552735665	1
chr7:99411780;C|G;Family=14506	0.179506546665852	0.300461685412859	0.665893920189795	1
chr7:99480615;A|G;Family=12517	0.0767417010936809	0.618549877598882	0.864483702150613	1
chr7:99672808;C|G;Family=12707	0.357475798112649	0.0536873257387	0.259286909018734	1
chr8:100141022;G|C;Family=12180	-0.0766658214576372	0.780062516159332	0.9285917670394	1
chr8:100918132;C|T;Family=13962	-0.0932055935991694	0.434115334166837	0.762966568364489	1
chr8:101669616;T|G;Family=11897	-0.94809868090864	0.000257945072486464	0.00380889007418709	0.994120309362831
chr8:103068849;CT|C;Family=12418	-0.12421864795797	0.333149644741406	0.689929463102298	1
chr8:103068853;T|C;Family=12418	0.00178333639421161	0.990465834834604	0.998681867850595	1
chr8:103398998;G|C;Family=11117	-0.966887236308679	0.0150851041233136	0.105822388829879	1
chr8:106707384;T|C;Family=14629	-0.4375226563402	0.0373076814141625	0.202227572672549	1
chr8:107900711;G|A;Family=13977	0.0886257709116535	0.706887203765915	0.899129558578533	1
chr8:109243244;G|A;Family=13306	-0.0962909281935679	0.504827246237837	0.808237846128423	1
chr8:11315026;C|A;Family=12534	0.281851141832813	0.261760081960959	0.637234002187622	1
chr8:11325724;T|C;Family=12620	0.302963998481565	0.5537522286321	0.830729116240061	1
chr8:116643060;C|T;Family=13787	0.0276193692165089	0.922128592217511	0.973933569308383	1
chr8:116658921;C|T;Family=14492	0.0138883616569681	0.918276128410738	0.973933569308383	1
chr8:117819709;G|A;Family=14364	0.308128626275079	0.0466508570827061	0.235330370676374	1
chr8:118194453;C|T;Family=14240	-0.0478980789822904	0.739908858830234	0.91406916934398	1
chr8:11844416;A|G;Family=12550	-0.199424758682033	0.149508689830525	0.481390039455473	1
chr8:119834135;A|G;Family=11685	0.0137938231577885	0.955431304464287	0.985282226121481	1
chr8:123100926;T|A;Family=13581	0.282078123615445	0.111118080141449	0.413420918664522	1
chr8:123128327;G|C;Family=13975	0.378858478324187	0.246242205176351	0.622186928665382	1
chr8:126552907;T|C;Family=11542	0.812511694430671	0.0456955860787133	0.232336132912086	1
chr8:130053371;A|C;Family=13602	0.382307560222455	0.0519250380056764	0.252675626860955	1
chr8:13007100;A|T;Family=12796	0.0872824582925507	0.563662186251765	0.833401565395305	1
chr8:132127162;C|T;Family=13520	0.0718422199181327	0.442566303627533	0.768560477650134	1
chr8:132128104;G|A;Family=12056	0.236552546108852	0.197196758398757	0.561297124718472	1
chr8:132846315;G|T;Family=12720	0.393000768573278	0.434432098860849	0.762966568364489	1
chr8:133459207;G|A;Family=12656	-0.306623789254322	0.01183911072413	0.0891170561148383	1
chr8:140521925;G|A;Family=12001	-0.0523145558786692	0.849273852304317	0.94895106909715	1
chr8:140522024;G|T;Family=13853	-0.529630842532057	0.364339750891305	0.713586257919029	1
chr8:140527463;G|C;Family=14699	-0.118703774441252	0.424827833751939	0.760428288644136	1
chr8:140529731;G|A;Family=14154	-0.13139900085055	0.543242664823116	0.825588429732742	1
chr8:140532572;T|C;Family=12412	0.0106926603685555	0.958654277605152	0.985980572915727	1
chr8:141195681;A|G;Family=12738	0.144517927747219	0.718688627230108	0.906895142159033	1
chr8:141448037;C|T;Family=12622	-0.108029467172364	0.636285762041128	0.869522783998248	1
chr8:142544658;G|T;Family=11625	0.223695496275362	0.331699682659832	0.689681038095896	1
chr8:143297985;T|C;Family=11356	0.352117398672498	0.489475229042969	0.798661106152245	1
chr8:143318080;T|C;Family=14100	-0.121139642331603	0.536567335013485	0.82279786808671	1
chr8:143324603;G|A;Family=14111	0.217312050623681	0.272321024732709	0.645616942968411	1
chr8:143653484;TC|T;Family=11327	0.18969902863166	0.428383482030845	0.762835277892165	1
chr8:143694347;C|T;Family=11277	0.0809412519599645	0.685255110221686	0.89065656155889	1
chr8:144115745;G|A;Family=11568	-0.339875219784455	0.155000465903829	0.489224139537333	1
chr8:144502068;T|C;Family=12802	0.0437300182983809	0.768124859073771	0.923667147229427	1
chr8:144527295;G|C;Family=11078	-0.279837382644871	0.25632999424467	0.633004324907136	1
chr8:17247873;C|G;Family=13277	0.0224554784794446	0.797121423124147	0.930727571907569	1
chr8:17297014;G|C;Family=14549	-0.143041116599687	0.569576033580757	0.836074868999432	1
chr8:17566779;G|A;Family=13230	-0.000478026050549511	0.997855265408766	0.999466630671878	1
chr8:1782214;G|A;Family=12770	0.0325311491868725	0.724463300292445	0.908266945536984	1
chr8:18071404;T|A;Family=13252	-0.665168398348044	0.000781783469237793	0.00987866718177854	1
chr8:18529285;A|G;Family=14691	-0.0386379619698589	0.843649096028713	0.947730481392618	1
chr8:18531048;A|G;Family=14448	0.14414281289782	0.293457045714709	0.660244493803743	1
chr8:1860162;C|T;Family=22017	0.00123782637781966	0.996206792259458	0.999466630671878	1
chr8:1958160;T|C;Family=13626	-0.306321825582427	0.0977839136774625	0.381024259947388	1
chr8:2004228;T|C;Family=14557	0.304463864661675	0.287639398695861	0.654116066499193	1
chr8:2005051;A|G;Family=11424	-0.497466687709824	0.0715552485891961	0.31553081014046	1
chr8:2006315;T|A;Family=11546	0.301276745465166	0.23548440146491	0.611823303246514	1
chr8:21691253;C|A;Family=11610	-0.0808551763524677	0.636085182545202	0.869522783998248	1
chr8:21909212;G|A;Family=12469	-0.154300060789541	0.332630489743777	0.689815418457632	1
chr8:21909628;G|A;Family=13982	-0.0859295812691041	0.709104399576316	0.900754237299644	1
chr8:22048473;C|T;Family=12373	-0.0469331572157631	0.744300180797618	0.915874208440275	1
chr8:22209648;G|A;Family=11989	-0.00141743818446904	0.992470666963671	0.998950626920342	1
chr8:22250658;C|G;Family=11818	-0.623362588061269	2.26223629951986e-07	7.43956476158748e-06	0.000871865869834953
chr8:22620003;GT|G;Family=14507	0.106055224464935	0.470726546407581	0.786738079008401	1
chr8:22620016;C|T;Family=12113	0.0227282355924248	0.850043718772565	0.94895106909715	1
chr8:22621222;C|T;Family=11818	-0.0489773492259997	0.742969262627367	0.91511778145282	1
chr8:23020670;C|T;Family=14354	-0.305843065971214	0.39116753627792	0.739283381907748	1
chr8:23136670;T|C;Family=12775	-0.134004328765775	0.238330570285982	0.613866121971821	1
chr8:23566433;G|A;Family=11031	0.38252980915637	0.000880243219884646	0.010735624586821	1
chr8:24357347;C|T;Family=12605	0.150079119584083	0.673588489204514	0.886420500211529	1
chr8:246847;T|C;Family=11552	0.0177223784126862	0.942365513690073	0.978151545855519	1
chr8:25412256;ATTAT|A;Family=13585	0.135634917376057	0.360814804814729	0.71203976402849	1
chr8:26410533;C|G;Family=11458	-0.219384420732967	0.329038669623237	0.686381732849645	1
chr8:26505153;A|G;Family=11017	-0.0109948287117839	0.883916147800674	0.961088799045968	1
chr8:27236813;G|A;Family=11444	0.181294388847456	0.284271352262853	0.65392968377527	1
chr8:27735798;CCAA|C;Family=11156	-0.061450721760081	0.795438527993666	0.930727571907569	1
chr8:28812448;G|T;Family=11843	0.331400222171055	0.00215886695536459	0.023139851775907	1
chr8:29051336;GTAT|G;Family=13584	-0.18852957163495	0.116586097221486	0.424367798643481	1
chr8:29067835;T|C;Family=13808	0.0882047281965173	0.520996286358787	0.819224678754289	1
chr8:30831849;A|G;Family=14163	-0.368732864624667	0.170257063448328	0.515047662896277	1
chr8:33548607;G|T;Family=14283	0.172828432675866	0.214545740252051	0.584766112398447	1
chr8:37745694;C|T;Family=14270	0.175329149863124	0.502351316879582	0.806692489689128	1
chr8:37845026;G|A;Family=13072	0.2266042721379	0.0999975618787761	0.386550254243534	1
chr8:37859423;G|A;Family=14619	0.18857269418438	0.325926217110908	0.686095268823958	1
chr8:38274890;T|C;Family=11310	-0.0923028407796704	0.620225307834145	0.864814882920692	1
chr8:38424684;C|T;Family=12703	-0.0829301834277443	0.620105673905919	0.864814882920692	1
chr8:38989521;T|C;Family=14234	0.0272323225918286	0.782769767830466	0.930535066384521	1
chr8:38991018;T|C;Family=13233	0.036510383834903	0.822213081600017	0.939471036171205	1
chr8:39637652;G|A;Family=13838	-0.0619132557636285	0.672095526694779	0.886420500211529	1
chr8:39645438;G|C;Family=12892	0.0325200744260149	0.808796490655464	0.933823150085727	1
chr8:40154289;G|A;Family=12974	-0.347567333401678	0.325959994742333	0.686095268823958	1
chr8:40531284;A|C;Family=14660	0.175383008170508	0.141256463891865	0.467298207587337	1
chr8:40531628;T|C;Family=13945	0.308469540801076	0.619161618047756	0.864814882920692	1
chr8:42272348;G|C;Family=13772	0.802781153731054	3.17152827274886e-12	3.39529721199281e-10	1.22230699631741e-08
chr8:42554909;T|C;Family=12113	0.26394193459018	0.402739819495817	0.74790793654324	1
chr8:472182;A|T;Family=14491	0.0132674653799791	0.908820102240908	0.969978585997358	1
chr8:491999;C|T;Family=14474	-0.0779154528743194	0.638982064463046	0.870805118967672	1
chr8:492350;T|C;Family=12796	-0.433874829677072	0.000368107582421234	0.00518368709720786	1
chr8:53228434;CAG|C;Family=11172	-0.324883124984359	0.000158030215345685	0.00250637222198466	0.609048449942271
chr8:55527291;G|A;Family=13069	-0.103397960382456	0.587556444231734	0.846415308777518	1
chr8:55538529;T|C;Family=12984	-0.173708928738907	0.601367630370054	0.85784009883673	1
chr8:56164546;A|C;Family=12314	0.0884664609323784	0.836275436237355	0.944407581025247	1
chr8:56217465;TAGAAGC|T;Family=11948	1.89860604120635	6.02871712749347e-05	0.00106581081694311	0.232346758093598
chr8:56964164;G|C;Family=13870	0.0198182135012351	0.961370496154169	0.985980572915727	1
chr8:58448913;C|T;Family=11018	0.172241971994271	0.320153111858592	0.682600399290571	1
chr8:61606588;A|G;Family=13853	0.630283899225802	0.240260087419582	0.615411475581955	1
chr8:61659074;C|G;Family=22315	0.185446983534505	0.256562765484624	0.633030024441575	1
chr8:61665222;C|T;Family=14053	-0.00106136409823217	0.994327298370192	0.999404124401772	1
chr8:63186531;G|C;Family=12674	-0.178568814468031	0.204784016588968	0.572519069676315	1
chr8:63187741;G|A;Family=12860	0.244430822162619	0.324072601288611	0.685873588888691	1
chr8:65602541;C|T;Family=13335	-0.391630269595514	0.260180162725591	0.635880886528161	1
chr8:65718492;G|A;Family=12597	-1.41668751884908	1.16021807521509e-21	1.11787011546974e-18	4.47148046187895e-18
chr8:66514029;T|G;Family=14254	-0.168931434794696	0.213740598063179	0.584373936886731	1
chr8:66632325;T|C;Family=11922	-0.199286551205142	0.599532087663214	0.856949364209242	1
chr8:68233907;C|T;Family=12919	-0.232274744643427	0.587535371613865	0.846415308777518	1
chr8:68234749;G|A;Family=14669	-0.143530519604516	0.547560873893182	0.828536926906831	1
chr8:6924777;A|G;Family=12532	-0.0106325630910258	0.964490596754616	0.985980572915727	1
chr8:69672964;C|T;Family=11195	0.290350161035145	0.0291200195073153	0.170301297695285	1
chr8:73420884;C|G;Family=13882	0.303604464528763	0.111558753800969	0.414470922560815	1
chr8:73653867;C|T;Family=11018	-0.0806937148030623	0.733885560452981	0.912012723426348	1
chr8:73668999;C|T;Family=11679	0.606055690952197	0.0101988318541348	0.0799343009479418	1
chr8:74234772;CAAG|C;Family=12206	-0.274854680892778	0.40126225741568	0.74790793654324	1
chr8:74365934;T|G;Family=14110	-0.0949179989238754	0.594938923333034	0.852694165312574	1
chr8:76865498;C|CG;Family=13613	0.947369286151314	0.00014717737179967	0.00237331209588255	0.567221590915928
chr8:76865499;C|T;Family=13613	-0.744064358563371	0.00806279651823034	0.0659745600451375	1
chr8:76866525;C|T;Family=12638	0.290598530080905	0.480010919224697	0.79295417174967	1
chr8:76981153;T|C;Family=14692	0.367817211629252	0.402900287381714	0.74790793654324	1
chr8:76982966;A|G;Family=13748	-0.154450365808681	0.592832279232882	0.85157495496218	1
chr8:78717932;G|A;Family=12541	0.219880159409286	0.580150465085102	0.84388994569329	1
chr8:78738606;G|C;Family=12643	-0.0868483098119724	0.755081690803128	0.919048538618833	1
chr8:78740044;A|T;Family=22024	-0.472049901546426	0.249630914107198	0.625415377766424	1
chr8:80526198;G|C;Family=14253	-0.0597356672046727	0.788898236875947	0.930727571907569	1
chr8:80971856;T|A;Family=11073	0.01022370492701	0.977415927031112	0.992201907831216	1
chr8:81480433;T|C;Family=13763	-0.102220102426428	0.531817563048596	0.82279786808671	1
chr8:81701852;G|C;Family=13947	0.152577397720157	0.631512097446026	0.869032911073625	1
chr8:85124850;G|A;Family=14385	-0.498327845525525	0.0204895177644948	0.133389529500613	1
chr8:85480675;G|A;Family=13630	0.759109124516769	0.00376383970998629	0.0363554843165092	1
chr8:88038481;C|A;Family=11838	0.0985825907841798	0.66567309154215	0.884005331750691	1
chr8:89926047;G|T;Family=14285	-0.315943135479276	0.25337450652506	0.629597258638028	1
chr8:90956239;CTGTT|C;Family=12483	0.122775670565169	0.757271371444573	0.919048538618833	1
chr8:90957147;A|G;Family=11537	-0.215453614640744	0.526605049151352	0.819808839349929	1
chr8:90993992;A|G;Family=14522	0.168504566858673	0.4669302886164	0.785486395603494	1
chr8:9139918;A|C;Family=13948	0.0440022584042858	0.719885912268619	0.906895142159033	1
chr8:91955087;C|G;Family=14152	0.129064449375447	0.6829046506156	0.890062402256517	1
chr8:91956796;T|A;Family=12032	0.287384387008386	0.48810659195622	0.798220369683119	1
chr8:93702337;TATG|T;Family=14271	0.0587374093707282	0.865126255801303	0.954170863047331	1
chr8:94127863;G|A;Family=22308	-0.158084308422539	0.406455012023762	0.748522986226006	1
chr8:94790581;A|G;Family=13375	0.0302893167858867	0.91969386613493	0.973933569308383	1
chr8:94790790;AAT|A;Family=12499	-0.0570915337224641	0.860483153193467	0.952686605115663	1
chr8:95047123;T|A;Family=14095	-0.208974160923713	0.12719568939747	0.446459186646492	1
chr8:96610564;T|C;Family=11030	0.433408132592769	0.238706248012619	0.613866121971821	1
chr8:97275271;G|A;Family=13082	0.140691041856173	0.283378814193795	0.65392968377527	1
chr8:9780855;T|A;Family=13412	-0.0237547915718614	0.914106367074412	0.972389163319013	1
chr8:98432386;T|G;Family=14371	0.0728022475793658	0.631442808818546	0.869032911073625	1
chr8:99511216;G|A;Family=12922	0.15445056088978	0.447797834467226	0.772597910118338	1
chr9:101362333;G|A;Family=12111	-0.366026731199301	0.303133911483438	0.668833687511093	1
chr9:105637531;T|C;Family=12377	-0.00807710449050018	0.941873181944142	0.978151545855519	1
chr9:107012058;A|G;Family=11063	-0.0629488784385829	0.886779015274699	0.961363241875862	1
chr9:107331575;TC|T;Family=13575	0.263549071734466	0.292645807602307	0.659565463449879	1
chr9:108868801;AG|A;Family=14371	0.633458933965885	0.0821757649619298	0.344994987105967	1
chr9:109073266;A|G;Family=14440	0.194375906737509	0.134841822344237	0.457637561419022	1
chr9:109172479;C|T;Family=11000	0.179579355409818	0.146077595007323	0.475573242033597	1
chr9:109174247;C|G;Family=13592	0.283026763047205	0.224677875594214	0.598105188085417	1
chr9:110169350;T|G;Family=14314	-0.673136420348659	0.00329806321444672	0.0324624827713739	1
chr9:111361377;A|G;Family=13929	-0.216687140394449	0.0377612413826771	0.203541012991381	1
chr9:111544251;T|G;Family=13096	-0.329577962744536	0.232914082891462	0.611062542861602	1
chr9:111578926;C|T;Family=11526	-0.610256056351247	0.00381194591066438	0.0365538133618529	1
chr9:112219628;A|C;Family=14509	0.53070941899947	0.0439547179291668	0.227384540804039	1
chr9:112223846;A|G;Family=14081	0.0464326579756709	0.832569271260519	0.943044032783225	1
chr9:112661862;T|TA;Family=12221	0.228729801224708	0.432744341561658	0.762966568364489	1
chr9:113291674;A|G;Family=12899	0.106656591382056	0.482685657483327	0.795184660592009	1
chr9:113315864;C|T;Family=11455	-0.46460351000008	0.0300861813165115	0.17358105208658	1
chr9:113408274;A|G;Family=11775	-0.0163285522616215	0.920719321521424	0.973933569308383	1
chr9:113408563;G|C;Family=14240	-0.174031918834673	0.452539642402844	0.777708121922714	1
chr9:120602066;A|G;Family=13946	-0.0756218097171131	0.502348775323679	0.806692489689128	1
chr9:121783329;C|T;Family=14202	0.0189228944120467	0.918848851346302	0.973933569308383	1
chr9:122240838;G|A;Family=14116	-0.024118926852155	0.829156479771504	0.942179965812435	1
chr9:122324182;T|G;Family=13660	0.0348030839061157	0.857401324002932	0.952315063204422	1
chr9:123089820;C|A;Family=12637	0.214511331610206	0.0683900321111536	0.304008285762844	1
chr9:123123170;G|A;Family=13259	0.260660629263044	0.0073761763148359	0.0613991004694979	1
chr9:124482337;C|G;Family=13133	-0.0687799326116575	0.618641943573272	0.864483702150613	1
chr9:124517762;A|G;Family=14042	0.144890760949825	0.205203649304258	0.572663299144875	1
chr9:124812407;C|T;Family=11376	-0.181677109384215	0.379578157098079	0.727285772515246	1
chr9:124814304;G|C;Family=12066	0.219193111276742	0.0480055453424905	0.240902827799425	1
chr9:124945512;G|A;Family=12494	-1.04265278512233	0.000168180083747829	0.00264557568475157	0.648166042764134
chr9:124947542;G|A;Family=11671	-0.315461493524306	0.0503916255846683	0.248349520464593	1
chr9:125341338;A|G;Family=11922	0.190715063664041	0.116607550275933	0.424367798643481	1
chr9:125437495;T|C;Family=13001	0.707035394733295	0.0433880418849087	0.225057218606243	1
chr9:125438213;G|A;Family=14291	-0.0879340582680145	0.414354981247696	0.750167800613581	1
chr9:126503518;G|A;Family=14246	-0.177757675988663	0.194076751106996	0.555287155728554	1
chr9:126696795;G|A;Family=14415	-0.057457039085199	0.640629743006225	0.872433579344873	1
chr9:126882867;TG|T;Family=13581	0.0795105608755117	0.686986689346444	0.89065656155889	1
chr9:126990082;C|T;Family=11462	0.158045126932864	0.183324704459601	0.539161232773534	1
chr9:127872724;G|A;Family=13601	0.0231949910339709	0.852153331773224	0.949739427603819	1
chr9:128163787;G|A;Family=12457	-0.0816152744877486	0.758713143189133	0.919048538618833	1
chr9:128635951;G|A;Family=11009	0.106835544353397	0.632611890586323	0.869502933780203	1
chr9:128809363;G|A;Family=14641	-0.144319171088881	0.237316446912565	0.613534778049848	1
chr9:129176594;G|A;Family=13649	0.0263876176092196	0.907021582354323	0.969664121542712	1
chr9:129810352;G|T;Family=13912	-0.507206732090045	0.00227960096807119	0.0241362146454571	1
chr9:129827484;T|C;Family=14085	-0.44560616793624	0.000417320551476868	0.00576470754620734	1
chr9:130234947;G|A;Family=14563	-0.050430692296385	0.684958139520804	0.89065656155889	1
chr9:131123084;TG|T;Family=11009	0.0428608920913383	0.747748422570979	0.917193641180317	1
chr9:131523662;G|A;Family=13332	0.162659791384104	0.366242664951568	0.716133551863695	1
chr9:132262526;G|A;Family=14005	0.0180262526988742	0.813823580407026	0.937380776715086	1
chr9:132638219;A|G;Family=14550	-0.272278603799958	0.00602903924072031	0.0525699484926155	1
chr9:133161106;T|C;Family=11004	-0.108226219293543	0.323969884282351	0.685873588888691	1
chr9:133329726;C|T;Family=14410	-0.247744542748138	0.634003211556978	0.869522783998248	1
chr9:133361896;C|T;Family=14053	0.503498818243731	6.55275663707242e-08	2.5004281266611e-06	0.000252543240792771
chr9:133363549;C|G;Family=11038	0.0862520644288354	0.480611785530837	0.793590468944566	1
chr9:133430005;G|A;Family=12062	-0.217222470235528	0.237677068922787	0.613534778049848	1
chr9:133449924;G|A;Family=14554	0.0099863148197498	0.97415204397103	0.992172827025462	1
chr9:133763665;C|T;Family=13772	0.131780667556311	0.260492143836822	0.636183929404159	1
chr9:135566816;A|G;Family=14065	-0.258449380591178	0.037918006650438	0.20381589627725	1
chr9:135694297;CT|C;Family=13390	-0.122924292763901	0.461249462619097	0.781730619583993	1
chr9:136196867;T|A;Family=11857	0.0143214356310648	0.91627156421186	0.973080906164924	1
chr9:136367682;G|A;Family=13443	0.35605358496396	0.116408505667856	0.424367798643481	1
chr9:136840556;G|A;Family=13094	0.211354913183687	0.203601168107316	0.570675565007707	1
chr9:137007274;A|G;Family=12944	-0.102681620366071	0.550097334987927	0.829411804157302	1
chr9:137010114;C|T;Family=14317	-0.0405108347056431	0.866759416716243	0.954170863047331	1
chr9:137011936;C|T;Family=12225	0.0663323191132002	0.635246939593685	0.869522783998248	1
chr9:137013102;G|A;Family=14275	-0.568557044809691	0.000365046592634301	0.00517238811769336	1
chr9:137078580;C|T;Family=14361	0.288132687037496	0.032603481349815	0.183436229375455	1
chr9:137087244;G|C;Family=13043	0.307140004810799	0.235488007013712	0.611823303246514	1
chr9:137161981;C|A;Family=14008	-0.272029235240655	0.096577766014688	0.37829999349339	1
chr9:137164953;C|T;Family=13780	-0.085305758873985	0.695488637523843	0.892400370680246	1
chr9:137273442;GT|G;Family=13636	0.156494208025277	0.410508244920578	0.748665761744345	1
chr9:137301028;T|C;Family=14119	-0.0603174943622747	0.61741036696917	0.863655714625198	1
chr9:137522810;C|T;Family=13251	-0.0889629499727461	0.504753541196796	0.808237846128423	1
chr9:14085340;GAA|G;Family=14147	-0.0184618172597631	0.867280739818327	0.954170863047331	1
chr9:14611924;C|T;Family=12247	-0.0440369737577472	0.913944412482474	0.972389163319013	1
chr9:14616772;T|C;Family=14687	-0.140225962290152	0.764163334777142	0.92033921632222	1
chr9:16416120;C|T;Family=12682	0.0229924078026249	0.857459941449281	0.952315063204422	1
chr9:17300732;C|T;Family=13684	0.0126523869933036	0.929571848578785	0.975988132595065	1
chr9:18909049;G|T;Family=11964	0.0236980529958156	0.861341150577332	0.95311219071277	1
chr9:19054207;T|TA;Family=11499	0.167730744641127	0.271958960261607	0.645616942968411	1
chr9:19379051;T|C;Family=12682	0.0174204390035239	0.974445512824808	0.992201907831216	1
chr9:20865950;T|G;Family=11235	0.0292298020282188	0.887216775943876	0.961567338157395	1
chr9:21409905;C|T;Family=14149	-0.0266604897756141	0.827421216000726	0.94188148293722	1
chr9:21480945;T|G;Family=12233	0.101807120297971	0.786609718717687	0.930727571907569	1
chr9:21862263;GA|G;Family=22252	0.110976064506533	0.791853683223816	0.930727571907569	1
chr9:22003750;T|TG;Family=14696	0.00792048951960213	0.980840116617412	0.992910338739336	1
chr9:27327950;A|G;Family=11964	0.345808369966786	0.0272198512316768	0.162390903008063	1
chr9:27948743;A|G;Family=11300	0.136241263152972	0.243294303397541	0.619759811689766	1
chr9:3218524;C|T;Family=13358	-0.415690223698714	0.252666444093251	0.629597258638028	1
chr9:3218573;C|G;Family=11571	0.209085826203064	0.502170581540082	0.806692489689128	1
chr9:3221259;A|G;Family=13311	-0.127306644814015	0.679890808279563	0.888255436039652	1
chr9:33104557;G|A;Family=13136	-0.106397546024008	0.376643471579193	0.724032155250941	1
chr9:33112948;C|T;Family=11928	0.350301050883927	0.0309439261025645	0.176678357332272	1
chr9:33281041;G|A;Family=13509	0.190790737299633	0.560797789191753	0.832235148072782	1
chr9:34400074;G|T;Family=13890	0.000528093098621572	0.996720817605826	0.999466630671878	1
chr9:34723228;G|C;Family=13203	-0.104309321227758	0.6698229133516	0.885894820884374	1
chr9:34978932;A|G;Family=11792	0.00632495591640821	0.962089144965236	0.985980572915727	1
chr9:36214456;GTATT|G;Family=14590	0.989542093645873	0.137702309202366	0.460681162904443	1
chr9:36337040;A|C;Family=14084	0.239696433662885	0.280358948278102	0.65392968377527	1
chr9:36835610;G|A;Family=12185	-0.00938515619939301	0.920986934637956	0.973933569308383	1
chr9:36838268;C|T;Family=13932	0.0837826970396431	0.554574064204847	0.830799321373178	1
chr9:36838887;C|T;Family=13812	-0.457691410964795	0.000177327599774269	0.00277813239646355	0.683420569530034
chr9:37436817;C|T;Family=11627	-0.104037635448523	0.65621048672226	0.878860630838998	1
chr9:37503112;TGAA|T;Family=13267	0.256472236258755	0.255494803804235	0.632013462042056	1
chr9:37515815;G|C;Family=14635	-0.0379498549293821	0.91571145342637	0.972978280422694	1
chr9:4605416;T|A;Family=13415	-0.0843859964132429	0.547172288815665	0.828280440336046	1
chr9:4707719;C|T;Family=11092	-0.376699194037781	0.233385083033814	0.611823303246514	1
chr9:5234229;C|T;Family=14175	-0.0610012438713894	0.834518557634162	0.943268925408343	1
chr9:5235143;T|C;Family=13383	0.645256864202064	0.000155043429523323	0.00247940820490824	0.597537377382886
chr9:5786983;C|A;Family=12498	0.100205056677219	0.400979066100501	0.74790793654324	1
chr9:5909470;C|A;Family=11164	-0.0115954064089546	0.928765209021858	0.975988132595065	1
chr9:6011694;C|A;Family=11615	0.0931390341741584	0.724822688657281	0.908266945536984	1
chr9:6014079;C|T;Family=12396	0.0780327677741958	0.669724305982181	0.885894820884374	1
chr9:69431314;C|T;Family=12382	0.0556820074750444	0.566760582092766	0.835007811243021	1
chr9:70532688;A|G;Family=13732	-0.526115161059325	0.0658023028028397	0.29697456564497	1
chr9:70534620;CTGTCTA|C;Family=13252	2.47861321543071	5.05295860826639e-08	1.98715331390395e-06	0.000194741024762587
chr9:72353171;T|C;Family=12624	0.195797789445033	0.38049992641116	0.727765119795836	1
chr9:74691212;A|G;Family=14268	0.123677841238983	0.599909025593289	0.856949364209242	1
chr9:77317670;A|T;Family=13623	-0.199136941527308	0.583943704934919	0.84581206280501	1
chr9:77419858;G|A;Family=22231	-0.0573556761659587	0.681053804393009	0.889153577957539	1
chr9:77719646;C|T;Family=14446	-0.227136056632453	0.337895791245355	0.695275162551841	1
chr9:78273599;T|A;Family=11316	-0.904293776596285	0.0319140210482961	0.180082924041191	1
chr9:78329763;T|C;Family=11685	-0.0820953444983753	0.644369909935803	0.875365813779399	1
chr9:79722581;C|T;Family=11199	-0.105634867362446	0.311210284390339	0.676101711409452	1
chr9:8315243;G|A;Family=12923	0.0132246634616033	0.959908984515522	0.985980572915727	1
chr9:8316672;C|CCTGA;Family=12536	-0.576681448171541	0.0947783493993737	0.37311109150683	1
chr9:83247078;C|T;Family=13298	0.0886024747226216	0.79606619037179	0.930727571907569	1
chr9:84876701;T|C;Family=14125	0.14790832606942	0.333888981490901	0.691089223773326	1
chr9:86022196;G|A;Family=14394	-0.243076176151055	0.537056759635721	0.822988768046151	1
chr9:87650018;G|A;Family=13884	0.168517191894486	0.23504316886815	0.611823303246514	1
chr9:88992903;G|A;Family=12940	-0.315587981498188	0.0145723652226298	0.103227233167924	1
chr9:89002362;G|A;Family=14179	0.0961470860886435	0.517664008357538	0.815315601697452	1
chr9:89007807;T|C;Family=14011	-0.19648157648763	0.118064891661444	0.427838174930649	1
chr9:89377705;G|A;Family=14613	-0.732789577024073	3.05221524108726e-09	1.70481703465946e-07	1.17632375391503e-05
chr9:93034580;G|A;Family=12479	-0.04134710823341	0.723671353253768	0.908266945536984	1
chr9:93952040;GATC|G;Family=14109	0.779622770787992	8.38383479524017e-08	3.04823578309959e-06	0.000323112993008556
chr9:94295032;C|T;Family=12493	-0.16182455589535	0.433128603275628	0.762966568364489	1
chr9:95099215;G|A;Family=13300	0.0451329685543065	0.74652440355466	0.916859480975035	1
chr9:95467382;A|T;Family=13578	-0.106000342708917	0.440419794701972	0.766081956533469	1
chr9:95467387;G|A;Family=13991	0.161492681096893	0.349967171857942	0.705685538208721	1
chr9:96320998;C|T;Family=12497	0.187752458897172	0.215866605971217	0.587120606501813	1
chr9:96756012;G|C;Family=14095	-0.132520680053424	0.252761381648089	0.629597258638028	1
chr9:96758618;A|G;Family=13159	-0.233590489564516	0.198139007081633	0.562320497132729	1
chr9:97673220;A|G;Family=13070	-0.142640175376701	0.45956971992821	0.780256255772389	1
chr9:97855594;C|G;Family=12619	-0.125708717515336	0.567649316413263	0.835007811243021	1
chr9:98849178;C|T;Family=11445	-0.193370665295331	0.240320257070794	0.615411475581955	1
CLIP2_wgs	-0.115727946857626	0.202719467555493	0.569446667608506	1
CLSTN2_wgs	2.32811803598942	2.45775890887396e-06	6.27298200980149e-05	0.00947220283480025
CMTR1_wgs	-0.138319592541724	0.246707672004613	0.622186928665382	1
CNGB1_wgs	-0.0330064202092631	0.821991157798656	0.939471036171205	1
CNKSR3_wgs	-0.249387642939713	0.00833687357767722	0.0679287754088119	1
CNNM2_wgs	0.00386514972776462	0.977156900447065	0.992201907831216	1
CNTF_wgs	0.634560787926073	1.4286719682367e-06	3.87753645463679e-05	0.00550610176558424
CNTLN_wgs	-0.0733751264801488	0.754686761010305	0.919048538618833	1
COCH_ssc	-0.733671608027618	7.4712983582204e-05	0.00128642873732231	0.287943838725814
COG6_wgs	-0.102035678461118	0.749326465049554	0.917599965666636	1
COL8A1_wgs	2.61847953521817	1.81084309859678e-06	4.78012965889861e-05	0.00697898930199197
CPD_wgs	-1.89640902347887	1.96277234423569e-09	1.18912673915906e-07	7.56452461468434e-06
CPEB4_wgs	0.329335694739228	0.335638227048597	0.693592346941177	1
CRIM1_wgs	3.11404468271889	7.38392290210996e-09	3.74442616641208e-07	2.84576388647318e-05
CRTC1_wgs	0.749358382258483	1.24007000353702e-08	5.68955927813296e-07	4.77922979363169e-05
CSK_wgs	0.148192468336027	0.413209218838938	0.748780003653022	1
CTD-2132N18.3_wgs	0.737501728479365	8.53929887920776e-05	0.00144344113510819	0.329104578804667
CUL3_wgs	-1.1044035839965	0.000422736911853289	0.00579796462022269	1
CUX1_wgs	-0.111838529793423	0.342125979143206	0.697630428244105	1
DACT2_wgs	0.0542987780811604	0.408946774418499	0.748665761744345	1
DCAF4_wgs	-0.379944734453812	0.0623855866488639	0.289330987899785	1
DCTN5_ssc	-0.162456996559457	0.0513511273361372	0.251790387727064	1
DFFA_wgs	0.32386065007027	0.4427099793418	0.768560477650134	1
DHRS7B_wgs	0.00776493205884888	0.944771838447103	0.978622001776506	1
DIDO1.1_wgs	-1.5485925788855	1.22778802893752e-08	5.68955927813296e-07	4.73189506352518e-05
DIDO1_wgs	0.570863001072442	0.00295173605170886	0.0300952136065765	1
DNAJC10.1_wgs	-1.65282634345747	4.33402012862416e-09	2.35257937686162e-07	1.67033135757175e-05
DNAJC8_wgs	-0.0494990644504064	0.770406398076909	0.924704282499387	1
DNM3_wgs	0.0698173217947179	0.886147097231456	0.961088799045968	1
DPY19L3_wgs	-0.149907169554009	0.0162710766036453	0.112180195403308	1
DSE_wgs	0.0207498721329295	0.928239996724527	0.975988132595065	1
DSTYK_wgs	0.0720714179195945	0.800748843876431	0.931514859006672	1
DTX3L_wgs	3.29476848803485	1.18277317897773e-08	5.55903394119535e-07	4.55840783178018e-05
ECE2_wgs	0.359800043267632	0.00862949562518858	0.06928765862391	1
EIF4E3_wgs	0.832920070784051	5.9026395356302e-07	1.68509427928287e-05	0.00227487727703188
EIF5A2_wgs	-1.22316235137771	1.80317813594843e-07	6.04299872690892e-06	0.000694944853594526
ELOVL6.1_wgs	1.8123188358922	3.47857753296244e-14	5.58601575501551e-12	1.34064378120372e-10
ELOVL6_wgs	0.181232330465287	0.5136639667929	0.811808275435325	1
EMILIN2_wgs	-0.0930567741379452	0.455532991983117	0.778754180451909	1
ENPP5_wgs	-2.54342837011012	4.96857745170042e-09	2.58768885119641e-07	1.91488974988534e-05
EPB41L1_wgs	-0.0572072036705422	0.50716326225839	0.80962422668288	1
EPB41L5_wgs	-1.76491854939517	3.29202230709926e-13	4.66373449585166e-11	1.26874539715605e-09
EPM2AIP1_wgs	0.1467719791215	0.372680881143339	0.721144920567337	1
EPX_wgs	-0.0147239553010548	0.894723107346154	0.967493136857905	1
ERICH1_wgs	-0.203584038110062	0.188042247578185	0.544143038220332	1
ERO1LB_wgs	0.577778981033698	0.266247235391159	0.641791107943036	1
ETF1_wgs	-0.934550650716051	5.20089987334746e-08	2.00442681118811e-06	0.000200442681118811
ETV3_wgs	0.0788635629418053	0.796345159780019	0.930727571907569	1
F2RL1_wgs	5.90816712411519	1.94151024569191e-21	1.49651609737932e-18	7.48258048689661e-18
F2RL3_wgs	0.615359233329568	0.000109872665413044	0.00184108370652987	0.423449252501871
FAM101B_wgs	0.427559647152297	0.00300091553617725	0.0304356012537556	1
FAM127A_ssc	0.0769732498210498	0.503716019291373	0.808237846128423	1
FAM57A_wgs	-0.195576520180876	0.630582228271319	0.869032911073625	1
FAM83F_wgs	-0.769593924972801	3.40444110399143e-06	8.41071539409166e-05	0.013120716014783
FANCC_wgs	-0.153038265623825	0.326414572036291	0.686095268823958	1
FANCM_wgs	0.00918763133282583	0.933446449788423	0.977612571732158	1
FARP2_wgs	0.370403785533632	0.00291960117140633	0.0298465329299734	1
FAXC_wgs	0.479861607386151	0.000514042922278841	0.00692356347809143	1
FBRSL1_wgs	-0.205369253790199	0.479465739497317	0.792393207556887	1
FBXO31_wgs	-0.311554779210451	0.00192042598353858	0.0210863867252355	1
FBXO44_wgs	0.489798629730547	0.179490049252514	0.531301574361897	1
FGD4_wgs	0.509499559485299	0.00949695768007824	0.0753112652243242	1
FIGN.1_wgs	-0.0454410985304162	0.947397146859646	0.980732904646004	1
FIGN_wgs	0.221252404557264	0.0373758863879318	0.202276073138132	1
FKTN_wgs	-0.60527922885541	1.52345089408381e-06	4.10585996209721e-05	0.00587137974579901
FLI1_wgs	0.104658860557354	0.583908517791534	0.84581206280501	1
FLJ14816_wgs	-0.324807688733621	0.0786140190729359	0.334782795035464	1
FLVCR1_wgs	0.440252184971038	0.325684113359654	0.686095268823958	1
FNBP1L_wgs	-0.365047540064077	0.425658306913973	0.760428288644136	1
FOSL2_wgs	0.126864797221211	0.300924073185424	0.665893920189795	1
FRAS1.1_wgs	0.534946936192817	0.0208773364958858	0.134622758583744	1
FRAS1_wgs	-0.405060687318142	0.139738603332034	0.464670040760708	1
FRK.1_wgs	0.0477761504693901	0.698745390278321	0.89416347691502	1
FSD1L_wgs	-0.660372069505066	0.327036728604285	0.686095268823958	1
FST_wgs	-0.0373035086263663	0.818506962729208	0.939471036171205	1
FTO_wgs	-0.226153339560631	0.0630017330412462	0.291487009773065	1
FXYD3_wgs	-0.0250603546403154	0.846078061481151	0.948214533645045	1
GABPB2_wgs	0.888343767483379	0.0357579889703086	0.196033128722005	1
GALNT11_wgs	-1.47726337360632	1.76691473232873e-16	6.80968937839492e-14	6.80968937839492e-13
GDNF_wgs	0.173376285945503	0.747288127595327	0.916920867160901	1
GDPD4_ssc	-2.11560540835381	2.9993749274046e-15	6.0839952474828e-13	1.15595909702173e-11
GET4_wgs	0.0164012909349554	0.913472782001603	0.972251892249151	1
GFOD1_wgs	-0.515521822659259	9.18514585794528e-08	3.30836935855337e-06	0.000353995521365211
GJA1_wgs	1.15203850544247	2.02003127167949e-08	8.84681877392357e-07	7.78520052105274e-05
GJA3_wgs	-1.12397514064036	3.67662540690791e-05	0.000694593839128582	0.141697143182231
GLCCI1_wgs	-1.10846663909134	2.14015965829958e-07	7.1104959681781e-06	0.000824817532308659
GLYAT_wgs	1.01872256993712	1.67587914490697e-08	7.42395198215109e-07	6.45883822447144e-05
GMPS_wgs	-0.124431738654217	0.181605054271159	0.536326344184709	1
GNB1L_wgs	-0.16702301269669	0.340568038071626	0.697630428244105	1
GNB4_wgs	-1.39131131730574	3.9402322432256e-05	0.000740763661726414	0.151856550653915
GPR132_wgs	-0.371167756289699	0.00715154993340177	0.0596581676262563	1
GPR88_wgs	0.748639686122736	0.0453344585455509	0.231415898323911	1
GRAMD2_ssc	0.11000594145247	0.362981392045795	0.713375973964556	1
GRIK2_wgs	-0.612247391312958	0.0312078379762342	0.177658799941516	1
GRK4_wgs	-0.24982469968645	0.0592577074071071	0.279533909849438	1
GRM6_wgs	0.0779644470143952	0.579947934741974	0.84388994569329	1
GSG1L_wgs	-0.172705557635433	0.135380114911063	0.457637561419022	1
GSKIP_wgs	-0.480385410925542	0.00659003587762279	0.056355832696196	1
GSPT1_wgs	-0.115131549766373	0.171272302416775	0.51663728002191	1
GSTA1_ssc	-0.283200040189833	0.537828448865736	0.82359998398004	1
GSTA2_wgs	-1.00757210051987	0.00183951994977931	0.0202557425327127	1
GTF2H1_wgs	-1.05799199344948	3.16346944348387e-07	9.50881610935141e-06	0.00121920112351868
GTPBP2_wgs	-0.262778209084515	0.210165060957577	0.579861282135902	1
GTPBP6_ssc	0.0790280622154122	0.514385324814935	0.812475836818343	1
GUCY1A2_wgs	-0.606644705529255	0.135547160265683	0.457637561419022	1
GUCY1B3_wgs	0.125728851047228	0.823129256047417	0.939674215878775	1
GXYLT1.1_wgs	0.00884093301124634	0.933530222768102	0.977612571732158	1
GXYLT1_wgs	0.619451823909726	0.0587807334686365	0.277623709299173	1
GYPA_wgs	2.89991294057651	1.136483659338e-10	9.31916600657157e-09	4.38000802308864e-07
HAP1_wgs	0.543770627744617	8.49650325493381e-06	0.000189280482916271	0.0327455235445149
HDGFRP3_wgs	-0.146861844431028	0.670775895725393	0.886420500211529	1
HECA_wgs	-0.189064443209451	0.421403001323904	0.757856482031708	1
HELLS_wgs	-0.0892307796463506	0.624611629756644	0.867015653629244	1
HERC3_wgs	0.61003316852163	0.000251984659155038	0.00373518798609045	0.971148876383517
HHAT_wgs	0.0875550235202201	0.695095041926537	0.892400370680246	1
HIST1H2BJ_wgs	0.052938572568788	0.884929334868102	0.961088799045968	1
HIST1H2BN_wgs	0.0602752484166149	0.562530886164213	0.832882841059116	1
HK2_wgs	0.387591592273253	0.0066224968456719	0.0564670416885387	1
HLF_wgs	-0.556857862980274	0.000251751007061626	0.00373518798609045	0.970248381215508
HNRNPUL1_wgs	0.51888316706577	0.126406794786357	0.445312419658702	1
HOXC11_wgs	0.831995547950029	3.26301752968577e-08	1.3237546904641e-06	0.00012575669559409
HS3ST1_wgs	1.0852376850315	4.40988016373933e-08	1.77038314073452e-06	0.000169956781510514
HSF2BP_wgs	-1.9926921310017	8.92251732965233e-09	4.29542186247933e-07	3.43873817884801e-05
ICMT_wgs	0.298983803644381	0.136988138847093	0.459088945318866	1
ICOSLG_wgs	0.239288419255302	0.125412994461737	0.442620586680891	1
IDE_wgs	0.69485035157001	1.23329231617689e-06	3.41950258024874e-05	0.00475310858654575
IFNLR1_wgs	-0.297148242581652	0.005923549884992	0.0518849119471799	1
IGF1_wgs	-0.175791047805819	0.186641281923261	0.543075565357925	1
IGF1R_wgs	-3.0151748448249	3.19158668072295e-11	2.7955397880696e-09	1.23003750675062e-07
IGFBP4_wgs	-0.25725153865055	0.097144012557996	0.379708949694236	1
IKBKAP_wgs	1.08461175217637	0.00407383589212964	0.0387668235265868	1
IKBKB_wgs	0.722269330429087	2.16166090198997e-11	1.98358121815936e-09	8.33104111626933e-08
IKZF4_wgs	-0.0322497616148834	0.921416281363773	0.973933569308383	1
IL10_wgs	-0.470453184560401	0.13058228959038	0.450549815650245	1
IL17A_wgs	-0.651578078037998	0.00037360515279925	0.00523590639595749	1
IL17RA_wgs	0.568888023286266	0.0920169169008986	0.366270972931183	1
IL20RB_wgs	-0.678254996026582	3.63837639571994e-07	1.07863866377728e-05	0.00140223026291047
INHBA_wgs	0.2067757944013	0.155878692861826	0.489926321278561	1
INO80C_wgs	1.25728643547526	0.00268416547314413	0.0276598228168382	1
INPP4A_wgs	-0.0571562500856175	0.528431911940639	0.821268656584583	1
INPP5F_wgs	0.866767202952769	1.03649527304531e-09	7.24268649121764e-08	3.99465278231664e-06
INSL4_wgs	-0.741392605384767	5.25206601699447e-06	0.00012342355139937	0.0202414624294967
IP6K1_wgs	0.490232559695915	0.00173358842150494	0.0191989936105748	1
IPO5_wgs	1.90715969828586	7.84385139470867e-10	5.59818579170504e-08	3.02302032752072e-06
IRGQ.1_wgs	0.963144197956565	0.0573096721211766	0.271674632662994	1
IRGQ_wgs	-0.0930281987202064	0.412955507409768	0.748780003653022	1
IRS1_wgs	-0.278862496455851	0.0281890707853546	0.166371636763793	1
ITGA9_wgs	1.23669178815367	5.04611856577093e-13	6.70611756982109e-11	1.94477409524812e-09
ITGAV_wgs	0.0697045036904248	0.908022266384963	0.969664121542712	1
ITGB6_wgs	0.372010095139803	0.120703630828196	0.433881317956559	1
ITGB8_wgs	0.927489321111285	0.0192176192937621	0.127477977208535	1
KBTBD11_wgs	1.10225109168022	1.15120155578763e-05	0.000243776417362941	0.0443673079600553
KCNC4_ssc	-0.152576270785582	0.410548075090822	0.748665761744345	1
KCNJ12_wgs	0.317638870432203	0.0864660007475759	0.354133864910901	1
KCNK3_wgs	0.217105071678606	0.0622774584139678	0.289177499671605	1
KCNMA1.1_wgs	0.340812234086106	0.0291003411693303	0.170301297695285	1
KCNMA1_wgs	-0.155107924261322	0.655006579197511	0.878860630838998	1
KCNS1_wgs	-0.366733017430998	0.00142834448587713	0.0162865078360072	1
KCTD20_wgs	-0.498563212980846	0.00808098774669612	0.065983319440184	1
KDSR_wgs	1.89156340359026	0.000273323624944452	0.00402056965853404	1
KIAA0226_ssc	0.0935644650719814	0.538530314469483	0.82359998398004	1
KIAA0247_wgs	-0.10439052163378	0.295999025946445	0.663244329068371	1
KIAA0319L_wgs	0.182789223924795	0.383371165939	0.7321667361392	1
KIAA0930_wgs	0.136178372619514	0.490997189987211	0.799114514447091	1
KIAA1377_wgs	-0.699080278869601	0.000124146183933782	0.00202737030881693	0.478459392880795
KIAA1456_wgs	-0.73063461077151	0.000110963281907956	0.0018433296916951	0.427652488473262
KIAA1751.1_ssc	0.411544628327499	0.000113695812487907	0.00187653807699358	0.438183661328393
KIAA1751.2_ssc	-0.0285803409481208	0.772191539910368	0.924806151278608	1
KIAA1751.3_ssc	-0.590361644635779	4.17505438322982e-07	1.22829462541738e-05	0.00160906595929677
KIAA1751_ssc	0.302549856424388	0.0024515834865145	0.0256054275258181	1
KIAA1755_wgs	0.0973387983504502	0.359892733589861	0.712025972923677	1
KIT_wgs	-0.279088553978976	0.0226680323259266	0.142284359257526	1
KLHL3_wgs	-0.391353513099371	0.00332710967687926	0.0324624827713739	1
KNCN_ssc	-0.123635784898698	0.383016065016053	0.731851221899787	1
KNDC1_wgs	-0.155993798636342	0.341354570520321	0.697630428244105	1
L1TD1_wgs	0.277941025386717	0.340070946301318	0.697630428244105	1
LAMB3_wgs	0.0555090954061414	0.817170149127723	0.939257435379504	1
LAPTM5_wgs	-0.0413922612312604	0.749508223123656	0.917599965666636	1
LASP1_wgs	0.112566357892991	0.442109867285535	0.76821074324547	1
LENG8.1_wgs	0.032442105165782	0.786064392824584	0.930727571907569	1
LENG8_wgs	-0.0848570404775523	0.412415852900609	0.748780003653022	1
LGSN_wgs	0.0600628772361702	0.622926862014338	0.866813536365917	1
LHFPL2_wgs	0.849147323915393	4.4442887593489e-06	0.00010638688744429	0.0171282888785306
LHX3_wgs	0.139264646324571	0.299806699269252	0.665893920189795	1
LILRA6_wgs	0.0267172040964675	0.867020030703469	0.954170863047331	1
LIN7C_wgs	-2.65257194808762	8.25503568708451e-18	4.54498679114624e-15	3.18149075380237e-14
LMBRD2_wgs	-1.88362864315302	1.16613236432538e-07	4.04889561451353e-06	0.000449427413211002
LMX1B_wgs	-0.144235557118766	0.312002893520346	0.676455962214118	1
LONP2_wgs	0.159276539530492	0.0925750335766673	0.367061912967568	1
LPGAT1_wgs	0.377696449877707	0.00783962488701323	0.0644219921418955	1
LPXN_wgs	0.68004898833742	0.164979885981449	0.503829223908482	1
LRP2BP_wgs	2.27059986801855	1.61826459554068e-15	3.8979948445086e-13	6.23679175121376e-12
LRRC15_wgs	-0.00868872264811841	0.923665357617937	0.97475528156066	1
LRRC8C_wgs	-0.064663359862138	0.875303910593854	0.958284299024729	1
LSMEM2_wgs	0.0761952078184933	0.513394512742282	0.811808275435325	1
LTN1_wgs	0.308736295103296	0.167353712020594	0.508660257198241	1
LYRM2_wgs	0.705563754307031	0.00117325463141733	0.0138279001513223	1
LYRM7_wgs	0.11230587340791	0.778332033630869	0.928409674284546	1
MAK_ssc	0.187073797830541	0.165339122516591	0.504127356154226	1
MAP1B_wgs	0.214115566946709	0.300260079560168	0.665893920189795	1
MAP2K3_wgs	-0.386775088386584	0.00485628185049948	0.0441417694618514	1
MAP4_wgs	0.403544111444683	0.0460845846885127	0.23313497476274	1
MAPKAP1.1_wgs	0.238668817721898	0.0164871302837141	0.113062989525684	1
MAPKAP1_wgs	-5.37770670702119	6.7492447573557e-17	2.89017658831654e-14	2.60115892948489e-13
MARVELD2_wgs	-0.232492995288746	0.331846945111382	0.689681038095896	1
MAST3_wgs	4.01270618464328	3.75870380160329e-24	4.82868148379302e-21	1.44860444513791e-20
MAVS_wgs	-0.399417757178797	0.00081560336213139	0.0101726063354511	1
MCF2L_wgs	0.0185534923160109	0.936519360361995	0.977612571732158	1
MED13_wgs	-1.11955861438302	0.00123956825594594	0.0144766547224717	1
MEGF9_wgs	0.174824341302645	0.192937921988034	0.554085507706322	1
MFN2_wgs	-0.0414368895753528	0.751496090321211	0.918052538959787	1
MGAT1_wgs	-0.174415048172807	0.286592546840729	0.65392968377527	1
MGAT3_wgs	0.205295916041095	0.0621194485029776	0.288791742497558	1
MICB_wgs	-0.844273937859665	8.05419812387646e-09	4.03128306096362e-07	3.10408795694199e-05
MINK1_ssc	-0.309753081679867	0.0846885863527012	0.351334565988494	1
MKX_wgs	2.46463403410289	8.20321391099893e-11	6.87286661151954e-09	3.16151864129899e-07
MLXIP_wgs	-0.582239261446463	6.00206700843768e-06	0.000137690275300707	0.0231319662505188
MPV17L_wgs	-0.107287961032205	0.553243838413497	0.830296632883807	1
MRPL17_wgs	-0.0128428646493897	0.978999931571914	0.992372137813959	1
MRPL54_ssc	0.0400420855851057	0.793360703410118	0.930727571907569	1
MSL2_wgs	-0.157578187931679	0.497888263895743	0.802870865713052	1
MTMR6_wgs	-0.233845092284773	0.0798404631851522	0.338406977876137	1
MTR_wgs	0.131698383943871	0.773856557130467	0.925362448396158	1
MUC2_ssc	-0.0154942424512644	0.88216853868545	0.961088799045968	1
MUC2_wgs	0.00749334883103472	0.940555355174372	0.978151545855519	1
MYCBP2_wgs	2.31361529309279	2.43834797304078e-09	1.44575278278449e-07	9.39739308809916e-06
MYO9B_wgs	0.3889587088322	0.0145975199990967	0.103227233167924	1
MYRF_wgs	0.275160848833811	0.111629688017158	0.414470922560815	1
MYT1_wgs	-0.357570744984194	0.0119011065551394	0.0894090929113204	1
NDNL2_wgs	0.626437868145204	0.26750646027057	0.64299417627358	1
NFAM1_wgs	-0.498688684258089	0.0261772829100535	0.157390403019261	1
NHLRC2_wgs	0.290070302564787	0.0323267022273078	0.182144898222287	1
NINJ2_wgs	-0.414817057837559	0.0283258078921816	0.166923033052703	1
NIPA1_wgs	-0.831085317715298	0.00438502125482856	0.0410191065924982	1
NME9_wgs	0.327839628131981	0.00500683927713527	0.0451905353022935	1
NR2F2_wgs	-0.637420637562746	0.130949325806464	0.450563473589797	1
NRARP_wgs	-0.264992071152862	0.670714698271949	0.886420500211529	1
NRXN1_wgs	0.261102807311384	0.317352523397278	0.680808571815758	1
NSL1_wgs	0.978970121061819	0.0815445711417895	0.343752082788265	1
NT5DC3_wgs	0.0335581357983922	0.828969384799787	0.942179965812435	1
NTN1_wgs	0.106184574619593	0.359094816951603	0.711543155590568	1
NUDT14_ssc	0.0362320140910568	0.717361714983785	0.906895142159033	1
NUDT3_wgs	-0.0470279400699255	0.728740465585975	0.910394085694764	1
NUPL1_wgs	0.759544103400313	0.00507029293856847	0.0456563294047731	1
NXN_wgs	-0.337855138389622	0.0401260377561787	0.212310791953771	1
OLFM3_wgs	0.604020131617832	0.228854614327044	0.604527541889257	1
OLFML2A_wgs	0.23687347414727	0.266082419753548	0.641791107943036	1
OR2H1_wgs	-0.921105766567791	4.00121368683597e-05	0.000748576580051739	0.154206775490658
ORMDL1_wgs	-0.233027825593432	0.395007178816778	0.743338704667901	1
OSCAR.1_wgs	-0.057325644896981	0.486752691499652	0.798035493042404	1
OSCAR_wgs	-0.0198440130032588	0.812106819955358	0.936242801109168	1
OTUB2_wgs	-0.429345241196883	0.000110625286083194	0.0018433296916951	0.426349852564631
OXR1_wgs	-0.509400945115116	0.0408483748448393	0.21536202004379	1
P2RX3_ssc	0.071419034215989	0.693768118356473	0.892083509288303	1
P2RX7_wgs	-0.501168903583675	0.00139329762795879	0.0159578624500685	1
PABPN1L_wgs	0.767755421867245	0.000800072393899793	0.0100439055572958	1
PAEP_wgs	0.270383611076657	0.177897966362589	0.529026822809738	1
PALM2-AKAP2_wgs	0.26231302987347	0.230596463252262	0.607878775221763	1
PAQR9_wgs	-0.38456684526136	0.0047382611406438	0.043542932656184	1
PARK7_wgs	-0.12529840260074	0.274063844283139	0.645624728525194	1
PARP15_wgs	-0.404150663266377	0.536529061817867	0.82279786808671	1
PARVB_wgs	0.304356899058595	0.0656004493565712	0.29697456564497	1
PAX5.1_wgs	0.460861101118392	3.13475937339072e-05	0.000604068131252391	0.120813626250478
PAX5_wgs	0.182460732065335	0.143197629938726	0.471292626630103	1
PCBP3_wgs	0.0344652774740558	0.785779522440862	0.930727571907569	1
PCDH10_wgs	-0.962663217878953	0.0208388495790599	0.134622758583744	1
PCDH17_wgs	0.756998749068466	1.32990370545604e-05	0.000277051290855544	0.0512544888082757
PCDH7_wgs	-0.959409521049318	0.000585060352894894	0.00772199520567438	1
PCDHA6_ssc	0.152155695841556	0.517664057434786	0.815315601697452	1
PCMT1_ssc	1.09373441645254	1.43109877739103e-10	1.14905306001355e-08	5.51545468806503e-07
PDCD1_wgs	0.165526200442821	0.488376655867357	0.798220369683119	1
PDE7A_wgs	-0.0266078548859591	0.689986786943775	0.89065656155889	1
PDE9A_ssc	-0.317468410947987	0.00156814054364291	0.0176198648839644	1
PEX2.1_wgs	-0.58996882217529	0.175033243058822	0.52333445985159	1
PEX2_wgs	-0.865382896010933	0.00494491060315414	0.0448416128577789	1
PGR.1_wgs	2.35452917453048	3.18570493861334e-15	6.13885341670791e-13	1.22777068334158e-11
PGR_wgs	0.43389194704481	0.2989036798456	0.665893920189795	1
PHF12_wgs	-0.701678089208632	1.14366810941131e-05	0.000243519165396198	0.0440769689367119
PHF17_wgs	-0.0156871898912098	0.912472329230901	0.97145534719776	1
PHF21B_wgs	0.436750641297883	0.0857815148565064	0.353578909804409	1
PIRT_wgs	0.0105712265467179	0.928961932130253	0.975988132595065	1
PKD1L2_wgs	0.301299589132475	0.00380622527589692	0.0365538133618529	1
PKP2_wgs	1.61434216261037	5.50019999150909e-07	1.58192319158776e-05	0.0021197770767276
PLA2R1_wgs	-0.0199172583516807	0.858407253967401	0.952577471002121	1
PLEKHA5_wgs	1.98758116374097	2.84039305960284e-07	8.68799591405505e-06	0.00109468748517094
PLEKHA6_wgs	0.342989639062349	0.471494956184455	0.786738079008401	1
PLEKHG3_wgs	-1.02045577275959	2.31229964557975e-07	7.488741877365e-06	0.000891160283406435
PLEKHG4B_wgs	0.178952773439474	0.0247453020087108	0.150899357502486	1
PLIN4_wgs	-1.16249362588241	1.07996695643007e-12	1.34264279034887e-10	4.16219265008151e-09
PLK5_wgs	0.133963927962439	0.248467313996098	0.624652986393322	1
POLR3D_ssc	0.0803190702700391	0.415404987005033	0.750572348765774	1
POLR3D_wgs	0.0268849298333193	0.790874191832289	0.930727571907569	1
PPA2.1_ssc	-0.263962946122559	0.3319559744857	0.689681038095896	1
PPA2_ssc	0.033384167396318	0.867567295588087	0.954170863047331	1
PPARGC1A_wgs	-0.754940029041707	1.97467854971924e-09	1.18912673915906e-07	7.61041113061796e-06
PPHLN1_wgs	-0.0775488858151742	0.740220518298537	0.91406916934398	1
PPP1R3B_wgs	-0.464906795054007	0.0013010127189353	0.0150573664227527	1
PPP1R9A_wgs	0.986501162640223	0.000162706974224264	0.00256996999450949	0.627072678660315
PPP2R2B_wgs	0.112033239164798	0.534249623341877	0.82279786808671	1
PPP3CB_wgs	1.40475336387541	0.0467725991635346	0.235636074740212	1
PRDM5_wgs	1.87727209376186	3.17041259303442e-08	1.29986916314411e-06	0.000122187701335547
PRKAR1A.1_wgs	-0.375101293158242	0.00475039709611921	0.043542932656184	1
PRKAR1A_wgs	1.35325060247087	1.54177992914733e-08	6.90932540341141e-07	5.94201984693381e-05
PRKG2_wgs	-0.820116538464011	0.208736218408111	0.577508532480159	1
PRPF40A_wgs	-0.54350148346182	0.361429003188677	0.71203976402849	1
PRSS23_wgs	0.0530601120783065	0.819742881925018	0.939471036171205	1
PSAPL1_wgs	-0.546169310440938	0.00145372390554731	0.0165269968494965	1
PTGDR2_wgs	-0.223088848806641	0.115231791951327	0.421425463395354	1
PTPLAD1.1_wgs	1.43378613678198	3.10076057161883e-12	3.39529721199281e-10	1.1950331243019e-08
PTPLAD1_wgs	-0.328792846500189	0.0566438821169903	0.269846133101212	1
PTPN21_wgs	0.0621239495942237	0.850127870083221	0.94895106909715	1
PURB_wgs	-1.08141240765555	0.118427160585675	0.428561762344782	1
QSOX1_wgs	-0.311608170368632	0.0218364291355536	0.138189815908741	1
RAB6B_wgs	0.21445749446696	0.0425889509966624	0.221209996147085	1
RABGAP1L_wgs	0.32612245001877	0.310146338855929	0.675571725315019	1
RAD18_wgs	1.04968979171593	0.0106776099804681	0.0822937901036407	1
RAET1G_wgs	-0.286311630714391	0.00612218328032383	0.0530222345221754	1
RANBP10.1_wgs	-0.00592105489569491	0.965895108778073	0.986892828534118	1
RANBP10_wgs	0.135873744781369	0.234502726788557	0.611823303246514	1
RANBP6_wgs	-1.37292914090765	1.65097875748564e-06	4.41866120232614e-05	0.00636287213134964
RAP1A_wgs	-0.088357878154206	0.524853999083748	0.8194957681801	1
RBFOX1_wgs	-0.0620624828790893	0.890917121634141	0.964222012574552	1
RBFOX2_wgs	2.59782493979442	7.90008398169425e-06	0.00017701699805494	0.0304469236654496
RBM28.1_wgs	1.93991678689047	8.05871029729847e-14	1.24233077943153e-11	3.10582694857883e-10
RBM28_wgs	0.691030715146366	0.0139043868536796	0.10110850364921	1
RBM4_wgs	-0.459166450987981	0.00202810759303434	0.022017821587477	1
RBM41_ssc	-0.0325907405029427	0.956221333684155	0.985282226121481	1
REEP1_wgs	-0.406750089301251	0.53160480456908	0.82279786808671	1
REM2_wgs	-0.603433843880718	0.0332069599772311	0.185596429668425	1
RFX7_wgs	0.127226384135268	0.438152772637293	0.766081956533469	1
RIMS3_wgs	-0.169415992939172	0.0973979854290754	0.380315943104009	1
RNF130_wgs	0.463262651978552	0.00200614800833606	0.0218409447009243	1
RNF150_wgs	0.372882602301799	0.34070897020593	0.697630428244105	1
RNF219_wgs	0.490348945167455	0.0415953608789692	0.216926279874895	1
RNF44_wgs	0.061908148984531	0.689492351002109	0.89065656155889	1
ROR1_wgs	0.628004240221505	0.183869237182351	0.539161232773534	1
RUNX1T1_wgs	-0.610702337237447	0.0422818248404074	0.219911137564008	1
RYR3_wgs	-0.215127066486229	0.531575628809524	0.82279786808671	1
SAMD5_wgs	0.545519309568111	2.33173906500602e-07	7.48876863044435e-06	0.000898652235653322
SAR1B_wgs	-0.061386703029574	0.564030395698418	0.833401565395305	1
SBF1_wgs	0.35012644597693	0.00218152760520091	0.0232254347802329	1
SCAI_wgs	0.298335807328065	0.0776335599445621	0.332813948861338	1
SCARB2.1_wgs	-1.45293666506286	3.32911368468479e-14	5.57843658294572e-12	1.28304041407752e-10
SCARB2_wgs	0.253766357189185	0.0488784540529603	0.243381862945877	1
SCN1A_wgs	1.38963554688873	4.97502509233568e-06	0.000117630347888722	0.0191737467058617
SCN9A_wgs	-0.326716757043442	0.403983310373254	0.74790793654324	1
SCUBE1_wgs	0.0692339401049365	0.371691657293556	0.720935907000184	1
SERAC1_wgs	-0.0513209365543934	0.65664620276457	0.878860630838998	1
SF3B3_wgs	0.345770249289426	7.3046224512299e-08	2.72714884984807e-06	0.0002815201492704
SFXN2_wgs	0.720547894241042	2.45941691269132e-08	1.06501042488903e-06	9.47859278151233e-05
SH2B3_wgs	-0.306837662789173	0.00148671721330264	0.0168322083429324	1
SH3PXD2A_wgs	0.420636024885226	4.84716633590145e-05	0.000881109130670693	0.186809790585642
SH3RF3_wgs	0.324041152643452	0.424301285797814	0.760428288644136	1
SHISA6_wgs	0.0263262025980428	0.804303213416624	0.932157067811776	1
SHISA9_wgs	1.44592285642641	3.93381554973446e-15	7.21948815651267e-13	1.51609251286766e-11
SIRPB1_wgs	2.05454350908377	1.88177573002535e-09	1.16973607476092e-07	7.2523636635177e-06
SLC22A2_wgs	-0.907606367265302	0.0999348289261391	0.386550254243534	1
SLC26A3_wgs	1.87715371154284	3.22432148460176e-05	0.000618206507571865	0.124265350016552
SLC2A13_wgs	0.179870840395654	0.504610815816514	0.808237846128423	1
SLC34A2_wgs	-0.665776351931183	0.000288220849074592	0.0041759517005018	1
SLC36A2_wgs	-0.322954598741142	0.104516601946119	0.400649788893085	1
SLC39A9_ssc	0.0734234079832816	0.493457676506421	0.799147013332632	1
SLC4A4_wgs	0.9733782810201	2.41908966644929e-07	7.70510047478972e-06	0.000932317157449556
SLC6A1_asc	0.0650222777864922	0.58584449200565	0.846415308777518	1
SLCO2A1_wgs	-0.757450606445002	1.28620540441163e-07	4.42592466839504e-06	0.000495703562860244
SMAD9_wgs	-0.625042122090121	0.0883720934992183	0.357830773054963	1
SMIM14_wgs	-0.973554105152936	0.0448829734664596	0.230638639652981	1
SMYD5_wgs	0.101485280823473	0.149932197866162	0.482336135706334	1
SNX13_wgs	1.90494864362216	4.1728648886232e-16	1.25077363528858e-13	1.60822212807538e-12
SNX29.1_wgs	-0.199384835257905	0.111782371018443	0.41463836179507	1
SNX29.2_wgs	0.632710319280809	7.38467100541845e-08	2.72714884984807e-06	0.000284605220548827
SNX29_wgs	0.0913276475677441	0.484901146114065	0.796593783940156	1
SORCS2_wgs	0.226561619325013	0.132029104323955	0.451499705469851	1
SORD_ssc	0.0716443743779176	0.429324388254686	0.762835277892165	1
SOX21_wgs	0.244553079364523	0.0799040866287713	0.338406977876137	1
SP7_wgs	-0.318116519392461	0.0378766358138618	0.20381589627725	1
SPATS2_wgs	-0.775399894450482	1.04833161044891e-07	3.74099076543529e-06	0.000404027002667011
SPOCK1_wgs	0.733591353229307	0.000200147304208916	0.00308547084168465	0.771367710421163
SPRED3_wgs	0.0496613462849694	0.758930948161087	0.919048538618833	1
SPRR3_wgs	-0.0795730524901313	0.405953756950707	0.748522986226006	1
SPRR4_wgs	0.249042253669546	0.306398152683374	0.673120151508028	1
SRRM4_wgs	-0.0758689028791411	0.527926582257714	0.82107709766797	1
STAU2_wgs	-0.905440893619592	0.000742336936486052	0.00945741877545756	1
STK24_wgs	-0.37647396954946	0.256388103575516	0.633004324907136	1
STMN1_wgs	0.541078648614088	0.163588045501789	0.503369306057458	1
STON1_ssc	0.442966704588627	2.78117056130593e-05	0.000546868946085359	0.10718631343273
STON1_wgs	0.0828295558390097	0.557149991507762	0.830799321373178	1
SURF4_wgs	0.102923850428058	0.13995480198395	0.464987764522536	1
SYNGR3_wgs	0.154766075843177	0.254598195810747	0.630408818784718	1
SYNJ1_wgs	0.191670366113483	0.314924287712791	0.679582163874241	1
SYT3_wgs	0.0928986876204982	0.430715718386958	0.762966568364489	1
TACR2_wgs	-0.248305017479521	0.109493223676721	0.409696003932119	1
TDRP_wgs	0.449950195628198	0.000230376583783679	0.00349555651142637	0.887871353902297
TEKT1_wgs	-0.188559478869843	0.131002554588198	0.450563473589797	1
TFEC_wgs	2.98407679369647	1.15126853738782e-09	7.78419112823271e-08	4.43698894309264e-06
THRB_wgs	0.538236693273849	0.131876296361233	0.451499705469851	1
TIMP3_wgs	0.444586355685184	0.00156064134421811	0.0175868764345515	1
TIRAP_ssc	-0.0844349166229165	0.615542650800536	0.862968852741093	1
TLK1.1_wgs	0.433511451034398	0.014020983259018	0.101393074277816	1
TLK1_wgs	-3.46663538335564	7.86613333151912e-16	2.02107185731165e-13	3.03160778596747e-12
TLL2_wgs	-1.26764591331168	1.16192502298556e-07	4.04889561451353e-06	0.000447805903858635
TMEM106B_wgs	0.137792657464178	0.429286503639838	0.762835277892165	1
TMEM178B_wgs	-0.884696845885004	0.00313102562719335	0.031424408247925	1
TMEM196_wgs	0.42496461941485	0.254206872927552	0.630408818784718	1
TMEM55A_wgs	0.454908307846242	0.0220602884610258	0.139149511831086	1
TMEM63B_wgs	-0.208891046217412	0.0359504419617032	0.196529082723978	1
TMEM86A_wgs	1.04902919603681	2.46748816935454e-07	7.79483557761673e-06	0.000950969940469241
TMEM95_wgs	-1.44483428580445	4.54354719617024e-16	1.25077363528858e-13	1.75108308940401e-12
TMEM98_wgs	-0.0434584536151791	0.846502877104553	0.948214533645045	1
TMTC2_wgs	0.322643837992834	0.0374740830878636	0.202276073138132	1
TNRC6B_wgs	0.428624215332872	1.61647416770018e-05	0.000333149274990186	0.0622989144231648
TOLLIP_wgs	-0.380019452751331	0.001798852372689	0.0198646906714711	1
TPGS1_wgs	0.207084408944749	0.184103835581207	0.539161232773534	1
TPGS2_wgs	0.392733548262893	0.00220630124246728	0.0234244765522559	1
TRAF3_wgs	-0.0407032813733096	0.704243745120034	0.897621189948717	1
TRAK1_wgs	-0.736905061444093	0.00890727942915245	0.0711803505434142	1
TRAM2_wgs	0.245374627338486	0.0129087933001245	0.0951252186972849	1
TRIM2_wgs	-0.338465711339944	0.0411140473699095	0.215546889657394	1
TRIM24_wgs	0.152506651045687	0.511665683177762	0.811644023571606	1
TRIM36_wgs	3.06925765284116	1.26351457641929e-09	8.37839101093954e-08	4.86958517751993e-06
TRPM3_wgs	-0.769621530493237	0.0217016562541515	0.137562801321546	1
TSLP.1_wgs	-0.207398808490303	0.808103532876413	0.933773483926605	1
TSPAN14_wgs	0.299181340483943	0.00844223457347635	0.0680679481039484	1
TSSC1_wgs	0.927948837508161	0.051601141033637	0.252054242767601	1
TTC39C_wgs	-0.401003192725707	0.00977493997093491	0.0771979890327524	1
TTL_wgs	0.196171005641703	0.0987511032456631	0.383627286260774	1
U2SURP_wgs	-0.726462215391345	7.47690807369482e-05	0.00128642873732231	0.288160037160198
UBAP2L_wgs	0.971897317893286	0.000333484236876048	0.00477787453130219	1
UBE2I.1_wgs	0.124802476408492	0.439512564338317	0.766081956533469	1
UBE2QL1_wgs	0.218237627000391	0.0177184262081266	0.119382543017692	1
UBE2V2_wgs	0.505365259049833	7.24772507838801e-05	0.00125823119153637	0.279327324521074
UNC79.1_wgs	1.20887088702669	0.0264138647840437	0.15856547488739	1
UQCRB_wgs	0.823767130167909	0.0203610890548927	0.133002774945011	1
USP15.1_wgs	2.8188984739879	3.03726435789595e-12	3.39529721199281e-10	1.1705616835331e-08
USP15_wgs	-0.626494694484728	0.00383147114859223	0.0366414139123436	1
USP40_wgs	0.0330269109427151	0.90494225158108	0.969598954015425	1
USP46_wgs	1.25435333445232	1.59404322618849e-10	1.22868851874609e-08	6.14344259373043e-07
UTP6_wgs	-0.513429284751185	0.0929275158453752	0.367702922041146	1
VAV2_wgs	-0.142398888411638	0.22524648644734	0.598107457316769	1
VKORC1L1_wgs	1.2415606415384	1.91146691896348e-05	0.000387725973983434	0.0736679350568524
VNN1_wgs	2.27927066525356	4.31080677811875e-16	1.25077363528858e-13	1.66138493228696e-12
WDFY2_wgs	0.625286477370186	7.42995924322905e-08	2.72714884984807e-06	0.000286350629234048
WDR52_wgs	-0.851946836834163	1.76053537229605e-06	4.67938160333033e-05	0.00678510332482898
WSCD1_wgs	0.686019075232297	0.000241001886631045	0.00361519645431114	0.928821271076048
XAF1_wgs	0.0115295025957049	0.975466835267634	0.992201907831216	1
XKR7_wgs	-0.0532627506704342	0.74019255753372	0.91406916934398	1
XPO4_wgs	-2.31589280445091	2.56988598956926e-07	7.98361034258549e-06	0.000990434060379994
YEATS2_wgs	-0.407289084377291	0.361351017272226	0.71203976402849	1
YIPF4_wgs	1.18569345246589	0.000610254239673411	0.0080270301696291	1
YPEL5_wgs	-0.328330351514809	6.53283604273775e-05	0.00114443409585051	0.251775501087113
ZBTB39_wgs	0.0996264970440303	0.248896998244882	0.624917935658486	1
ZC3H7B_wgs	0.192522138089273	0.443107561688194	0.768712439811156	1
ZCCHC11_wgs	-1.47852145025372	0.179315469443943	0.531192789574909	1
ZKSCAN1_wgs	-0.773735077837883	0.0033208102969109	0.0324624827713739	1
ZNF169_wgs	4.66671806724943	1.53876002257274e-20	9.88396854499223e-18	5.93038112699534e-17
ZNF208_wgs	0.108242926197151	0.439935430594169	0.766081956533469	1
ZNF234_wgs	1.00137010125013	0.000155758476348173	0.00248055028035479	0.60029316784586
ZNF280D_wgs	-0.36900677909492	0.000149183567023702	0.00239563944712228	0.574953467309347
ZNF414_wgs	-0.216364131581163	0.0862899891611508	0.354133864910901	1
ZNF544_wgs	0.0862815670963709	0.504423225894901	0.808237846128423	1
ZNF592_wgs	-0.0460228388708199	0.427642853757308	0.762505834365421	1
ZNF626_wgs	-0.299101837065999	0.0237885145751939	0.146460680431559	1
ZNF629_wgs	0.163671929274342	0.0992369826948888	0.38476793893974	1
ZNF691_wgs	-0.291434784094679	0.162829403870419	0.502437568067731	1
ZNF771_wgs	0.0511741670100916	0.656950756454574	0.878860630838998	1
ZNF781_wgs	-1.71755797264422	5.32875193290946e-06	0.000123716927406223	0.020537009949433
chr2:206618504;G|C;Family=14454	-0.942267518302103	0.129817581068376	0.449533727079845	1
SERBP1_wgs	-0.592320815660028	0.385868441476082	0.733664022421718	1
