Element	logFC	pval	fdr	bonferroni
9-Sep_wgs	-0.290718612872739	0.00373392506185308	0.0194971438364869	1
ABCB5_wgs	0.10341414552051	0.293924852419011	0.507473471736846	1
ABHD2_ssc	-0.113523268848876	0.105928694056881	0.25971349862677	1
ABL2_wgs	0.234522706766637	0.441254095446172	0.645781545616452	1
AC010536.1_wgs	-0.00564585318414312	0.934309013230023	0.968133555141005	1
AC010547.9_wgs	-0.130016291019969	0.310834449883311	0.524711364940636	1
ACAD11_ssc	0.046601191818071	0.90062149750282	0.950820072773469	1
ACBD3_wgs	1.31278900436533	0.00150483972312264	0.00914261114802808	1
ADAM28_wgs	-2.3421327442915	1.49728245798019e-17	1.0916036637048e-15	5.78549941763545e-14
ADARB1_wgs	-1.41615554168279	7.34742325227725e-17	4.8949040425516e-15	2.83904434467993e-13
AGFG2_wgs	-0.379526496839053	8.83132752809501e-07	1.16068876083534e-05	0.00341242495685591
AGO4_wgs	-0.30887255757822	0.0399693819182131	0.128070218686024	1
AGTR1_wgs	-2.44657322742572	7.39143829444563e-20	9.21307018378643e-18	2.85605175697379e-16
AKAP10_wgs	-0.694772452538417	0.00391357896518263	0.0202166699484835	1
AKAP9_wgs	3.34370784968338	4.26811044979174e-22	9.16221043221961e-20	1.64919787779953e-18
AKR1B1_ssc	-0.191185549036269	0.0605083007417758	0.174480652288225	1
AKR1C1_wgs	0.184414244562288	0.0250001828043774	0.0907390969225628	1
AL117190.3_wgs	-0.110842755993427	0.129241711967209	0.299574070210734	1
ALDH3A2_ssc	0.138925885779645	0.221102018768704	0.427409525753271	1
ALG14_wgs	-0.00913088431302322	0.956065422783224	0.980163649146824	1
ALX4.1_wgs	0.202863254951549	0.0260294389251951	0.0938167286091876	1
ALX4_wgs	0.450981878004091	5.51465289256897e-05	0.000503749852881478	0.213086187768865
AMPD2_wgs	1.32225512905717	1.11303625456955e-07	1.74828133644583e-06	0.000430077208765674
AMZ1.1_wgs	0.370162853089507	0.000177005938760138	0.00139014420196987	0.683950947369174
AMZ1_wgs	0.527275575836962	7.07184849081582e-06	7.94349493270707e-05	0.0273256225685123
ANGPTL4_wgs	0.344648703595239	1.86251339940234e-07	2.76798145203487e-06	0.000719675177529066
ANO8_wgs	0.167658071481598	0.0171369248885602	0.0671572796849863	1
ANTXR2_wgs	0.234605536129211	0.237448306361168	0.445172370586876	1
AP3S2_wgs	-0.0810971324266697	0.254728164063606	0.466257520578766	1
AP4S1_wgs	2.3300641994541	6.97491345153542e-19	7.28407177749537e-17	2.69510655767329e-15
APOBEC3C_wgs	0.0519607802110647	0.388471759821827	0.59744107224724	1
ARFGAP2_wgs	0.412506555759141	5.10838435544944e-08	8.54493383093361e-07	0.000197387971494566
ARHGEF12_wgs	-0.178763675587571	0.158402230616303	0.3436643565982	1
ARL3_wgs	0.143725997240186	0.0570763751448543	0.168482134117431	1
ARL5B_wgs	-0.802355320779288	1.11183178070324e-10	2.63565521511493e-09	4.29611800063733e-07
ARPC4_wgs	0.199588583159298	0.510933459008436	0.707615371185877	1
ARRDC3_wgs	1.808832230341	7.70317491255515e-21	1.29413338530926e-18	2.97650678621131e-17
ASIC2_wgs	1.21325172643038	4.05700098082099e-11	1.03816237019154e-09	1.56762517898923e-07
ASPH_wgs	0.166592835080252	0.26012965573123	0.472163579466886	1
ATP2B2_wgs	0.0918339514542414	0.283462921404371	0.499225491479712	1
ATP6V1A_wgs	0.317333729694363	0.00014109132491959	0.00114774079892484	0.545176879489297
ATP8B4_wgs	0.617319307084496	1.35893333739026e-05	0.000142051084049152	0.0525091841567595
ATP9A_wgs	0.987718489049373	5.73703069432069e-15	2.61411555972105e-13	2.21678866028551e-11
ATXN7L3_wgs	0.0144312505393752	0.835720217574934	0.916611672071969	1
BAG2_wgs	-1.22652017847187	2.00789470299378e-14	8.53670867106056e-13	7.75850513236797e-11
BAIAP2L1_wgs	-0.340132647146326	0.136965759316002	0.31196586561518	1
BARX1_wgs	-0.172809781004642	0.076419860629782	0.206349644635554	1
BAZ1B_wgs	-1.07423431302763	7.27178785797776e-08	1.18059614635404e-06	0.000280981882832261
BAZ2A_wgs	0.187542579238638	0.346221654510285	0.558813898507828	1
BCAS1_wgs	-0.754075659126402	2.79163305870264e-09	5.58905188540258e-08	1.0786870138827e-05
BCL2_wgs	-0.48894570346186	0.00550847852749625	0.0269427354813234	1
BEND7_wgs	-0.171466412240856	0.0462235267078957	0.142886165759447	1
BMP3_wgs	0.150782873209205	0.125796293727712	0.294235398888546	1
BOD1L2_wgs	0.136159046907055	0.707582636086885	0.842512583893669	1
BRD1_wgs	-0.12572690460468	0.089871299827387	0.231972413181712	1
BRI3_ssc	-0.040946665479583	0.422348685348659	0.630585517846684	1
BRI3_wgs	-0.194227186598437	5.09462293056255e-05	0.000470947918748653	0.196856230036937
BTBD6_wgs	0.00913010489984423	0.954200824541911	0.979503496590156	1
C10orf54_wgs	-0.00571680637233128	0.926785912701657	0.964216684620141	1
C10orf71_wgs	-0.0718835379252198	0.145399209975742	0.325505531486829	1
C11orf45_wgs	0.142812754569475	0.0226261628893859	0.0834231807295678	1
C11orf68_wgs	0.811882480079303	3.11912616484449e-15	1.54516711550758e-13	1.20523035009591e-11
C16orf54_wgs	-0.214597707219149	0.141266222975413	0.319025532189946	1
C17orf102_wgs	-0.038985265895829	0.630336623216821	0.795434589193271	1
C19orf44.1_ssc	0.616878984684768	1.7645425651409e-14	7.66089041764542e-13	6.81819247170443e-11
C19orf44_ssc	-1.041914596742	4.73613868090118e-17	3.32735270236403e-15	1.83004398630022e-13
C1orf116_ssc	0.164039603631344	0.0874879762989076	0.228260324388237	1
C1orf116_wgs	0.15525428625317	0.107334598185489	0.262494232524514	1
C1orf233_wgs	-0.0708082183071406	0.0712529490129189	0.196929624738835	1
C21orf33_wgs	-0.0345953117447155	0.847559611654285	0.922526856178073	1
C21orf37_wgs	0.558308443009638	0.162961227645505	0.350797873884251	1
C21orf49_wgs	0.101859068804795	0.12119777123022	0.286251948675778	1
C22orf34_wgs	-0.00346339497861734	0.972142607914923	0.987735744670856	1
C2CD4A_wgs	-0.404408637582757	2.34111322003012e-05	0.000234962635901205	0.0904606148219638
C2orf68_wgs	0.520479818138271	1.91365114854614e-06	2.34430153811587e-05	0.00739434803798227
C2orf88_wgs	-0.0848843125495222	0.254015364915307	0.465578796614072	1
C3orf52_wgs	0.290543109282137	0.00100954616151908	0.00653414802028432	1
C4orf22_wgs	-0.241424932264052	0.00162872887245651	0.00972706083952387	1
C4orf32_wgs	2.80879540127091	3.98414893968212e-23	1.18421165407167e-20	1.53947515029317e-19
C5orf28_wgs	0.469706728736647	0.00661375754946584	0.031203368951326	1
C9orf139_wgs	0.0910370868203928	0.36192270707081	0.573079659402185	1
CACNA2D3_ssc	-0.122160088196082	0.343676335511718	0.55679889325672	1
CACNG8_wgs	0.8910951020891	1.26125334521389e-06	1.60311938352186e-05	0.00487348292590646
CARF_wgs	-1.47422091856439	1.29004891792519e-17	9.58605580550567e-16	4.98474901886295e-14
CCDC148_wgs	-2.23168222952631	5.04483259220151e-23	1.39237379544762e-20	1.94932331362666e-19
CCDC25_wgs	-0.194550906651689	0.0424105339081316	0.134433390501247	1
CCDC90B_wgs	0.590293768519762	0.000122682375283839	0.00101726330063681	0.474044698096754
CCNA2_wgs	-0.632763738728966	0.116751129311863	0.279075809128358	1
CCNT1_wgs	1.2672361383129	2.49327335743795e-15	1.25116990300523e-13	9.63400825314024e-12
CD7_wgs	0.135542090201916	0.204991571971078	0.406407098048355	1
CD96_wgs	0.319692956548615	0.000568793045251171	0.00393169289239807	1
CDC27_wgs	-0.611832110090348	1.36022000771704e-05	0.000142051084049152	0.0525589010981864
CDC42EP4_wgs	0.0310335027259787	0.579077144757132	0.75746583863966	1
CDH5_wgs	-0.0601003298433186	0.454557093187451	0.657092633025181	1
CDS2_wgs	0.706747279362233	7.89885755409499e-08	1.26643923605905e-06	0.000305211855890231
CDYL2.1_wgs	-0.214005044417454	0.00177139092377841	0.0104818599226337	1
CDYL2_wgs	-0.158244121732057	0.0736971986707461	0.200822267745954	1
CELF6_asc	-0.0886740814729681	0.209209030544054	0.412440660215421	1
CENPN.1_wgs	0.131452344428363	0.445066007473219	0.647785660828833	1
CHD5_wgs	0.964116863973532	0.000262174182136623	0.00199417527514943	1
CHML_wgs	-0.710573076177242	0.192946978510778	0.391568868154226	1
chr10:100555917;A|AC;Family=14036	-0.30629889365226	0.006430503490033	0.0305626881740314	1
chr10:100993505;A|C;Family=11818	-0.131210071120274	0.319150399816768	0.53089973588917	1
chr10:101785050;A|C;Family=14039	-0.106316954072094	0.221991341357665	0.428244904146788	1
chr10:101786330;T|C;Family=13626	-0.0501421117036365	0.752239154421673	0.86584810625122	1
chr10:102673925;T|A;Family=14458	-0.211602511545797	0.00849615533677995	0.038396659907974	1
chr10:102674395;C|T;Family=14490	0.0951737470228931	0.369251371067053	0.579523679042685	1
chr10:102738597;C|T;Family=12788	-0.178843947666762	0.0573182255016367	0.169066888044522	1
chr10:103077203;A|G;Family=14217	0.346385936430008	0.0659138930592408	0.185499841792357	1
chr10:103084989;C|G;Family=14475	0.168404260066666	0.539198622413503	0.731296411725439	1
chr10:103599336;G|A;Family=13239	0.399448396548363	1.93190593836861e-07	2.84919257475431e-06	0.000746488454585629
chr10:1040478;C|T;Family=14490	0.130867186704662	0.306916278869988	0.520956308030278	1
chr10:105264286;A|T;Family=14167	0.162709448022364	0.420855594203462	0.630030905362027	1
chr10:110292906;G|A;Family=22087	0.329641671243254	0.00152904218139127	0.00924603910625328	1
chr10:110899044;G|A;Family=14508	0.445292626306005	0.448713403624392	0.651325541549455	1
chr10:11288488;C|T;Family=14011	-0.0283512825299108	0.790849317911131	0.889320777105426	1
chr10:11335913;G|A;Family=14080	0.123545870874498	0.265700052791159	0.479339040817556	1
chr10:113912877;C|T;Family=12613	-0.424850328169805	0.000152630859963226	0.00123124351335679	0.589765642897903
chr10:113916527;A|G;Family=11753	0.22158963534646	0.0636582598157296	0.180864349947043	1
chr10:11454999;C|A;Family=14368	0.0446851977750825	0.667231443977511	0.818406063534557	1
chr10:114863518;G|A;Family=14358	-0.11118316893094	0.507196239940403	0.704459479198316	1
chr10:116672228;T|C;Family=12837	-0.107209557959181	0.336700818855549	0.549413836173076	1
chr10:116674330;TG|T;Family=13177	0.00346876546478581	0.984326450859492	0.993583439425569	1
chr10:117277554;T|C;Family=13557	-0.101170713276596	0.75347630805754	0.86649775426617	1
chr10:118685229;C|T;Family=13462	-0.0208472832755186	0.83536253182555	0.916479506806906	1
chr10:119575344;T|C;Family=14361	-0.175523961976129	0.126866189325975	0.295848346548428	1
chr10:119828703;T|C;Family=13964	-0.688586182844714	1.02215741714301e-06	1.32983712452545e-05	0.00394961625984058
chr10:120906250;C|G;Family=13043	-0.0969946107912638	0.348323021264401	0.561267787391845	1
chr10:122441654;G|A;Family=14234	-0.0299577682371656	0.799975414840422	0.894255784993886	1
chr10:122457129;G|A;Family=14433	0.0465414820811853	0.766779717400509	0.873477838453881	1
chr10:124007668;T|C;Family=14417	-0.0304546676927724	0.802685175282695	0.89558846478859	1
chr10:126504992;A|AG;Family=14563	0.319263349925064	0.00255651960561058	0.0144210098628895	1
chr10:128083596;G|A;Family=13867	0.239788868862698	0.14800168784263	0.329993376701628	1
chr10:12830453;G|A;Family=14412	0.0865043572622921	0.586697081707063	0.762272200308034	1
chr10:12831770;A|G;Family=11905	0.241312216591868	0.0932199295013511	0.237914007657345	1
chr10:130067553;C|T;Family=13964	-0.0448735500617116	0.638156395237225	0.799817162243476	1
chr10:132417688;A|G;Family=14265	-0.4765268812775	0.00648702434461683	0.0307179682200973	1
chr10:133226372;C|T;Family=11587	-0.263893812093866	0.288010399319334	0.501745799355232	1
chr10:13441561;C|A;Family=14096	-0.280741621612941	0.000977125045486406	0.00638851298774868	1
chr10:18679337;G|A;Family=11412	0.179949206095063	0.0453860872676907	0.140860916628399	1
chr10:21742762;G|A;Family=13888	-0.0567953783536222	0.562939935522989	0.748095204413415	1
chr10:22536841;C|T;Family=14137	-0.00961605117189043	0.946051288252386	0.97460645738054	1
chr10:27673518;TCTAA|T;Family=11679	0.212353633166215	0.137171326521789	0.31196586561518	1
chr10:27674431;CA|C;Family=13528	0.0599015324020044	0.648610802273235	0.805862424432084	1
chr10:28590744;CAA|C;Family=14200	0.391585325880106	0.0614390021489924	0.175879391230814	1
chr10:28610739;AATTC|A;Family=14204	0.296914682940561	0.0133547436027192	0.0553083915122264	1
chr10:32876908;T|A;Family=13188	-0.267193803620467	0.0331463964673519	0.111306432127545	1
chr10:38058596;C|T;Family=14206	0.168054081770053	0.16343814258974	0.351432934316503	1
chr10:38064613;C|T;Family=14603	0.157324470641862	0.0613398826125309	0.175828862325534	1
chr10:42589230;T|C;Family=14258	-0.488073597178536	0.00265681309734763	0.0148351529019526	1
chr10:44936816;G|A;Family=14225	-0.130098491178303	0.323729341084185	0.536143261478465	1
chr10:45454685;A|T;Family=14293	-0.0567029352453296	0.532066046487743	0.724930607767503	1
chr10:45455701;G|T;Family=14012	-0.00798492849444767	0.930779057280349	0.965252355698139	1
chr10:46311665;G|A;Family=14070	0.11889487732789	0.262356688746388	0.47445719865524	1
chr10:49327099;G|A;Family=13533	-0.159597575517421	0.00163544658456971	0.00975210741169345	1
chr10:4982907;G|A;Family=13868	-0.538730368908429	2.08663539082699e-07	3.01975998133164e-06	0.000806275915015549
chr10:50306955;T|C;Family=13928	1.93648995688479	2.21854360991668e-09	4.48819503074244e-08	8.57245250871806e-06
chr10:51908110;C|A;Family=14132	-0.354631872094416	0.00217179253925694	0.0124633274973872	1
chr10:52296787;C|T;Family=13237	-0.0119963616522681	0.942701901364133	0.973225584036782	1
chr10:53821903;G|A;Family=14423	0.181687636188799	0.40551818541567	0.613498265813132	1
chr10:53938946;C|T;Family=14400	0.0272352129789239	0.765235792544965	0.873263763258637	1
chr10:58396347;T|C;Family=13801	0.124803657830212	0.314071390751046	0.527410627493283	1
chr10:61414817;G|A;Family=12716	0.0652956094909432	0.641837295929935	0.801829715962906	1
chr10:62195207;A|G;Family=13988	-0.00890230409023628	0.945131741515759	0.974383417613899	1
chr10:68343012;T|C;Family=14209	-0.266750579018015	0.0574091531436792	0.169205925055054	1
chr10:68414265;T|C;Family=14380	2.09673364279348	1.38787054866549e-05	0.000144159456990416	0.0536273180004347
chr10:68911219;AAC|A;Family=13929	0.132864388624376	0.20381038940663	0.40552180466901	1
chr10:69404819;A|G;Family=14139	-0.113316615507041	0.237832012949983	0.445459475539861	1
chr10:70150623;G|T;Family=22004	-1.07805594909548	0.011085597587824	0.0477533434552418	1
chr10:70425648;A|G;Family=14221	-0.0380287136074283	0.696877952453806	0.836310343566044	1
chr10:71747722;G|A;Family=14065	-0.098034271342138	0.117719712616761	0.280610098427615	1
chr10:71750800;C|T;Family=14356	0.0161547861865659	0.872376484419081	0.933239960076226	1
chr10:71750965;C|T;Family=14293	0.0848548264226463	0.575118868006629	0.754587200671516	1
chr10:71816558;A|G;Family=14004	0.0104330012808059	0.911502628595764	0.954327395244083	1
chr10:72335546;C|A;Family=13237	-0.152568642892518	0.153150754897082	0.336618041480275	1
chr10:73136826;C|T;Family=13928	-0.0097300493320621	0.958634322264131	0.98123523741155	1
chr10:74101002;A|G;Family=14402	0.417841119488848	0.00325844933515079	0.0174968762780765	1
chr10:76875350;G|T;Family=14594	-0.188814040406973	0.187015443639411	0.384172075610146	1
chr10:76876859;C|T;Family=14658	0.0504497827444456	0.619570275998077	0.786750060772336	1
chr10:77001472;G|T;Family=13008	-0.0387659778625177	0.677270585994804	0.825426509903199	1
chr10:79316375;C|CTGTA;Family=13567	1.26467876712791	3.28371048161219e-05	0.000315329586646456	0.126882573009495
chr10:80090866;G|A;Family=12568	-0.0952543522262412	0.548443442088615	0.739422700708447	1
chr10:80529499;G|C;Family=13505	-0.00412180350323837	0.950518414296503	0.977069207991936	1
chr10:812367;A|G;Family=12318	-0.0474042303162224	0.622548383212713	0.788956035662159	1
chr10:87552910;C|G;Family=14175	0.115585304734557	0.211466103318779	0.415406722533688	1
chr10:87751614;GA|G;Family=12661	0.480979009512904	0.00757810300379303	0.0351100599600195	1
chr10:87967103;GT|G;Family=11224	-1.01601037481582	0.0367399681541404	0.120614474891757	1
chr10:91282878;A|G;Family=14301	0.124317039637389	0.442596496216521	0.646331391300316	1
chr10:92051693;C|G;Family=11568	0.0320638142427504	0.746998544168533	0.863416803669522	1
chr10:92558801;G|A;Family=12412	-0.277894074535501	0.00632315559987516	0.0302384569776208	1
chr10:92901375;T|C;Family=11954	0.600077317295593	0.0159158921556682	0.0637295412326443	1
chr10:93306532;T|TCTAA;Family=11718	-0.806278103662354	3.06432639001449e-07	4.22877041821999e-06	0.0011840557171016
chr10:93665442;C|T;Family=14017	0.105758989168712	0.574588146287704	0.754403193087219	1
chr10:94325123;C|T;Family=22349	0.121964149879399	0.144468574532764	0.324193803451487	1
chr10:94535820;C|G;Family=14160	-0.137597617307899	0.357758809810829	0.570288795837064	1
chr10:95210747;G|A;Family=14484	-0.0855190398809999	0.439184431225666	0.645602444152634	1
chr10:96364842;C|T;Family=13026	0.434378945325697	5.37024647012134e-06	6.19421861508921e-05	0.0207506323605488
chr10:96989266;T|C;Family=12689	0.147127096662211	0.17268846236977	0.364428300708242	1
chr10:98247936;T|C;Family=13916	-0.00965044468451704	0.965728800433584	0.984053583083967	1
chr11:101033498;C|A;Family=13863	0.0221562764330037	0.842371493850785	0.920099242754114	1
chr11:101034122;G|A;Family=14161	0.0263609636463712	0.820290382774395	0.908299210740218	1
chr11:101998918;C|T;Family=13001	-0.175472881097637	0.226698627020635	0.43450570178955	1
chr11:102081375;G|C;Family=13956	-0.390320586790516	0.0238288736290096	0.0869450119948	1
chr11:102712136;ATTT|A;Family=13154	0.224205952000877	0.0586101974472408	0.171178989369719	1
chr11:102715386;A|G;Family=12653	0.03239970573875	0.719072791969866	0.84797050867024	1
chr11:102722552;G|A;Family=12534	-0.142556589603675	0.218713233993579	0.424409404018126	1
chr11:103908523;A|G;Family=11172	-0.0187752099996788	0.887989756259827	0.94160055383863	1
chr11:104890491;T|C;Family=11722	0.061463350472765	0.567296762439317	0.751468868723181	1
chr11:106674176;C|T;Family=14015	-0.366310704847849	0.161723450475064	0.348716190086857	1
chr11:106676736;C|G;Family=14043	-0.179364838987288	0.0292015412404672	0.101744594547489	1
chr11:107336571;G|A;Family=14522	0.487583588688052	0.00661132668903291	0.031203368951326	1
chr11:107665691;A|G;Family=11471	-0.0606701670202113	0.635637050759421	0.799227391378802	1
chr11:107707617;C|T;Family=14296	0.128432933940154	0.249838859948848	0.460141732527335	1
chr11:108147607;T|A;Family=11028	0.0890174383121398	0.490837947194389	0.691684109394282	1
chr11:108506922;C|T;Family=12351	0.000841547911997458	0.994732110564451	0.997054442340088	1
chr11:110168323;CCTTT|C;Family=14485	1.07813915966639	2.08160953516006e-07	3.01975998133164e-06	0.000804333924385846
chr11:110464436;A|G;Family=11300	0.484728730464795	1.07184205916784e-05	0.000114725698521456	0.0414159771662455
chr11:110578017;A|AGGTT;Family=11749	-0.373529094595191	5.34351584876153e-06	6.18183989210017e-05	0.0206473452396146
chr11:111755330;G|A;Family=11484	0.0988147085915992	0.309279044137956	0.523368448562096	1
chr11:111759888;C|G;Family=11355	0.00672118029835734	0.955076472794965	0.979929763908589	1
chr11:112020819;G|C;Family=12864	0.278099584866935	0.0120198302902262	0.0510941960851862	1
chr11:112082999;G|A;Family=13010	0.0237045223508519	0.846167560860727	0.92231035292737	1
chr11:113733596;C|A;Family=14454	0.129499615322483	0.343913992523484	0.556822860901184	1
chr11:114313231;C|T;Family=12653	-0.177067002295648	0.0876851589608523	0.228466253691661	1
chr11:116776461;G|A;Family=13748	0.224459684685006	0.0118380184852189	0.0504323080781542	1
chr11:116777302;T|A;Family=13853	0.0485704231493952	0.693162264211653	0.836092730594712	1
chr11:117170663;T|G;Family=14423	0.464799902180452	0.0830393596197794	0.219469278776216	1
chr11:117204647;T|C;Family=13694	-0.102032039864929	0.323996177577386	0.536154702423563	1
chr11:118000915;T|C;Family=14243	-0.0764788932523162	0.560765333598749	0.747606882788174	1
chr11:118396788;C|T;Family=12655	0.113289312925921	0.171210348117218	0.361901961228081	1
chr11:118448406;C|G;Family=12695	-0.150197317464938	0.124671045912827	0.292133972957648	1
chr11:118544742;G|A;Family=14525	-0.0505475867724679	0.647037356234071	0.804942802475355	1
chr11:119356346;G|A;Family=22106	-0.252861470332768	0.0882411611710908	0.229142370137833	1
chr11:119418127;G|A;Family=13900	-0.0529093462734069	0.609870054647792	0.778731370346808	1
chr11:11956188;A|C;Family=11094	-1.54639889623529	2.53711067308895e-07	3.5648711421148e-06	0.00098033956408157
chr11:120112232;T|G;Family=14653	0.0014749448400568	0.990560405945158	0.99507196945285	1
chr11:120487883;G|A;Family=12857	0.27894571650272	0.036864898508967	0.120819311143892	1
chr11:12263478;C|T;Family=12899	-0.111382688086841	0.360241340668955	0.57165196728741	1
chr11:12263717;A|G;Family=11989	0.430947693089604	0.0054943162401059	0.026907525921127	1
chr11:124188074;C|T;Family=13948	-0.0355648853361052	0.827312594331161	0.913092220649987	1
chr11:124767889;G|A;Family=12019	-0.251400755539955	0.0921898534335422	0.23653492275379	1
chr11:125101218;G|A;Family=12647	0.082319756530211	0.153953903129278	0.337423642479597	1
chr11:125583699;A|C;Family=13195	0.104143372640694	0.383277730281798	0.59318104077614	1
chr11:125777019;T|C;Family=11452	0.0648880394673536	0.588785017221627	0.763701009246179	1
chr11:125943602;G|A;Family=11824	-0.210677333121038	0.0316412119760941	0.10743553873078	1
chr11:126291555;C|T;Family=14661	-0.241987880930871	0.0943839053199415	0.23993382247122	1
chr11:1275105;C|G;Family=14076	0.231847732816202	0.00216204499068742	0.0124502859076247	1
chr11:128812544;T|TA;Family=12029	0.298626542922309	5.21749554746058e-05	0.000481155197980613	0.201604027953877
chr11:128901589;G|C;Family=14230	-0.494934509433881	9.15274921336063e-11	2.19665981120655e-09	3.53662229604255e-07
chr11:128902526;G|A;Family=14209	0.0170596912562137	0.837136645612482	0.916802951294893	1
chr11:128917908;A|G;Family=14187	-0.371008037265728	0.00545202447672812	0.0267682624880272	1
chr11:129452030;GTTTTT|G;Family=13512	1.66911224369544	5.38362910119702e-21	9.90587754620251e-19	2.08023428470253e-17
chr11:129859531;C|CT;Family=11691	-0.0936358331156635	0.419587575372742	0.629137132805694	1
chr11:129902006;A|G;Family=14174	-0.22266039169834	0.0912243689348182	0.234681066287708	1
chr11:130228414;G|T;Family=11167	-1.18034799318628	9.5829932256925e-05	0.000828382233200802	0.370286858240758
chr11:132416102;T|C;Family=13572	0.16499214211188	0.15751006421955	0.342690815396589	1
chr11:134150037;A|G;Family=12908	2.11150508034236	0.00021861428004047	0.00167604281364361	0.844725578076378
chr11:134245909;C|G;Family=11305	0.409075528034288	1.55917189590044e-05	0.000160428754148631	0.0602464020575931
chr11:13729935;A|T;Family=12351	-0.0806518048289562	0.603996775875702	0.774077460027766	1
chr11:15246372;A|C;Family=12243	0.096884146838381	0.463494874658813	0.665038107145829	1
chr11:1555259;G|C;Family=11350	-0.0177598273301562	0.873980662736302	0.933504716919469	1
chr11:17088319;G|A;Family=12440	-0.309690411265358	0.0308158878451857	0.10545127335034	1
chr11:17373816;C|T;Family=14188	-0.0753576451330364	0.515731306275095	0.711100769665378	1
chr11:17427056;A|G;Family=13692	0.102568897409557	0.291645034793332	0.505117173662677	1
chr11:17429244;G|A;Family=13057	-0.0678357664276618	0.726321410101394	0.851954948236244	1
chr11:18020918;G|A;Family=12285	-0.0694763452432157	0.621701400319965	0.788917639026714	1
chr11:18279726;G|A;Family=11108	-0.0978334299833823	0.250288605032836	0.460605751222501	1
chr11:18366513;A|G;Family=12790	0.324077009996391	0.0275858581455209	0.0977906017195346	1
chr11:18366682;A|G;Family=13336	-0.345146733834924	0.00114417506303592	0.0072388513238319	1
chr11:18703455;A|T;Family=12624	0.21953180929533	0.0501201286607123	0.152132110875878	1
chr11:18703822;A|C;Family=14648	-0.295217853557399	0.0212314345865551	0.0795611474395298	1
chr11:18728563;G|A;Family=11060	0.10435416379679	0.196806838585526	0.396280158569292	1
chr11:18728740;C|A;Family=13115	-0.161730802627837	0.146584409095121	0.32758944866602	1
chr11:22281573;G|C;Family=12243	-0.0214276959362899	0.919603164543108	0.95864373426208	1
chr11:27495352;T|C;Family=11181	0.89817977294907	3.64750065848165e-06	4.33659770596095e-05	0.0140939425443731
chr11:27657333;T|G;Family=14055	0.106799524267076	0.432701217135852	0.640250230985135	1
chr11:27657533;A|AT;Family=14509	-0.585188987587803	0.00500929750173693	0.0249111010897188	1
chr11:294999;C|T;Family=13546	-0.179885144331626	0.365913133209992	0.576299204454712	1
chr11:31663622;A|T;Family=12810	-0.10291867527455	0.318056358927629	0.530185405908697	1
chr11:33704138;C|T;Family=12032	0.31511594704552	0.0150259152450911	0.0609235430294146	1
chr11:33710221;C|T;Family=14174	0.00214886396464191	0.990254398089711	0.99507196945285	1
chr11:35190037;C|T;Family=14068	0.151622576609296	0.289128920475127	0.502570615330907	1
chr11:35254980;C|G;Family=11552	-0.122863443387092	0.383326360977749	0.59318104077614	1
chr11:35813130;C|CA;Family=13266	-0.0919497149116978	0.352234815571946	0.56523639269082	1
chr11:35813437;T|C;Family=14631	-0.150085402438669	0.385399797378231	0.595419980979393	1
chr11:35816752;C|G;Family=11895	-0.0390226808256556	0.721315079112559	0.849452502468066	1
chr11:381974;G|T;Family=14292	0.128274668153017	0.168220798702833	0.358722776518829	1
chr11:4138349;A|G;Family=14472	0.395636847733635	0.0138800761348986	0.0570559725374979	1
chr11:43494116;C|CA;Family=13781	-0.112395685597223	0.356475745712393	0.569182760922598	1
chr11:44261939;C|T;Family=11359	0.0704464821745014	0.523950550899111	0.718861271996385	1
chr11:44263819;C|G;Family=11942	-0.475189780331441	2.7423056384856e-05	0.000270312984365009	0.105962689871083
chr11:44263856;G|A;Family=14521	-0.0177710631044149	0.843258391212088	0.920178035482493	1
chr11:44933723;G|C;Family=11578	-0.0434909460685259	0.777142580806185	0.879409295644886	1
chr11:45228552;G|A;Family=11575	0.218329118045263	0.00641000227314823	0.0305626881740314	1
chr11:45231207;T|G;Family=14285	0.610949583566671	4.3295913141802e-08	7.36984177885122e-07	0.000167295408379923
chr11:4596536;C|T;Family=13054	-0.418226066421844	0.058451280600213	0.171101204227885	1
chr11:4600333;G|A;Family=14070	0.144566763271998	0.213721261679842	0.418348001586073	1
chr11:46672547;G|C;Family=11033	-0.239019133903355	0.0300763855594846	0.103578568450845	1
chr11:46743981;T|C;Family=12052	0.0854929901436966	0.345853404806922	0.55864000061169	1
chr11:47165115;T|G;Family=12852	-0.360541513177514	1.96091627892518e-07	2.88098117937904e-06	0.000757698050176689
chr11:47166582;C|A;Family=13215	0.0420968680831462	0.708796490491961	0.843223411102506	1
chr11:48132413;C|A;Family=14153	-1.12053517159115	0.0019004625259095	0.0110759987935359	1
chr11:48170486;G|T;Family=13962	-0.0808621123739869	0.378423116233175	0.58842129622736	1
chr11:498026;C|T;Family=13893	0.117292616350898	0.238343201459201	0.445569123472146	1
chr11:5004713;A|G;Family=12595	0.107086808285531	0.573485692026335	0.753724052377469	1
chr11:55639482;C|T;Family=12324	-0.14320309320737	0.229478224025811	0.437230699031427	1
chr11:56033816;G|A;Family=12231	-0.0613831810174389	0.67272547523751	0.822598492505614	1
chr11:56702320;A|G;Family=11234	-0.0423351816178958	0.613594430835807	0.78199955788821	1
chr11:57370014;C|T;Family=12836	0.0851356548396089	0.280316195119047	0.496854026577981	1
chr11:57501029;G|A;Family=12691	0.196346796359721	0.0365620053241206	0.120336957898128	1
chr11:57737902;C|CT;Family=11642	0.12546458008639	0.289956319829183	0.503320404231789	1
chr11:58527350;TA|T;Family=14696	-0.0652101552105483	0.584650022613811	0.761366234199576	1
chr11:58625337;G|A;Family=12449	-0.240990008814608	0.0136619578742672	0.0563585616910528	1
chr11:58709471;G|A;Family=14100	-0.0635881599021734	0.581566872655109	0.759415736096372	1
chr11:59367652;G|A;Family=12923	-0.0787589562336931	0.472922684998031	0.674292638284193	1
chr11:59517618;T|C;Family=12894	0.012585386269513	0.946612511601622	0.974609844079048	1
chr11:59518549;T|C;Family=12728	-0.132776542690161	0.228820482181993	0.436973962099405	1
chr11:59793434;A|G;Family=13795	-0.0341929141193418	0.768892690213686	0.874311905896566	1
chr11:59835969;A|G;Family=11404	0.235749479888689	0.0643796672022298	0.182243981003235	1
chr11:60071017;T|C;Family=12066	0.0483220526788436	0.640525876779901	0.800461207233368	1
chr11:60095790;G|A;Family=14257	-0.0169799137813149	0.818064593498528	0.906510349663984	1
chr11:6019567;G|A;Family=12832	0.0053628988597773	0.961176810940348	0.982796294647659	1
chr11:6021602;G|A;Family=11094	0.0913652178227705	0.491453315634551	0.692046505689469	1
chr11:60308270;C|T;Family=12449	0.0123555734628001	0.940975325901499	0.972379527541236	1
chr11:60404647;C|T;Family=12451	-0.478943936392474	0.000661393246856354	0.00448355001026834	1
chr11:60852177;T|C;Family=13924	0.112248229451053	0.215704390753124	0.420680968250308	1
chr11:61282803;C|G;Family=11074	-0.236507085659197	0.00289281356417351	0.0159260962247182	1
chr11:61743803;C|T;Family=12457	0.239673076234085	0.065059855951346	0.183765558038012	1
chr11:61786465;G|T;Family=13237	0.0604491814684553	0.411892844735467	0.620488870197991	1
chr11:61789183;T|TA;Family=11518	-0.00822559155527336	0.94391371170991	0.973907231521253	1
chr11:618678;T|G;Family=12641	-0.0226940487845248	0.781584179794075	0.882021399160136	1
chr11:62751389;G|C;Family=13070	0.369763113999091	2.58047973179989e-05	0.000255665991889097	0.0997097368367478
chr11:62790431;GTTTT|G;Family=13920	0.988647812411907	2.08965666239526e-08	3.65358974818791e-07	8.07443334349528e-05
chr11:62885204;C|T;Family=13102	0.165535469498287	0.172992422157085	0.364671423466981	1
chr11:62981062;G|A;Family=14039	-0.0936226457960985	0.358096597225177	0.570591856362096	1
chr11:62981347;G|A;Family=13687	-2.60608148019747	1.18038587548937e-15	6.24796030533006e-14	4.56101102289094e-12
chr11:63409814;C|G;Family=11942	0.0301541744041092	0.856925331990665	0.92671689975145	1
chr11:63409852;C|T;Family=11241	-0.529665905688216	0.0149561907428519	0.0607045388974577	1
chr11:63409912;T|C;Family=14433	-0.01689229089428	0.897167968932281	0.947704140900528	1
chr11:63762350;T|C;Family=12083	0.413175629302597	0.00373345177187497	0.0194971438364869	1
chr11:6394244;C|T;Family=14240	0.091322157678777	0.581943580378198	0.759415736096372	1
chr11:64267590;G|A;Family=11377	-0.475542687410045	0.000617024219933589	0.00422330944835125	1
chr11:64606383;G|A;Family=11407	0.423987375564614	0.000156813268746839	0.00125972239176255	0.605926470437786
chr11:64765438;T|C;Family=12673	-0.15816527228492	0.245778112022834	0.455266838377867	1
chr11:64949800;G|T;Family=14275	-0.00372190215473731	0.975599121617357	0.989855692638889	1
chr11:65121232;G|C;Family=11723	0.169693038931599	0.293818867683328	0.507473471736846	1
chr11:65281124;G|A;Family=14101	-0.653688977572531	0.00471089349617207	0.0235788762554519	1
chr11:65321589;G|A;Family=12955	-0.239150739623766	0.257622735645962	0.469716963819181	1
chr11:65352130;C|G;Family=13866	-0.0178622438438329	0.814741213284134	0.903345781385909	1
chr11:65411530;G|A;Family=13374	0.127062936755919	0.222510768110697	0.428818757097124	1
chr11:6547555;G|A;Family=12687	-0.168254838308894	0.190293902983724	0.387814156713666	1
chr11:65853562;C|T;Family=14169	-0.15155487904324	0.222827440936027	0.429214970975479	1
chr11:65865967;G|A;Family=14284	0.0577629251908398	0.529543844353983	0.724036303263121	1
chr11:65916856;A|C;Family=14481	-0.985375787171702	0.000100807087964307	0.000865596861986853	0.389518587894084
chr11:65916912;CTGTG|C;Family=11252	1.11781129079236	6.72774794399231e-20	8.6653393518621e-18	2.59960180555863e-16
chr11:66624490;C|G;Family=14637	0.0878378533096895	0.362030913198948	0.573079659402185	1
chr11:66640573;G|GTC;Family=14658	0.0613962882224092	0.596855532065562	0.768749925300443	1
chr11:6680814;T|G;Family=14594	0.151231560686863	0.152426682366308	0.335599259637273	1
chr11:6681539;T|G;Family=11740	-0.145198713404623	0.274315322131376	0.48950655213646	1
chr11:67432652;G|T;Family=12939	-0.101737471856946	0.480642778000692	0.681292624429448	1
chr11:67463954;G|A;Family=12788	-0.0425952911890124	0.796058781075887	0.892165215241672	1
chr11:68029139;C|T;Family=13264	-0.0970078750678914	0.434232132884015	0.640925051083872	1
chr11:68156383;GTTAA|G;Family=13907	0.2708769144208	0.071955664887626	0.197919527248007	1
chr11:68158808;G|A;Family=11729	0.0194204891120692	0.903338502467388	0.95171509063442	1
chr11:68166240;G|A;Family=12859	-0.0927771193394904	0.572319407781757	0.752959547725131	1
chr11:68171572;C|G;Family=11519	0.218855999802761	0.0263802090276919	0.0943825256324088	1
chr11:68413826;C|T;Family=13277	-0.13503133597102	0.296945272684371	0.510425349101791	1
chr11:68614239;TTG|T;Family=14154	-0.298287441243645	0.170313561007068	0.360795833186026	1
chr11:68911444;G|A;Family=13752	0.0441063304380521	0.638840798055613	0.800415318964621	1
chr11:69772347;G|C;Family=12540	0.192554639434243	0.0714065823442048	0.196941494773738	1
chr11:72002499;T|G;Family=12956	-0.0939453444770323	0.381965706157151	0.592499192529599	1
chr11:72093661;G|A;Family=11417	0.190072472551512	0.0153500705698263	0.0619777144010543	1
chr11:72685573;G|C;Family=13886	-0.572674806352134	1.47718271112364e-05	0.000152615882240153	0.0570783399578173
chr11:727113;CCT|C;Family=12906	-0.0929092834085764	0.285605906174288	0.500036801747825	1
chr11:73864332;C|T;Family=12340	0.11338551301104	0.497853176876637	0.698006050599174	1
chr11:74837928;T|C;Family=11207	-0.130912943065204	0.233287871798961	0.440363623171073	1
chr11:75081895;A|G;Family=13611	0.195180515255732	0.0222909174078977	0.0825020161533684	1
chr11:76403845;C|T;Family=13853	-0.0926766911725349	0.601601768528416	0.77280227180645	1
chr11:77217266;A|AATCT;Family=12952	0.167389927796713	0.146545164616904	0.32758944866602	1
chr11:77660108;G|A;Family=13093	-0.00158997323844347	0.990219611522164	0.99507196945285	1
chr11:77664650;A|G;Family=11003	0.0591200612657322	0.599232142287506	0.771039959307	1
chr11:801461;C|T;Family=14686	-0.440940977812122	8.65505433482941e-06	9.4739744900229e-05	0.0334431299497808
chr11:8102656;T|C;Family=11071	0.123991655981215	0.284346502864917	0.500036801747825	1
chr11:8105153;C|T;Family=12655	0.100111125080303	0.470222495740082	0.671588002950074	1
chr11:82977622;C|T;Family=14525	-0.0591846676940163	0.5772597542164	0.756591408453819	1
chr11:831871;G|A;Family=12281	-0.153710628955466	0.0802761426278891	0.214618635737557	1
chr11:83261214;G|A;Family=14697	-0.0615276518305417	0.693868640828991	0.836092730594712	1
chr11:86808954;G|T;Family=11827	-0.0419346500527779	0.702116227997755	0.8399309922549	1
chr11:86946390;A|G;Family=12463	-0.0629074670361976	0.411682457716212	0.620488870197991	1
chr11:92981626;G|A;Family=12646	-0.187009221207179	0.0542760490986244	0.161823035275528	1
chr11:93147909;C|A;Family=13051	-0.0242382524582886	0.812939819027131	0.901866052460762	1
chr11:94377370;T|C;Family=11276	0.492149792157148	0.0632874828765432	0.180075724473463	1
chr11:94871680;G|A;Family=12238	-0.156925285702918	0.236044335893658	0.443185283718705	1
chr12:100207757;A|G;Family=13561	-0.00139366805168361	0.988792987910934	0.99507196945285	1
chr12:101396195;C|G;Family=11397	-0.487326939565131	6.17007632001497e-06	7.01211026486407e-05	0.0238411749005378
chr12:102396966;G|T;Family=11470	0.200195594949207	0.000647817232314733	0.00440698201701431	1
chr12:10324400;C|A;Family=13561	-0.0500198490208432	0.562720610478234	0.748095204413415	1
chr12:103268201;C|T;Family=14307	-0.278138021544626	0.304759649676865	0.518991311745882	1
chr12:103772774;G|A;Family=11158	-0.123012858692163	0.310631324668827	0.524597656695956	1
chr12:103775848;A|G;Family=14257	-0.323677930055166	0.00274140907764881	0.0151977111564348	1
chr12:103777193;G|A;Family=13146	-0.04607943644813	0.723559763942225	0.850056226169887	1
chr12:103932337;G|T;Family=13167	0.590682162083907	0.0117556628339014	0.0501890514109613	1
chr12:104350238;AAAAAC|A;Family=13621	0.669353009573569	7.35777641851482e-05	0.000652074497273883	0.284304480811413
chr12:105007091;AT|A;Family=12738	0.30400412353999	0.0122155032151911	0.0515906657245755	1
chr12:105008304;C|T;Family=13738	-0.293864353120867	0.000248210642614934	0.00189542672542313	0.959085923064105
chr12:106715462;C|A;Family=13874	0.282171096839826	0.0126930690806216	0.0534270358687601	1
chr12:108780125;G|A;Family=14652	-0.1952176798248	0.175749801702109	0.36867385112755	1
chr12:108784717;T|C;Family=13160	-0.216922943278533	0.0864847299421085	0.226560675590717	1
chr12:109072323;C|T;Family=13375	0.0530198094607821	0.690960777571517	0.835640827710905	1
chr12:109110834;GAT|G;Family=11456	2.97135098794314	9.28885214537062e-09	1.71732654017761e-07	3.58921246897121e-05
chr12:111348592;A|G;Family=11415	0.19129855329895	0.509289696905926	0.706858975878052	1
chr12:111449380;T|C;Family=13617	0.0432082564457245	0.736607395066056	0.858079883791149	1
chr12:111449493;T|A;Family=12795	0.0205838053844098	0.818054013828938	0.906510349663984	1
chr12:111453948;C|T;Family=11731	0.17990216995279	0.659793457132741	0.812959795395699	1
chr12:111816200;C|T;Family=14519	0.311041127079149	0.0267454355479776	0.09533612818947	1
chr12:111816750;A|T;Family=13187	-0.00684723815776401	0.960390633847691	0.982252358175616	1
chr12:111816778;T|C;Family=14260	-0.236921810693889	0.0494718897899411	0.150400772736689	1
chr12:112053609;C|T;Family=11033	-0.127943256415702	0.303990283641401	0.518296616227458	1
chr12:112508927;G|T;Family=13160	-0.12426953461812	0.420589144316297	0.629905602185338	1
chr12:112970080;G|A;Family=12296	0.0310570711016964	0.741518159316818	0.860169969258536	1
chr12:116717020;TA|T;Family=14416	0.116453227935005	0.203068100359915	0.404461412263254	1
chr12:116859326;T|A;Family=13567	0.519973509818957	9.57675407660512e-06	0.000103654279417373	0.0370045777520022
chr12:117209070;C|T;Family=14507	0.0691451270012854	0.578650574923022	0.757164179310043	1
chr12:117215112;C|T;Family=14284	0.0245099320201212	0.729009340600722	0.853192697476706	1
chr12:119159576;C|T;Family=14522	-0.400435190070362	1.68592823469774e-06	2.1067954374304e-05	0.00651442669887207
chr12:120460320;C|T;Family=14095	0.0708088700035335	0.646803301959452	0.804910775771763	1
chr12:120696586;A|C;Family=22349	0.0275572571035508	0.826707193741865	0.912684741891019	1
chr12:120762897;A|C;Family=11196	-0.236332704395871	0.0931921282622203	0.237914007657345	1
chr12:120764969;C|T;Family=13996	0.0670634028186201	0.572044342126133	0.752959547725131	1
chr12:12094817;G|A;Family=14108	0.0538774309894981	0.578058103645844	0.75690156302526	1
chr12:121004021;A|G;Family=11205	-0.1558558471771	0.239535240568848	0.44713244906185	1
chr12:121020607;A|G;Family=13532	0.103705934838613	0.318852393043486	0.53089973588917	1
chr12:121165437;C|T;Family=14257	-0.100392418724023	0.319032368196415	0.53089973588917	1
chr12:121185462;G|C;Family=14696	0.00833703377379268	0.941740382926099	0.972703779638184	1
chr12:121649034;C|T;Family=11215	-0.304335299463514	0.028641417434799	0.100319632618557	1
chr12:121649978;T|G;Family=12719	-0.0603700181262019	0.526065505959268	0.720335861627298	1
chr12:122142004;G|A;Family=12867	-0.129751633424042	0.235875195906158	0.443185283718705	1
chr12:122143154;C|T;Family=11118	0.772578859054103	8.72026646943669e-13	3.06319178526394e-11	3.36951096379034e-09
chr12:122145614;C|T;Family=13152	0.185394052171858	0.0197302912652012	0.0751852519218318	1
chr12:122473224;T|C;Family=14484	-0.12512700449075	0.281197131639147	0.497502617515413	1
chr12:122985855;C|T;Family=12068	0.0286861178563444	0.853471954657625	0.925603700973711	1
chr12:123291583;A|G;Family=14363	-0.190900075507269	0.011961096552535	0.0509005254173958	1
chr12:123295534;G|A;Family=13041	0.0821964128750482	0.33165477124996	0.543705573232858	1
chr12:124014248;G|A;Family=12728	0.0851383193394617	0.337901543107632	0.550675479784012	1
chr12:125028457;C|T;Family=12512	-0.0409793871389871	0.692672366736046	0.836092730594712	1
chr12:125029809;T|G;Family=13097	0.0529469168797433	0.674931632802134	0.823956123668457	1
chr12:125143296;G|A;Family=12532	-0.260483364667387	0.0148488796020351	0.0603323562379216	1
chr12:125657481;T|C;Family=11233	0.185503372689499	0.0803153590260112	0.214618635737557	1
chr12:125658027;G|C;Family=11233	-0.0108641120701986	0.944283166818975	0.974028338651501	1
chr12:125658842;A|G;Family=14613	0.107096556262965	0.438352037369774	0.644762951045606	1
chr12:130456610;C|A;Family=11345	-0.0652303752630079	0.568215098557722	0.751654618564546	1
chr12:131944583;C|T;Family=14524	0.137663344555027	0.272227029331341	0.486983908026066	1
chr12:132196741;C|T;Family=11673	0.981719979245747	3.91805605136994e-07	5.36857041932391e-06	0.00151393685824934
chr12:132511604;C|T;Family=11470	-0.0574155356425155	0.644748510419894	0.803878805816875	1
chr12:132584068;T|C;Family=11142	0.235967516050618	0.0214996681743334	0.0801879515691355	1
chr12:132775108;C|T;Family=11345	-0.202393754670944	0.167526552054893	0.358260348881725	1
chr12:133018678;A|G;Family=13167	0.0490859639171927	0.585177872319963	0.761366234199576	1
chr12:133107244;CAG|C;Family=12206	-0.0981095034926549	0.422139966186277	0.630585517846684	1
chr12:13551970;G|GA;Family=11121	-0.0616821149120892	0.44328650665551	0.646977495016859	1
chr12:13558545;G|A;Family=11057	0.112149019794129	0.387718190493629	0.597345728894491	1
chr12:14981780;C|T;Family=14124	0.132583672424149	0.28440128360995	0.500036801747825	1
chr12:15596275;G|A;Family=11654	0.449359918473216	0.00043687818003042	0.00312610608821767	1
chr12:16594312;C|T;Family=11003	0.134579397741332	0.297821314036588	0.511685885921465	1
chr12:190601;C|T;Family=13580	-0.0202520196588432	0.89535452125752	0.947704140900528	1
chr12:19372221;G|A;Family=12297	-0.137068726636095	0.219475543705185	0.425103564658117	1
chr12:19373120;C|A;Family=13835	-0.386773141901976	0.000164101483471117	0.00130502033167112	0.634088132132396
chr12:1950195;G|GTC;Family=12950	-0.0892975171113386	0.457589764462899	0.659918889210079	1
chr12:20711418;A|G;Family=13533	-0.0763478328629627	0.645349910880939	0.803878805816875	1
chr12:20737256;G|T;Family=12906	0.12044498174232	0.426492145672281	0.634137571523285	1
chr12:21531159;A|G;Family=12788	-0.343577954091824	0.390764091983847	0.598551748056254	1
chr12:21924680;C|A;Family=13118	-0.441255421635764	0.0391595899818776	0.12588407295339	1
chr12:26079613;T|C;Family=14576	0.347294764628136	0.194253408325871	0.393138378990563	1
chr12:26121198;T|C;Family=11356	0.0731200897498663	0.417075285026168	0.626585886991102	1
chr12:26338385;G|A;Family=11168	0.0804823903945347	0.624371250085117	0.789728941267614	1
chr12:26964790;G|C;Family=14554	-0.173931590960067	0.308958680850284	0.523144760212751	1
chr12:26964838;T|C;Family=14545	0.0934070492053164	0.395539173250253	0.603857513014214	1
chr12:30719113;G|A;Family=14474	0.00231204052767499	0.977030342385639	0.989959726886393	1
chr12:30996424;G|A;Family=11578	0.197369696223706	0.093927097434079	0.238958146643189	1
chr12:31667984;G|A;Family=12603	-0.355843277694379	0.00268016383175916	0.0149224107289876	1
chr12:31992971;TTAAG|T;Family=11333	0.198997271984145	0.210611777463644	0.414360442016049	1
chr12:32643133;A|G;Family=14608	0.199155494683082	0.0455541868307626	0.141269163654949	1
chr12:32645051;C|G;Family=13462	-0.113704741491626	0.167422027229597	0.358260348881725	1
chr12:32791196;A|C;Family=11098	-0.863443215721376	1.003096864569e-07	1.58851077241582e-06	0.000387596628469461
chr12:3283454;C|T;Family=13623	0.3821005902473	0.0322125000049472	0.108896850410425	1
chr12:3593554;A|G;Family=13174	-0.385904221093664	0.000142040660382822	0.00115240008083577	0.548845111719224
chr12:39553047;A|G;Family=12314	-0.292439763341555	0.018386155484669	0.0711420343604208	1
chr12:39950119;T|C;Family=14692	-0.480789289703075	0.00301869558727911	0.0164749149000657	1
chr12:39951106;T|C;Family=13895	0.266508870127177	0.0219648832755827	0.0815064048811696	1
chr12:41072332;G|C;Family=12879	0.588310116386725	0.00432136908987716	0.0218271505402423	1
chr12:42084882;A|G;Family=13211	-0.264942333676101	0.00313090024666453	0.0169674594012788	1
chr12:42085385;C|T;Family=14452	0.0793720163765338	0.289373490821015	0.502760417505576	1
chr12:42442154;G|A;Family=12799	0.231769951262603	0.0450091227136566	0.140141216894093	1
chr12:42445266;T|G;Family=14061	0.167101575017169	0.154256939449824	0.337736083800393	1
chr12:4500258;C|T;Family=14402	0.192987274457202	0.155014284454257	0.338507531772708	1
chr12:45920025;T|G;Family=12341	-0.116629931144662	0.304094929019888	0.518296616227458	1
chr12:47075765;T|C;Family=12845	-0.143272045095107	0.151677647796176	0.334331107292882	1
chr12:47744519;T|G;Family=12300	-0.515243118341947	0.00362770933963425	0.0190454740330798	1
chr12:47780985;C|T;Family=13645	0.00627413979290819	0.956935613520558	0.980346237210156	1
chr12:47788073;A|C;Family=11918	-0.0245263165766712	0.774024277665006	0.877848491017782	1
chr12:48134794;G|A;Family=13471	-0.0079266891241414	0.903357758070406	0.95171509063442	1
chr12:48338099;G|A;Family=13447	-0.115591776539156	0.26312929272519	0.475330335245505	1
chr12:48692215;T|C;Family=12529	-0.556687204227186	1.67200936214385e-07	2.50412564935033e-06	0.000646064417532385
chr12:48827626;C|A;Family=12457	0.263909103579245	0.00675906385801649	0.0317339280041017	1
chr12:48914552;C|A;Family=14412	-0.113450751666992	0.388862395626762	0.59744107224724	1
chr12:48966507;G|A;Family=12346	0.143105468002543	0.256996103800025	0.469075552708218	1
chr12:49019250;C|A;Family=14095	-0.509382468963108	0.0609922575945744	0.17522236679958	1
chr12:49020756;A|G;Family=12804	-0.130310361394466	0.343189289052876	0.556407444643379	1
chr12:49463191;G|C;Family=13116	0.142765709992053	0.25082079079689	0.461071139695139	1
chr12:49867275;G|A;Family=11208	-0.0670244788799469	0.448130913612337	0.650724483351397	1
chr12:49957401;C|T;Family=14675	-0.1273662287623	0.344677298462806	0.557252335255348	1
chr12:50477022;T|A;Family=12641	-0.14763977161194	0.353681243672686	0.567064035498447	1
chr12:50746032;A|T;Family=13364	0.172381045569007	0.231609018770877	0.438937619487662	1
chr12:51196813;T|G;Family=11194	-0.054937957733045	0.583768366776621	0.761282811078253	1
chr12:51352434;C|T;Family=13815	-0.397804998070987	9.77478646140531e-05	0.000841197658950336	0.377697748868701
chr12:51507933;C|T;Family=14017	0.187104298408452	0.118805044879199	0.282674072298783	1
chr12:51513413;C|G;Family=14598	-1.22939918413043	7.86092321583432e-12	2.30110661408968e-10	3.03746073059838e-08
chr12:51722551;T|C;Family=13210	0.159125745438162	0.136347451058547	0.311007409026106	1
chr12:53025344;G|A;Family=13335	0.105677026260729	0.374985654197477	0.585170766636732	1
chr12:53064322;A|G;Family=13617	-0.214604025116067	0.0720173020990418	0.197919527248007	1
chr12:53327895;G|A;Family=12585	-0.0399518551451272	0.635806114263945	0.799227391378802	1
chr12:53977028;G|A;Family=12498	-0.284917350731075	0.000421917225924111	0.00303591836307405	1
chr12:54532250;G|C;Family=13764	-0.222366137939072	0.0949619409360183	0.240611763788049	1
chr12:55367547;A|C;Family=11575	0.739273516293024	8.496199266056e-05	0.000746120771910009	0.328293139640404
chr12:55367558;A|C;Family=11575	0.193548383061295	0.212168034878857	0.416362258391012	1
chr12:55555603;C|A;Family=14077	0.0454891840560497	0.659384702027755	0.812715307379663	1
chr12:55751470;G|A;Family=14668	-0.0833374485383018	0.617966450599622	0.785984978642837	1
chr12:55757313;A|C;Family=11573	-0.5348778328175	0.0152113405355986	0.0615461987744012	1
chr12:55821637;C|T;Family=11843	0.0279382435236479	0.863441811899942	0.929860412815322	1
chr12:56037956;A|C;Family=11198	-0.120737136900084	0.236009525516903	0.443185283718705	1
chr12:56712871;A|G;Family=11198	-0.636468312166761	0.00114465273262456	0.0072388513238319	1
chr12:57001546;T|C;Family=11933	0.0290465082528558	0.671270383367788	0.821339063120054	1
chr12:57028607;G|A;Family=12325	-0.0686917562647883	0.595338623161526	0.768309695683899	1
chr12:57028838;C|T;Family=13187	0.787233704983853	0.000278407879379885	0.00210014747963707	1
chr12:57235470;C|A;Family=11671	0.455919946586873	0.0025901628238118	0.0145682520396052	1
chr12:57823411;G|T;Family=14158	0.143543077838153	0.13176099902565	0.304136499543076	1
chr12:59779592;C|A;Family=14475	0.206861310507751	0.300278497718841	0.513851246760675	1
chr12:6122766;C|T;Family=14609	0.0778899545830546	0.361632797450573	0.573079659402185	1
chr12:61709191;T|A;Family=11552	0.178234782305904	0.192140506908366	0.39073020520155	1
chr12:62335564;A|G;Family=13929	-0.132889048134252	0.226432310213428	0.434210643506048	1
chr12:62405485;C|G;Family=11556	0.366090356248973	0.00138468541645323	0.00854700391242055	1
chr12:62405921;T|G;Family=11653	0.139007328032642	0.0285185628361238	0.100095275232285	1
chr12:62414589;G|A;Family=12550	0.0436494130244916	0.70371038259936	0.840277168839286	1
chr12:62501626;A|G;Family=11905	0.209445686020937	0.0501884114480613	0.152219797358955	1
chr12:62561094;C|A;Family=12220	0.0496598799415319	0.58069132493568	0.758550128313546	1
chr12:62645630;T|A;Family=13616	-0.111488540984392	0.248719191710954	0.458516677848819	1
chr12:63146591;C|G;Family=14570	-0.225003010492409	0.052838054474934	0.158637329052949	1
chr12:6329869;G|T;Family=14152	0.0133085736275269	0.89061613244571	0.943867453584812	1
chr12:64714808;G|C;Family=12929	0.20017681743503	0.0325233094049996	0.109755517502986	1
chr12:64715064;G|C;Family=11931	-0.0200082641370857	0.855310610050719	0.926050393079159	1
chr12:65466681;C|T;Family=11216	-0.24658421603678	0.0310735659853931	0.106161148512431	1
chr12:6570170;T|C;Family=12891	0.646443728361493	0.0101789935839825	0.0446968735983785	1
chr12:66345813;C|T;Family=11781	-0.15214401933486	0.312515404191556	0.526352080280741	1
chr12:67311074;C|T;Family=13314	0.0115589772364109	0.924847970734363	0.962718900570468	1
chr12:67659038;C|T;Family=13010	0.0650857410730148	0.569611539645777	0.751728729633999	1
chr12:68661243;G|GA;Family=14188	0.125091724107681	0.288650805897154	0.502182221515804	1
chr12:68667799;A|C;Family=14619	-0.114178811926899	0.397686697308967	0.605223079323296	1
chr12:68765817;A|T;Family=12108	0.0432924873646216	0.591471313844756	0.765436776568897	1
chr12:68773240;T|C;Family=13694	0.11451873294178	0.287902265291773	0.501745799355232	1
chr12:68777610;C|A;Family=13565	0.229450874574502	0.113657798435634	0.273969889678909	1
chr12:68839652;G|A;Family=11947	-0.0220726232222451	0.861553168855842	0.92912125159335	1
chr12:68845263;G|A;Family=13560	0.629658826378721	0.00997206597041645	0.0439476625980539	1
chr12:68851407;C|T;Family=14123	0.0405874339145211	0.722267931530664	0.849452502468066	1
chr12:69353396;A|T;Family=14551	-0.262013445183886	0.0214667156360462	0.0801424050412392	1
chr12:69575266;T|G;Family=11424	0.0756528315887207	0.490171918589041	0.691249742127027	1
chr12:69683242;T|C;Family=13012	0.312551467405135	0.246574962413298	0.45608695776208	1
chr12:69683587;A|T;Family=13012	0.357795560149221	0.00193416972282007	0.0112048452908197	1
chr12:6976750;A|G;Family=11892	-0.314629903346722	0.0153369463216245	0.0619777144010543	1
chr12:6977262;C|G;Family=14036	0.0963903978732108	0.377785239303099	0.587963297530023	1
chr12:6981145;C|T;Family=12669	0.308896713078242	0.0163870124345466	0.0652066905951332	1
chr12:70432230;C|T;Family=14346	0.0523735691208463	0.506981748800442	0.704414770717335	1
chr12:70433211;A|C;Family=11644	-0.186601803478032	0.101561129844213	0.252855802653377	1
chr12:71786240;A|G;Family=13216	0.342430261847354	0.00571335287125015	0.0278040245522804	1
chr12:71791230;A|G;Family=12290	-0.0502337385524526	0.717804243999963	0.847840612009166	1
chr12:74540835;C|T;Family=11678	0.135592262231004	0.0718987050379314	0.197919527248007	1
chr12:75277651;G|C;Family=13057	0.0645817345853872	0.636784171801629	0.799227391378802	1
chr12:75432182;T|C;Family=11981	0.618871892843997	0.00261624497877089	0.0146559629244945	1
chr12:75500348;A|C;Family=11167	0.215506979493548	0.0315518562580392	0.107226361109115	1
chr12:76044822;T|C;Family=11042	0.199056987059608	0.163560081584583	0.351499530168426	1
chr12:76047956;A|AT;Family=11520	0.0429817229476468	0.729009524993399	0.853192697476706	1
chr12:79451261;G|A;Family=13537	-0.225595515094594	0.215124076529352	0.420030031182121	1
chr12:79592274;C|T;Family=14561	0.0208108937397424	0.842795152216093	0.920099242754114	1
chr12:79774887;C|G;Family=12645	-0.00643505966097308	0.959049700175475	0.981400434713463	1
chr12:80679096;C|T;Family=11086	0.196644161419576	0.111199097883543	0.269218868560157	1
chr12:83132643;A|G;Family=14022	0.169272075156456	0.219482818709354	0.425103564658117	1
chr12:85958506;T|C;Family=12201	-0.165386478297883	0.114306939525335	0.275362851824123	1
chr12:85960376;A|G;Family=13874	-0.00901483127141839	0.943001187017006	0.973225584036782	1
chr12:85964312;T|G;Family=12682	-0.331039978921192	0.306534348969327	0.520956308030278	1
chr12:85968103;G|T;Family=11056	-0.186013188639021	0.122965377923408	0.289365542202222	1
chr12:88093626;TTTTA|T;Family=12238	1.71118147078848	5.43938799562069e-10	1.20791926523439e-08	2.10177952150784e-06
chr12:89421060;G|A;Family=13903	0.221518015474801	0.192581377022052	0.391237876347638	1
chr12:916707;C|CA;Family=11201	0.0418235583822693	0.637478990742616	0.799227391378802	1
chr12:926902;AAGAG|A;Family=14501	0.451795740904755	2.96553249368805e-05	0.000289364079687137	0.114588175556106
chr12:927165;G|A;Family=13965	0.174441276737541	0.0341840731499036	0.114163577053783	1
chr12:92775906;A|G;Family=13998	0.230393516464839	0.180107590601873	0.374360263628637	1
chr12:93512803;G|A;Family=11946	0.0403660658241683	0.68984728571722	0.835528591513206	1
chr12:95934176;A|G;Family=14386	0.0527485784313114	0.679888510347151	0.82690878312288	1
chr12:9716586;T|C;Family=11417	-0.288907381424713	0.0380283026452286	0.123583987738573	1
chr12:9754370;A|G;Family=12494	0.277198739026463	0.124430160127944	0.292133972957648	1
chr13:101719060;A|C;Family=13578	-0.55687526710005	0.000344877109913708	0.00254800220402786	1
chr13:101722669;G|A;Family=12972	0.0847095270869773	0.569632950405887	0.751728729633999	1
chr13:108307449;CT|C;Family=14603	-0.204404064046298	0.244332253657477	0.453240435973351	1
chr13:109207141;C|T;Family=14456	0.285255003305386	0.0781143342826014	0.209813356673769	1
chr13:110687748;G|A;Family=13687	-0.159234639898481	0.0103280695217688	0.0450934018441974	1
chr13:112910075;T|C;Family=11305	-0.232612432520701	0.17627292935263	0.369110995957459	1
chr13:112917269;C|T;Family=12869	-0.0988164322538	0.520667581166519	0.715200687389772	1
chr13:112956885;A|G;Family=14165	0.126354796897083	0.398604789576037	0.605666105749825	1
chr13:113090030;C|T;Family=11099	0.0765937754880616	0.440333300705399	0.645674055167911	1
chr13:113816042;G|T;Family=14358	-0.0295717628808142	0.763776304105928	0.872721719679297	1
chr13:113816271;A|C;Family=12964	0.00581961147396059	0.950186126727282	0.977069207991936	1
chr13:113816283;G|T;Family=12964	-0.0135527443194199	0.872839674003215	0.933286868804329	1
chr13:20138542;C|T;Family=14370	-0.0729969934853395	0.316704584876158	0.529551808330711	1
chr13:20141428;G|A;Family=14484	0.156419546429633	0.266454036717703	0.479766261825351	1
chr13:20780589;G|C;Family=11089	0.49581753875619	0.0117679297562968	0.0501890514109613	1
chr13:21154518;C|G;Family=13869	0.0565001876307619	0.562077715489628	0.748095204413415	1
chr13:21158043;T|C;Family=14097	0.169457872969981	0.112666401979454	0.271971819182233	1
chr13:21492794;T|C;Family=13070	0.323028768394706	0.00120947038273562	0.00759109682301571	1
chr13:25249228;G|A;Family=14315	0.0298988559176391	0.740047969918015	0.859496650364656	1
chr13:25335555;G|A;Family=13218	0.175792088272662	0.494299869889081	0.694788904056532	1
chr13:25341928;C|T;Family=11497	0.500392334076937	0.000115530205360142	0.000962087744637048	0.44640871351159
chr13:29509496;G|A;Family=14577	-0.230319763952757	0.160104950185745	0.346192236999283	1
chr13:30459362;G|C;Family=11509	0.240447788201166	0.0145404791416991	0.0592662567547736	1
chr13:32515608;G|A;Family=12134	-0.487461620081168	0.0292435316843799	0.10179910489049	1
chr13:32517549;A|T;Family=11114	-0.201440434457929	0.189437088146411	0.386962378705942	1
chr13:32776757;A|G;Family=14687	-0.175840629765152	0.134090437848299	0.306946357728572	1
chr13:36847210;G|A;Family=13034	0.0476044427893642	0.646584606897188	0.804897848276654	1
chr13:39789275;A|G;Family=11194	0.045915176475878	0.654888686101685	0.809099003468452	1
chr13:41129088;C|A;Family=13524	-0.0815783184159546	0.479688961721227	0.680190146088374	1
chr13:41252566;G|C;Family=13876	-0.143745876865881	0.176275778587715	0.369110995957459	1
chr13:42166660;A|T;Family=12680	0.10359585046478	0.330651499573624	0.542751654355345	1
chr13:42233480;C|T;Family=14586	0.110842580394889	0.183589574815683	0.379759163323233	1
chr13:42235436;T|TA;Family=13163	0.386677673013753	0.00244027689941357	0.0138461526275096	1
chr13:44022567;G|A;Family=11360	-0.0882686090256167	0.636465273340175	0.799227391378802	1
chr13:44434270;C|T;Family=13608	-0.0945674089195467	0.316798242635317	0.529551808330711	1
chr13:45782571;C|T;Family=13162	0.0969674494792082	0.41398735979344	0.623158222922419	1
chr13:48263554;C|G;Family=12184	0.665708450246598	1.61029102742847e-07	2.42107569260063e-06	0.000622216452998362
chr13:48267396;G|T;Family=14084	-0.10246362590381	0.519117946656899	0.71332565643039	1
chr13:49699807;G|A;Family=13621	-0.0933150307568783	0.341116148667099	0.554044892160432	1
chr13:50955833;A|G;Family=14633	0.0256753870138752	0.823253533194108	0.910432642318842	1
chr13:51374698;G|A;Family=14687	-0.049835606435833	0.599465041177112	0.771082862552716	1
chr13:51760323;C|G;Family=13649	0.10265378656556	0.0970329666785421	0.244735889847184	1
chr13:57726742;T|G;Family=12837	0.204949345717445	0.0746852019372173	0.202657036717281	1
chr13:66302882;G|A;Family=14681	-0.57399857462386	0.00985764900478392	0.0436311062479783	1
chr13:67224268;A|T;Family=11152	0.161073974748382	0.0648626051047195	0.183342433156281	1
chr13:71440244;T|TGTAA;Family=14023	-0.3714031527921	0.00428645457909318	0.0217075497950407	1
chr13:72756094;T|TAAC;Family=14237	-0.267976563769552	0.0819027128615883	0.217656177783478	1
chr13:73077466;A|C;Family=13324	0.109664149851217	0.482753351087153	0.683532044192289	1
chr13:76880244;ATT|A;Family=11083	-0.0449152864398597	0.802877443588943	0.89558846478859	1
chr13:77001351;C|T;Family=14432	0.156487821333961	0.266190988157942	0.479516073772629	1
chr13:77045036;G|A;Family=11010	0.287600621335327	0.111829309061137	0.270575109713359	1
chr13:78600311;T|TA;Family=13534	-0.164143763831332	0.0637275844206597	0.180868981668555	1
chr13:78614347;A|C;Family=11544	0.617404883234184	0.000314125420270973	0.002334193507552	1
chr13:87683876;A|C;Family=13580	0.0607650415101048	0.715146573879473	0.846348043329336	1
chr13:87690210;T|C;Family=13673	1.44600994509035	0.00298151393355009	0.016318087590988	1
chr13:94436896;G|T;Family=14007	-0.679438645971955	6.46608247453323e-05	0.000582399596307609	0.249849426815964
chr13:94711191;C|T;Family=12014	-0.461425758049643	4.23752177834898e-05	0.00040033702082006	0.163737841515405
chr13:95207885;T|C;Family=13023	0.250444220995842	0.140904053027573	0.318580023931272	1
chr13:95793362;G|A;Family=13932	-0.162885517535387	0.102125294184457	0.253517264999009	1
chr13:97464506;A|G;Family=11433	0.446385563493086	0.00191590449081989	0.0111491791453736	1
chr13:98024108;C|T;Family=14291	0.201290018155218	0.0508606751021011	0.154016965983165	1
chr13:98400083;C|T;Family=22161	0.224977705476824	0.0070322119810596	0.0328566712150112	1
chr13:98404385;C|A;Family=12686	-0.111045474099647	0.229264387353934	0.437117376674086	1
chr13:98452189;C|T;Family=11115	-0.0476898129025791	0.729099970773314	0.853192697476706	1
chr13:98856517;C|T;Family=12375	-0.0916375826301201	0.307126933150355	0.520956308030278	1
chr13:99892578;C|T;Family=12308	-0.0512121758147328	0.701513136007109	0.839729478789179	1
chr14:100132753;GAGA|G;Family=14566	0.574173394965537	0.000617070100917499	0.00422330944835125	1
chr14:100139286;A|G;Family=14195	0.10610690578236	0.262530532893851	0.474470523433977	1
chr14:100292534;C|T;Family=12851	0.160516949956579	0.49127583015112	0.692046505689469	1
chr14:101562759;G|A;Family=14305	0.132682393888534	0.162553765481533	0.350115802575609	1
chr14:101927185;C|T;Family=14537	-0.0726688264971694	0.462400519946209	0.664453554879938	1
chr14:102047898;A|C;Family=13094	-0.0473560231264123	0.692609118642928	0.836092730594712	1
chr14:102086072;G|C;Family=11812	0.288793061100431	0.0576877019521123	0.169767921053284	1
chr14:102195033;T|C;Family=14215	-0.228997827926152	0.0991626742643643	0.248969833240743	1
chr14:102210028;T|G;Family=13106	-0.0631943643700742	0.559815409847197	0.747399571393191	1
chr14:102213013;C|T;Family=14115	0.286118501865483	0.0444750724176476	0.139053861838048	1
chr14:102213969;G|C;Family=13375	-0.0607478811200012	0.543386785486226	0.734913034343289	1
chr14:102229211;T|C;Family=13206	-0.0726170600627905	0.667802373520249	0.818406063534557	1
chr14:102506416;G|C;Family=12749	0.19862018420098	0.151162609970272	0.333758534102906	1
chr14:102906678;T|C;Family=13968	0.0814897774971797	0.42753375337451	0.635380931938118	1
chr14:102907234;C|T;Family=11333	-0.0377777026282294	0.643356736227426	0.802689838160404	1
chr14:102910062;C|G;Family=12048	0.101491931119585	0.401841441614785	0.608907972705698	1
chr14:102911499;C|T;Family=14450	0.407931613963917	0.00214599033104359	0.0123762785658992	1
chr14:102932637;G|A;Family=13552	-0.0830268679329116	0.202117794889927	0.402984086405923	1
chr14:103342934;A|G;Family=12858	0.0288438914369716	0.775270940287589	0.878433386155718	1
chr14:103704906;G|A;Family=14133	0.68546387071134	2.65502803115436e-05	0.000262379240725843	0.102590283123804
chr14:103705880;C|T;Family=13267	0.271157268663127	0.0320942535691417	0.108687288160529	1
chr14:103734576;C|T;Family=14066	0.145016572083965	0.174302972381117	0.367000518975348	1
chr14:104112623;G|T;Family=12536	0.0288566382601394	0.746464900895091	0.863202566384945	1
chr14:104721982;C|G;Family=12301	0.0583556303559773	0.53440226446138	0.727600546116551	1
chr14:104747250;G|GT;Family=13316	-0.61332391561992	0.000369956810915565	0.00271254860982494	1
chr14:105049685;G|A;Family=11792	0.122697655929669	0.0232506814561599	0.0853187399302961	1
chr14:105173014;TGGA|T;Family=14535	-0.242762169224821	0.0191186349456138	0.0732154662337479	1
chr14:105470468;G|A;Family=14042	-0.0125003998665036	0.891806962408374	0.944352453479298	1
chr14:19782641;G|A;Family=11730	0.0657383424468848	0.66987098697696	0.820146227401449	1
chr14:19880987;T|G;Family=22364	0.126648859666407	0.324533745265318	0.536355171815735	1
chr14:20031416;G|T;Family=11498	0.199215047117582	0.076555794970283	0.206572340618138	1
chr14:20425908;T|C;Family=13050	-0.0639617518532855	0.879439451507523	0.936388547981557	1
chr14:20700952;C|T;Family=13309	0.0465857293632386	0.721267299990499	0.849452502468066	1
chr14:20994001;G|A;Family=11494	-0.108870231465746	0.381608862430161	0.592183391337406	1
chr14:20996199;G|A;Family=13621	0.397751114237217	0.000883676299065032	0.00583679524715775	1
chr14:22774371;G|A;Family=12300	-0.0769625242505807	0.474098440513907	0.675236407720507	1
chr14:22887622;G|A;Family=13750	0.0396464311239765	0.831216484443918	0.914890867736261	1
chr14:22900579;T|C;Family=13250	0.262066172808283	0.0263002278637006	0.0941835778177378	1
chr14:22901745;A|C;Family=12955	0.867747015199406	1.46141739331839e-07	2.21447717952246e-06	0.000564691680778227
chr14:22972415;T|C;Family=12775	0.124691784680869	0.205404926315428	0.406600735288326	1
chr14:23043475;C|T;Family=14348	-0.0282004313212043	0.683819276624678	0.829888915608508	1
chr14:23300858;C|T;Family=13508	-0.069821066128505	0.4952382886645	0.695601871101282	1
chr14:23530131;G|A;Family=11328	-0.412402857340637	2.90153442789521e-05	0.000283836177959167	0.112115290293871
chr14:24075435;C|T;Family=14339	0.0264871199923388	0.807563942625534	0.898696816674892	1
chr14:24119799;G|A;Family=12501	0.102099385630303	0.450807204843659	0.653137997568766	1
chr14:24123924;G|A;Family=14349	-0.159771407021388	0.220216294619094	0.426097026744205	1
chr14:24187426;C|T;Family=11028	-0.0940548458943793	0.324176337394635	0.536223188224688	1
chr14:30619431;CAT|C;Family=13412	0.304296549170529	0.000679769395213061	0.00459200864178893	1
chr14:30889794;G|A;Family=14587	0.0493448906782573	0.52372174284747	0.718861271996385	1
chr14:31073045;A|G;Family=11645	-0.304622667499295	0.0373247943466559	0.122119394881862	1
chr14:31446717;C|T;Family=12014	0.209286240493059	0.0552558167215596	0.164237289086236	1
chr14:33680780;A|C;Family=11800	-0.155594708540817	0.141167359332738	0.318988699685205	1
chr14:33803547;G|A;Family=12697	0.00503537821197393	0.97818539552258	0.990013577706914	1
chr14:35050255;C|T;Family=14675	0.220898103255831	0.0432149834256023	0.136090216753486	1
chr14:35099374;T|C;Family=13600	0.183764241519581	0.274565975946038	0.48950655213646	1
chr14:35871556;G|A;Family=14376	0.249619887520846	0.0359571464545531	0.118948369315442	1
chr14:36677286;A|G;Family=11303	0.0630331388979826	0.474606141716082	0.675461558597031	1
chr14:39182369;T|A;Family=14270	0.033824946246988	0.722826042472827	0.849452502468066	1
chr14:45200776;A|C;Family=14568	0.0717502124485502	0.453048379278158	0.655402073205093	1
chr14:49783018;G|A;Family=12692	-0.105870944750447	0.36112433640291	0.57281791291496	1
chr14:49786048;G|A;Family=12681	-0.0856425029128939	0.403016526245691	0.61020997547545	1
chr14:50330962;C|T;Family=13023	0.19605201135019	0.200682952485765	0.400743632250645	1
chr14:51254398;C|T;Family=12020	-0.663215732124036	0.0371861247959272	0.121768801874121	1
chr14:52005391;C|T;Family=13718	0.0280161515857748	0.831521349172911	0.914890867736261	1
chr14:52009877;C|T;Family=11089	0.0624125971024697	0.694652986218893	0.836092730594712	1
chr14:52707428;C|G;Family=13903	0.265956259327343	0.00500294768839832	0.0249111010897188	1
chr14:52771440;T|G;Family=14081	0.214957220826124	0.21164931129117	0.415555355096078	1
chr14:53040793;G|A;Family=14412	0.142865193146423	0.0822844564403904	0.218370288245652	1
chr14:54424277;A|G;Family=11721	-0.590976759201474	1.47206289112988e-05	0.000152494665182999	0.0568805101132585
chr14:54789343;G|A;Family=12225	-0.0813018039337313	0.596699167487211	0.768749925300443	1
chr14:54790002;G|C;Family=11107	-0.0124131477619505	0.908269841346505	0.952867808284967	1
chr14:54792246;G|A;Family=14110	0.139087540560602	0.287846631160302	0.501745799355232	1
chr14:55046970;C|T;Family=14640	-0.857961918417151	0.00838510646576575	0.0380708858553025	1
chr14:55066791;A|G;Family=14210	0.380893250607491	0.000108315646943939	0.000921196914732556	0.418531659791379
chr14:55069842;TC|T;Family=12396	-0.0645927678245567	0.503057760817903	0.701802268834527	1
chr14:55368655;T|A;Family=13047	-0.157367611808623	0.0758309905513492	0.205189739138945	1
chr14:56609267;A|G;Family=12161	0.193007288581096	0.124651935335474	0.292133972957648	1
chr14:57206134;G|A;Family=12132	-0.129085477629009	0.0868971606557659	0.227332856312715	1
chr14:59369246;C|CA;Family=14606	-0.330256989220286	0.0300329423638887	0.103521221493368	1
chr14:60644825;T|G;Family=13007	0.0659032236886452	0.514140138853873	0.710069162585607	1
chr14:60710671;G|A;Family=13305	-0.0178581192651039	0.867073505693036	0.931683756665519	1
chr14:61550781;A|G;Family=13005	0.066662169857431	0.486330568101145	0.687589211541465	1
chr14:62081161;C|T;Family=13012	-0.207844056132601	0.0553869105556356	0.164500401527268	1
chr14:63373754;G|A;Family=11897	0.208200254014398	0.0713542237893026	0.196937657658475	1
chr14:64471001;G|C;Family=12346	-0.21399090603515	0.0466355011421057	0.14381450631532	1
chr14:64481638;C|G;Family=13630	0.0422495625049448	0.704027064047275	0.840395605646794	1
chr14:64587318;G|A;Family=11804	-0.0158383382793433	0.899950023860762	0.950370836894776	1
chr14:64744664;G|A;Family=11520	-0.289725194317301	0.0154957142960905	0.0623702500417643	1
chr14:64947292;C|T;Family=12073	-0.0156908669581008	0.908726157745886	0.952867808284967	1
chr14:67333928;G|A;Family=13884	-0.106817142874497	0.420389916236457	0.62985135181763	1
chr14:67471834;G|A;Family=12481	0.202801620571267	0.0762342954575222	0.205992529823682	1
chr14:67471937;C|T;Family=11505	0.0713078728383246	0.62416355123025	0.789728941267614	1
chr14:67588167;C|T;Family=12780	-0.235162875577156	0.0609714893702105	0.17522236679958	1
chr14:67762324;C|T;Family=12451	0.0516157711941822	0.737299191851601	0.858626906966421	1
chr14:67783324;C|T;Family=11933	-0.152446024412114	0.309775287113741	0.523838822497811	1
chr14:69349262;G|T;Family=12507	-0.266678746655619	0.0107355889614011	0.0465570322635844	1
chr14:69458622;C|T;Family=11117	-0.53901126220339	9.32014752569536e-10	1.98967127288878e-08	3.60130500392869e-06
chr14:69528683;G|A;Family=11775	0.268915008601229	0.000536759423479869	0.00372358781387112	1
chr14:69714507;C|T;Family=13961	0.118068573563429	0.0982796008206308	0.247395685713953	1
chr14:69714839;G|C;Family=13709	-0.212081592085443	0.0518171113760858	0.156545205908675	1
chr14:70051018;G|A;Family=13618	-0.0607705423422294	0.359478729659998	0.571145481663746	1
chr14:70672191;A|G;Family=13271	-0.0230337101427617	0.832887906221668	0.915541305423351	1
chr14:70672279;A|G;Family=14165	0.158753500289346	0.321910919049213	0.534535363646824	1
chr14:71741218;T|C;Family=14463	0.0530769567318044	0.54657386137283	0.738448042078537	1
chr14:72951816;C|T;Family=14216	-0.0516569991621939	0.517506585261195	0.712378142304687	1
chr14:72957270;A|G;Family=11775	0.23307750192185	0.568605404689943	0.751656272227828	1
chr14:72970085;C|T;Family=11051	0.24247459317213	0.0425098151116752	0.13463764392747	1
chr14:73219147;C|T;Family=12304	0.0285780828797172	0.837108657389427	0.916802951294893	1
chr14:73219800;A|G;Family=14084	0.176788985076336	0.099984364318437	0.250343890325247	1
chr14:73264024;T|C;Family=14378	0.0816102455642131	0.440983320082585	0.645781545616452	1
chr14:74199900;A|G;Family=14234	0.103830353366719	0.456046337536658	0.658506370792843	1
chr14:74675817;G|A;Family=11462	0.163863331133676	0.231947827497108	0.439121217760327	1
chr14:74905829;C|T;Family=14342	-0.184665709327546	0.125722599558197	0.294235398888546	1
chr14:75014738;C|G;Family=11382	0.0387977854001326	0.76385687302442	0.872721719679297	1
chr14:76501674;T|C;Family=13568	0.361692228306724	0.00963379798334697	0.0426892149170329	1
chr14:76780525;A|G;Family=12674	0.0627528761279855	0.664211778095747	0.816376995456136	1
chr14:76788186;G|C;Family=11924	0.13992785129769	0.352208460951199	0.56523639269082	1
chr14:77131926;A|G;Family=11366	-0.172265954150638	0.0729995886560614	0.199569882982045	1
chr14:77275778;G|A;Family=11110	0.0559527651654553	0.518354370992349	0.712529807724808	1
chr14:77331556;C|T;Family=13621	0.115548804095313	0.342171425535935	0.555388742807319	1
chr14:77672418;A|G;Family=12015	0.247472667891654	0.166537816783845	0.356708494486018	1
chr14:80198034;C|T;Family=11108	0.0234481817912665	0.928011066982206	0.96497167998365	1
chr14:81260740;T|C;Family=11033	0.343206316254724	0.0231062309108494	0.084869273991941	1
chr14:81472756;T|C;Family=12426	-0.215728459393706	0.0651288271336806	0.183825995649775	1
chr14:85638868;A|C;Family=14172	-0.729322665859836	0.0127667417676694	0.0535040023755689	1
chr14:85639167;T|A;Family=13705	-0.0648491586121275	0.551207582658842	0.741276566935428	1
chr14:85640939;T|C;Family=12407	-0.0528643584548834	0.458661525017239	0.660800944320139	1
chr14:85645691;A|C;Family=14344	-0.247683123848014	0.0199335408455459	0.075809530310145	1
chr14:87941540;C|T;Family=11107	0.0493267748429801	0.716420895056961	0.847337110039822	1
chr14:88465931;AATT|A;Family=11366	-0.0601376893311409	0.683842212033512	0.829888915608508	1
chr14:88467813;C|G;Family=14590	-0.0504275772114937	0.526227987578974	0.720335861627298	1
chr14:90043800;G|A;Family=13335	0.247958035158014	0.0680068661817242	0.18959489965814	1
chr14:90533760;G|C;Family=14268	0.488786732161433	0.000389929805424298	0.00284280899652733	1
chr14:90538579;G|A;Family=14394	-0.166946932774111	0.230329120885736	0.437988052707915	1
chr14:92045541;A|C;Family=12892	-1.64705567015947	1.51387769867341e-20	2.16652719543484e-18	5.84962342767407e-17
chr14:92047191;C|T;Family=14135	0.0902700950838073	0.396446640156482	0.604354852170018	1
chr14:92053999;A|G;Family=11164	0.216697755372898	0.210928011594919	0.414771418220237	1
chr14:92054370;G|C;Family=12099	0.260171738212721	0.00188428237228672	0.0110149275136398	1
chr14:93227678;G|C;Family=14006	0.216212833445881	0.124478319088681	0.292133972957648	1
chr14:93720913;C|A;Family=14227	0.0215740531959259	0.836288683072908	0.916624670909501	1
chr14:94039397;GACAA|G;Family=14096	1.00880385140056	1.98541868400924e-12	6.61349809914801e-11	7.67165779501169e-09
chr14:94569714;G|A;Family=11310	0.169715300035003	0.120868899181414	0.286133826065297	1
chr14:95185595;A|G;Family=11201	-0.0448378980909639	0.709234277895313	0.84348453363727	1
chr14:96243117;G|GA;Family=14404	0.141322205440407	0.240168164126075	0.447881170937816	1
chr14:96385707;G|A;Family=11526	-0.386172665042607	0.00100400567494486	0.00651266724130765	1
chr14:99501572;T|C;Family=14618	0.150853525361448	0.194129474482993	0.393138378990563	1
chr14:99508667;G|C;Family=14525	-0.208004555907268	0.0351671499361009	0.116640229487634	1
chr14:99940981;T|G;Family=11575	0.257066869106287	0.0809800538575435	0.215946810286783	1
chr15:100567287;C|T;Family=14290	0.345518870941981	0.000170538235601903	0.00135032734091343	0.658959742365755
chr15:100915213;C|G;Family=14525	0.107165420490155	0.430409549629581	0.638633968146165	1
chr15:101027693;G|A;Family=12036	-0.0634821925208139	0.763800023133561	0.872721719679297	1
chr15:101029230;C|T;Family=13822	-0.413260050101903	0.000283119210184328	0.00212421869544125	1
chr15:101068817;G|A;Family=12550	0.0148911727433662	0.88036335814042	0.937030355054208	1
chr15:101069279;G|T;Family=14260	0.025357722091743	0.79000376156575	0.888667986809333	1
chr15:101177327;C|T;Family=14043	-0.242940916941821	0.310312690933498	0.524288691634034	1
chr15:101270931;G|C;Family=12796	-0.139281091077983	0.193138257741674	0.391751300742167	1
chr15:101271238;C|T;Family=14047	-0.00754896637030359	0.946325051588895	0.97460645738054	1
chr15:101346652;G|A;Family=13532	0.198163827540369	0.0329443146219809	0.110789235595591	1
chr15:22827571;A|G;Family=13624	-0.0360567593369723	0.721356462285578	0.849452502468066	1
chr15:23441288;T|A;Family=14697	0.160107796230571	0.364347253499094	0.575802776082004	1
chr15:23567590;T|G;Family=12925	0.0903118343460182	0.446899294714479	0.649668500668453	1
chr15:24982024;C|T;Family=14272	0.313547791340539	0.0387991589189094	0.125255141683779	1
chr15:25334715;T|C;Family=12162	0.0211782410464394	0.867518980163293	0.931683756665519	1
chr15:25677943;G|A;Family=14245	0.244859787309009	0.0858880222752849	0.225456058472623	1
chr15:25679685;C|T;Family=12132	-0.172482549029774	0.37532568919031	0.585253617042518	1
chr15:25680190;T|C;Family=14465	0.140802863630063	0.258212130316735	0.47018457659937	1
chr15:26583387;C|T;Family=12573	1.13163951609203	7.76149415688851e-06	8.61793489144172e-05	0.0299904134222172
chr15:27535641;C|CA;Family=13634	-0.16589725062564	0.150640497652327	0.33335206371818	1
chr15:28260857;G|A;Family=14243	-0.0669116511554192	0.715083223259691	0.846348043329336	1
chr15:28269371;A|C;Family=11469	-0.126377402962648	0.2377648958128	0.445459475539861	1
chr15:29121091;G|A;Family=12246	0.221180479811801	0.100551109018544	0.250826007261236	1
chr15:32638104;T|C;Family=14070	-0.271296365574757	0.0186326703276169	0.0717212791110143	1
chr15:32768823;G|A;Family=13673	-0.0459789727786288	0.742091892559695	0.860300810285868	1
chr15:32770748;C|A;Family=11380	-0.127929961189224	0.229305621769765	0.437117376674086	1
chr15:34228531;C|G;Family=11484	-0.0599969519047984	0.503466845033465	0.701802268834527	1
chr15:34904362;T|G;Family=13050	0.154387003948823	0.292162182563272	0.505559638792872	1
chr15:34980804;A|G;Family=14620	0.0179085478214394	0.895803255111407	0.947704140900528	1
chr15:40091406;A|G;Family=14446	-0.0691171349894788	0.596509171368734	0.768749925300443	1
chr15:40272478;G|A;Family=11368	-0.410391078308182	8.97194104239626e-05	0.00078256388685822	0.346675801878191
chr15:40324948;T|G;Family=11014	-0.155296445614819	0.039145666999035	0.12588407295339	1
chr15:40375689;C|G;Family=13585	0.0994944512079622	0.397011666761668	0.604910520649481	1
chr15:40663005;G|T;Family=12716	-0.0833872965372496	0.654984907569699	0.809099003468452	1
chr15:40736463;C|A;Family=11578	0.0878911379912285	0.306606202221835	0.520956308030278	1
chr15:40765303;A|C;Family=11220	-0.114049709748303	0.155839191043358	0.339629235302614	1
chr15:40767256;C|T;Family=13544	0.31514973770504	0.00294713466031736	0.0161757504651509	1
chr15:40814773;C|T;Family=13948	-0.0863494175300559	0.441535070476455	0.645781545616452	1
chr15:41280038;A|G;Family=12656	-0.154797810392209	0.132567140050977	0.305338702812757	1
chr15:41898395;T|G;Family=11257	0.217002456407875	0.0531765279537917	0.159282251173218	1
chr15:42239720;C|T;Family=14118	-0.100036648791317	0.294936232966592	0.508765001867372	1
chr15:42352520;C|T;Family=12510	-0.18269621256867	0.197530320641806	0.396703305072732	1
chr15:42355683;T|C;Family=12858	-0.00713678702030951	0.964863881992002	0.984053583083967	1
chr15:42567837;C|T;Family=13888	-0.875866115164442	6.69919444484731e-08	1.09222309429916e-06	0.0002588568733489
chr15:42569418;C|T;Family=14385	-0.485682492252214	9.19634493383792e-06	0.000100097681195351	0.0355346768243497
chr15:42718825;G|A;Family=11339	-0.342379589785492	0.0599504308516516	0.173519449296466	1
chr15:42728672;CT|C;Family=12622	0.113954927439498	0.355074722873919	0.568354900242264	1
chr15:45691267;A|G;Family=12826	2.49432466939413	1.45916590853788e-11	4.02729790756454e-10	5.63821707059036e-08
chr15:48460268;G|A;Family=11018	-0.0553322377145011	0.481787406736197	0.682414420684995	1
chr15:48989689;A|G;Family=11364	0.316857574217272	0.0647012533276901	0.183020236352998	1
chr15:49859538;T|C;Family=12759	-0.0549164714203668	0.681241906063799	0.828294123672284	1
chr15:50499413;T|C;Family=11030	0.0425542843379127	0.674652904575279	0.823912396737952	1
chr15:50501626;A|G;Family=12161	0.0317285393151894	0.68375439092929	0.829888915608508	1
chr15:50561366;T|C;Family=13998	0.432001773095242	0.0048401715228755	0.0241945960729507	1
chr15:51208400;C|T;Family=11551	-0.265921508410107	0.0288259475177722	0.100708373606394	1
chr15:52121290;C|T;Family=12108	-0.0307682124697505	0.757768978454856	0.870139474814135	1
chr15:52229152;C|T;Family=11329	0.0695305464147192	0.406719390438398	0.614372058113358	1
chr15:52383145;G|C;Family=14068	0.0998025724194853	0.405628736983519	0.613498265813132	1
chr15:53514080;G|A;Family=14209	-0.158570581382452	0.240461484906574	0.448211856092139	1
chr15:55359693;G|A;Family=12563	0.28373169206245	0.0443043702010176	0.138841919267422	1
chr15:55539177;C|T;Family=11079	-0.0393706069250619	0.755644644182861	0.868474391767572	1
chr15:55613938;G|A;Family=12021	0.133609687942883	0.226895494328407	0.434667421955857	1
chr15:56088533;TTTTG|T;Family=11181	0.227079016283646	0.0785764892977645	0.210846912949001	1
chr15:56093321;G|A;Family=13684	-0.0754841560632988	0.384669733563432	0.594783453577072	1
chr15:56396701;G|C;Family=12906	0.0308171288908618	0.777413838247129	0.879409295644886	1
chr15:56397396;T|G;Family=12906	0.202941979832703	0.150957848057006	0.33350550308306	1
chr15:56398111;T|A;Family=12906	0.256904917856533	0.0132301282348221	0.0549826864500152	1
chr15:56653398;A|C;Family=12572	0.874621480978363	2.20619638585613e-15	1.13663237799308e-13	8.52474283494807e-12
chr15:57547895;A|G;Family=12648	0.201059914738778	0.0546181566007225	0.162717468855198	1
chr15:58590855;AACC|A;Family=14608	0.150112471701445	0.382489365862278	0.592835503285937	1
chr15:59132694;T|C;Family=13169	-0.437203774057789	0.00406641618278939	0.0208944576200774	1
chr15:59134897;T|G;Family=14109	-0.335404628310783	0.00093292992501408	0.00614112645699217	1
chr15:59137358;A|G;Family=11246	0.0865647064685417	0.445101172230992	0.647785660828833	1
chr15:60422471;T|A;Family=13916	0.0768334964832588	0.431486082832148	0.639609170013995	1
chr15:60423023;T|C;Family=12246	1.83006274864825	6.20740643515961e-12	1.90360464011561e-10	2.39854184654567e-08
chr15:60451608;A|G;Family=12802	-0.190111785812408	0.0436498025356327	0.137124257721695	1
chr15:62069453;C|T;Family=14228	-0.151108261001732	0.0593721520975962	0.172821649446358	1
chr15:63151001;A|G;Family=14043	1.86696796282507	3.288763546028e-05	0.000315329586646456	0.127077823418522
chr15:63322397;C|T;Family=11546	0.0411076577968479	0.768377332222535	0.874266787899846	1
chr15:63599874;T|G;Family=13258	-0.0309064904039432	0.762923490190224	0.872686905297521	1
chr15:63600869;A|G;Family=13082	-0.42190991995623	0.0300005770867828	0.10351073121988	1
chr15:63601973;A|C;Family=14038	-0.222413153300812	0.058539283641114	0.171101204227885	1
chr15:64168554;G|T;Family=14004	0.194863699443819	0.0519219404833464	0.156739357834102	1
chr15:64424311;G|C;Family=14304	-0.00237300657840534	0.992003424063718	0.995352176209349	1
chr15:64503001;T|C;Family=13026	0.0502995314153532	0.719370426351202	0.84797050867024	1
chr15:64866999;C|T;Family=11998	-0.121566430133186	0.390824549778967	0.598551748056254	1
chr15:65577405;C|CG;Family=14244	0.232339500962466	0.00788455723932118	0.0363555240724786	1
chr15:65577406;A|C;Family=14244	-0.627533943878831	2.6282617073063e-07	3.67956639022881e-06	0.00101556032370315
chr15:65896118;C|G;Family=12161	-0.165010597010837	0.250710296711143	0.461071139695139	1
chr15:65906121;G|A;Family=12056	0.0438899269405182	0.777276111402925	0.879409295644886	1
chr15:66337167;T|C;Family=12238	0.0432073716672681	0.642247031580937	0.802033337308619	1
chr15:66553131;C|T;Family=14675	-0.0592812962837243	0.682660800599195	0.829497274690343	1
chr15:66781212;G|A;Family=14671	0.0209001812133186	0.91569119129156	0.955761956550672	1
chr15:67373445;T|C;Family=14523	0.113292515653448	0.295957059622025	0.509843102264603	1
chr15:67373521;GT|G;Family=12548	-0.0032471066791266	0.977149689012604	0.989959726886393	1
chr15:67501603;C|A;Family=12532	0.140257838259072	0.374085965652159	0.584263610056566	1
chr15:67530050;T|C;Family=14596	-0.0815243062538446	0.322997495413008	0.535559369757682	1
chr15:68292697;TA|T;Family=11195	0.41988570434122	0.0410570434072436	0.13100282058265	1
chr15:68292743;G|T;Family=14006	0.491374271749894	0.0271270318852937	0.0963408558867416	1
chr15:68779354;T|TG;Family=14207	-0.131145045004593	0.4603285282926	0.661968527473988	1
chr15:69270974;G|A;Family=14464	-0.252513986235179	0.0560525492733212	0.166221834529634	1
chr15:70049346;C|T;Family=13977	-0.219916124962758	0.167633206723126	0.358260348881725	1
chr15:71959179;C|T;Family=11445	0.0873039803615766	0.568413094268239	0.751656272227828	1
chr15:72141795;AAGATT|A;Family=13776	0.860886824865114	1.64738380726249e-05	0.000168399233631277	0.0636549103126228
chr15:72208624;C|T;Family=12795	-0.138608427092107	0.368514478297874	0.579072771103288	1
chr15:72593154;T|A;Family=13763	-0.100304415885912	0.428011075633557	0.635601382109171	1
chr15:72756402;A|C;Family=14428	-0.155579452902355	0.0604812797497142	0.174480652288225	1
chr15:72774997;T|C;Family=12704	0.113001969128779	0.38328266168717	0.59318104077614	1
chr15:73739396;G|A;Family=13166	-0.138230924188598	0.172391878964961	0.36400121328995	1
chr15:73946452;T|A;Family=14240	-0.174343931557794	0.107889709953152	0.263518229620088	1
chr15:73981283;G|A;Family=14342	-0.0664632385809201	0.574794687998918	0.75441802799858	1
chr15:73981895;G|A;Family=14458	0.179500271414388	0.105343689445304	0.259101219615949	1
chr15:74630849;G|C;Family=11731	-0.093630938058518	0.55331575684448	0.742107630838969	1
chr15:74803022;T|C;Family=12492	0.296879970851583	6.93822904589816e-11	1.70759981104143e-09	2.68093170333505e-07
chr15:74845146;GA|G;Family=14257	-0.0715926717783362	0.558201177986294	0.746328495411433	1
chr15:74901292;G|A;Family=14290	0.0517450529651353	0.774800686318558	0.878213508927811	1
chr15:75355796;C|T;Family=13122	-0.0911495274505181	0.441874822703883	0.646009956461522	1
chr15:75370263;G|A;Family=11504	0.0489972469099048	0.767494032238763	0.87382484193223	1
chr15:75463370;A|G;Family=14482	0.0661646177105489	0.534957460458258	0.728099903913599	1
chr15:75661407;G|C;Family=14620	-0.42893929980093	0.0175705993475539	0.0685785816959075	1
chr15:76728599;C|T;Family=14558	-0.245426465964091	0.0182318492792762	0.0708018749900735	1
chr15:77007986;G|A;Family=12279	-0.00730502303284397	0.964136823464662	0.984053583083967	1
chr15:77107216;T|C;Family=12618	-0.0789054362199055	0.558738083512841	0.746529721539979	1
chr15:78163484;A|G;Family=14436	-0.164578902923756	0.133543416072	0.306238433057689	1
chr15:78478334;C|T;Family=13364	0.254622215262623	0.022348532320424	0.0825571021855815	1
chr15:78490631;A|G;Family=13557	-0.0755830562853226	0.592673453952723	0.765660389860689	1
chr15:78536282;C|G;Family=11303	0.0417813795986971	0.73203187614128	0.85481147458746	1
chr15:78594137;CTTACT|C;Family=22349	1.28097693887477	1.5607253587843e-16	9.42287935366021e-15	6.03064278634254e-13
chr15:78925354;A|G;Family=11963	-0.0640890028587334	0.478691859324576	0.67936857805024	1
chr15:79295340;G|A;Family=11989	-0.07274203744093	0.589239002062741	0.764033390594104	1
chr15:79845082;C|T;Family=22249	-0.252644849112762	0.100098682855203	0.250343890325247	1
chr15:81303649;C|T;Family=14369	0.117679006237987	0.0870769984620356	0.227495281986008	1
chr15:82043046;G|A;Family=14351	0.18033252889224	0.089033163570931	0.230424744834613	1
chr15:82687129;TGAA|T;Family=13394	0.110949619427261	0.307070197837673	0.520956308030278	1
chr15:82842933;T|C;Family=13673	0.0888804266606573	0.465372055159217	0.66649281732217	1
chr15:83017414;C|T;Family=12588	0.448685702711583	0.00712128623684241	0.0332326691052646	1
chr15:83138377;T|C;Family=13881	0.2863372084014	0.151245132819407	0.333758534102906	1
chr15:83138723;C|T;Family=13191	0.151413579537124	0.161644550323455	0.348716190086857	1
chr15:83139026;G|C;Family=11235	-0.0180888807090282	0.90872237775728	0.952867808284967	1
chr15:84802623;C|T;Family=11729	0.084582444394499	0.0582652818481549	0.170687679348954	1
chr15:84804014;A|G;Family=13466	0.178792382161501	0.322893913040235	0.535559369757682	1
chr15:84806138;A|G;Family=11203	0.246709659051644	0.0663933001822735	0.186713036320455	1
chr15:86909044;C|A;Family=13724	0.0928723076369721	0.493214310511253	0.693767781512734	1
chr15:86910332;A|T;Family=14254	0.210579891051661	0.229793010690085	0.437614683739028	1
chr15:87861035;T|G;Family=14410	0.017141620752584	0.857662514472226	0.927127093108433	1
chr15:87874420;G|A;Family=11458	-0.032613200547129	0.826118768353263	0.912377129536073	1
chr15:88480591;A|T;Family=14635	0.101681871067543	0.426533009417447	0.634137571523285	1
chr15:89195431;G|A;Family=14575	-0.019085535044834	0.763857364377687	0.872721719679297	1
chr15:89202100;G|A;Family=14536	0.182165655768205	0.18883202078535	0.386521312649788	1
chr15:89326709;ACTCCTC|A;Family=14565	2.00890199264681	7.64644814045476e-15	3.39607765686405e-13	2.95458756147172e-11
chr15:89681678;C|T;Family=13484	-0.357075348583598	0.00815578368022607	0.0372946131838977	1
chr15:89682026;G|C;Family=11411	0.547334334049593	0.00261018720136069	0.0146559629244945	1
chr15:89833427;A|T;Family=11456	-0.530911292070923	1.84057307310297e-08	3.26237355709628e-07	7.11197435446989e-05
chr15:89834264;A|T;Family=13666	-0.0787689677446118	0.563479709297522	0.748095204413415	1
chr15:89896555;C|A;Family=12029	-0.277940040325274	0.233986763012778	0.441036513307987	1
chr15:90273069;G|T;Family=14633	0.0403092869115822	0.653267264859905	0.807901719310829	1
chr15:90365138;GA|G;Family=13589	-0.173507452751169	0.092008992121067	0.236384804225933	1
chr15:90500172;T|G;Family=11047	0.0589352740258167	0.667814264576723	0.818406063534557	1
chr15:90883330;G|A;Family=Hou-etal:rs4702	-0.0556763846227442	0.532955375128111	0.725886348077202	1
chr15:91300272;G|A;Family=14344	-0.44071449368462	0.00528319754650873	0.0261052114062784	1
chr15:92618243;G|A;Family=11089	-0.0352360573853468	0.676430534695514	0.824779926179699	1
chr15:92901779;A|C;Family=12687	0.132298474220426	0.356167780376134	0.568926127893088	1
chr15:92901780;T|A;Family=12687	-0.260278166521404	0.0555210145691319	0.164772043237424	1
chr15:93045173;G|A;Family=11627	0.110039397685093	0.37282553135646	0.583237997231321	1
chr15:93045216;C|T;Family=13333	-0.0068069091220305	0.953683311979905	0.979280445785372	1
chr15:94481478;G|C;Family=13732	0.0922408156227705	0.463495761527877	0.665038107145829	1
chr15:94481988;A|G;Family=12483	0.526495553372882	0.0040916034298557	0.0209959570424468	1
chr15:96338680;G|GT;Family=12493	-0.254918703121523	0.0739519947025846	0.201144626723989	1
chr15:98961301;G|A;Family=13914	0.247601308452304	0.0377984498233788	0.123147731970941	1
chr15:98961330;T|C;Family=14452	0.458182328639255	0.000462615688903596	0.00329230454320593	1
chr15:99713046;T|C;Family=11045	-0.00233613441336562	0.985730001439389	0.994740330520188	1
chr15:99713601;C|T;Family=12372	-0.257424866443984	0.460260140722473	0.661968527473988	1
chr15:99713868;T|C;Family=13628	0.040220289125481	0.863344426090282	0.929860412815322	1
chr15:99715933;A|G;Family=13251	-0.0845459716051434	0.422184920349243	0.630585517846684	1
chr16:10528610;T|G;Family=12729	0.0289619756390919	0.913329267452586	0.954789674035304	1
chr16:10532068;C|T;Family=13234	0.0550431462609064	0.514629933547559	0.710443037952043	1
chr16:10940794;C|T;Family=13850	-0.143156569967269	0.199834514880019	0.399897703650339	1
chr16:11372558;G|C;Family=14393	0.299260097703257	0.00516923849369022	0.0256076122302808	1
chr16:11549237;CA|C;Family=11417	0.295857322577387	0.0220076078786797	0.0815315405975247	1
chr16:11871306;C|T;Family=13015	-0.20709834880733	0.0135946721214976	0.0561816182646702	1
chr16:1213915;A|G;Family=14061	0.0106167303463582	0.930740831359094	0.965252355698139	1
chr16:12569002;G|T;Family=14493	-0.307258226169149	0.000113759889245245	0.000955583069660061	0.439568212043628
chr16:12569318;T|TGC;Family=12285	0.191288148949851	0.00951759017124562	0.0422712280709116	1
chr16:12569804;A|G;Family=14265	0.0593660521300264	0.703564156904586	0.840277168839286	1
chr16:12573936;CTT|C;Family=11839	0.472200076602324	3.08003068100173e-09	6.10319925712343e-08	1.19012385513907e-05
chr16:1321063;C|T;Family=14016	-0.203324030133483	0.0509861805738802	0.154155400420558	1
chr16:1321177;C|T;Family=11685	0.0996687099424556	0.213267376234947	0.417882737699268	1
chr16:13237326;G|A;Family=14058	-0.627272988394336	1.49973020420268e-11	4.10989894258095e-10	5.79495750903914e-08
chr16:1324951;G|A;Family=14321	-0.70824602553029	4.62232695537479e-11	1.16622113548209e-09	1.78606713555682e-07
chr16:13948562;T|C;Family=12821	0.0252048649717962	0.753165233591483	0.866397875140664	1
chr16:13949970;A|AT;Family=11479	-0.305011326389215	0.00834837459768704	0.0380046707184932	1
chr16:189971;T|C;Family=14122	0.332195274899986	0.00341950041237848	0.0181746211739071	1
chr16:19267192;C|T;Family=14257	-0.200408800866714	0.250329212620924	0.460605751222501	1
chr16:1938368;C|T;Family=13263	0.0647917819170539	0.655988583694034	0.809821050285542	1
chr16:1984949;A|T;Family=12864	0.0310550606414253	0.760125567536392	0.87103356849366	1
chr16:19856813;C|A;Family=11298	1.0507644885531	4.64798278634166e-11	1.16622113548209e-09	1.79598054864242e-07
chr16:1993957;C|T;Family=12014	-0.0790459639387786	0.175094735067347	0.36789888868963	1
chr16:20032346;T|C;Family=12325	-0.797356740547525	2.77948768574441e-05	0.00027328092665945	0.107399404177164
chr16:2081694;C|T;Family=14601	-0.243223226724786	0.139509274252245	0.315981146372025	1
chr16:2086268;C|T;Family=12621	0.216017576129311	0.132448872616668	0.305338702812757	1
chr16:21179846;G|A;Family=14379	0.065280914448104	0.480852761016814	0.681340325841207	1
chr16:21251033;C|T;Family=12631	0.368789654631606	0.00336186364899945	0.0179175739858398	1
chr16:23063202;T|C;Family=13364	0.321053521438726	0.00757300472741495	0.0351100599600195	1
chr16:23464668;G|A;Family=14519	0.0222378518213094	0.80819163809388	0.89876407485617	1
chr16:23667172;T|C;Family=12647	-0.202474470457186	0.011238550795196	0.0483045164322994	1
chr16:24215158;A|G;Family=13136	-0.107926746376958	0.364687535817835	0.575992584306032	1
chr16:25239158;G|T;Family=11352	-0.201604078448403	0.135428625958094	0.309276720273093	1
chr16:2707660;C|A;Family=14036	0.0582522374889598	0.616833335909	0.78531927840276	1
chr16:2707663;G|A;Family=14036	0.224932324214141	0.0966251789454016	0.244025942120936	1
chr16:27449743;C|T;Family=14061	0.343180526899949	0.0010929868331731	0.00699222040294847	1
chr16:27788100;C|A;Family=11993	-0.113001609106107	0.0575463477502086	0.169481011971651	1
chr16:28484111;A|G;Family=13368	-0.132706092469447	0.278218834535099	0.494497505355851	1
chr16:28873529;G|A;Family=13076	0.128027345446355	0.589718144257563	0.76414182072811	1
chr16:29743897;C|T;Family=11301	-0.271055960483268	0.0598842641724645	0.173457868637483	1
chr16:29992683;G|C;Family=11003	-0.0741885063140886	0.470868288450417	0.672122300174515	1
chr16:30095091;C|T;Family=11055	-0.000947216617694198	0.988540314896102	0.99507196945285	1
chr16:30532838;G|A;Family=22030	0.188117988052339	0.0880954383446711	0.229071853138499	1
chr16:30780397;T|G;Family=12829	0.0134709425854106	0.851226452213397	0.925475242361442	1
chr16:30989356;G|C;Family=11345	-0.132329458657217	0.768325101699164	0.874266787899846	1
chr16:30990077;T|A;Family=11540	0.0829110315404759	0.373899899247761	0.584263610056566	1
chr16:31193345;A|G;Family=14416	0.126326758020192	0.260463521227577	0.472281110287826	1
chr16:31332096;C|T;Family=11484	0.111547076875789	0.38627247113919	0.595419980979393	1
chr16:3140739;C|G;Family=12536	0.0479470519386262	0.696055803367444	0.836092730594712	1
chr16:3535329;G|T;Family=14149	0.0562313889218405	0.504248479079005	0.702385048003344	1
chr16:3656675;G|A;Family=13424	0.0931401464008093	0.484460879209023	0.685447395556083	1
chr16:3704332;A|T;Family=12073	-0.246942143250621	0.00346129316032507	0.0183211462623234	1
chr16:4190888;C|T;Family=11235	0.130070296278432	0.230622370341395	0.438329974913503	1
chr16:46657240;T|A;Family=12719	-0.284107054957384	0.0103214000697727	0.0450934018441974	1
chr16:4690849;G|A;Family=14653	0.0297958786265449	0.87481333319944	0.93356132447862	1
chr16:46929467;AG|A;Family=12779	0.272241583438532	0.0129950785233058	0.0542843063935713	1
chr16:4752418;C|T;Family=14070	-0.219162197972239	0.74229888754997	0.860300810285868	1
chr16:48352917;C|G;Family=12788	0.366296449548352	9.05023286846206e-06	9.87855926659249e-05	0.0349700998037374
chr16:48538924;C|T;Family=14617	-0.231542691887589	0.0298543550395065	0.103366691642162	1
chr16:49279058;G|T;Family=13283	-0.222021398155701	0.0321524595471976	0.108789057522217	1
chr16:49490000;C|T;Family=14598	0.11802680718115	0.20176495916135	0.402488281982166	1
chr16:50707935;A|G;Family=13504	-0.203377606128985	0.0054716867995226	0.026830707859588	1
chr16:53491584;A|AAGAT;Family=14637	0.276620849305515	0.170936446431066	0.361718745350295	1
chr16:53934071;C|T;Family=13882	0.0308418567285819	0.769322070405881	0.874311905896566	1
chr16:54115899;A|G;Family=14641	-0.172342189231184	0.0473321841321394	0.145312480011547	1
chr16:54118659;A|G;Family=11587	-0.116550958223341	0.314835530069078	0.528221287735392	1
chr16:56847265;ATC|A;Family=13856	0.0153679382634659	0.909605019919211	0.953013502431625	1
chr16:56944000;G|A;Family=12020	-0.195170412765395	0.0106938157510551	0.0464279820922211	1
chr16:57082663;G|A;Family=14247	-0.130553319690858	0.398978000825247	0.605994888045894	1
chr16:57148331;G|GTACA;Family=11056	-0.85671011299285	5.27181600953026e-05	0.000485007072876784	0.203702970608249
chr16:57167173;C|A;Family=14042	-0.0919334857714217	0.651138107075213	0.806926762584548	1
chr16:57252813;A|G;Family=12975	0.280236152060822	0.133771009444072	0.306505453952144	1
chr16:57252942;G|GA;Family=14423	0.132653269389036	0.337048887956151	0.549749642491587	1
chr16:57883767;A|G;Family=13129	-0.346567830677759	0.000162047886222464	0.00129370461232149	0.6261530323636
chr16:583935;G|A;Family=14161	-0.0472824453064023	0.705219391429619	0.84103942237162	1
chr16:58512675;T|C;Family=12318	0.119896470414071	0.239111620630412	0.44655742006569	1
chr16:58520791;C|T;Family=13143	-0.244789613878564	0.00890822791404017	0.0400305229664354	1
chr16:59123;A|G;Family=13681	0.0659509548700635	0.420111851476193	0.62967889608379	1
chr16:61653156;G|T;Family=12469	0.100179931825334	0.393941436349426	0.602370284944274	1
chr16:62660;C|T;Family=14680	0.0780134123471065	0.607250424791247	0.776701635681357	1
chr16:66400812;C|T;Family=12086	0.439454603921745	0.0017784514019172	0.0105075477324282	1
chr16:66404214;G|A;Family=14152	0.349709487882249	7.85891131949641e-05	0.000693306697226807	0.303668333385341
chr16:66612716;C|T;Family=12662	-0.209074499186922	0.183821012807448	0.37983122646416	1
chr16:66616749;C|T;Family=11775	0.217491224811448	0.0267295571513641	0.09533612818947	1
chr16:66854047;G|C;Family=13259	-0.051383018743931	0.65217539068858	0.80734423780469	1
chr16:66911921;C|T;Family=13351	0.22176256526878	0.0137861895257809	0.0567908702853065	1
chr16:66942147;A|G;Family=13938	0.0627645307059296	0.516261985430352	0.711425218153666	1
chr16:67198680;C|G;Family=11276	-0.294185305936505	0.00221198133146975	0.0126249569642528	1
chr16:67270740;A|G;Family=14244	-0.159403675947663	0.369169330381494	0.579523679042685	1
chr16:67647175;G|A;Family=11150	-0.0111298288770974	0.921699729961575	0.960217782844844	1
chr16:67683136;C|G;Family=14645	0.04423101015014	0.730242332946088	0.854152511934572	1
chr16:67724986;C|G;Family=14645	-0.157822450566633	0.137706493725771	0.312998759856694	1
chr16:67725007;C|G;Family=14645	-0.0888687561934237	0.437532831943564	0.64387218712698	1
chr16:67843938;T|C;Family=13808	-0.240741448300948	0.432940497643725	0.640250230985135	1
chr16:67951940;A|G;Family=14151	-0.0398415530323912	0.791512744062874	0.889329817696699	1
chr16:68300417;G|GTTGA;Family=13929	-0.257775381331104	0.119342662336442	0.283697059780364	1
chr16:68687595;C|G;Family=14402	-0.0667418522301469	0.714382528215967	0.846270299333014	1
chr16:69340788;T|C;Family=13143	0.131520287175939	0.121117951197268	0.286238387416662	1
chr16:69356055;A|C;Family=14454	-0.223049054319094	0.0334070185096194	0.111985828998135	1
chr16:70247662;G|T;Family=11509	-0.962309437455625	0.055087980391115	0.163864477468259	1
chr16:70483943;C|T;Family=14265	0.207465551645676	0.0885996127513848	0.229610264031758	1
chr16:70572436;C|T;Family=11753	0.452054818101936	4.24516641619443e-15	2.02510160891053e-13	1.64033230321753e-11
chr16:70573035;A|T;Family=14597	0.151175970028514	0.169712023693479	0.360113816338057	1
chr16:70662896;C|T;Family=14417	0.263772986332152	0.0257650181351493	0.0930430187609504	1
chr16:70687915;C|T;Family=11168	0.136382582742663	0.453727014301586	0.656138167388221	1
chr16:70785746;C|A;Family=11003	0.216269602137219	0.0170731966612395	0.0670435283526722	1
chr16:71282674;A|T;Family=11256	-0.121179609702963	0.369470624778487	0.579542751757653	1
chr16:71456106;G|A;Family=12518	0.0196437266786929	0.874851334352247	0.93356132447862	1
chr16:71641521;GA|G;Family=14192	-0.00421565722745928	0.977822472775319	0.990013577706914	1
chr16:71645018;G|A;Family=11178	-0.106225209502508	0.662894790726624	0.816000468737711	1
chr16:71765565;C|T;Family=11207	-0.113816858072639	0.228428648041275	0.436522401598164	1
chr16:718549;C|T;Family=11397	0.200683747390279	0.0925240359264742	0.236920394181509	1
chr16:71855434;G|A;Family=11307	0.197415861154561	0.177105607105194	0.369779959483126	1
chr16:72027420;C|T;Family=11368	-0.00577073456749597	0.963526727221207	0.984053583083967	1
chr16:72086073;A|C;Family=13391	0.207162825596789	0.067869082594849	0.18934738999747	1
chr16:729185;T|G;Family=14467	-0.0373981339394831	0.690435505357574	0.835528591513206	1
chr16:74448548;G|A;Family=14679	-0.123264688040395	0.270646519236913	0.48514067727958	1
chr16:74622513;T|C;Family=11707	0.203034072665702	0.183329402542561	0.379627444493277	1
chr16:74672149;T|G;Family=11883	0.0859159871052282	0.586306292718426	0.762020691242515	1
chr16:75108224;G|GT;Family=14633	0.0505695903936683	0.488531221008622	0.689691135541584	1
chr16:75114636;C|T;Family=12664	-0.167239551311206	0.338787845239331	0.550958010944771	1
chr16:75234913;C|T;Family=12154	0.0530088260317392	0.59046796761251	0.764856931563774	1
chr16:75235814;T|G;Family=14219	-0.0120694333992365	0.922321282033255	0.960347462618296	1
chr16:75538088;C|A;Family=14480	0.567500781470865	0.0217070869460229	0.0807277997684626	1
chr16:75568310;G|C;Family=13773	0.0817220288242493	0.569360918118555	0.751728729633999	1
chr16:77741983;G|C;Family=12739	-0.186155402067757	0.133215031615212	0.30605052991463	1
chr16:785736;G|C;Family=14131	-0.141278915663051	0.282623721918027	0.498201670388346	1
chr16:80599464;G|A;Family=12738	0.308537800947242	0.000955697788870668	0.00628029975543582	1
chr16:80604158;G|A;Family=14321	0.297936034151199	5.9264026127128e-05	0.000540085370177411	0.228996196955222
chr16:80604272;C|T;Family=12154	0.192971443665987	0.071007606967137	0.196542545358895	1
chr16:80968023;GAA|G;Family=14363	0.260390591093291	0.00189689170975158	0.0110718875626588	1
chr16:81022785;C|T;Family=12180	0.120670799937139	0.280875304941205	0.497160869579851	1
chr16:81171803;A|G;Family=12937	-0.203115515145345	0.0386931555807319	0.125113266245982	1
chr16:81173810;G|A;Family=14666	-0.374262481967125	3.23275271628035e-06	3.86729303272671e-05	0.0124913564957073
chr16:81174389;G|A;Family=12180	0.29593471926388	0.00326098208726725	0.0174968762780765	1
chr16:81267919;C|A;Family=12083	0.0614304829634057	0.510297408160705	0.707241458082125	1
chr16:81388913;C|G;Family=11417	0.0706058082614597	0.769071704514088	0.874311905896566	1
chr16:81959671;G|A;Family=22280	-0.158665675870625	0.223822911398218	0.430488665825144	1
chr16:81991522;G|A;Family=14521	0.114657522521923	0.255676896804324	0.467108997282226	1
chr16:83344870;G|A;Family=11492	0.0223414436280752	0.836218604396479	0.916624670909501	1
chr16:83670854;A|G;Family=11642	-0.164073727599901	0.217303144511007	0.422151508491971	1
chr16:84054426;C|G;Family=11121	0.0614380895339523	0.758984159616079	0.870212235585001	1
chr16:84122855;T|C;Family=14363	-0.2060444536134	0.109845627115857	0.266610240688236	1
chr16:84159689;G|C;Family=12057	-0.242913038585609	0.075070349865689	0.203559180267384	1
chr16:84329819;A|C;Family=13874	-0.626830230434726	0.00429966165652884	0.0217459327759522	1
chr16:84779105;G|A;Family=14402	0.00801635307664593	0.941174801502127	0.972379527541236	1
chr16:84907429;G|A;Family=13631	0.237097359851712	0.0133756931662681	0.0553358441054177	1
chr16:8648242;C|T;Family=13947	-0.341912721375468	0.0469619045390269	0.144705581450399	1
chr16:87330135;C|G;Family=11561	0.311012853313976	0.00433062380228455	0.021845339911263	1
chr16:87409016;G|A;Family=11417	0.18640303949127	0.204700315063533	0.40614738708958	1
chr16:87831950;G|A;Family=11078	-0.193917853055841	0.177174384031565	0.369779959483126	1
chr16:88863449;C|T;Family=13714	-0.21938530813989	0.0806484128298484	0.215359687059111	1
chr16:8898628;C|A;Family=14675	-0.304282710086514	0.00142216524929699	0.00873648095911539	1
chr16:8902160;G|C;Family=13855	0.237896541333875	0.0693987439410742	0.192779832198642	1
chr16:89145960;G|A;Family=11404	0.295248299285445	0.0437610309719921	0.137362001361314	1
chr16:8915256;T|C;Family=12211	-0.0509824711774284	0.493582408827162	0.694032906735137	1
chr16:89280322;C|A;Family=13875	-0.173298658131966	0.323850510427209	0.536143261478465	1
chr16:89284363;CTTTG|C;Family=12507	0.297566760618897	0.184652330218591	0.381345058238716	1
chr16:89285006;G|A;Family=13038	0.164219870737776	0.262400370995406	0.47445719865524	1
chr16:89529318;A|T;Family=11809	0.0677981466995182	0.608928080026749	0.778214452753368	1
chr16:89537204;G|A;Family=13882	-0.0946374420047412	0.374346015031376	0.584433536194439	1
chr16:89935278;G|A;Family=13371	0.130841552838547	0.485530689400321	0.686709584129882	1
chr16:90062141;G|A;Family=11726	-0.00744760502319659	0.954407521910439	0.979503496590156	1
chr16:9753839;G|T;Family=14468	0.0724908232459193	0.565021355892349	0.749225298273177	1
chr17:1002576;A|C;Family=11172	0.0758201157792138	0.490607107563663	0.691611041089382	1
chr17:10711013;A|G;Family=11027	-0.00456136728142171	0.975766131796462	0.989855692638889	1
chr17:10824130;G|C;Family=13539	0.0501856245704388	0.477332561199541	0.678119732398029	1
chr17:11561421;T|A;Family=11305	-0.40452614309967	1.91718241729973e-06	2.34430153811587e-05	0.00740799286044615
chr17:12766872;A|G;Family=13456	0.14243781747894	0.23823418767948	0.445569123472146	1
chr17:12984718;A|G;Family=11216	-0.0778328846960476	0.543198092306916	0.734913034343289	1
chr17:1495860;C|T;Family=13565	-0.160287552844885	0.220141572651774	0.426097026744205	1
chr17:15976942;GCT|G;Family=13006	0.205196307348728	0.392951906163926	0.601095077362396	1
chr17:16443567;G|T;Family=13998	0.000390863504546906	0.997032642271647	0.998108377510375	1
chr17:1705283;C|T;Family=14119	-0.353915726423798	0.122276645402791	0.288271481291266	1
chr17:17186364;G|A;Family=11345	-0.306660254801314	0.0528930099519668	0.1586790298559	1
chr17:17202707;G|A;Family=11013	0.321569834545802	0.00690983339678167	0.0323239663985041	1
chr17:17213402;T|C;Family=12923	0.176372399881279	0.177525337318127	0.370187751428625	1
chr17:17246958;A|G;Family=13578	0.039340963620218	0.743847076428934	0.861836612690076	1
chr17:17347119;G|C;Family=13991	0.119411448525147	0.234669411629433	0.441461833756635	1
chr17:17347268;C|T;Family=13147	-0.308677126801076	0.0109391797183686	0.0472807499236869	1
chr17:17810691;C|T;Family=14023	0.0472377247036958	0.634804627252469	0.799227391378802	1
chr17:17844299;C|T;Family=12787	0.286928985423711	0.0712906003638446	0.196929624738835	1
chr17:18209382;C|T;Family=11277	4.20735197264163e-05	0.999707370874688	0.999707370874688	1
chr17:19336672;A|T;Family=14566	0.914316263339025	0.01893393934618	0.0727243952620669	1
chr17:19675582;C|G;Family=12796	-0.351258407525077	0.00688377349630829	0.0322410918663457	1
chr17:19675745;C|T;Family=11167	0.155108188462107	0.204077406054527	0.405634284181664	1
chr17:19774141;T|C;Family=11412	0.0381730346178504	0.786663451519958	0.885560867924563	1
chr17:19904509;T|C;Family=13239	0.0223920019168225	0.873682484867186	0.933504716919469	1
chr17:2060730;G|A;Family=14418	0.0760631818346732	0.327395877010823	0.538400158234394	1
chr17:21314581;G|A;Family=14524	0.337821973672021	0.000294051650114907	0.00220196817062791	1
chr17:21418873;T|G;Family=14414	-0.267762645688211	0.000131027633591508	0.00107951124988824	0.506290776197585
chr17:21528779;A|G;Family=11963	0.121607959808804	0.192230362341653	0.39073020520155	1
chr17:2384552;A|T;Family=11266	-0.0159806679380416	0.863992089304712	0.930193767922376	1
chr17:2385999;G|A;Family=12647	0.338903007104122	0.0038010223504166	0.0197142957879326	1
chr17:2685270;C|T;Family=11872	-0.325280192690618	0.00563116122426366	0.0274385964319732	1
chr17:2689537;C|A;Family=11396	0.0118148562584793	0.93038794529003	0.965252355698139	1
chr17:27307982;C|T;Family=14662	-0.0313853024872211	0.774649182449646	0.878213508927811	1
chr17:28328570;G|A;Family=11203	-0.316936827346488	0.000176516361199494	0.00138912264699561	0.682059219674844
chr17:28396592;G|T;Family=22196	-0.248802381700671	0.0131578991541272	0.0549050997100947	1
chr17:28493652;G|T;Family=14242	-0.181767469884364	0.174382234171516	0.367000518975348	1
chr17:28592000;G|T;Family=12662	-0.139822524920794	0.098796974455297	0.248374436756843	1
chr17:28907331;C|T;Family=13289	-0.468608856789008	0.000109149646611547	0.000924899637076789	0.421754234507016
chr17:28912324;T|A;Family=14692	-0.010313459044908	0.918942518162054	0.958378917726903	1
chr17:29561734;C|G;Family=14668	0.00404681342595265	0.981151528256641	0.991673948517829	1
chr17:29613847;T|TC;Family=11458	0.0665764804969296	0.460235129182554	0.661968527473988	1
chr17:30316398;C|A;Family=11568	-0.506556431072878	0.00915820088282759	0.0409575095037567	1
chr17:30469229;G|A;Family=13875	0.00809577468375576	0.975479772614884	0.989855692638889	1
chr17:30469801;G|C;Family=13211	0.32354242857927	0.00126132460611703	0.00784824199361706	1
chr17:30522508;T|G;Family=12784	-0.111141140386788	0.510144342692565	0.707241458082125	1
chr17:30522509;G|A;Family=12784	-0.336600659056964	0.0285209363433607	0.100095275232285	1
chr17:30784103;C|CT;Family=14319	-0.0755539625699351	0.434249944031464	0.640925051083872	1
chr17:31357330;C|T;Family=12061	-0.24171415895459	0.0131864015030528	0.054905447637711	1
chr17:31861451;C|CA;Family=13507	0.169148777043219	0.13050302142924	0.302135215579739	1
chr17:31862034;G|A;Family=13001	0.220995486067081	0.0869574098936214	0.22733655739442	1
chr17:32324631;T|C;Family=12331	-0.152337452787362	0.350742355843626	0.564225005403735	1
chr17:32942652;G|C;Family=13706	-0.17102521432867	0.168090084566598	0.358722776518829	1
chr17:32944107;A|G;Family=11678	-0.12389818154135	0.440613573796202	0.645674055167911	1
chr17:33013379;T|TG;Family=11156	-2.08994252298193	3.15757736677942e-19	3.69723604401081e-17	1.22008789452357e-15
chr17:34272198;T|A;Family=13981	0.438406272320946	0.0213640857873533	0.0798363902150222	1
chr17:35188649;T|A;Family=22004	-0.0499181910922214	0.549413453410023	0.739955937252119	1
chr17:3610294;C|T;Family=11346	-0.215716873637428	0.100197065380763	0.250364216427273	1
chr17:36504501;C|G;Family=12368	0.246190758521064	0.00835040513457575	0.0380046707184932	1
chr17:36510788;C|T;Family=11714	-0.07504777965659	0.489892379572929	0.691123670536437	1
chr17:36547463;C|T;Family=13302	-0.224913727783125	0.315237652566722	0.528221287735392	1
chr17:36608546;G|C;Family=14359	-9.6058000387735	6.04308564949811e-45	2.33504829496607e-41	2.33504829496607e-41
chr17:36943831;A|T;Family=13894	0.347963213563496	0.0533423640651392	0.159655224436637	1
chr17:37087183;C|T;Family=12512	0.628571002920788	0.00100253461864965	0.00651266724130765	1
chr17:37516990;C|T;Family=13881	0.052905857906654	0.622120972809292	0.788931880188744	1
chr17:37610970;G|A;Family=14691	0.377043259300561	0.00218285725390879	0.0124956450801534	1
chr17:37687135;C|G;Family=12189	0.0583839654255285	0.770519739625738	0.875158222784789	1
chr17:3812829;G|A;Family=13593	-0.0364318207152492	0.702824557486916	0.840258072441041	1
chr17:38403853;C|T;Family=14017	-0.112690858930206	0.224178918613551	0.430530487834374	1
chr17:38920410;G|C;Family=11115	-0.108093279379855	0.140073261006513	0.316887049490145	1
chr17:3897556;C|T;Family=12029	-0.0411235194522309	0.606860776523377	0.776460278306731	1
chr17:39065232;G|A;Family=13802	-0.440286344590708	0.000976103361647035	0.00638851298774868	1
chr17:39532426;C|CA;Family=14127	0.00185749895558562	0.990951588626958	0.99507196945285	1
chr17:39533534;C|A;Family=13296	-1.87072084308389	2.01708298579845e-07	2.95227600648682e-06	0.00077940086571252
chr17:40457313;C|T;Family=11456	0.0400552515322954	0.695532109487155	0.836092730594712	1
chr17:40629233;C|T;Family=12378	-0.0203432847950618	0.878280241977381	0.936388547981557	1
chr17:40641579;T|TTG;Family=14632	-0.226027910132541	0.102264800255076	0.253627206794362	1
chr17:40643454;T|C;Family=11714	0.328731747168503	0.00622716650888634	0.0299275763561403	1
chr17:40644141;CA|C;Family=11037	0.0134732669504753	0.968664400949268	0.985497431613473	1
chr17:41117259;GC|G;Family=13893	-0.13304616485303	0.161884027131076	0.348867752835739	1
chr17:41723692;T|C;Family=14360	-0.0618008058304665	0.559727817204733	0.747399571393191	1
chr17:4174000;A|G;Family=14350	0.103180492067935	0.478937557664141	0.679373980475124	1
chr17:42125692;G|A;Family=13681	0.672669963351918	5.45477781964636e-08	9.00737670731348e-07	0.000210772614951135
chr17:42544022;C|T;Family=12070	0.105848425888925	0.442322045875296	0.646326254890505	1
chr17:42582715;T|C;Family=11118	0.0556881297752247	0.688154147296341	0.834073910022917	1
chr17:42613932;G|A;Family=13992	0.0153296581622555	0.905711407526599	0.952290851342253	1
chr17:43049164;C|G;Family=22105	0.0671634304138318	0.508316196285086	0.705761330379293	1
chr17:43049165;C|A;Family=22105	-0.00151828545642062	0.989006207758463	0.99507196945285	1
chr17:43076586;T|C;Family=13973	-0.199780457993109	0.0262534727953275	0.0941035833334892	1
chr17:44192213;ACT|A;Family=12796	0.151953490528386	0.0334160612926629	0.111985828998135	1
chr17:442839;C|A;Family=13251	-0.0302891290742257	0.804690167670423	0.897130613580837	1
chr17:44399519;C|T;Family=12250	0.0677760233156328	0.610046547111746	0.778731370346808	1
chr17:44775654;G|A;Family=13956	-0.405613526575576	0.00192661252128867	0.0111778239973865	1
chr17:44781583;G|A;Family=14185	-0.335341359504434	0.0689383546613713	0.191638706770891	1
chr17:44903598;T|C;Family=12223	1.05147415837665	7.28562179808847e-12	2.19934708029796e-10	2.81516426278138e-08
chr17:45024340;G|T;Family=13631	-0.0474247829025435	0.71860555127318	0.847844839731166	1
chr17:45098660;C|T;Family=11349	0.193955126278251	0.025270560997711	0.0915998571249113	1
chr17:45150929;TAAAC|T;Family=14028	0.152626872395228	0.415129859537448	0.62463464846289	1
chr17:46764427;G|C;Family=14351	-0.253252500381143	0.0234470035577648	0.0857947175636394	1
chr17:47120685;AG|A;Family=12786	-0.0034388518214541	0.978693366786295	0.990225496010014	1
chr17:47311174;C|T;Family=11106	0.0683509499413794	0.455348916905653	0.657991105057383	1
chr17:47441140;T|C;Family=13287	-0.282129061754394	0.115164267464696	0.276989670083309	1
chr17:47828659;T|C;Family=14065	-0.0348518749523942	0.746589797323625	0.863202566384945	1
chr17:47948532;C|A;Family=13872	0.0484499621241367	0.651116859502546	0.806926762584548	1
chr17:48726725;G|A;Family=12184	-0.032769104474278	0.667659771397363	0.818406063534557	1
chr17:4886482;T|C;Family=14522	0.247444564665351	0.0721666507693824	0.198048251827339	1
chr17:48933294;C|T;Family=13852	0.137003821860755	0.126519520559373	0.295569182249951	1
chr17:49173339;A|G;Family=11843	0.165010621220315	0.367158569504719	0.577411767426224	1
chr17:49711223;C|T;Family=11654	-0.0265805766968432	0.801382128406866	0.894953914498303	1
chr17:49718010;C|G;Family=11359	0.194857086392784	0.00846946805804972	0.0383657966896883	1
chr17:49830597;C|G;Family=14058	0.0330714443922788	0.812762487585071	0.901866052460762	1
chr17:50184292;C|T;Family=13195	0.112664535980476	0.247333542983809	0.456834039239693	1
chr17:50550045;G|A;Family=13842	0.102835637935219	0.388742515289692	0.59744107224724	1
chr17:5444498;C|A;Family=11414	-0.0669520629642767	0.524264949698316	0.718864359699891	1
chr17:55162413;G|A;Family=14405	0.0308226772665141	0.800858723547669	0.894750150174454	1
chr17:55163759;C|T;Family=13111	0.309361728957158	0.0191646239840198	0.0733189178952994	1
chr17:55323951;CATT|C;Family=12605	0.643717750051767	5.82080998302505e-06	6.67406818231715e-05	0.0224916097744088
chr17:56595478;T|C;Family=11924	0.0506476538396297	0.704936102044599	0.840961129453637	1
chr17:57862980;G|T;Family=13748	0.324046470195804	0.0445159490408038	0.139053861838048	1
chr17:58599593;T|C;Family=11107	0.10745783408632	0.195369619552685	0.39462007838556	1
chr17:59015731;C|T;Family=13784	0.116562717687681	0.584484623214328	0.761366234199576	1
chr17:59119468;AT|A;Family=14247	0.0316797405602709	0.754744499089729	0.867697930521486	1
chr17:59399446;A|G;Family=13398	-0.0357161767442096	0.782185935768209	0.882442760819959	1
chr17:59400046;T|C;Family=11986	-0.0494081433516589	0.695616347601557	0.836092730594712	1
chr17:6121900;C|T;Family=14502	-0.439783762317287	1.00612512128476e-05	0.000108291572942738	0.038876674686443
chr17:61484112;C|T;Family=14216	0.062005162908023	0.476194881923663	0.677473130984181	1
chr17:61944501;A|T;Family=11414	-0.305555917512346	0.0190237398023122	0.0729967533228742	1
chr17:61945064;A|T;Family=13010	0.159158644655079	0.287809896222774	0.501745799355232	1
chr17:61945223;G|A;Family=14229	-0.320948553215492	0.0203907402737697	0.0771692658353048	1
chr17:62692794;G|A;Family=13985	0.236627444765668	0.187926681713905	0.385633934223329	1
chr17:63697720;G|A;Family=12794	0.0480725501665982	0.637322033060353	0.799227391378802	1
chr17:63831128;C|T;Family=11768	0.0590336514801257	0.651096995230662	0.806926762584548	1
chr17:63833991;G|A;Family=11678	0.0967582695027777	0.649405320738285	0.806331028063217	1
chr17:63928961;C|T;Family=12902	0.0131152672773668	0.897179541256245	0.947704140900528	1
chr17:6454236;C|T;Family=13154	-0.0387508683186006	0.713273345532383	0.845685243061407	1
chr17:64594082;T|C;Family=13139	-0.0186282059693404	0.908108310265837	0.952867808284967	1
chr17:6685348;G|A;Family=12891	0.111542605795725	0.230849059793592	0.438369636453542	1
chr17:6685661;C|T;Family=14472	-0.105267604774562	0.314031133581293	0.527410627493283	1
chr17:67032752;G|A;Family=12430	0.079799070416866	0.570368652651499	0.75225357843504	1
chr17:67338372;T|A;Family=12766	0.0619161494464658	0.51803430603472	0.712529807724808	1
chr17:67347395;G|A;Family=11365	0.308845728917564	0.0698707909657279	0.193951678370383	1
chr17:6773804;G|T;Family=13951	0.125482752221207	0.546958304080464	0.738451043664191	1
chr17:6774202;G|T;Family=11359	-0.0727814727571983	0.692069484447492	0.836092730594712	1
chr17:6787629;C|T;Family=11216	0.0151893206650074	0.884911261467495	0.939883758743925	1
chr17:6798690;A|C;Family=12623	0.11729707751847	0.102723780462828	0.254348649935405	1
chr17:6812943;G|T;Family=12588	-0.315296960922809	0.0418675828508708	0.133368788240531	1
chr17:68267884;T|C;Family=13628	-0.326184110427779	0.0570746634043896	0.168482134117431	1
chr17:68531332;ATGTCC|A;Family=12798	1.34390775250132	2.67107647714774e-19	3.2253248461559e-17	1.03210395076989e-15
chr17:68531339;T|A;Family=12798	-0.156625905176446	0.108520737062133	0.26439100126613	1
chr17:68906046;G|A;Family=13882	-0.266386062321827	0.0841778667621726	0.221720025336766	1
chr17:70178963;C|T;Family=13584	-0.594549388405772	1.60488567370075e-07	2.42107569260063e-06	0.00062012782431797
chr17:72124442;G|A;Family=11954	-0.368711539264684	0.0121107110150129	0.0513492548763411	1
chr17:7221992;C|T;Family=14452	-0.0272375498967304	0.807132760303022	0.898696816674892	1
chr17:73283762;C|A;Family=13383	-0.481038740086871	1.60164648908655e-10	3.72816989989785e-09	6.18876203383043e-07
chr17:73334918;GC|G;Family=13531	-0.172020674260776	0.130085288564878	0.301348654085544	1
chr17:73337763;C|T;Family=14609	1.26156983299856	4.58150066065172e-16	2.60337037540562e-14	1.77029185527582e-12
chr17:7357133;C|A;Family=14236	0.494905538081822	9.49785596657835e-08	1.51651716755615e-06	0.000366997154548588
chr17:742897;C|CT;Family=11258	-0.16416544093538	0.052527701657952	0.157951003273406	1
chr17:7444181;A|T;Family=14658	-0.192710211021487	0.0861364142123023	0.225954585550805	1
chr17:75165697;C|T;Family=11474	0.0598440377105037	0.477351364420973	0.678119732398029	1
chr17:7577693;C|T;Family=12655	-0.07510188420457	0.549044936297176	0.739717445555191	1
chr17:7577700;C|T;Family=12655	-0.0400428817348509	0.750285556068883	0.865145744151049	1
chr17:75777838;A|ATAAAT;Family=12932	-1.35187342451783	8.22719659309751e-14	3.11665565056165e-12	3.17898876357288e-10
chr17:7586403;C|T;Family=13784	0.297646119645647	0.32159350093532	0.534237870857299	1
chr17:76543242;C|T;Family=14432	-0.0660277521811046	0.648496424308241	0.805862424432084	1
chr17:76714842;T|G;Family=11350	-0.00686221932956467	0.959850558469468	0.981959904137152	1
chr17:76947974;C|T;Family=14048	0.0723784712816626	0.624060405118961	0.789728941267614	1
chr17:77483029;G|A;Family=14215	-0.198558167807256	0.0315139197817955	0.107191713060614	1
chr17:78111987;G|A;Family=11918	0.141406905312815	0.503207853710673	0.701802268834527	1
chr17:78424093;G|A;Family=11587	0.121269293248089	0.338190300301332	0.550913710103013	1
chr17:7908710;C|T;Family=12630	-0.0881774898274252	0.351310942159253	0.564669501041328	1
chr17:79835251;G|A;Family=13234	-0.103059395868173	0.530560038457722	0.724036303263121	1
chr17:79933683;G|A;Family=11220	0.182785065776608	0.0350983187324982	0.116585759372773	1
chr17:800033;T|C;Family=11348	0.79118354962508	4.29774420595418e-11	1.09253181656625e-09	1.6606483611807e-07
chr17:80210139;T|C;Family=14224	-0.168256470313994	0.12288238776695	0.289346463334243	1
chr17:80212028;T|C;Family=14157	0.0617333084432876	0.432175797676821	0.640250230985135	1
chr17:80394450;G|A;Family=14658	-0.259738178692507	0.0420153450752513	0.133509287311489	1
chr17:80398303;G|T;Family=11045	-0.200597160029348	0.0255970604018507	0.0925229573365305	1
chr17:80730645;A|G;Family=14484	0.0441833621796662	0.725259124646812	0.851226984181946	1
chr17:81106117;C|T;Family=11599	-0.338679954201785	7.16417106741505e-05	0.000637842327292437	0.276823570044918
chr17:81312831;C|T;Family=13709	0.0728309036393389	0.595519549320207	0.768309695683899	1
chr17:81511373;C|T;Family=11510	-0.32420783149294	0.0373781749208148	0.122190581974643	1
chr17:81540218;G|A;Family=12997	0.122760471160473	0.329108344820962	0.540677995063009	1
chr17:81558391;C|T;Family=22196	-0.0147591084528407	0.901746103615112	0.951227667040348	1
chr17:81562756;T|C;Family=11382	-0.384564561100554	6.33953427542076e-05	0.000575022545545207	0.244959604402258
chr17:81843605;C|T;Family=14687	-0.293799972456306	0.0600295480947164	0.173618393591305	1
chr17:81843632;G|A;Family=14569	0.0875349641162785	0.295707939537994	0.509641158953974	1
chr17:8204924;G|A;Family=11499	0.035742293358137	0.809705026558035	0.899827501472605	1
chr17:82058007;G|T;Family=11345	0.365758760002934	0.00216588017750382	0.012453811020647	1
chr17:82314871;A|G;Family=14364	0.388720418241374	0.0672764558311656	0.188374076327264	1
chr17:82324717;C|T;Family=12675	-0.140942109129158	0.258125160173142	0.47018457659937	1
chr17:82945181;C|G;Family=11258	0.0983470101547364	0.59627763958433	0.768749925300443	1
chr17:8369111;C|T;Family=11201	-0.252633359491735	0.0521055985003454	0.157048387367656	1
chr17:8468015;T|C;Family=11572	-0.110378730045416	0.244150282441677	0.453120408911931	1
chr17:9240239;C|T;Family=14544	0.00721445926072319	0.968041618233083	0.985123205913256	1
chr17:9241327;C|T;Family=13034	-0.195671496515763	0.0121509945254664	0.0514254576630909	1
chr17:9241513;C|T;Family=12053	0.238573028038042	0.0185339621434286	0.0714722851519042	1
chr17:9612389;C|T;Family=14160	-0.0328643958302288	0.812157281019243	0.901515579965055	1
chr18:10485563;C|T;Family=13748	-0.0145952343779589	0.940856761572071	0.972379527541236	1
chr18:10714782;G|T;Family=13373	0.0703321197084095	0.268859213202455	0.482298978558164	1
chr18:21529536;G|A;Family=11225	-0.0137322737096911	0.914951628653323	0.955741481541935	1
chr18:24020189;A|G;Family=14315	-0.0539977941499139	0.6241249861687	0.789728941267614	1
chr18:24132833;C|T;Family=12792	-0.0573287554378883	0.678682819556339	0.82610462031088	1
chr18:26914607;A|G;Family=11924	-0.126178547653742	0.31275993176102	0.526352080280741	1
chr18:2915670;A|G;Family=14524	-0.132623967301934	0.167835905381006	0.35849526721515	1
chr18:3066874;G|A;Family=11563	0.072869731412119	0.623308528714814	0.789660378673456	1
chr18:31414171;T|TA;Family=12694	-0.960813977790788	9.38639164357689e-07	1.22945821392478e-05	0.00362690173107811
chr18:31624157;A|G;Family=14189	-0.0932148841865723	0.280463543496636	0.49688726825814	1
chr18:32129815;AT|A;Family=14201	0.122336742883977	0.609037397806984	0.778214452753368	1
chr18:3498616;C|G;Family=11524	0.0501259515696033	0.639910564553408	0.800461207233368	1
chr18:35140698;C|T;Family=11834	0.436146122512448	0.000407072148156951	0.00293456488895235	1
chr18:35334598;A|G;Family=14157	-0.0232592517363823	0.797742495720384	0.892845585261589	1
chr18:36796092;T|C;Family=13567	0.511790034799992	0.000789217969379156	0.00527601770533055	1
chr18:36796660;C|T;Family=13083	-0.191548625326548	0.0106150119688272	0.0461896466751671	1
chr18:45848704;C|T;Family=12923	0.2150415920889	0.0428548401481034	0.135508267047685	1
chr18:45899442;C|T;Family=11456	-0.338098990863222	0.000616300552071964	0.00422330944835125	1
chr18:46093213;C|T;Family=14114	-0.322410469909189	0.232750759084709	0.440097398406968	1
chr18:46668357;C|G;Family=12115	0.0649218714548087	0.523103241784803	0.718291018570178	1
chr18:47115270;C|T;Family=11521	-0.00813574157013668	0.956575293679022	0.980346237210156	1
chr18:47206668;A|T;Family=13948	0.304241457804414	0.00533512723587598	0.0262945556625316	1
chr18:47816184;C|G;Family=14200	-0.179684535568852	0.550884425763	0.741276566935428	1
chr18:47816216;T|C;Family=13865	-0.652189162511355	9.26095794516305e-05	0.00080414250562045	0.3578434150011
chr18:49591399;A|G;Family=11310	0.125810984588075	0.247032593049733	0.456496384287025	1
chr18:50282491;C|A;Family=13300	0.0429218728967201	0.716058891656482	0.847168266185133	1
chr18:50949666;T|C;Family=11201	0.106654866217789	0.109773526716513	0.266610240688236	1
chr18:50952338;T|C;Family=12341	-0.0397321711124281	0.701013096405114	0.839390952745386	1
chr18:51078306;A|G;Family=11277	0.0661944888520635	0.384291426900812	0.594436378520711	1
chr18:5398077;G|A;Family=12462	-0.0114262029813564	0.932521923394496	0.966540963518329	1
chr18:5398115;A|G;Family=13884	-0.106940378738798	0.37252823433175	0.58300894996269	1
chr18:54154498;C|A;Family=12210	0.0215193433414212	0.78487304559462	0.884183512588225	1
chr18:54296322;C|T;Family=12210	0.103178608184649	0.41792781633396	0.627378819857972	1
chr18:54297523;G|T;Family=14202	-0.0348852310439497	0.89001410832014	0.943488207009334	1
chr18:55261466;C|T;Family=12358	-0.0648255323135876	0.741935146499815	0.860300810285868	1
chr18:56614458;C|T;Family=11014	-0.582922072311484	1.60387312203581e-05	0.000164386359245262	0.0619736574354637
chr18:57028033;C|T;Family=14007	-0.156946683877966	0.197717378561806	0.396872701694971	1
chr18:57028951;G|A;Family=14484	-0.0797743969910094	0.59236455893398	0.765660389860689	1
chr18:57033380;A|G;Family=13207	0.0842232475184273	0.652310742863934	0.80734423780469	1
chr18:57034521;T|C;Family=11156	0.0609328106892866	0.640413169673828	0.800461207233368	1
chr18:57035806;A|T;Family=11715	-0.099069110581612	0.515842509671856	0.711100769665378	1
chr18:57149865;C|T;Family=11590	-0.189945485239175	0.0422337371033701	0.134092982882023	1
chr18:57487405;G|A;Family=14044	-0.211410462460695	0.0294332705378367	0.102367378360217	1
chr18:57487406;G|A;Family=14044	0.672890181592613	1.19549511791272e-07	1.85517796611033e-06	0.000461939313561473
chr18:57606629;T|C;Family=11064	-0.4386866865998	2.36243527815685e-05	0.000236488339761608	0.0912844991479809
chr18:58748284;C|T;Family=13484	0.140382296147123	0.28769010395073	0.501745799355232	1
chr18:58751043;T|A;Family=11488	-0.0981747141996536	0.563158640794375	0.748095204413415	1
chr18:5884848;GT|G;Family=14568	-0.0269858203008683	0.825826093961659	0.912377129536073	1
chr18:5884859;C|T;Family=14568	-0.472658245874642	0.00890948492524183	0.0400305229664354	1
chr18:5884860;T|A;Family=14568	-0.345781668470189	0.099999003965762	0.250343890325247	1
chr18:5889282;A|G;Family=14526	-0.0312372772564666	0.7590381549143	0.870212235585001	1
chr18:61813756;G|A;Family=13973	-0.187933519875507	0.0594409865720003	0.172821649446358	1
chr18:62385817;C|T;Family=13602	-0.0916452718696614	0.36914241309599	0.579523679042685	1
chr18:63124075;C|T;Family=12449	0.145329246086477	0.405772293753579	0.613498265813132	1
chr18:63328839;A|G;Family=13891	0.298222991801759	0.154377046282752	0.337736083800393	1
chr18:63805290;G|T;Family=14641	-0.149162195821776	0.477145818523197	0.678119732398029	1
chr18:66501913;C|T;Family=13881	-0.109123504858477	0.306838549980274	0.520956308030278	1
chr18:68675115;T|C;Family=13776	0.0536231986051736	0.617496927236822	0.785905180119592	1
chr18:69862004;G|A;Family=12938	-0.269960801901444	0.00352189857181889	0.0185403488848886	1
chr18:70329846;A|G;Family=12892	0.162667892213374	0.264509201767175	0.477599792349703	1
chr18:74506010;C|T;Family=11353	0.138787582028988	0.386097175612137	0.595419980979393	1
chr18:74521168;T|G;Family=13944	-0.017653727865225	0.844108610061715	0.92070134719493	1
chr18:74522851;G|A;Family=14231	-0.179088372454635	0.175688556317579	0.36867385112755	1
chr18:74920754;T|A;Family=14474	-0.415470158569013	0.0524526194588477	0.157848069773355	1
chr18:75417385;C|T;Family=11711	-0.480012048557858	0.00142196868808879	0.00873648095911539	1
chr18:77013595;G|A;Family=14128	-0.248075230283532	0.0493665134625273	0.1501985889915	1
chr18:79756556;G|C;Family=14041	0.599315645826432	0.00167911543356823	0.00998169543893482	1
chr18:80158760;G|T;Family=12858	0.0157417657093099	0.908999745819299	0.9528960981676	1
chr18:8809860;A|G;Family=12643	-0.0574753363545654	0.501043133791359	0.700698758222878	1
chr18:911279;T|G;Family=13898	0.949532058728142	0.000159083095415778	0.00127266476332623	0.614697080686568
chr18:9400089;A|G;Family=14590	0.730564997400191	4.80818644032857e-05	0.000445535549290878	0.185788324054296
chr19:10114668;A|G;Family=14455	0.0426139690831529	0.740793937970934	0.859822455900414	1
chr19:10118718;TG|T;Family=12803	0.0723093834035779	0.553217297113407	0.742107630838969	1
chr19:10143955;C|T;Family=13576	0.0218890473108315	0.8819368499508	0.937879792119722	1
chr19:10154316;G|A;Family=14481	0.26041831586575	0.0443923869054694	0.139005010537061	1
chr19:10285641;C|T;Family=13913	-0.189407689636373	0.158830464004734	0.344375827340929	1
chr19:10350591;C|G;Family=13355	-0.195661219901616	0.102154860663421	0.253517264999009	1
chr19:10690815;G|A;Family=14299	0.0635778955100213	0.572520791297978	0.752968120345605	1
chr19:10713003;C|T;Family=14008	-0.121101068925721	0.216073892014174	0.420821330011477	1
chr19:11059881;C|T;Family=13551	0.0782262417733242	0.557375319450704	0.745482254883185	1
chr19:11377614;A|T;Family=12210	-0.191431179835668	0.0277104212133529	0.0980522596780179	1
chr19:11378471;G|A;Family=14264	0.0833891076988601	0.420998912433942	0.630030905362027	1
chr19:11466260;T|A;Family=11544	-0.134109137381344	0.095327587222347	0.241064003290019	1
chr19:11553400;G|C;Family=11883	-0.00399785606028483	0.96565991801168	0.984053583083967	1
chr19:11869154;T|C;Family=11453	-0.187717567558265	0.218368179080049	0.424007358776538	1
chr19:12078532;C|T;Family=13517	-0.0572198646586832	0.716962615789994	0.847459023374896	1
chr19:12080709;CTG|C;Family=14468	-0.195385234028301	0.357531050328531	0.570160948604805	1
chr19:1230053;G|A;Family=11296	0.0578472242461066	0.722576276348056	0.849452502468066	1
chr19:12348291;C|T;Family=22161	0.076842399950643	0.711896734211106	0.845067137532667	1
chr19:1258219;G|A;Family=13333	-0.0839762344010649	0.31740298955807	0.530010869339837	1
chr19:12679459;T|C;Family=14028	-0.123131391075019	0.164302689180125	0.352703106106668	1
chr19:12700352;G|A;Family=12803	0.0194753860073336	0.828952215627738	0.914118539151136	1
chr19:12924715;G|T;Family=14149	0.139254892154059	0.26596866032941	0.479339040817556	1
chr19:12948759;C|T;Family=14264	0.0167495551986319	0.900971883428564	0.950930171419823	1
chr19:13884982;G|A;Family=12916	0.122387191569205	0.196485763720982	0.395839932751759	1
chr19:1388885;C|T;Family=11444	0.0534157610707363	0.61940997955976	0.786750060772336	1
chr19:1394448;T|TCCTC;Family=13298	-0.650117830994368	5.62049123094818e-07	7.54082573485547e-06	0.00217175781163838
chr19:1472499;C|T;Family=12154	0.382520138064444	0.000125792579636455	0.00103859514469073	0.486062527715263
chr19:14793055;G|A;Family=12529	-0.0448926927143018	0.634637921441967	0.799227391378802	1
chr19:1535410;T|C;Family=11993	-0.0260536986465198	0.706119607851892	0.841593511640873	1
chr19:1574146;G|A;Family=13573	-0.00721380060648268	0.939967415592243	0.972256621637737	1
chr19:16242202;C|T;Family=14107	-0.0415787193036941	0.766651819017186	0.873477838453881	1
chr19:16327507;TAAA|T;Family=11348	0.256555467890947	0.150645652720684	0.33335206371818	1
chr19:16425268;C|T;Family=12221	2.06959867424867	1.25862542108913e-05	0.000132515766405679	0.0486332862708841
chr19:16550303;G|A;Family=13963	0.206259575902414	0.0326380362131023	0.110046572362502	1
chr19:16744472;G|A;Family=11494	0.166935486673023	0.15523689086471	0.338507531772708	1
chr19:16890067;C|A;Family=11047	0.195567710484338	0.302205169619902	0.516462085542372	1
chr19:16891891;C|T;Family=12833	-1.22918666699353	1.60201939179826e-18	1.4395820767229e-16	6.19020292990847e-15
chr19:17213067;G|A;Family=14261	-0.402048753882121	0.00397355008415259	0.0204717300335542	1
chr19:17219683;C|T;Family=11092	-0.0842749160861178	0.570420027125949	0.75225357843504	1
chr19:17323501;G|A;Family=14150	0.42542939554265	2.35860571302473e-07	3.36297139303601e-06	0.000911365247512757
chr19:17604526;G|T;Family=11062	0.0239788002854791	0.836443734375492	0.916624670909501	1
chr19:17721451;C|T;Family=11622	0.0817570827704632	0.495971383716317	0.696378425392387	1
chr19:17829854;G|A;Family=14116	-0.178798880786118	0.133223859036337	0.30605052991463	1
chr19:17998453;C|T;Family=13042	0.0173253036176296	0.862376070624465	0.929489856873901	1
chr19:18150377;G|A;Family=14100	-0.702174819244318	4.07583498108622e-08	6.99956727418541e-07	0.000157490263669172
chr19:18208337;G|A;Family=11883	0.00716793263738738	0.931558580754139	0.965801544414809	1
chr19:18367064;G|A;Family=13681	0.08379168649675	0.413211275909893	0.622232412360025	1
chr19:1853494;G|A;Family=12011	0.150470408642725	0.189795071279911	0.387410541693384	1
chr19:18777792;CTGTT|C;Family=12360	0.462117680020942	4.3941304254192e-12	1.37434906637748e-10	1.69789199638198e-08
chr19:18779780;C|T;Family=14080	0.0339095959962749	0.791988929854193	0.889347638755188	1
chr19:1918203;C|T;Family=13076	-0.0793002879915951	0.530229492390278	0.724036303263121	1
chr19:19279297;C|T;Family=13913	0.00681459705253146	0.952417661660133	0.978280498181125	1
chr19:2038196;C|T;Family=14458	-0.612536526945693	0.00010472741143657	0.000895280349094926	0.404666717790907
chr19:20621313;G|C;Family=12804	0.0544164556854051	0.561469986582795	0.748095204413415	1
chr19:2099397;A|T;Family=13808	0.112037459200361	0.518052549746505	0.712529807724808	1
chr19:21122952;C|T;Family=13618	-0.429577181955745	0.0103512556803244	0.0451436252243491	1
chr19:21187456;G|A;Family=14011	2.28731345487158	3.80742039252016e-10	8.65404258629288e-09	1.47118723966979e-06
chr19:21291272;ATAT|A;Family=12299	0.106351144409761	0.342249626462156	0.555388742807319	1
chr19:21397466;GTC|G;Family=11201	0.18111493994822	0.0596233255104633	0.173091307116777	1
chr19:21407616;A|G;Family=13409	-2.10252169264479	2.22853704468224e-12	7.29751452597643e-11	8.61106714065218e-09
chr19:2231507;CCT|C;Family=13277	0.18390880609962	0.57179446905619	0.752959547725131	1
chr19:22391242;ACT|A;Family=11453	0.168859578428131	0.277743432976903	0.493879716991603	1
chr19:23359291;C|T;Family=11399	-0.0616726740445202	0.615843219175312	0.784317138725578	1
chr19:2734559;G|T;Family=14511	-0.334906226826716	0.124340361220122	0.292133972957648	1
chr19:2755615;T|A;Family=13001	-0.15044294586753	0.0522283064587301	0.157295538703455	1
chr19:2834546;A|G;Family=14147	-0.00212750387644986	0.990127308094352	0.99507196945285	1
chr19:2881957;T|A;Family=12375	-0.238295858110815	0.0283378404878944	0.0998998232229111	1
chr19:3123668;A|G;Family=11031	-0.190181767334574	0.259465642826755	0.471800114768273	1
chr19:31275868;C|T;Family=11472	-0.0764842417845766	0.452083210585919	0.65449588823679	1
chr19:3146448;C|G;Family=12206	0.210731803548321	0.0613297398154314	0.175828862325534	1
chr19:3207844;C|T;Family=13654	-0.31181137027862	0.0117398247629686	0.0501799589426003	1
chr19:32412068;G|T;Family=14303	0.104517605394065	0.209724249133457	0.413034912666502	1
chr19:32597322;TGTTAA|T;Family=14561	1.17855404647925	4.93284048063813e-15	2.29644525508262e-13	1.90604956171857e-11
chr19:32597979;T|G;Family=13466	-0.268689793854861	0.11533637582842	0.277070285840273	1
chr19:3295674;TC|T;Family=14532	0.130404517976255	0.378297844487572	0.58842129622736	1
chr19:32976941;C|T;Family=11452	-0.0344660527009369	0.779559342924133	0.880507834276191	1
chr19:33382215;T|G;Family=12189	-0.0290542126443966	0.706648998329105	0.841964763966593	1
chr19:33387249;G|A;Family=14058	-0.0909502461815925	0.633688709508592	0.798621387325897	1
chr19:34353858;A|G;Family=22019	0.346277730630703	0.0154442121894525	0.0622277746611517	1
chr19:34505830;G|T;Family=12976	-0.308412613620264	0.00039264468021769	0.00285721100632986	1
chr19:3466720;C|T;Family=12184	-0.0567122993834804	0.606781737527061	0.776460278306731	1
chr19:3468506;G|A;Family=12163	-0.115619738056941	0.382365113797523	0.592835503285937	1
chr19:34685912;T|C;Family=14545	-0.138537075479821	0.213375424813834	0.417882737699268	1
chr19:34743021;A|G;Family=11346	0.143996177641788	0.19494721088333	0.394068562731785	1
chr19:35066529;CT|C;Family=13381	-0.344389385416383	0.0165498062275837	0.0655209541633026	1
chr19:35121615;C|T;Family=11888	-0.311519448274814	0.000282265922129577	0.00212193681538655	1
chr19:3579044;C|T;Family=12522	-0.806761480345076	0.0350500275345435	0.116551898789566	1
chr19:36103510;A|ATATC;Family=12552	-0.594295321015411	3.02296139782469e-05	0.000293485498522477	0.116807228411946
chr19:36511520;G|A;Family=13265	0.0174894592687467	0.885689471014149	0.940221096072993	1
chr19:36632666;C|T;Family=14469	-0.0402020809118318	0.766600894295837	0.873477838453881	1
chr19:36979879;G|A;Family=13805	-0.41662018545618	0.0180034892157705	0.0699853946979249	1
chr19:37470333;G|A;Family=11193	0.230285378386394	0.0934961649784272	0.23830420941731	1
chr19:37668818;A|G;Family=14058	-0.2469322658951	0.185065092793648	0.381789385240072	1
chr19:38211798;C|T;Family=13159	-0.204369265464965	0.0364029272794033	0.119915525155681	1
chr19:38330214;C|A;Family=12111	0.152872576168382	0.282047405696272	0.498201670388346	1
chr19:38365061;G|A;Family=13293	0.186714613807867	0.101749811628254	0.252999531616199	1
chr19:38396241;C|T;Family=11508	0.302903242970256	0.144016747225063	0.323535297254444	1
chr19:39178674;C|T;Family=13266	0.0404716905900201	0.805778881746171	0.897788235025145	1
chr19:39179269;A|G;Family=12694	-0.0903092116700714	0.292057606202267	0.505559638792872	1
chr19:39201012;G|T;Family=13266	0.279961587584025	0.0113520994813138	0.0486842534914502	1
chr19:39328516;A|G;Family=11895	-0.110709653126813	0.473242145810857	0.674292638284193	1
chr19:39398321;G|A;Family=22017	-0.0849950681960992	0.423029668823503	0.631114532947496	1
chr19:39520183;C|T;Family=22288	-0.245924189616877	0.0419411679502576	0.133383269925758	1
chr19:40030601;C|T;Family=12121	-0.230231409585724	0.0342149793383671	0.114168117585018	1
chr19:40234708;G|A;Family=12764	-0.131222674856162	0.244606334064116	0.453531129953812	1
chr19:4038153;C|T;Family=13602	0.0176419394900384	0.897012714566728	0.947704140900528	1
chr19:40394770;C|T;Family=12853	-0.232216174614688	0.0164198007114556	0.0652066905951332	1
chr19:4047049;C|T;Family=11250	-0.173383993849035	0.386314154325916	0.595419980979393	1
chr19:40557132;C|T;Family=11678	-0.186294536320456	0.209638021173042	0.413034912666502	1
chr19:40605167;C|G;Family=13152	0.0181893936511094	0.930478922162985	0.965252355698139	1
chr19:40691570;C|A;Family=13346	-2.1561534771241	1.57466454957067e-18	1.4395820767229e-16	6.08450381954108e-15
chr19:40765253;C|T;Family=11724	-0.177765001591412	0.0175105827352996	0.0684134395239611	1
chr19:40898180;G|A;Family=14363	0.287035184373803	0.0798923585414504	0.213932136801223	1
chr19:41294573;C|T;Family=12462	0.244032399836342	0.116100247067752	0.278294885030889	1
chr19:41424943;G|A;Family=13040	-0.0837545632078441	0.498080886427782	0.698072014928164	1
chr19:42042637;C|T;Family=14452	0.00456156611668459	0.978227701781832	0.990013577706914	1
chr19:42042700;C|T;Family=13628	0.0475494337349975	0.744707414282945	0.862316286721397	1
chr19:42059505;C|A;Family=11301	-0.0573291876203714	0.530847527728888	0.724036303263121	1
chr19:43496094;G|A;Family=11154	-0.0333740578471233	0.831546772124676	0.914890867736261	1
chr19:43496423;G|A;Family=14153	0.496426100160896	0.000114703318882958	0.000959336848839281	0.443213624163748
chr19:4360558;G|A;Family=11935	0.121852396755829	0.293186990382704	0.507105877725501	1
chr19:4361009;C|T;Family=11083	0.0735374618628354	0.53994472696097	0.732051377184978	1
chr19:44133777;G|A;Family=14357	-0.124721671672799	0.511619829986731	0.708058389351263	1
chr19:44158856;C|T;Family=12938	-0.726624734235654	1.46467138984339e-10	3.42999409112415e-09	5.65949025035484e-07
chr19:44428981;G|A;Family=13722	0.184432844909335	0.0808821903564886	0.215834795260685	1
chr19:44662215;A|G;Family=12498	-0.0615925007920894	0.609838465594784	0.778731370346808	1
chr19:44662421;A|G;Family=13118	-0.0392386265480339	0.748830618745726	0.863725824129399	1
chr19:44819769;C|T;Family=12390	0.0894674868596605	0.332980511389092	0.54472341067208	1
chr19:44903002;C|T;Family=11723	0.11442115821617	0.245425643311466	0.454831983575782	1
chr19:4502335;G|A;Family=14427	0.334586743906611	0.000267659828186681	0.00203190093538966	1
chr19:45350309;C|T;Family=13572	0.149936086769358	0.0920874307555497	0.236429124544481	1
chr19:45485605;G|A;Family=14221	0.715704410228372	7.25305465931055e-05	0.00064427133801324	0.280258032035759
chr19:45526843;G|A;Family=12231	0.107910097451886	0.430549039084047	0.638633968146165	1
chr19:45553149;A|G;Family=14503	0.0749368933158584	0.543275354805454	0.734913034343289	1
chr19:45553435;G|A;Family=13466	-0.170432437792533	0.212285956239413	0.416382200461467	1
chr19:45626789;A|G;Family=14125	0.25971177757959	0.0228012303426041	0.0839085276607832	1
chr19:45873286;A|T;Family=14453	-0.294848943768608	0.00558296033706515	0.027238079220227	1
chr19:4675897;G|A;Family=11545	0.282619426166519	0.060862372160319	0.17522236679958	1
chr19:4676194;C|G;Family=11963	0.072294101111822	0.597169140682059	0.76889755401382	1
chr19:47065223;A|G;Family=11172	0.061432904094749	0.587039613504484	0.762460862716412	1
chr19:47065629;T|C;Family=11264	-0.251870573924631	0.00375669696370008	0.0195895776892538	1
chr19:47342993;T|C;Family=12036	0.0634921595412205	0.57614180816163	0.75541633754209	1
chr19:4797792;T|A;Family=11947	0.16624281576323	0.265735458704996	0.479339040817556	1
chr19:4798670;G|A;Family=12301	0.0591422284125829	0.622540970213453	0.788956035662159	1
chr19:4801249;G|A;Family=12695	0.211301837789271	0.280060285204509	0.49662824324471	1
chr19:48382990;A|G;Family=14338	-0.226381460480254	0.0389334810919321	0.125470367755818	1
chr19:48481022;C|A;Family=12341	-0.167100088297501	0.394171860234377	0.602484204092418	1
chr19:49068615;T|TATC;Family=14095	0.327708605864065	0.0534161806648064	0.159752416477409	1
chr19:49150245;C|T;Family=12415	0.119022415618874	0.314421402043787	0.52776902584587	1
chr19:49521773;G|A;Family=14470	-0.299950251570763	0.00647318182769973	0.0306900301622476	1
chr19:49865263;C|G;Family=14103	0.302836792771334	0.0939312019865066	0.238958146643189	1
chr19:50048609;C|T;Family=11390	-0.0402586501174735	0.601962542628284	0.773008728719072	1
chr19:50292334;G|A;Family=13968	-0.121362348013066	0.199393432046121	0.399630516523759	1
chr19:50430640;G|A;Family=11928	0.00302353172747476	0.98366028715841	0.993170459780532	1
chr19:50480191;C|T;Family=11325	-0.109703759682927	0.226352393235783	0.434210643506048	1
chr19:50624899;C|T;Family=14498	-0.326932889705349	3.58950240078333e-05	0.000341621607798689	0.138698372766268
chr19:50820232;C|T;Family=14232	0.121912083980367	0.319171865028608	0.53089973588917	1
chr19:50977229;G|A;Family=22349	-0.439738496972583	0.00192282607425831	0.0111726315051641	1
chr19:519440;G|A;Family=13808	-1.3691611714387	2.04756571400691e-13	7.60749415281028e-12	7.91179391892269e-10
chr19:51993635;C|T;Family=12447	-0.280940720661547	0.0616625314481924	0.176230785144834	1
chr19:52291570;A|G;Family=13301	0.129233725560198	0.344469785820238	0.557252335255348	1
chr19:52294516;G|A;Family=12707	-0.100106605761087	0.286706106895201	0.501704706232988	1
chr19:52321837;T|G;Family=14113	-0.35462562889225	0.00316956014930141	0.0171050005822635	1
chr19:52839554;G|C;Family=12308	0.0810091512205723	0.290939344726148	0.504351267738304	1
chr19:52839774;A|G;Family=12382	-0.0532965032476489	0.728622701632944	0.853192697476706	1
chr19:53050896;G|A;Family=12550	-0.0286129078690938	0.882139714144628	0.937879792119722	1
chr19:53875413;T|C;Family=12804	-0.0300214066585507	0.707762900444837	0.842512583893669	1
chr19:53987427;G|A;Family=12377	-0.275780224228539	0.0637535075136055	0.180868981668555	1
chr19:54095620;G|C;Family=13015	-0.304033217407186	5.1359202261479e-06	5.97746860055285e-05	0.0198451957538355
chr19:54459074;C|T;Family=11420	0.231746162610545	0.000103654134280609	0.000888070010776656	0.400519574860272
chr19:54459097;T|C;Family=14153	-0.126517939841643	0.0348847488324569	0.116202301283287	1
chr19:54994369;A|G;Family=13738	0.202010118410599	0.127891431476789	0.296978660592737	1
chr19:5559309;G|A;Family=12864	-0.289469287551379	0.0665380910728737	0.186984133749516	1
chr19:55702673;C|T;Family=14188	-0.1195883508248	0.134356287162101	0.307190942955242	1
chr19:5587029;G|A;Family=11569	-0.22502335973286	0.21658119242534	0.421596840066254	1
chr19:5612196;G|A;Family=14482	0.00663384821085493	0.962118708444356	0.983239008047868	1
chr19:5657345;T|C;Family=11303	-0.321788594480276	8.40151954906331e-05	0.000739486823179513	0.324634715375806
chr19:57218288;C|T;Family=14385	-0.106599242428564	0.28518899638143	0.500036801747825	1
chr19:57219010;A|G;Family=13546	-0.511464087276964	0.00848627561496351	0.038396659907974	1
chr19:57220445;A|C;Family=13644	0.0497630617910702	0.704897323644954	0.840961129453637	1
chr19:57542734;C|T;Family=13996	-0.155289945228763	0.147971745327408	0.329993376701628	1
chr19:57862221;T|C;Family=12565	-0.142707614211059	0.138148895197504	0.31343318396757	1
chr19:58340391;G|C;Family=12134	-0.336739598433762	0.0127206549067504	0.0534310069900319	1
chr19:58342329;C|T;Family=12861	-2.17697063861013	4.41083194003694e-05	0.000414682594070626	0.170434546163027
chr19:58498453;C|A;Family=12867	-0.1187457178643	0.358717440647696	0.570888626821753	1
chr19:58555781;G|C;Family=13601	0.117902845218685	0.148496006517167	0.330333085309345	1
chr19:6212463;T|C;Family=11625	0.0897538465565962	0.478757929096999	0.67936857805024	1
chr19:643682;C|T;Family=12770	0.163106863657793	0.364061833271878	0.575587121015767	1
chr19:7112336;C|CA;Family=13028	1.10881385532753	3.22126104284724e-08	5.581593125364e-07	0.000124469526695617
chr19:7643024;G|T;Family=14452	0.198586581819492	0.122731122636077	0.289166498698659	1
chr19:831970;C|G;Family=13093	-0.0425306863134258	0.879289019705722	0.936388547981557	1
chr19:8374252;C|G;Family=12662	0.224914014715798	0.000105437709693633	0.000899362715797346	0.407411310256198
chr19:8580323;G|C;Family=11892	0.611952997373205	0.000109976456007118	0.000929866577705702	0.424949026011506
chr19:9412868;C|T;Family=12409	0.0382226952967335	0.686383064609443	0.832449517153449	1
chr19:9647926;A|G;Family=11723	0.445258914861744	0.00997466358656658	0.0439476625980539	1
chr19:9810940;T|C;Family=14623	0.0575105185341659	0.640378239496837	0.800461207233368	1
chr19:9848601;G|A;Family=11324	0.265025894174586	0.0609644814080438	0.17522236679958	1
chr2:100280585;C|T;Family=11810	-0.106444177930178	0.343290721539808	0.556407444643379	1
chr2:10057444;C|T;Family=13984	-0.042491876612538	0.678489236813121	0.82610462031088	1
chr2:101397685;C|T;Family=12641	0.379366114079335	0.0307075684442171	0.105354555547031	1
chr2:102344264;C|T;Family=12679	-0.229503185135841	0.0911748224688544	0.234681066287708	1
chr2:102533057;A|G;Family=13634	-0.124413083249029	0.351074737239422	0.564524671116574	1
chr2:102716264;C|A;Family=11615	-0.24062542593093	0.0169522610822111	0.0667042126493518	1
chr2:102717597;C|A;Family=12681	-0.0228050362206802	0.74823704641133	0.863621409129865	1
chr2:105266592;G|A;Family=22027	0.0967116141376225	0.447812960477084	0.650507247850923	1
chr2:106093641;G|A;Family=12289	-0.256949168727953	0.155220029941463	0.338507531772708	1
chr2:106093764;TA|T;Family=14157	0.28240811590438	0.00809690432167959	0.037113212691542	1
chr2:106805473;G|A;Family=11051	0.167048950009343	0.261402760200948	0.47338228252655	1
chr2:108785373;A|G;Family=11077	-0.21691472404116	0.273882784152384	0.489040239355273	1
chr2:108894943;A|C;Family=12313	-0.313183569092246	0.0010520022541665	0.00677489451683226	1
chr2:109502878;TTTC|T;Family=13542	0.0413014742496785	0.706876135156563	0.841975766413366	1
chr2:111166684;G|A;Family=13621	-0.440758123321602	0.0620093016369625	0.176960074981701	1
chr2:112215489;A|AAAAT;Family=13858	-0.313906948617268	0.0029760424986172	0.0163112456945487	1
chr2:112333897;G|A;Family=12597	0.0662825167021516	0.66508748137741	0.817137687771801	1
chr2:112533293;G|T;Family=14026	-0.341375325365242	5.94522179328139e-07	7.94890553952916e-06	0.00229723370092393
chr2:112536119;A|G;Family=13619	0.83638299906732	9.22849515390868e-09	1.71437044589919e-07	3.56589052747031e-05
chr2:112573587;G|A;Family=11276	-0.26526126202951	0.00390709840478825	0.0202102118287842	1
chr2:112588364;TAC|T;Family=13064	0.304203037136536	0.00202072192689602	0.0116887268346201	1
chr2:113027836;C|A;Family=11545	0.184714081367729	0.0600765030189202	0.17362423909133	1
chr2:113206331;G|A;Family=14375	0.143451745105697	0.206147288898511	0.407670498736627	1
chr2:113216257;C|T;Family=11933	-0.0305236315443568	0.853259131416232	0.925603700973711	1
chr2:113742122;T|C;Family=12766	-0.256383886223992	0.00606764001330166	0.0292701136222193	1
chr2:113959963;A|G;Family=13736	-0.366305149954064	0.0400535498861768	0.128118308576314	1
chr2:120104264;G|A;Family=12637	0.370425559135856	0.00237500139849587	0.0134955961820413	1
chr2:120984534;A|T;Family=13071	0.00500724978127615	0.969519922139863	0.986108180876134	1
chr2:120989430;G|A;Family=13097	-0.134530109699304	0.126263962607354	0.295150605877081	1
chr2:121221318;C|T;Family=11266	-0.0703647328448541	0.410623997889895	0.61978559681506	1
chr2:127048247;C|T;Family=13988	-0.385340436176844	0.0103024607896478	0.0450834750749707	1
chr2:127701340;G|C;Family=14613	0.0241553894015703	0.825845544369116	0.912377129536073	1
chr2:127941254;C|G;Family=12907	-0.48216441859875	0.268234138380464	0.481624865567897	1
chr2:128172585;T|C;Family=22026	0.220744521999288	0.0284454944864512	0.100095275232285	1
chr2:128190451;CTT|C;Family=14623	0.248658113637855	0.0060593078390121	0.0292664568624284	1
chr2:128190905;G|A;Family=12722	0.126621891403429	0.261438351685212	0.47338228252655	1
chr2:128191396;C|A;Family=11800	0.102166330164558	0.585605706014788	0.761366234199576	1
chr2:130765137;A|T;Family=11810	-0.0287003211024568	0.904897516106988	0.952025793847618	1
chr2:131049416;G|A;Family=11883	0.271738618665561	0.00100290619217775	0.00651266724130765	1
chr2:131147540;T|C;Family=13916	0.275074087791571	0.00120113116697238	0.00755891014524636	1
chr2:134449703;C|T;Family=12727	0.427603601961532	0.0363729130936968	0.119915525155681	1
chr2:134956020;T|C;Family=12052	0.0150308982297401	0.871073468119577	0.932820423045893	1
chr2:135224442;A|G;Family=14570	-0.125243847696969	0.15654481746555	0.340974732067015	1
chr2:135839883;C|T;Family=11031	0.105122821598826	0.351536151130069	0.564796543853051	1
chr2:143049382;C|T;Family=14411	0.138909579557929	0.108129808966425	0.263937828077237	1
chr2:143050341;C|T;Family=13592	-0.0306232790560709	0.75222932151261	0.86584810625122	1
chr2:143053230;A|G;Family=12989	-0.131662292323597	0.0440032878503729	0.138010311894351	1
chr2:143939613;TTTC|T;Family=13881	0.1989061645226	0.176899947313224	0.369779959483126	1
chr2:144388926;T|C;Family=12001	-0.0969257480618289	0.422316103229337	0.630585517846684	1
chr2:144399661;G|A;Family=13894	-1.63251556595308	0.000467783835933181	0.003316544480818	1
chr2:144462320;T|C;Family=13211	-0.225820444090796	0.26749205767198	0.480962918029098	1
chr2:147928575;A|ATAAC;Family=11307	-0.434334692502322	0.000345868358034255	0.00255044911344344	1
chr2:148471094;A|T;Family=14363	2.03596463819263	4.26338361601554e-12	1.35030445018722e-10	1.6473714292284e-08
chr2:151482061;CTT|C;Family=14617	-0.106576406503298	0.315820985722526	0.528969349298587	1
chr2:152654408;T|C;Family=11336	0.0469697772969557	0.794320874493761	0.890672042670892	1
chr2:152656191;C|CT;Family=12499	-0.255960260735964	0.0283618286944963	0.0998998232229111	1
chr2:154857794;T|A;Family=14449	-0.232595837364246	0.0457521017522811	0.141655545809947	1
chr2:157312188;A|G;Family=13988	0.0355877266330631	0.765699172602622	0.87328036992066	1
chr2:158338688;G|A;Family=13148	0.245316289294	0.0269550087424128	0.0959062189509053	1
chr2:158625346;G|C;Family=12162	-0.153899158840667	0.302945672039474	0.517498707674857	1
chr2:159771089;G|A;Family=13924	-0.0685216480682364	0.642622984551627	0.802033337308619	1
chr2:159946682;A|C;Family=13918	-0.159525001377945	0.223729070719844	0.430488665825144	1
chr2:160101510;T|C;Family=12788	0.326011863748805	0.0581380653194684	0.170679851429311	1
chr2:161983203;AG|A;Family=14644	-0.0209909389263026	0.853557229991525	0.925603700973711	1
chr2:162008566;G|T;Family=13579	0.135127950803648	0.152918987920462	0.336299925625876	1
chr2:162008659;T|C;Family=13409	-0.0958159034331984	0.365843717488692	0.576299204454712	1
chr2:163606073;T|C;Family=12091	-0.150977206019864	0.102948846236931	0.254506936570378	1
chr2:163607844;T|C;Family=11285	-0.0204988349916642	0.80565234499005	0.897788235025145	1
chr2:165094381;C|T;Family=14595	0.0675583683140258	0.713211109742146	0.845685243061407	1
chr2:165344801;C|T;Family=14280	0.0220047732177137	0.853436778396301	0.925603700973711	1
chr2:165344869;C|A;Family=11892	0.43533469497977	0.000315705270944754	0.00234143026282251	1
chr2:165354309;G|T;Family=11114	0.115096810818304	0.411822421239281	0.620488870197991	1
chr2:165374868;T|C;Family=13544	-0.768255964986743	1.17464866681174e-07	1.83017840667765e-06	0.000453884244856058
chr2:165989378;A|G;Family=13752	0.963867270938312	7.51588644799854e-12	2.23395271038972e-10	2.90413852350664e-08
chr2:165989790;AAAAAT|A;Family=14514	1.26409947145366	9.71921769437654e-10	2.06346467972917e-08	3.75550571710709e-06
chr2:165991496;T|C;Family=12340	-0.384794197976181	0.111029187740738	0.26897603851424	1
chr2:165991561;G|A;Family=12499	0.25206096924807	0.108261890570189	0.264093399724248	1
chr2:165998144;A|C;Family=13891	0.0884013236494807	0.289650499293024	0.503015518772245	1
chr2:166046848;G|C;Family=13988	-0.307389326414228	0.147363247862084	0.32913964724803	1
chr2:166198309;C|T;Family=12449	-0.259590354508931	0.116787159254802	0.279075809128358	1
chr2:168774857;TG|T;Family=12748	0.146273777528334	0.0587283611576445	0.17139455250237	1
chr2:168923786;G|A;Family=11251	0.296897728137687	0.00052854179016285	0.00368643587940298	1
chr2:170847738;G|A;Family=12630	-0.0814442836868933	0.469880223350942	0.671456058812145	1
chr2:170991658;G|GATCT;Family=12626	0.138053575772891	0.254972474849402	0.46626296394609	1
chr2:170992470;C|A;Family=13403	-0.157916147701097	0.172308136502077	0.36400121328995	1
chr2:171319581;C|T;Family=11187	-0.10769976211815	0.452267260404081	0.654517113933097	1
chr2:171555749;G|A;Family=12396	-0.247025486194023	0.0311285563815275	0.106255072312917	1
chr2:172081770;G|T;Family=11480	0.0530008864062911	0.555920043449629	0.7438237923669	1
chr2:172100315;A|G;Family=13051	-0.0917028497572631	0.446260999077869	0.648984757409441	1
chr2:172504612;A|C;Family=11172	-0.326870922595652	0.000214461218391332	0.0016527342111352	0.828678147864108
chr2:172600469;C|T;Family=13508	0.0917601725783284	0.43631531946745	0.643236319886389	1
chr2:172603764;C|T;Family=13556	-0.138172713825044	0.161387376853329	0.348380348693444	1
chr2:175925325;G|C;Family=14093	-0.142253265172173	0.183062345768909	0.379481171701215	1
chr2:176124206;G|A;Family=13709	-0.172913160584116	0.177034151399345	0.369779959483126	1
chr2:177615973;G|C;Family=13531	0.0339531883630146	0.826192436916853	0.912377129536073	1
chr2:177629027;A|T;Family=12925	-0.0141777807337239	0.871260069040535	0.932820423045893	1
chr2:178136552;C|T;Family=22105	0.220042942689583	0.170255131695543	0.360795833186026	1
chr2:178137904;G|C;Family=14468	0.266756047166144	0.0378807233351162	0.123249772336091	1
chr2:178402055;T|G;Family=12867	0.153850843013014	0.365178855510307	0.576174396770857	1
chr2:178402563;A|G;Family=11198	0.101460700832071	0.469112924778079	0.670607599460783	1
chr2:178873393;A|G;Family=14017	0.868568632372341	1.91224908331276e-06	2.34430153811587e-05	0.00738893045792052
chr2:178874946;T|A;Family=14226	-0.0583866450586175	0.372433386729019	0.58300894996269	1
chr2:178875519;C|T;Family=14406	-0.163606041803122	0.153634114028487	0.337257248186433	1
chr2:178877310;C|T;Family=14041	-3.04189535377336	9.65477712916697e-12	2.74309256081626e-10	3.73060588271012e-08
chr2:182142011;G|C;Family=11552	0.223399716119961	0.150679388153153	0.33335206371818	1
chr2:182142017;C|T;Family=12316	-0.246740052997687	0.110828174620119	0.268657507360187	1
chr2:182780190;C|T;Family=13787	0.0791628124639193	0.496628987899152	0.69704845958675	1
chr2:182782843;T|C;Family=13947	0.164742787524629	0.214066694269165	0.418812003370154	1
chr2:182788544;T|C;Family=11030	0.169718172214995	0.401655641225639	0.608865201136081	1
chr2:182791335;T|C;Family=13981	-0.0307293810529174	0.784527647384576	0.884052152083407	1
chr2:185761040;GA|G;Family=12598	-0.0325313342294839	0.858069905207261	0.927127093108433	1
chr2:186679617;A|G;Family=13214	0.353744305479545	0.0798195473830637	0.213885389104132	1
chr2:189034022;C|T;Family=14085	0.0595409152881732	0.66425705841462	0.816376995456136	1
chr2:189458825;G|A;Family=12184	0.175026429150203	0.233003685173713	0.440257329834342	1
chr2:189775364;T|G;Family=12833	-0.119342315459121	0.320721992959937	0.533019260557934	1
chr2:189854023;A|C;Family=12227	-0.348539042063547	0.018527963534232	0.0714722851519042	1
chr2:189864171;T|C;Family=11441	-0.120855056624279	0.138222087339736	0.31343318396757	1
chr2:190202057;T|C;Family=14031	-0.175107815633199	0.0165046139537354	0.0654090546843423	1
chr2:190204763;A|G;Family=14470	-0.102552994675109	0.395815770532997	0.604041128491114	1
chr2:191692786;C|G;Family=12420	-0.0616566543280596	0.658298285898282	0.812153440840026	1
chr2:196135862;A|C;Family=14564	-0.325261138549858	0.0239165294809842	0.0871825187872859	1
chr2:197392121;C|T;Family=12686	-0.021476432476623	0.828098248734331	0.913698353257983	1
chr2:197551264;G|A;Family=13154	-0.123147205620425	0.327105160316941	0.538400158234394	1
chr2:197708200;T|C;Family=12648	0.390317892498602	0.00100454184156816	0.00651266724130765	1
chr2:199933186;G|A;Family=12843	0.222370271936837	0.273056275085045	0.488160690336725	1
chr2:200489752;G|C;Family=12314	0.184538859384363	0.126868713827833	0.295848346548428	1
chr2:201163531;C|T;Family=12401	-0.19257623168367	0.0536365280127991	0.1602557651512	1
chr2:201623884;G|A;Family=13574	-0.272039887124105	0.0945174928506824	0.240115445348479	1
chr2:201889137;A|C;Family=11164	-0.0425545831922586	0.675725956950905	0.824441142298168	1
chr2:202962073;T|C;Family=13741	0.0561189181523708	0.506518082338616	0.704023694300868	1
chr2:203402659;C|T;Family=13471	0.162997275018941	0.224145306243561	0.430530487834374	1
chr2:203431051;G|GA;Family=12388	-0.292455954711697	0.0184114995756783	0.0711420343604208	1
chr2:20449434;A|G;Family=14575	0.693265705905936	0.0169783717666901	0.066738991359604	1
chr2:20618580;G|A;Family=13624	-0.047181695712198	0.667529540573905	0.818406063534557	1
chr2:206618504;G|C;Family=14454	-0.0990252921344703	0.871941914343442	0.933033386049033	1
chr2:206619891;G|A;Family=14540	-0.0507784886641408	0.601432955607143	0.77280227180645	1
chr2:207601814;G|C;Family=12478	-0.286290026268817	0.0269276583613875	0.0958972091321669	1
chr2:207763431;C|T;Family=14598	0.389202176862683	0.00124906755205683	0.00778451132443159	1
chr2:208285776;C|T;Family=11679	0.108837917324351	0.178472973894009	0.371963091222465	1
chr2:21024411;A|G;Family=14214	0.389057311549011	0.00222006752781591	0.0126524202470217	1
chr2:210678792;A|G;Family=14058	-0.0861135887381912	0.315139306298363	0.528221287735392	1
chr2:211382007;C|G;Family=13929	-0.34830782060508	0.00535963881218761	0.0263817125736216	1
chr2:213930055;G|A;Family=12430	0.0222705263629718	0.861306782452538	0.92912125159335	1
chr2:215346766;G|A;Family=14303	0.0432662202946244	0.837482650556192	0.916802951294893	1
chr2:215346790;G|A;Family=11657	0.216810423709447	0.0121030290590704	0.0513492548763411	1
chr2:216501655;C|T;Family=13869	0.0336501360443423	0.752082415302789	0.86584810625122	1
chr2:217801751;T|C;Family=11571	0.0154942238718691	0.907142447449113	0.952867808284967	1
chr2:218234999;G|A;Family=12716	0.0541198033009371	0.674325694459489	0.823848588085846	1
chr2:219163441;A|G;Family=12367	0.0992295170997104	0.216978740921231	0.421945573688796	1
chr2:219180733;A|T;Family=12469	-0.163582017070367	0.0208667853200022	0.0785860219069091	1
chr2:219216033;G|A;Family=14124	-0.30049812962832	0.0924587281407377	0.236910162822156	1
chr2:219506756;CAAG|C;Family=13197	-0.0932597455979097	0.517385074124915	0.712378142304687	1
chr2:221420166;A|G;Family=14653	-0.0473421824180468	0.752924811900517	0.866379235611554	1
chr2:223967681;A|G;Family=11401	0.0447043858526694	0.915681677895946	0.955761956550672	1
chr2:224473722;C|T;Family=14303	0.249086350059276	0.0261794086814362	0.0940123003206966	1
chr2:224807721;G|A;Family=13843	-0.139246154474072	0.0282121965474901	0.099554271652513	1
chr2:226732343;G|A;Family=12636	-0.505447227913765	4.19336437679963e-05	0.0003971362733322	0.162031599519538
chr2:226995818;G|A;Family=11264	-0.155531114246521	0.253477833691763	0.465070441303406	1
chr2:227981684;G|T;Family=11981	0.146868642408046	0.222133700224823	0.428305697439479	1
chr2:230907364;C|T;Family=14147	0.219078375987728	0.104635520124623	0.257523343797162	1
chr2:231372229;C|T;Family=12444	0.189461413032407	0.296898952592553	0.510425349101791	1
chr2:232238540;C|A;Family=11625	-0.142222141607453	0.127884586914397	0.296978660592737	1
chr2:232260352;C|T;Family=13041	0.270648895455803	0.0729446779402974	0.199569882982045	1
chr2:232263310;C|T;Family=11012	0.349018725314233	0.0608910095119123	0.17522236679958	1
chr2:232336039;G|A;Family=13722	-0.0667519485139934	0.458147449214915	0.660306506440296	1
chr2:232531616;G|A;Family=11729	-0.138610011463653	0.0394783412505921	0.126803250700156	1
chr2:232858311;A|G;Family=12289	-0.0343827251844895	0.699331627445542	0.837896870837078	1
chr2:233519539;T|C;Family=11597	-0.314568497128256	0.00111643786587326	0.00710199222670524	1
chr2:234494895;A|C;Family=14620	0.010017992426414	0.911505862700719	0.954327395244083	1
chr2:235055422;G|A;Family=12638	0.144812073530984	0.385224216946143	0.595402549711959	1
chr2:236120386;G|A;Family=11000	0.26306065815145	0.0129771912509939	0.0542682543223382	1
chr2:236124576;C|T;Family=13611	-0.164061964966537	0.169558934698802	0.360022072557281	1
chr2:237088619;A|G;Family=14632	-0.225705850033272	0.0210051060329264	0.0790299218220326	1
chr2:238099394;T|C;Family=12724	2.42099900285311	2.27981638772092e-14	9.47226937865982e-13	8.80921052215363e-11
chr2:238152501;TG|T;Family=11540	0.0537537717272624	0.714546121246652	0.846270299333014	1
chr2:239050745;C|T;Family=13272	0.105694628779643	0.436831141960909	0.643505731047256	1
chr2:240482185;C|G;Family=11946	-0.0434329949809843	0.672094932086551	0.822087628231223	1
chr2:240520532;G|A;Family=13398	-0.688589913590908	9.48504392218571e-05	0.000821753581061112	0.366502097153256
chr2:241183251;C|T;Family=14202	0.169983353572912	0.0844460366114679	0.222123543544392	1
chr2:241353409;A|C;Family=13564	-0.105565656263116	0.335625508694188	0.54824820761564	1
chr2:241445606;C|T;Family=13385	0.0757177204239629	0.282593709251945	0.498201670388346	1
chr2:241749408;G|A;Family=14576	0.00118760983634575	0.98878678546193	0.99507196945285	1
chr2:241749817;C|T;Family=14146	-0.184499464746234	0.0881598101880968	0.229085075028114	1
chr2:241755178;C|T;Family=13136	-0.128508344422788	0.374036482070426	0.584263610056566	1
chr2:24175802;G|T;Family=13930	0.222691098774776	0.185037791980958	0.381789385240072	1
chr2:241850685;G|A;Family=13309	0.133985169170808	0.146076230155586	0.326831820104912	1
chr2:24789958;C|T;Family=11800	0.216854636422079	0.258639572288023	0.470519447891206	1
chr2:24820199;G|A;Family=14563	-0.879990251930718	0.0167621273577095	0.0662258283335271	1
chr2:25145559;G|A;Family=14386	-0.29200385356968	0.175018367418071	0.36789888868963	1
chr2:25156660;C|T;Family=11353	0.0216823293804845	0.872903401619784	0.933286868804329	1
chr2:25157831;T|C;Family=13513	0.0246863640687004	0.78678324523422	0.885560867924563	1
chr2:25230242;G|A;Family=11715	0.085003446228173	0.291305265418063	0.504754953172824	1
chr2:25230513;GA|G;Family=14027	-0.0282015138003651	0.700768822969449	0.839358565391801	1
chr2:25234307;G|A;Family=14336	0.240150549305086	0.0713003480873783	0.196929624738835	1
chr2:26730402;C|T;Family=14100	0.113814192628628	0.0725682773643403	0.198793495157996	1
chr2:26732705;C|G;Family=11246	-0.0947821153876968	0.503179909297404	0.701802268834527	1
chr2:26947441;G|A;Family=11056	-0.0118249871914388	0.89679518166497	0.947704140900528	1
chr2:27136929;G|A;Family=14192	-0.0690430734247447	0.535210864542456	0.72818830302537	1
chr2:27243927;C|T;Family=11931	-0.258401760796221	0.0110154417591444	0.0475571697847307	1
chr2:279906;C|T;Family=13932	0.0609380354559234	0.74626034120043	0.863202566384945	1
chr2:28415715;T|C;Family=13946	-0.366243848816953	1.06016382471141e-05	0.000113790917185691	0.0409647301868487
chr2:28416444;CCTCT|C;Family=13843	0.156566314668114	0.357206905353641	0.569879224726039	1
chr2:28643133;C|T;Family=12281	0.0932536645441262	0.366003687301207	0.576299204454712	1
chr2:30159423;C|T;Family=14652	0.183539573847773	0.0233014693678637	0.0854239825782024	1
chr2:31267680;A|C;Family=12850	0.194656475848966	0.119625191391363	0.284100638928229	1
chr2:3207891;C|G;Family=11252	-1.36925955850412	0.00156739075147242	0.00943364153222652	1
chr2:32089567;C|G;Family=14480	-0.0259404512471621	0.79765973771737	0.892845585261589	1
chr2:32220466;C|G;Family=13805	-0.0394434161248083	0.696037765903622	0.836092730594712	1
chr2:32307549;T|C;Family=11869	0.566065265019411	1.11337092804716e-05	0.00011884158193299	0.0430206526597423
chr2:32312264;G|A;Family=11981	-0.00998232478225335	0.944761848220581	0.974262018020904	1
chr2:3550465;G|A;Family=12964	0.57064209839877	0.00220374995001736	0.0125965825545371	1
chr2:3644481;TA|T;Family=14522	-0.223547188927468	0.0286937173938893	0.100337125800894	1
chr2:36549633;T|A;Family=11845	-0.972362493406663	0.000795108689329199	0.00530621757438347	1
chr2:36549682;A|G;Family=13954	0.1920808513385	0.311579794082924	0.525052038524386	1
chr2:36759377;G|T;Family=22105	-0.358765286461519	0.0478824818035375	0.146427225736882	1
chr2:37251942;A|C;Family=13905	0.154631861339604	0.284469222224699	0.500036801747825	1
chr2:38734005;C|T;Family=11773	0.0661984763785747	0.611842068566379	0.780250083478709	1
chr2:38974699;T|C;Family=14680	0.129518851866126	0.332002539519537	0.544044873920056	1
chr2:38984348;G|A;Family=13984	-0.734099744146739	0.287410182687466	0.501745799355232	1
chr2:40098122;C|T;Family=12360	-0.1610530937285	0.338668668114545	0.550958010944771	1
chr2:40104941;G|T;Family=11869	0.325440857043774	0.0338447306047929	0.113226007841489	1
chr2:40110232;G|A;Family=13393	0.108384410066499	0.440400256993498	0.645674055167911	1
chr2:40110784;A|G;Family=13629	0.213114923697207	0.0297491135963866	0.103279941542172	1
chr2:43565070;T|C;Family=12346	-0.0650727325252675	0.563234316188262	0.748095204413415	1
chr2:44318697;G|A;Family=14343	-0.525482562142535	0.0613116796404017	0.175828862325534	1
chr2:46185708;C|T;Family=13166	-0.16417355929707	0.389038849849451	0.597474608830794	1
chr2:46186250;C|G;Family=13556	0.115430441787178	0.233902060854568	0.441036513307987	1
chr2:47074316;G|A;Family=22364	0.00965950560980023	0.952456323539697	0.978280498181125	1
chr2:47074774;C|T;Family=12302	-0.0230220729311705	0.835195610835593	0.916479506806906	1
chr2:47799713;G|A;Family=13890	-0.112223448152084	0.227963250029984	0.435848588874744	1
chr2:48375630;A|G;Family=14007	0.155726221462731	0.083949122362844	0.221419391679201	1
chr2:48377199;A|C;Family=14531	0.0585660053078213	0.634748153402227	0.799227391378802	1
chr2:48595331;A|G;Family=11456	0.000373884116715871	0.99707513902434	0.998108377510375	1
chr2:50207689;G|C;Family=11679	0.0994546199131894	0.472725456157922	0.674292638284193	1
chr2:50918317;A|G;Family=12014	-0.107963961180929	0.205347397815412	0.406600735288326	1
chr2:53887396;G|A;Family=14339	-0.0086985595821091	0.970644520033755	0.986992217213271	1
chr2:54065901;T|C;Family=11469	-0.154191900517496	0.34817812360372	0.561267787391845	1
chr2:54660185;T|G;Family=14502	0.164615951967167	0.0230930628228407	0.084869273991941	1
chr2:5696599;G|A;Family=14153	0.0282360633955771	0.860401682657565	0.928657011672858	1
chr2:5698500;A|G;Family=14479	0.257486614970898	0.0162648169444357	0.0648578458960779	1
chr2:60899234;C|T;Family=13589	0.0489519693552899	0.773536664175209	0.877553044736643	1
chr2:61018400;CAGG|C;Family=11018	-0.0985537726290413	0.588530559239476	0.763627293788225	1
chr2:61482516;G|C;Family=14455	0.0667185543379403	0.580412682856269	0.758442545335348	1
chr2:65083821;A|G;Family=11543	0.0991682104711114	0.216064010091708	0.420821330011477	1
chr2:65084839;G|A;Family=11505	-0.195737299487899	0.0285059022869596	0.100095275232285	1
chr2:65310885;T|G;Family=11013	-0.144216689187336	0.241974063380042	0.449945996583484	1
chr2:67401400;A|G;Family=13895	-0.00801721330500583	0.946356994847771	0.97460645738054	1
chr2:67402535;A|G;Family=11485	-0.0877142503807792	0.552574014776487	0.741904626926225	1
chr2:68567380;G|A;Family=11459	-0.213202577534363	0.0240682168383617	0.0876527708420637	1
chr2:69325719;A|G;Family=14301	0.156100078872047	0.283368374583163	0.499225491479712	1
chr2:69461843;C|T;Family=14195	-0.00709711762674546	0.950456056121345	0.977069207991936	1
chr2:69941432;G|C;Family=11429	-0.111057052888535	0.317678094008163	0.530012156842635	1
chr2:69942862;T|C;Family=11429	0.284304850327539	0.00808106983505485	0.0370846245162137	1
chr2:70150021;TGCA|T;Family=14618	-0.109779074451609	0.273532282836508	0.488640194581723	1
chr2:70277199;C|G;Family=13991	0.221210643231613	0.11720701317662	0.27990599438471	1
chr2:70660965;G|T;Family=11018	0.31925240916728	0.000305560611966423	0.0022749252497847	1
chr2:70986440;AG|A;Family=13001	0.0360779345489039	0.74847308421426	0.863621409129865	1
chr2:72131287;G|A;Family=11063	0.130571221390382	0.036185829941474	0.119506022986201	1
chr2:72934343;T|C;Family=12019	-0.291940090021016	0.00992802664065306	0.04386828208838	1
chr2:72944993;G|A;Family=13787	-0.018905164633437	0.904937056650692	0.952025793847618	1
chr2:73226979;G|A;Family=11954	-0.515158849129286	4.18897075184252e-08	7.1620278695219e-07	0.000161861829851195
chr2:74216301;T|G;Family=11121	-0.23521238422008	0.215784078434811	0.420680968250308	1
chr2:74394294;G|A;Family=11986	-0.11759046509909	0.305083116166137	0.519313286725089	1
chr2:74395549;T|C;Family=12621	0.0983434434651779	0.399546025380467	0.606619191383152	1
chr2:74494487;C|T;Family=13358	0.172673724326289	0.216975402876097	0.421945573688796	1
chr2:74519915;T|C;Family=11346	0.353952581216733	0.00799048887090621	0.0367562488061686	1
chr2:74891539;T|C;Family=12628	-0.158464498215304	0.15827174415009	0.3436643565982	1
chr2:85544374;C|A;Family=12316	0.0647013262405488	0.56089864213326	0.747606882788174	1
chr2:85606685;G|A;Family=14228	0.0756417026074443	0.401366447529289	0.608773158434603	1
chr2:85658908;TAC|T;Family=14424	0.108396368850921	0.294170211902948	0.507670254038852	1
chr2:86111157;G|C;Family=12613	-0.202890582181994	0.0110589718764701	0.0476918162172772	1
chr2:8853370;C|T;Family=12867	0.012325989579855	0.882474615213352	0.937879792119722	1
chr2:8854433;C|T;Family=11265	-0.272906732525301	0.00764290323396263	0.0353678779593193	1
chr2:9481403;C|T;Family=12687	-0.056032901598095	0.502438126628566	0.701802268834527	1
chr2:9489450;A|G;Family=11651	0.0943029343566132	0.276120766845629	0.491673107415442	1
chr2:95384419;C|T;Family=12687	0.284448831109009	0.0192567335344985	0.0735257098589945	1
chr2:96114264;C|T;Family=12701	-0.308277359582752	0.000828131830749851	0.00549811236085468	1
chr2:96329291;C|T;Family=12749	-0.3999466953346	0.00456935828503426	0.0229298706667174	1
chr2:96702316;C|T;Family=12619	0.144586654666236	0.329912083768674	0.541768079762923	1
chr2:96832748;G|T;Family=12778	-0.018813209632577	0.833322663347289	0.915541305423351	1
chr2:98588361;C|T;Family=13836	0.275954154057952	0.000269978641116323	0.00204148232734535	1
chr20:10057886;C|CTTGT;Family=13221	-0.633845009884386	1.1261084396957e-07	1.76165304088429e-06	0.000435128301098419
chr20:10306498;G|A;Family=12953	0.0740707364321955	0.466848885209579	0.668112626833265	1
chr20:10306532;A|G;Family=13042	0.210339179550525	0.0405903334379611	0.129727914312888	1
chr20:1167310;A|G;Family=13358	0.213822483348154	0.102887852594074	0.254506936570378	1
chr20:13167426;G|A;Family=14040	-0.428974337932478	0.000531602983042425	0.0037011061738305	1
chr20:13300465;C|CA;Family=14500	-0.079293436331126	0.576046593027033	0.75541633754209	1
chr20:1563946;A|G;Family=12759	-0.413188283647537	0.000362174059182621	0.00266053339293089	1
chr20:16051769;A|G;Family=13560	-0.0652229424949927	0.440582915653692	0.645674055167911	1
chr20:17609122;T|G;Family=14130	0.0505987351983547	0.460814136861814	0.662420321738858	1
chr20:17609764;A|G;Family=14526	-0.256667150275178	0.0133038307565029	0.0551566545527115	1
chr20:17967954;C|A;Family=13815	0.211954783596793	0.0598491985394941	0.173457868637483	1
chr20:18443421;G|A;Family=11114	-0.0332283826942986	0.71001891883713	0.844157877657437	1
chr20:19722220;G|A;Family=13770	-0.0919549387846367	0.36691569971284	0.577411767426224	1
chr20:1979101;A|G;Family=13931	-0.0720541810728506	0.538677688289582	0.730846414168169	1
chr20:20390331;G|A;Family=11676	0.146834137547615	0.260854830115418	0.472768791541265	1
chr20:22563339;C|A;Family=13513	0.597963324069345	6.99158975209047e-07	9.25188452125944e-06	0.00270155028020776
chr20:23046871;C|T;Family=13580	-0.026102413459211	0.838973133599734	0.917930542891718	1
chr20:23081038;A|G;Family=14416	0.599734636193836	0.00350519356937957	0.0184775824721455	1
chr20:23081535;C|G;Family=11096	0.0871415977968318	0.563016920472953	0.748095204413415	1
chr20:23603144;C|T;Family=12394	-0.00826204069354081	0.9392213851325	0.972131319874302	1
chr20:25006517;C|T;Family=14652	-0.0434866799032845	0.65145258641302	0.807057644725845	1
chr20:25297973;G|A;Family=12858	-3.06929507003962	3.02010268730309e-14	1.20305946224115e-12	1.16696767837391e-10
chr20:25774788;AC|A;Family=14168	-0.741878468257177	4.50475122954672e-05	0.000421461470967761	0.174063587509685
chr20:31937413;A|G;Family=12006	0.24411112831697	0.0204195797058079	0.0772027945041505	1
chr20:31945717;G|A;Family=14019	-0.0508562425174787	0.655452701718259	0.809418101450735	1
chr20:31999641;G|A;Family=11495	-0.0726852151430597	0.659108460803385	0.812634043568691	1
chr20:32000279;T|C;Family=12358	-0.0726128065356112	0.423610034442937	0.631736462017564	1
chr20:32031392;G|GC;Family=12568	-0.280423840696705	0.0112631579920978	0.0483564916460734	1
chr20:33647201;G|A;Family=13053	-0.0914277145259738	0.450508432984857	0.652949956884279	1
chr20:33658734;C|T;Family=12782	-0.144505313651972	0.13987588066948	0.316625895083112	1
chr20:354689;C|T;Family=14472	0.0127190925297099	0.861842132747636	0.929173549368545	1
chr20:36231225;G|A;Family=14303	-0.182607995336645	0.0215594157051734	0.0802558596192583	1
chr20:3646918;G|A;Family=13905	-0.0942536725975132	0.421468272796917	0.630489123533599	1
chr20:3648438;A|G;Family=14291	0.135669126605268	0.214251714693515	0.41882038341385	1
chr20:36782751;C|T;Family=14219	0.169037266550704	0.251527904562301	0.462151128496782	1
chr20:36784635;C|T;Family=13970	-0.115169788652929	0.124663900872669	0.292133972957648	1
chr20:36905503;T|A;Family=14192	-0.0779089470539412	0.613618700703171	0.78199955788821	1
chr20:38210994;C|T;Family=13383	-0.282752133646126	0.00139851731805148	0.00861861390263305	1
chr20:3825394;G|A;Family=11067	0.0125367061701462	0.887763230700437	0.94160055383863	1
chr20:3866241;T|C;Family=13750	0.0894448448921166	0.293784412101397	0.507473471736846	1
chr20:3874352;T|C;Family=14578	-0.083944722678323	0.637383083579384	0.799227391378802	1
chr20:41175517;G|A;Family=13023	-0.0438868223297376	0.696311181949737	0.836092730594712	1
chr20:41402484;C|T;Family=13941	0.0270852635447443	0.737968898900667	0.858722275397373	1
chr20:41402974;T|G;Family=14346	-0.307610105889352	0.115374246872929	0.277070285840273	1
chr20:43716304;TC|T;Family=14282	0.0629818765703955	0.515814300842953	0.711100769665378	1
chr20:44490900;A|AC;Family=13486	0.0927237996208791	0.442425710192905	0.646326254890505	1
chr20:44904975;G|A;Family=11869	-0.3324040141856	0.0261006685442227	0.0938167286091876	1
chr20:45092483;T|C;Family=12759	-0.146487869505992	0.282460817164719	0.498201670388346	1
chr20:45373619;C|A;Family=12201	0.106741534152559	0.462636709366078	0.664545815981607	1
chr20:45648601;G|A;Family=14610	0.235605747315923	0.355601814806553	0.568926127893088	1
chr20:47188268;GAC|G;Family=13703	-0.0994006293422295	0.513564330772301	0.709732680294768	1
chr20:4784171;T|C;Family=14394	0.0272392513407123	0.814234622387295	0.903043220695898	1
chr20:49892051;T|C;Family=13324	-0.0235645719816693	0.810547141515411	0.90050435733627	1
chr20:50961374;A|G;Family=14219	0.279461298580595	0.0200523902519877	0.0760377192675962	1
chr20:51390478;G|A;Family=12617	0.0107731976632346	0.930318745263851	0.965252355698139	1
chr20:51598823;T|C;Family=14311	0.32668059018129	0.0114933184614361	0.0492352356263737	1
chr20:51600915;G|A;Family=14455	-0.00917362898338228	0.905212931313703	0.952025793847618	1
chr20:5195022;A|C;Family=14547	-0.616903630816633	4.99714054796847e-07	6.75138149557698e-06	0.00193089510773502
chr20:53944804;G|T;Family=11526	0.823094656174019	6.38697102066781e-10	1.38647505752025e-08	2.46792560238604e-06
chr20:57169515;G|C;Family=12100	0.294453402728093	0.000787553835345725	0.00527401736529615	1
chr20:58364108;T|C;Family=12708	0.28327534305519	0.0101794122066701	0.0446968735983785	1
chr20:58444831;C|G;Family=12394	0.060847820063634	0.584328317473613	0.761366234199576	1
chr20:58449461;A|G;Family=14231	0.260875573302145	0.0682292038340171	0.189940665428416	1
chr20:58856372;G|A;Family=12735	0.178056826471495	0.100475018592344	0.250798108424299	1
chr20:58903684;G|A;Family=14373	0.192655058157662	0.133442281580643	0.306215306346407	1
chr20:58909186;C|G;Family=11132	-0.0446881400709994	0.738774258645809	0.859050176168344	1
chr20:59028971;C|T;Family=11181	0.406987149870379	0.0312644043492057	0.106530562967664	1
chr20:59325214;C|T;Family=14063	0.0077113767499106	0.950038211588618	0.977069207991936	1
chr20:59947941;CAT|C;Family=11018	0.0415527502963516	0.739748888818952	0.859407608657976	1
chr20:61975114;T|C;Family=13718	0.0653774286989583	0.627960939737115	0.792954598413142	1
chr20:62286187;G|T;Family=14481	0.437231522422224	0.00185671686407849	0.0108702332769686	1
chr20:62668294;C|T;Family=11189	0.0568932708341079	0.583269222257807	0.760888681567916	1
chr20:62671759;G|A;Family=12719	-0.0273547389885589	0.739177754830331	0.859260783593382	1
chr20:62877971;A|G;Family=13026	-0.253271655572583	0.032269431911773	0.108993955338366	1
chr20:62878254;G|A;Family=13738	0.179449482937846	0.298998601516943	0.512796536290044	1
chr20:62968800;G|C;Family=13496	-0.103852295976233	0.287945808436737	0.501745799355232	1
chr20:63743053;G|A;Family=12578	-0.0256777785492846	0.829923677651875	0.914743373279037	1
chr20:63746676;G|A;Family=12738	0.0233180510473842	0.848182017367953	0.922944329797176	1
chr20:64240571;G|A;Family=12623	0.545475266790953	1.76191721373261e-11	4.79440008018507e-10	6.80804811386281e-08
chr20:64275397;A|T;Family=14209	0.112974932290992	0.354422712497746	0.567781658827235	1
chr20:7978072;A|G;Family=12360	-0.0103171401501637	0.903685990563584	0.95171509063442	1
chr20:9480988;G|A;Family=11835	-0.0526337344388426	0.486884722393773	0.687869311637856	1
chr21:17565664;C|T;Family=12680	0.113437134539917	0.188149948034001	0.385707443970426	1
chr21:21539712;C|T;Family=13039	-0.0620352341444812	0.542656667782902	0.734826055170607	1
chr21:28929048;T|C;Family=12497	0.358073971731093	0.00307975649419274	0.0167608156247334	1
chr21:30592947;A|T;Family=13524	0.101110690662732	0.32666418592186	0.538102995797263	1
chr21:32044396;G|T;Family=11246	0.380634708018262	0.00424384072917044	0.0215199482644548	1
chr21:33517446;T|C;Family=12197	-0.130062642994439	0.0999431492768569	0.250343890325247	1
chr21:34102835;G|T;Family=14531	-0.145059470459769	0.353912577146254	0.567199584443437	1
chr21:34717175;G|A;Family=12480	-0.25984231349128	0.00316922054803765	0.0171050005822635	1
chr21:34788264;A|G;Family=14223	0.0728740793062499	0.674387444129279	0.823848588085846	1
chr21:36375813;G|C;Family=13129	0.0068454415471945	0.957004660133724	0.980346237210156	1
chr21:37516066;C|T;Family=14550	0.315202089949934	0.00159570039002911	0.00957420234017468	1
chr21:37608596;G|A;Family=13903	0.439685865706166	0.00123816945286827	0.00774156434608897	1
chr21:38301666;C|A;Family=13938	0.151626170797422	0.267023848392414	0.48034457643775	1
chr21:39175161;G|A;Family=12295	0.053952201597347	0.652688321798927	0.807552889987529	1
chr21:39196527;GT|G;Family=14292	-0.109098696977066	0.517327865438102	0.712378142304687	1
chr21:41408906;A|G;Family=14317	0.335724660897062	0.00148545545940114	0.00905331213742272	1
chr21:41465356;G|A;Family=14040	0.245599853357243	0.0463764882977664	0.143129992637835	1
chr21:41801553;T|C;Family=14348	0.0470412738778848	0.687671051195288	0.833749903300469	1
chr21:41885311;C|A;Family=12483	-0.0317027316130263	0.807676692912322	0.898696816674892	1
chr21:42775306;G|A;Family=14216	-0.896121035354481	8.5769350516274e-13	3.04048413206314e-11	3.31412770394883e-09
chr21:43529357;T|G;Family=12445	0.541722059185617	0.000142260568985161	0.00115240008083577	0.549694838558661
chr21:43693482;C|T;Family=13543	-0.117880016832746	0.143965593539349	0.323535297254444	1
chr21:44079633;C|A;Family=12308	-0.0717521153980262	0.636429005329384	0.799227391378802	1
chr21:44087918;C|T;Family=22364	0.176896005773985	0.0895946146683937	0.231722617857211	1
chr21:44145706;G|A;Family=13942	-0.14993983638395	0.338496791834903	0.550948442986548	1
chr21:44228232;C|T;Family=11299	-0.910953405912737	3.34082236743694e-16	1.95589964057217e-14	1.29089376277763e-12
chr21:44319382;A|G;Family=22252	0.0482396491492652	0.645294357692232	0.803878805816875	1
chr21:44459443;T|C;Family=14203	-0.273003094047007	0.00667307870954932	0.0314065482749069	1
chr21:45223082;C|G;Family=13752	-0.0993947373896334	0.26192987460036	0.474050133702946	1
chr21:45264278;G|A;Family=13620	-0.388977412975619	0.00180781590898475	0.0106322689076363	1
chr21:45942406;GC|G;Family=12793	0.179114294147487	0.0566437923840142	0.167717711702552	1
chr21:46129683;G|A;Family=14375	-0.0362575241241112	0.72817099866475	0.853192697476706	1
chr22:17114976;A|G;Family=12478	-0.0963387445362792	0.341073578948842	0.554044892160432	1
chr22:17115083;A|G;Family=12437	-0.0366880962047589	0.736168296294633	0.857826989409668	1
chr22:17115310;GA|G;Family=14026	0.114970227928466	0.20781512559884	0.410002901324672	1
chr22:17555822;G|A;Family=11169	0.306507239837359	0.0141599579226071	0.0579565646507729	1
chr22:17788481;G|C;Family=14587	0.247689566833222	0.0223324534263513	0.0825571021855815	1
chr22:17788756;T|TG;Family=13394	0.13600778710968	0.411225107142606	0.620450532604073	1
chr22:17789787;C|T;Family=13195	-0.126682265872422	0.199621408186089	0.399863722774001	1
chr22:17790452;C|T;Family=11305	-0.0483463863598294	0.568801572540346	0.751658439225683	1
chr22:18095494;G|A;Family=12902	0.116457834994939	0.285030991476001	0.500036801747825	1
chr22:19783767;C|T;Family=13239	-0.013012012976899	0.917753495237044	0.957655821116915	1
chr22:19894032;T|A;Family=13942	0.0182458090579332	0.825391895831544	0.912377129536073	1
chr22:20111199;C|T;Family=12942	0.0886370550571514	0.530417415677903	0.724036303263121	1
chr22:20987529;G|GT;Family=12907	0.154128044883452	0.14297252318558	0.322253803867196	1
chr22:20995791;G|T;Family=13016	-0.0187456685374044	0.878856957002681	0.936388547981557	1
chr22:20996054;G|A;Family=14192	-0.182929081956984	0.246281590827187	0.455980865815166	1
chr22:21447279;C|T;Family=12329	-0.213084624520127	0.0308384935004876	0.10545127335034	1
chr22:21756331;C|T;Family=12014	0.14274913664135	0.23423626164895	0.441239212387113	1
chr22:21757478;G|A;Family=14523	0.405417695697232	0.00419472510014653	0.0213549641462005	1
chr22:21763712;T|C;Family=12314	-0.0251734094182303	0.857980108838165	0.927127093108433	1
chr22:21920263;G|A;Family=13099	-0.0533757748897272	0.50557703509537	0.703084384932742	1
chr22:21958603;A|G;Family=12323	-0.0463078524948337	0.695825510061939	0.836092730594712	1
chr22:22484816;G|C;Family=14307	-0.340554393577625	0.0234414315029322	0.0857947175636394	1
chr22:23164296;G|A;Family=12964	-0.129910353462308	0.284772177581078	0.500036801747825	1
chr22:23739329;G|A;Family=14470	-0.0475883326211472	0.90795386676896	0.952867808284967	1
chr22:23743320;A|G;Family=12197	-0.195536358938936	0.316853980553986	0.529551808330711	1
chr22:24586266;T|C;Family=14185	-0.153401239841346	0.416686610053865	0.626357543150215	1
chr22:24588307;G|A;Family=13551	-0.0942264376019518	0.447582249362923	0.650416627129873	1
chr22:25351735;T|G;Family=14290	-0.200397771884039	0.155009026544046	0.338507531772708	1
chr22:25722315;G|C;Family=14539	0.314937486916628	0.0429637791910656	0.135520034934104	1
chr22:28757200;G|A;Family=12683	0.352232434994443	0.0675401069111037	0.188838620191393	1
chr22:29259151;T|C;Family=13050	-0.15616973430356	0.0989289319565944	0.248544468842835	1
chr22:29730488;C|G;Family=13089	-0.00152390687275739	0.989817215840849	0.99507196945285	1
chr22:30334131;G|A;Family=14560	-0.118641939149755	0.316585224955269	0.529551808330711	1
chr22:30423991;T|C;Family=11489	0.130759471457625	0.233273768700492	0.440363623171073	1
chr22:30461448;C|G;Family=11989	0.113399395673099	0.467631941176944	0.668737905517287	1
chr22:31683328;G|A;Family=12382	0.215495092595539	0.136650042691325	0.311513725639694	1
chr22:31906668;C|T;Family=12360	0.574025455216016	1.70089039974916e-05	0.00017249975077771	0.0657224050463075
chr22:32861747;G|A;Family=12796	-0.331641607531429	1.69893931868869e-05	0.00017249975077771	0.0656470152741309
chr22:33273439;T|C;Family=12457	0.0467134714119839	0.728821297367381	0.853192697476706	1
chr22:35294562;C|G;Family=12697	-0.0416139464799847	0.702633712079326	0.840258072441041	1
chr22:35740448;C|T;Family=11415	0.309734155986607	0.0169054541048488	0.0666391420553796	1
chr22:36282343;G|A;Family=12976	0.0438923003914993	0.651841847965978	0.807281057865557	1
chr22:36467645;C|G;Family=14380	0.0761033714614924	0.648973601594648	0.80605400082344	1
chr22:37180478;C|T;Family=13007	0.175002097132979	0.0746748982346728	0.202657036717281	1
chr22:37180625;C|T;Family=11029	-0.0546646882734234	0.57456236608675	0.754403193087219	1
chr22:37697628;G|A;Family=11368	0.105078683507454	0.359021574321134	0.570888626821753	1
chr22:37813556;C|T;Family=13576	0.0506165181689471	0.739470060429367	0.859342049172654	1
chr22:37968182;C|CTCTTA;Family=13071	-1.09671978539999	2.80980697510578e-14	1.13094730748008e-12	1.08570941518088e-10
chr22:38221428;C|T;Family=11502	-0.0213022945425383	0.847478266867188	0.922526856178073	1
chr22:38485351;A|G;Family=14649	0.123943205060601	0.254521963657429	0.466100885105359	1
chr22:38519103;C|G;Family=14185	-0.334349967978429	0.315210501785681	0.528221287735392	1
chr22:38733162;C|T;Family=14467	0.112143510871471	0.163379570325128	0.351432934316503	1
chr22:38863175;C|G;Family=12631	0.225076608867788	0.00802363985416762	0.0368648565951292	1
chr22:39018581;T|C;Family=12407	0.0100775289862018	0.876492521306163	0.934796329651397	1
chr22:39020064;G|A;Family=12671	-0.0325682841414134	0.811068761586078	0.900566004243852	1
chr22:39490288;T|A;Family=14249	-0.14111036711129	0.133171776711335	0.30605052991463	1
chr22:40036181;C|T;Family=11835	0.258648062104169	0.0050569111546629	0.0251155587424389	1
chr22:40329704;C|T;Family=11312	-0.2274191279861	0.0472429184949967	0.145224054944047	1
chr22:40331447;G|C;Family=13034	-0.702104256685518	3.88949155876013e-10	8.73778801340067e-09	1.50289953830492e-06
chr22:40332081;T|G;Family=14046	-0.183147737603682	0.296170139310609	0.509982806727359	1
chr22:40361509;A|T;Family=13203	0.081103936807429	0.37782424114054	0.587963297530023	1
chr22:40364303;C|T;Family=12738	-0.244016004743307	0.0730310079028497	0.199569882982045	1
chr22:40835633;G|C;Family=14515	-0.265485077558432	0.0128970275003384	0.0539914564044502	1
chr22:41358553;C|G;Family=13807	-0.227768191913103	0.00826600461979569	0.0377539501783576	1
chr22:41898660;A|G;Family=11415	0.721287402085247	6.32977606063267e-09	1.18729391739246e-07	2.44582546982846e-05
chr22:41898705;C|G;Family=12120	-0.135234810848684	0.30591396820464	0.520498270868661	1
chr22:41903002;G|A;Family=14644	-0.416012238687536	0.00162363485909053	0.00971164875468391	1
chr22:42031433;G|A;Family=11159	-0.117603210322209	0.138105630885882	0.31343318396757	1
chr22:42383755;CT|C;Family=11219	0.551990064520228	2.98655923956995e-05	0.000290681735559151	0.115400649016983
chr22:42510354;G|A;Family=14458	0.148480068872641	0.159787591174274	0.345893138541957	1
chr22:43068521;G|A;Family=12976	0.0195120722345047	0.911902544985016	0.954327395244083	1
chr22:43163169;G|A;Family=14659	-0.052179160848778	0.784019400283657	0.883737153645289	1
chr22:43199409;A|G;Family=13146	-0.458661068236082	1.51826391568151e-08	2.7160054491636e-07	5.86657177019337e-05
chr22:43238370;G|A;Family=11057	0.414339609761628	0.000598517303562026	0.0041224079518069	1
chr22:44244437;G|A;Family=11235	0.153073602494978	0.153703419786829	0.337257248186433	1
chr22:44247500;C|G;Family=14356	0.0442084988137868	0.645747484406489	0.804114817836504	1
chr22:44881542;TG|T;Family=14096	0.789151153531102	2.95342771203406e-09	5.88249725737094e-08	1.14120446792996e-05
chr22:44882646;C|CCATG;Family=11304	-0.541763831648846	1.10430406362746e-06	1.43188956438137e-05	0.0042670309018565
chr22:45190914;TAGAG|T;Family=11942	1.08338229122535	2.43208492455119e-11	6.5260945475457e-10	9.3975761484658e-08
chr22:46293891;C|G;Family=14470	0.156450477018063	0.192796436140444	0.39146895914171	1
chr22:46361866;G|T;Family=13599	0.170424391162014	0.0866099290838152	0.226734936300719	1
chr22:47173887;C|T;Family=11424	0.192290021271787	0.288309752421517	0.502019987054872	1
chr22:49773989;G|A;Family=11645	-0.365174956724294	2.57569823014776e-05	0.000255665991889097	0.0995249796129096
chr22:49774277;G|A;Family=11301	-0.074101157691252	0.433576290366685	0.640910017588703	1
chr22:49888231;T|C;Family=14629	0.0156383029378279	0.91209396238002	0.954327395244083	1
chr22:49901548;TTG|T;Family=14486	-0.0664644513227651	0.636892559151166	0.799227391378802	1
chr22:50178310;C|T;Family=12201	0.0219131136985709	0.909486955831263	0.953013502431625	1
chr22:50218044;G|A;Family=12463	-0.477230126915838	0.145048217033173	0.324908006154308	1
chr22:50275338;G|A;Family=13364	0.0688229328937728	0.667646194685454	0.818406063534557	1
chr22:50445576;G|C;Family=14316	-0.192745752106486	0.00366109614115993	0.0191946750195956	1
chr3:100181264;A|C;Family=13221	-0.0618279636454125	0.628332386559358	0.793164437002731	1
chr3:100357788;C|T;Family=13037	0.0944364547150637	0.326705390305481	0.538102995797263	1
chr3:10041496;C|T;Family=14299	-0.0718116973318564	0.902582807648291	0.951590714530149	1
chr3:10099443;C|T;Family=11407	0.459622690336724	1.56110795962436e-05	0.000160428754148631	0.0603212115598852
chr3:101671350;T|C;Family=12676	0.0511621028692389	0.550097735223708	0.740619389862163	1
chr3:10325764;C|T;Family=13543	-0.0760235010139173	0.416761191366253	0.626357543150215	1
chr3:10325905;T|C;Family=13925	0.45591955877978	0.000862912712511083	0.00570940876908018	1
chr3:105576696;C|T;Family=12335	-0.0165664342488707	0.929984378162662	0.965252355698139	1
chr3:105655851;C|T;Family=14051	0.111984559251589	0.186517765586972	0.383353535227691	1
chr3:107811324;A|C;Family=11038	-0.0399872653116503	0.696296647398691	0.836092730594712	1
chr3:108043546;C|CA;Family=14670	-0.153306507241443	0.336583571824862	0.549413836173076	1
chr3:108191577;G|A;Family=12299	-0.107999285123493	0.365050496518195	0.576174396770857	1
chr3:111606844;G|T;Family=12859	0.105679223255244	0.223409610537399	0.430121940765575	1
chr3:111975878;TTGTC|T;Family=12775	0.625740959987676	2.88129031896382e-05	0.00028257121300701	0.111333057924762
chr3:112117415;G|A;Family=13267	-0.46002648335831	3.99603251902413e-07	5.45606701537429e-06	0.00154406696535093
chr3:113291328;C|T;Family=11214	0.28577800645568	0.0641052304017687	0.181733389781683	1
chr3:113719696;AT|A;Family=13533	0.0476364892264284	0.75089858582546	0.865336157360446	1
chr3:113809668;A|G;Family=14645	-0.712449607773029	2.90611513788594e-11	7.69125266629539e-10	1.12292288927913e-07
chr3:113933626;G|A;Family=13614	-0.160838673710357	0.233521445035594	0.44058928887575	1
chr3:113961731;A|T;Family=13466	-0.0249796456495788	0.868155507824683	0.93182024506516	1
chr3:114005793;G|C;Family=14320	0.0198106094522141	0.913607118042499	0.954789674035304	1
chr3:11809017;G|A;Family=13625	-0.104997363593215	0.435283868215945	0.64196063617802	1
chr3:119211871;T|C;Family=13619	-0.0844389839515527	0.175738851477668	0.36867385112755	1
chr3:119447066;T|C;Family=11888	0.111405342473224	0.127031983067837	0.29591416382313	1
chr3:119486870;C|T;Family=13835	-0.0777754091681858	0.592110548789831	0.765660389860689	1
chr3:120167266;C|T;Family=11721	0.0290251201903244	0.75701836702808	0.869535960224882	1
chr3:121158446;A|T;Family=13128	-0.0248008001432191	0.791431577095045	0.889329817696699	1
chr3:121626977;T|C;Family=13071	-0.00750864633681368	0.955732027434869	0.980163649146824	1
chr3:121694586;C|A;Family=14637	-0.035995832372353	0.896166291815606	0.947704140900528	1
chr3:121854701;A|G;Family=14313	-0.403302899105488	0.0761921326605368	0.205992529823682	1
chr3:122120916;C|T;Family=12681	-0.115218007750388	0.464673845489687	0.665986550063854	1
chr3:122574927;A|T;Family=14652	-0.21570651178791	0.247480772716644	0.456887580399958	1
chr3:123274084;T|G;Family=12692	0.102034654442901	0.503304947511585	0.701802268834527	1
chr3:123944909;A|G;Family=11094	0.230450672476121	0.100236398243528	0.250364216427273	1
chr3:124746887;C|T;Family=13787	0.0678962737062708	0.56787962873258	0.751584547943483	1
chr3:125226421;C|T;Family=14534	-0.121436267459756	0.396007114394235	0.604094547974467	1
chr3:125231841;G|T;Family=14687	-0.390071534998995	0.00595882532532065	0.0288894618030602	1
chr3:12584278;G|A;Family=11108	-0.176731810173702	0.132256434073381	0.305097827617638	1
chr3:126103832;T|G;Family=13802	-0.0402393155029107	0.867202818729253	0.931683756665519	1
chr3:126135218;G|C;Family=11263	0.0982355381294157	0.477809444124169	0.678521018778313	1
chr3:127035373;G|C;Family=11474	-0.144892991016482	0.267784071168215	0.481264023718132	1
chr3:127615888;C|A;Family=14118	0.449160948414461	0.0017974935951821	0.0105876756886946	1
chr3:127676379;T|G;Family=14320	0.202853746985661	0.0192258773062991	0.0734805043635407	1
chr3:127986875;C|T;Family=12056	0.331715468788179	0.00410415183122003	0.021004559835542	1
chr3:128480896;G|C;Family=11504	-0.0372093200899806	0.837555491219196	0.916802951294893	1
chr3:129040491;G|T;Family=12011	0.12036624503156	0.388774466846027	0.59744107224724	1
chr3:131165459;C|T;Family=14136	-0.195243727839072	0.274650674180084	0.48950655213646	1
chr3:1321790;A|G;Family=12964	0.221598561684925	0.193863536770451	0.393016110220893	1
chr3:1329859;G|A;Family=12385	0.0634161551243652	0.526553128560674	0.720467878455539	1
chr3:133826778;G|A;Family=11413	-0.486130199455468	0.00580633237332183	0.0281855129277834	1
chr3:133827116;G|T;Family=12724	-0.195152539665925	0.052674296201005	0.158268647372226	1
chr3:133934381;C|A;Family=14482	0.342956538028883	0.00161512624922906	0.00967573306514899	1
chr3:134478503;C|G;Family=22052	-0.229509322388059	0.0566927769142127	0.167734218986614	1
chr3:136145938;T|C;Family=14243	-0.18186069886438	0.0614591033416728	0.175879391230814	1
chr3:136149821;A|G;Family=12779	-0.164175896264411	0.0949503512524966	0.240611763788049	1
chr3:136327689;A|G;Family=14211	-0.10953157807832	0.266658924371384	0.479911543442491	1
chr3:136338071;A|G;Family=11236	0.375422492515014	0.01272166833096	0.0534310069900319	1
chr3:136338441;T|TTGA;Family=13006	-0.236020416335415	0.070560001831816	0.195443617977159	1
chr3:136980530;C|G;Family=13129	0.165891839368408	0.0164640714507594	0.0653153717512672	1
chr3:136989446;C|G;Family=11356	-0.135996001900808	0.290941763920466	0.504351267738304	1
chr3:137010732;C|G;Family=13940	0.539502116501049	6.42366830635695e-08	1.05621507811758e-06	0.000248210543357632
chr3:138167118;T|C;Family=13798	0.187964557912264	0.0780111286292253	0.209766876147061	1
chr3:13818784;A|AT;Family=11453	0.0315322844308828	0.760723936009516	0.87120251592791	1
chr3:138324244;G|A;Family=12759	0.119927342566036	0.312730760130355	0.526352080280741	1
chr3:138405114;G|A;Family=12324	0.000698486727587541	0.996095264537435	0.99790305993587	1
chr3:139561332;T|C;Family=13555	0.0316314869154995	0.83309611480183	0.915541305423351	1
chr3:140571367;A|G;Family=14452	-0.192295566031833	0.260296311928407	0.472199506709561	1
chr3:14130863;C|T;Family=13412	0.0257908985334016	0.808282908935091	0.89876407485617	1
chr3:141817086;G|A;Family=11069	-0.0808245829259463	0.474315944046522	0.675297276269624	1
chr3:141946431;CT|C;Family=13375	-0.205055198303646	0.084384360357782	0.222112512549366	1
chr3:141946441;A|C;Family=13375	-0.116515222055988	0.307434066791726	0.521248457254599	1
chr3:14198632;G|C;Family=12782	-0.252379771963673	0.0213633385551376	0.0798363902150222	1
chr3:142961716;T|G;Family=12303	0.256895865862608	0.0266153829272597	0.0950479109343174	1
chr3:143057916;C|T;Family=11580	-0.226209189129565	0.082000673265431	0.217766736424485	1
chr3:143059102;A|AT;Family=11142	0.0292435669612639	0.759183604077909	0.870212235585001	1
chr3:14490580;A|C;Family=11121	0.00165288471258204	0.98725236508019	0.99507196945285	1
chr3:148742791;T|G;Family=13028	0.083298654499202	0.537972878185809	0.730821283005238	1
chr3:149965507;CTT|C;Family=11455	0.0649514681445509	0.692625294906438	0.836092730594712	1
chr3:150464875;AG|A;Family=13023	-0.00462692686595544	0.971741212439276	0.98758759728179	1
chr3:150543729;T|G;Family=12975	0.0286879211635423	0.810871938022344	0.900566004243852	1
chr3:151435545;T|C;Family=12313	-0.108909905023971	0.284956977556344	0.500036801747825	1
chr3:153168786;A|G;Family=11919	0.393392941103246	0.000692721493038762	0.00467133656038704	1
chr3:154272947;A|T;Family=14536	-0.277883629872955	0.00436171369843358	0.0219734833516915	1
chr3:155833498;G|A;Family=12929	-0.484961893949892	0.000132003625700483	0.00108523831852483	0.510062009706668
chr3:155940583;C|T;Family=14200	-0.047754819263977	0.734822892663731	0.85651754366596	1
chr3:155941178;G|A;Family=11046	0.252490832692172	0.0578749877822174	0.170119946159406	1
chr3:155942209;C|T;Family=11544	0.19425549089852	0.0357020038200627	0.11821126200576	1
chr3:156537898;T|C;Family=14258	-0.165177009264591	0.136152635059215	0.310746474819141	1
chr3:156538430;A|C;Family=14076	0.115551896669907	0.32744316041688	0.538400158234394	1
chr3:156925112;G|C;Family=11718	0.222225310447857	0.0973807648338856	0.245452886704588	1
chr3:157148062;G|C;Family=12324	0.503270980152008	0.00951312821070111	0.0422712280709116	1
chr3:157152211;A|G;Family=12512	0.116505474258449	0.137086864787256	0.31196586561518	1
chr3:160417783;G|A;Family=13082	0.153654802259418	0.190400042202447	0.387825916220483	1
chr3:160436833;T|A;Family=14215	0.983239821548485	1.31608890937126e-08	2.37633997467782e-07	5.08536754581054e-05
chr3:161071100;G|C;Family=11462	0.409759653026214	0.000656623854481287	0.00445904143008031	1
chr3:161252221;T|C;Family=11227	0.029429870993114	0.695955242768637	0.836092730594712	1
chr3:169779365;C|A;Family=11195	-0.446367925137886	0.0064485003365068	0.0306105716219438	1
chr3:169926859;G|C;Family=13254	-0.239242713674693	0.254943809951017	0.46626296394609	1
chr3:170396591;G|A;Family=12396	-0.0532237144546685	0.731399163383274	0.854589164594185	1
chr3:170890492;G|A;Family=13583	-0.18723976818422	0.293486207890588	0.507396289614869	1
chr3:171859042;T|A;Family=14011	0.298860327516505	0.0482559765249845	0.147211787947305	1
chr3:171859268;G|C;Family=14011	-0.542664644422319	0.0260626384216485	0.0938167286091876	1
chr3:175808323;G|A;Family=12430	-0.183982446190986	0.187756334236989	0.385489094310163	1
chr3:175808777;T|C;Family=11349	-0.0382447761655544	0.765928357572753	0.87328036992066	1
chr3:175808943;A|G;Family=14360	0.241436246951017	0.0210905868597164	0.0792743459396343	1
chr3:177024818;A|G;Family=11897	-0.0359785381458301	0.712314613598317	0.845067137532667	1
chr3:179397074;A|T;Family=13523	0.290649349116366	0.131447436763621	0.3035940798892	1
chr3:179399799;A|G;Family=13706	0.664710370097357	5.88573519818699e-06	6.72854461709897e-05	0.0227424808057945
chr3:179626617;G|A;Family=14671	0.0653972332404352	0.552588384133974	0.741904626926225	1
chr3:179797486;A|G;Family=14155	0.00130264334891437	0.99070095365805	0.99507196945285	1
chr3:180610162;A|C;Family=14557	-0.474996584580117	0.000108474274379739	0.000921196914732556	0.419144596203313
chr3:182944935;C|T;Family=14247	-0.32306324760511	0.0124493409792952	0.052515560637551	1
chr3:183272134;G|A;Family=14425	0.0161822949735958	0.919692630152571	0.95864373426208	1
chr3:183681295;A|G;Family=11172	-0.16822236301402	0.151443196114367	0.334004857183742	1
chr3:183949843;G|A;Family=11159	-0.0125710278990246	0.903658968889434	0.95171509063442	1
chr3:183963531;G|A;Family=11793	0.182289627561204	0.0924573483914804	0.236910162822156	1
chr3:184292359;C|G;Family=12304	-0.376904765851875	9.98314282334566e-07	1.30320486045296e-05	0.00385748638694076
chr3:184322831;G|C;Family=11265	0.142142675494377	0.169149203951538	0.359511839421751	1
chr3:184322841;C|T;Family=12523	-0.153729494654762	0.177234079959304	0.369779959483126	1
chr3:184325022;A|C;Family=12285	0.0333379841165334	0.807757257844695	0.898696816674892	1
chr3:184353323;C|T;Family=11205	0.0116833971098166	0.930501193606262	0.965252355698139	1
chr3:184371956;G|A;Family=12375	0.21936773606818	0.0904255351616355	0.233091572958345	1
chr3:185079873;C|G;Family=12794	-0.0578739767568782	0.682649339699511	0.829497274690343	1
chr3:185081076;G|GT;Family=12210	-0.187826320986672	0.13868767511142	0.314304502422597	1
chr3:185484490;A|G;Family=12921	0.0224916575704378	0.870201042310729	0.932820423045893	1
chr3:185491643;A|G;Family=12573	-0.111266471118488	0.298486750400593	0.51237352445486	1
chr3:185631246;G|A;Family=11263	0.043409334162765	0.72264307567057	0.849452502468066	1
chr3:186551141;G|A;Family=11380	-0.0478632755914119	0.511371215531034	0.707967888503015	1
chr3:186855227;T|A;Family=13383	-0.46606676066395	0.000261898333870331	0.00199417527514943	1
chr3:186856850;A|T;Family=11046	0.365445120036794	0.0389285895460371	0.125470367755818	1
chr3:187077425;G|C;Family=12326	-0.0832006482505972	0.425393181180742	0.633173825917714	1
chr3:188746522;A|G;Family=11749	-0.33734529975173	0.0100581136799859	0.0442648647602113	1
chr3:188877000;T|C;Family=12055	-0.233583805939053	0.209841131035139	0.41305457479357	1
chr3:190308176;A|G;Family=11101	0.0648635447118725	0.745043061345525	0.862446491623459	1
chr3:190429125;TC|T;Family=14527	-0.381221593224696	0.0131860967240549	0.054905447637711	1
chr3:190648856;A|AT;Family=14551	0.100853972492261	0.396490566835144	0.604354852170018	1
chr3:191263055;G|A;Family=11458	-1.139439232921	0.0200175229096864	0.0759800673114226	1
chr3:191397225;A|G;Family=12653	0.266463406106063	0.0244002366162167	0.0887782620386641	1
chr3:193274903;G|A;Family=11651	-0.0387386397588822	0.738270030763476	0.858722275397373	1
chr3:195741032;C|T;Family=14112	0.382294450277867	0.000505804324329092	0.00354705609656554	1
chr3:195765065;A|G;Family=11984	0.243689623728125	0.0408988597690954	0.130605945576682	1
chr3:195863418;C|T;Family=14007	0.224930767615858	0.13512841144311	0.308773614320626	1
chr3:196353313;G|A;Family=14186	0.147428560736112	0.0725925521914938	0.198793495157996	1
chr3:197787323;C|T;Family=13210	0.192061674940271	0.0703349794666337	0.194960086556006	1
chr3:197882964;G|T;Family=12661	-0.343543732671259	0.00281708470566172	0.0155725540810828	1
chr3:19984533;C|CA;Family=11017	0.0456648960710133	0.828673100884668	0.914071613422312	1
chr3:21419460;T|C;Family=13018	0.30132984637873	0.0319801336164436	0.108395821310472	1
chr3:21564628;G|A;Family=14224	-0.149623752219389	0.29866335578241	0.512449026084916	1
chr3:24118529;A|G;Family=12779	0.226434924569054	0.058523092851855	0.171101204227885	1
chr3:24144679;T|C;Family=11027	0.0594639968575128	0.577906798511699	0.75690156302526	1
chr3:28322041;T|C;Family=13165	-0.132075404566126	0.324321054092848	0.536233013699086	1
chr3:3057637;A|G;Family=13879	0.0253419463009753	0.830568398332345	0.914743373279037	1
chr3:3069823;G|A;Family=13601	-0.0925725345076519	0.505591631263657	0.703084384932742	1
chr3:33869532;T|A;Family=12274	0.057503991102232	0.865979515620222	0.93103640744478	1
chr3:35690133;GACA|G;Family=11944	0.306631391036374	0.0813860382730504	0.216662827285616	1
chr3:36987921;A|G;Family=11023	0.213265189400841	0.183242133231155	0.379627444493277	1
chr3:37819231;G|C;Family=12255	-0.399829815084898	0.0126224535238448	0.0531877430928422	1
chr3:37981612;T|C;Family=13636	1.24791853189735	2.50775740256164e-07	3.53648708156868e-06	0.000968997460349818
chr3:38141218;G|A;Family=11062	-0.173995686185437	0.190268406765557	0.387814156713666	1
chr3:38230542;C|T;Family=14463	0.171256073628067	0.155133744870858	0.338507531772708	1
chr3:38253849;C|T;Family=14603	0.0209506167727173	0.791044386881819	0.889320777105426	1
chr3:38254090;C|T;Family=14603	-0.187504903671502	0.010508850220697	0.0457792528216158	1
chr3:38413212;G|A;Family=11347	-0.000796965215998626	0.994366212828189	0.996946301600447	1
chr3:39525249;G|A;Family=12303	0.174354603902849	0.182946883417485	0.379445387828858	1
chr3:40258343;TCAG|T;Family=12493	0.0478310311262258	0.732306865819064	0.854874238527149	1
chr3:40464578;G|A;Family=13346	-0.0293634187080964	0.70870876864328	0.843223411102506	1
chr3:42203612;G|A;Family=12585	0.219955127978092	0.0482705319175039	0.147211787947305	1
chr3:42536507;G|A;Family=13724	-0.144961413276651	0.0778679237589842	0.209574390849765	1
chr3:42536824;C|T;Family=11324	0.095582924818705	0.347510536378015	0.560660005246201	1
chr3:42647134;A|C;Family=14617	-0.231455227429265	0.0486297297595513	0.148190280592197	1
chr3:43349876;T|G;Family=12518	0.068496449235004	0.358886957106606	0.570888626821753	1
chr3:43350246;A|G;Family=12778	0.0651258496978264	0.645097031456722	0.803878805816875	1
chr3:4362061;T|C;Family=12154	0.0960756219056655	0.572169846929647	0.752959547725131	1
chr3:43717811;G|T;Family=12320	-0.0211356270683495	0.853066505096993	0.925603700973711	1
chr3:44439695;A|C;Family=13856	0.360246752634661	0.0199529742043006	0.075809530310145	1
chr3:45547599;G|A;Family=11184	-0.0305440140191801	0.797876761363423	0.892845585261589	1
chr3:45679692;C|T;Family=13835	0.154585842441248	0.168471447171618	0.358722776518829	1
chr3:45680381;C|T;Family=12006	0.146234120315084	0.0677208683620791	0.189070401265227	1
chr3:45756935;G|C;Family=13684	-0.291329253456975	0.0172059147009449	0.0673593256377417	1
chr3:45901659;G|T;Family=14058	-0.211271483439496	0.121481354379742	0.286746458963545	1
chr3:45919816;A|T;Family=14292	0.101556899362829	0.418340248250451	0.627754065724173	1
chr3:46710394;T|C;Family=11472	-0.0157576331410994	0.911648377004146	0.954327395244083	1
chr3:47846504;G|A;Family=11356	0.0797830313402927	0.51017989799882	0.707241458082125	1
chr3:47852360;C|T;Family=13169	0.432393128183875	4.82224253527723e-10	1.07706041365961e-08	1.86331451563112e-06
chr3:48270786;C|A;Family=14351	0.055911133975616	0.518303196642501	0.712529807724808	1
chr3:48294675;G|A;Family=13600	0.207093888058305	0.231623655832128	0.438937619487662	1
chr3:48404401;G|T;Family=13973	0.0573592469280272	0.547235205656659	0.738566830128302	1
chr3:48415712;C|A;Family=12689	-0.217961469213882	0.30364426435557	0.518296616227458	1
chr3:48561884;G|A;Family=12108	0.108584930545768	0.444905671619922	0.647785660828833	1
chr3:48637346;C|T;Family=13895	-0.267180176256902	0.0458655390824736	0.141893068866836	1
chr3:49683365;T|C;Family=12440	-0.0258079404608243	0.775449347871934	0.878433386155718	1
chr3:49713972;A|G;Family=13307	-0.147664546433875	0.112699881682425	0.271971819182233	1
chr3:49721483;G|T;Family=12412	0.213020893402003	0.0384354819346458	0.124488434363346	1
chr3:49724909;A|T;Family=11245	-0.111657909351797	0.356010277145888	0.568926127893088	1
chr3:49724965;G|A;Family=13831	-0.536940512756408	2.26460244303077e-14	9.47226937865982e-13	8.75042383987089e-11
chr3:50101065;G|A;Family=13900	-0.0272119458263257	0.834532964376473	0.916349921668284	1
chr3:50287240;G|T;Family=13486	-0.170050382747041	0.122260684991094	0.288271481291266	1
chr3:50325514;C|T;Family=22280	-0.0619000514097123	0.584426395841464	0.761366234199576	1
chr3:50326397;C|T;Family=13833	-0.0664980890479457	0.397905424864949	0.605317543967781	1
chr3:50584208;G|A;Family=12548	-0.182567340331368	0.0617535939502252	0.176360596469823	1
chr3:50607476;C|T;Family=12162	-0.145679182273958	0.23732936757103	0.445165376841971	1
chr3:51382348;G|A;Family=22308	0.0213733822652087	0.84029723414489	0.918733530933616	1
chr3:51397631;T|TA;Family=11108	0.125908988932389	0.253295966803536	0.464957537163355	1
chr3:51981177;A|G;Family=13988	0.458355030726568	0.0581768050254091	0.170679851429311	1
chr3:52710657;G|C;Family=14404	-0.0415400434508109	0.636277550792865	0.799227391378802	1
chr3:52840077;G|T;Family=11736	0.277277590675763	0.0400504303861592	0.128118308576314	1
chr3:53091713;TC|T;Family=12524	-0.402067313229595	0.00618976064873342	0.0297848507430958	1
chr3:53815743;G|A;Family=11196	-0.0842524607137244	0.41166888530995	0.620488870197991	1
chr3:56570051;G|C;Family=14314	-0.162846236748698	0.144477673277293	0.324193803451487	1
chr3:57091151;T|C;Family=11888	0.0952240182609283	0.3762052604729	0.5863885141054	1
chr3:57095219;G|C;Family=13584	-0.00480468791246989	0.966005547507102	0.984053583083967	1
chr3:57627731;CAT|C;Family=11718	-0.149055247402251	0.107018314197575	0.261886488954674	1
chr3:57897178;G|A;Family=12238	-0.329896494125186	0.000191516347272865	0.00149498821386334	0.740019165862352
chr3:58323856;C|T;Family=11045	0.0130612283541676	0.879028210176119	0.936388547981557	1
chr3:59749398;CT|C;Family=12899	-0.114036714168126	0.164885711335093	0.353758128039311	1
chr3:62294279;TA|T;Family=14236	0.731445146881077	0.00101485763186557	0.00655754162128521	1
chr3:69029837;T|C;Family=14245	0.145965839084674	0.181073892635764	0.376166409217523	1
chr3:69108646;A|G;Family=14446	-0.232602586690536	0.0479940513803239	0.146600011488989	1
chr3:70955673;T|C;Family=14259	2.7116718542083	1.09920755504751e-09	2.32094972278884e-08	4.24733799270358e-06
chr3:71675490;C|A;Family=11753	-0.171562103031685	0.00838725337670478	0.0380708858553025	1
chr3:71684633;G|A;Family=11000	0.103305535753396	0.423804024841789	0.631781925921555	1
chr3:73067881;TAACTC|T;Family=13965	1.14977451777157	0.00879581673316965	0.0396119299032256	1
chr3:8890175;C|T;Family=13026	-0.227131728273616	0.0366359655815358	0.120477762559195	1
chr3:8981576;G|A;Family=12907	-0.552650183547219	6.89953227765815e-06	7.79526102949447e-05	0.0266597927208711
chr3:9047394;C|T;Family=12657	-0.0113101237961677	0.91296913546955	0.954726045860445	1
chr3:9384861;T|C;Family=11325	-0.200730405804452	0.14827132465301	0.330023271001861	1
chr3:9447908;G|A;Family=13576	-0.458859758961508	0.000214718575049138	0.0016527342111352	0.82967257398987
chr3:9476186;G|A;Family=13306	-0.465130909750816	0.0163742215809381	0.0652066905951332	1
chr3:9499170;C|G;Family=11229	-0.0745014684928237	0.285474971051946	0.500036801747825	1
chr3:9499781;G|T;Family=11229	-0.0563683924816075	0.524839677287902	0.719397131266568	1
chr3:98134403;G|T;Family=11396	-0.867908452776499	3.09995249682102e-07	4.26271047961438e-06	0.00119782164477164
chr3:98154572;T|C;Family=13167	0.0771802610151077	0.424834639105705	0.632750215720731	1
chr3:98797515;T|C;Family=13160	0.131717567656903	0.176435820272626	0.369110995957459	1
chr3:9962571;C|A;Family=12271	-0.178655249374736	0.171209128456381	0.361901961228081	1
chr3:9963806;T|C;Family=14017	-0.162311414154578	0.199401562075002	0.399630516523759	1
chr3:99799179;T|C;Family=11115	0.651334724164103	0.0643257542280401	0.182224863883539	1
chr4:102723006;G|C;Family=14542	0.177412661524417	0.100648063586213	0.250905882385243	1
chr4:10442850;T|C;Family=12055	-0.318053189620129	0.000330937654765369	0.00244969942148158	1
chr4:104469009;G|A;Family=12162	0.156575334816148	0.107629663420028	0.263049348168874	1
chr4:105275518;C|T;Family=11348	-0.240335874606388	0.15733753268509	0.342508296504332	1
chr4:106247280;G|C;Family=14493	0.0554621428137258	0.591431610089953	0.765436776568897	1
chr4:107912006;A|C;Family=14147	0.125001316261726	0.313700082473236	0.527245375674895	1
chr4:108005229;A|G;Family=12748	0.0588229778276278	0.560356252154781	0.747399571393191	1
chr4:109688545;T|TAAAC;Family=12838	-0.335270306494735	0.0720117762564093	0.197919527248007	1
chr4:109713597;T|C;Family=14006	0.0525687448154495	0.765759855113224	0.87328036992066	1
chr4:109844314;A|G;Family=12456	0.152195843359428	0.157684865754773	0.342875624712983	1
chr4:110046164;G|A;Family=14414	-0.265638352323069	0.0597872962160208	0.173437021455484	1
chr4:110047183;T|A;Family=14414	0.0453574267503249	0.730930565621351	0.854558458566082	1
chr4:110049519;T|C;Family=14424	0.554264048078432	0.000218437515427313	0.00167604281364361	0.844042559611137
chr4:112187019;C|T;Family=12689	-0.132994029845768	0.246894946376285	0.456460321912903	1
chr4:112190766;C|G;Family=11383	-0.252237801821549	0.0227460605741903	0.0837852984353397	1
chr4:112539345;G|GA;Family=13870	0.385141923423265	0.0452335866659457	0.14061349869446	1
chr4:113901005;G|C;Family=14175	0.0756656071766421	0.683694158665413	0.829888915608508	1
chr4:113901299;T|G;Family=14175	0.210328566999684	0.120002638540029	0.284821987296482	1
chr4:11394410;A|C;Family=13066	-0.0392311393945587	0.834839930626506	0.91642656021046	1
chr4:118714922;G|A;Family=14127	0.0857857031748993	0.370804935070214	0.581005708636041	1
chr4:118797718;C|T;Family=12150	0.156978376824395	0.0417523284682259	0.133111383829393	1
chr4:118817391;G|T;Family=12638	0.274344516241062	0.0307284120345507	0.105354555547031	1
chr4:119294495;T|C;Family=13277	-0.148533115017603	0.197350180287721	0.396547632153798	1
chr4:120693224;C|T;Family=14233	0.0160009812068168	0.880769733322175	0.937030355054208	1
chr4:120837941;C|T;Family=12613	0.260700484502449	0.00178458492378494	0.0105276887717634	1
chr4:121668004;G|A;Family=11356	-0.46928961931622	0.295169204521884	0.508939672589273	1
chr4:121817385;A|G;Family=12517	0.107384717499217	0.721512050711626	0.849452502468066	1
chr4:122922243;T|G;Family=11775	-0.0549689252408381	0.694067743662081	0.836092730594712	1
chr4:127724380;A|C;Family=11215	0.10040642277612	0.718289473319456	0.847844839731166	1
chr4:127835018;C|T;Family=11415	-0.422272577176001	0.35840998097561	0.570855798223314	1
chr4:128017501;C|T;Family=14395	-0.553360310852284	5.07044793171471e-09	9.69911426145823e-08	1.95922108081456e-05
chr4:128862284;C|T;Family=13660	0.156719874273764	0.159239945535872	0.344900868582181	1
chr4:128874168;A|AT;Family=12507	0.100915950406456	0.409355011644259	0.618111670571871	1
chr4:129039751;C|T;Family=14514	-0.0912688522777387	0.285539415361279	0.500036801747825	1
chr4:133193466;C|A;Family=12637	-0.471596120854232	0.000480408552427513	0.00339981437102548	1
chr4:133194330;A|G;Family=13504	0.0336497032982254	0.777903978393949	0.879409295644886	1
chr4:134197149;C|T;Family=14288	0.108460230486336	0.473261292708782	0.674292638284193	1
chr4:13568956;G|A;Family=11245	-0.123797835645451	0.195936693297432	0.395145815710479	1
chr4:13614601;C|T;Family=22364	-0.00864819689469939	0.940049362949945	0.972256621637737	1
chr4:138164683;C|T;Family=13732	-0.111823892358423	0.510856643479421	0.707615371185877	1
chr4:1387646;AT|A;Family=13916	0.0793500863113266	0.365332251841502	0.576181151475741	1
chr4:1389494;C|T;Family=12782	0.229146471777121	0.0861974027439995	0.225961169744107	1
chr4:139045662;G|A;Family=13415	0.0654598327453629	0.650701651891908	0.806926762584548	1
chr4:1391008;T|G;Family=14198	-0.10914300825706	0.112106802572672	0.270907245241279	1
chr4:139388551;G|A;Family=14016	-0.135937609496099	0.284186320781217	0.500036801747825	1
chr4:139476470;C|T;Family=13620	0.185877182911702	0.120979920171293	0.286133826065297	1
chr4:139533260;C|T;Family=14081	0.115522596462622	0.241464085307936	0.449645488782078	1
chr4:139599880;C|A;Family=11266	0.148469283000163	0.132597914937838	0.305338702812757	1
chr4:139600680;G|A;Family=11422	-0.20806420035066	0.127459654284621	0.296689219370948	1
chr4:140859934;C|T;Family=12130	-0.285759516174612	0.0996057640564058	0.249919917086982	1
chr4:140865880;T|C;Family=13523	-0.15260995329863	0.22172910258961	0.428085308159014	1
chr4:140866639;T|TA;Family=13683	-0.123619520031801	0.308609131952599	0.522781975390111	1
chr4:141234067;A|G;Family=11172	0.109272281011536	0.144933394209245	0.324839115559467	1
chr4:142314758;C|T;Family=12424	0.172856046060961	0.198362151011183	0.397960203274773	1
chr4:144109810;C|T;Family=11573	0.252049586432693	0.0141741598330695	0.0579565646507729	1
chr4:145123027;G|A;Family=13548	0.203921852359237	0.231117013978339	0.438427805691881	1
chr4:146514083;G|A;Family=13296	0.115240399677093	0.355731366987574	0.568926127893088	1
chr4:146641146;CAAGT|C;Family=12340	-0.426449092338693	0.00261713623651687	0.0146559629244945	1
chr4:15069288;GCTGA|G;Family=12738	0.43678293174406	0.0121196999087016	0.0513492548763411	1
chr4:151120728;T|C;Family=14314	0.0762999488175534	0.55448220723093	0.742640987431652	1
chr4:152628346;T|C;Family=11798	-0.146159877670089	0.367045729571868	0.577411767426224	1
chr4:153336200;G|A;Family=11198	0.40384665990834	0.00124429655623054	0.00776730515876385	1
chr4:15444954;A|T;Family=11307	0.0941147976461791	0.388506606536724	0.59744107224724	1
chr4:154535187;CACA|C;Family=14351	0.414058968048016	0.00258624211389258	0.0145674045598848	1
chr4:155713102;T|A;Family=14523	0.138829531513259	0.354639130026277	0.567892912731675	1
chr4:155919994;C|T;Family=12396	0.381873983678865	0.0367860374772735	0.120663199331226	1
chr4:158905380;T|G;Family=14047	-0.0526378237504876	0.585096468212832	0.761366234199576	1
chr4:158905911;A|C;Family=11979	0.0952319274201763	0.22111584937391	0.427409525753271	1
chr4:16161394;C|T;Family=11018	-0.0135847134872284	0.865582719975177	0.930868808790449	1
chr4:1641396;C|T;Family=14112	0.100157215666387	0.551672462799396	0.741276566935428	1
chr4:165079061;A|G;Family=14208	-0.186074946465212	0.0717859965324623	0.197846712269211	1
chr4:166074932;C|T;Family=13092	-0.218348622085912	0.232805145534121	0.440097398406968	1
chr4:166734175;A|T;Family=11447	0.250154717845207	0.00415533863750462	0.0212103414733393	1
chr4:167000419;G|C;Family=14373	-0.270674157474887	0.0434562369369985	0.136738517528145	1
chr4:1692863;TAAC|T;Family=14411	0.105348685756758	0.527029574513538	0.720864522449667	1
chr4:1717219;G|A;Family=14292	0.303874585858814	0.201730635623516	0.402488281982166	1
chr4:173331978;A|C;Family=11280	-0.0350940094803647	0.858778517484667	0.927251577654494	1
chr4:174490238;A|G;Family=13614	7.13962018414374	1.14141576205161e-08	2.10020500217495e-07	4.41043050456741e-05
chr4:174637083;T|A;Family=13898	-0.0759552133690472	0.750640314120078	0.865296591217178	1
chr4:17629337;A|G;Family=13131	-0.150016247143445	0.288427632314135	0.502019987054872	1
chr4:176328690;T|C;Family=14137	-0.12275558664932	0.476822564276075	0.67811644768596	1
chr4:17802844;T|C;Family=11107	0.271714295069778	0.0212063795782448	0.0795548064954738	1
chr4:17817327;T|C;Family=11086	0.0233591889726269	0.901651927983954	0.951227667040348	1
chr4:1805617;G|A;Family=11966	0.0632715560449851	0.697345581162966	0.836310343566044	1
chr4:183253800;G|C;Family=14285	-0.166851152490249	0.199896858455283	0.399897703650339	1
chr4:184089729;G|A;Family=14560	-0.27018628323933	0.0145953937555829	0.0593792401830869	1
chr4:185366907;T|TA;Family=11412	-0.0740122847909017	0.55393283237736	0.742419862749261	1
chr4:186274383;A|G;Family=13742	0.324803570141193	0.00325105629018135	0.0174959352440957	1
chr4:1942178;A|T;Family=11057	-0.550384428816297	0.0592528712675665	0.172664475548927	1
chr4:1942314;T|C;Family=12346	0.145622858623893	0.148088561841538	0.329996656837199	1
chr4:1947391;C|T;Family=11537	-0.0602856561060196	0.621992607880067	0.788931880188744	1
chr4:2065821;G|A;Family=13928	0.14125654583202	0.126769815302051	0.295848346548428	1
chr4:23883160;G|T;Family=13692	0.516273133635524	5.33379926172727e-08	8.84540787438376e-07	0.000206098003473142
chr4:2512438;AAAG|A;Family=13927	-0.10375555298004	0.319494868122455	0.531208334950588	1
chr4:25677688;C|T;Family=13409	0.296661137343474	0.0312347279947877	0.106523379498552	1
chr4:25678077;A|G;Family=11256	0.0776002836059393	0.509909602229833	0.707241458082125	1
chr4:26432168;G|T;Family=13336	0.308053982639511	0.0329052695131507	0.110754321775971	1
chr4:2833952;G|A;Family=12343	-0.119463769170744	0.21897939372043	0.424554128116278	1
chr4:2838715;A|G;Family=13152	-0.0611558273254218	0.538294840418499	0.730821283005238	1
chr4:2938451;T|C;Family=14379	-0.323832109465088	0.0260997020260707	0.0938167286091876	1
chr4:2965551;A|C;Family=14022	-0.0425279183472049	0.732687557641278	0.855060320968256	1
chr4:2966118;A|G;Family=12719	-0.10469503457274	0.360172036138498	0.57165196728741	1
chr4:31144075;G|A;Family=11933	1.2570273526604	6.76370730736551e-15	3.0389494227512e-13	2.61349650356603e-11
chr4:3255979;G|A;Family=12802	-0.0629587860074214	0.642558941591115	0.802033337308619	1
chr4:3256094;C|G;Family=11346	-0.427042468256788	0.00642508155246389	0.0305626881740314	1
chr4:3493275;C|T;Family=12749	0.153582980664413	0.369563493874445	0.579542751757653	1
chr4:3493768;G|C;Family=14485	0.177099011662464	0.0194584167014522	0.0742224305374249	1
chr4:38690744;C|T;Family=11067	-0.187466992439225	0.1270501029458	0.29591416382313	1
chr4:39547814;A|G;Family=14460	-0.216817453664211	0.214287758283949	0.41882038341385	1
chr4:39898284;A|G;Family=12108	0.497211084462326	0.00266362382094146	0.0148517206985827	1
chr4:40157562;C|T;Family=11413	0.125079928544096	0.613967403195667	0.782185969649871	1
chr4:42412029;T|C;Family=13822	-0.0752708171185034	0.437523753359204	0.64387218712698	1
chr4:4321136;C|T;Family=11946	-0.0438250811763836	0.758637868247255	0.870212235585001	1
chr4:44699882;C|T;Family=13543	-0.175689482082512	0.259809602895083	0.472163579466886	1
chr4:44706524;T|C;Family=12778	-0.198151022642523	0.137129832606396	0.31196586561518	1
chr4:51994125;T|G;Family=14044	-0.106875359372943	0.600699198010755	0.772156254528794	1
chr4:52022904;T|C;Family=13694	0.460900445636539	0.109816306019765	0.266610240688236	1
chr4:52592741;A|C;Family=11491	-0.0276126667122326	0.821047871297617	0.908773696560868	1
chr4:52596840;C|T;Family=14670	-0.469926754883945	0.000434412995268178	0.00312002195858037	1
chr4:54296702;G|A;Family=11096	-0.0121680300661679	0.926648918462376	0.964216684620141	1
chr4:54740149;T|G;Family=14541	-0.0460799157698193	0.353615326859081	0.567064035498447	1
chr4:56393831;T|C;Family=14535	0.62333412086677	0.013825024174994	0.056890195327132	1
chr4:5897783;G|T;Family=11498	0.167442897159016	0.169575613885676	0.360022072557281	1
chr4:6322500;G|A;Family=13341	-0.0160595729553679	0.904131869546247	0.951925216328801	1
chr4:6323061;C|G;Family=13737	-0.0961737158589411	0.499623462281018	0.699472847193426	1
chr4:67606634;T|C;Family=12662	-0.477602212495222	0.00340607643734095	0.0181282084764262	1
chr4:67821539;G|C;Family=22016	-0.171883797528144	0.361779724999624	0.573079659402185	1
chr4:68227184;G|A;Family=13592	-0.00345600917458492	0.989495662569309	0.99507196945285	1
chr4:68311189;G|C;Family=14134	-0.175823279182965	0.13121670267609	0.303423901340761	1
chr4:68497139;A|G;Family=11101	-0.0221854261586394	0.871186488261736	0.932820423045893	1
chr4:6881297;A|T;Family=13005	0.0515985980090388	0.690231782030162	0.835528591513206	1
chr4:6883369;A|C;Family=14686	0.442207680004199	0.326189239695796	0.538102995797263	1
chr4:69480687;G|T;Family=12113	0.122090980060605	0.195931561609218	0.395145815710479	1
chr4:70158581;C|T;Family=11075	-0.0152710025090021	0.830669890418357	0.914743373279037	1
chr4:7032861;G|A;Family=11489	-0.150240524333072	0.0736538719621408	0.200822267745954	1
chr4:70815920;A|G;Family=11263	-0.048163355567012	0.585474341292815	0.761366234199576	1
chr4:70817047;AG|A;Family=13265	-0.138446609635879	0.402636190690531	0.609873085389342	1
chr4:70817164;CAAGTTT|C;Family=12175	3.54855881302977	1.49869791572539e-23	4.82580728863575e-21	5.7909687463629e-20
chr4:71568932;C|T;Family=11916	-0.373186417965399	0.000856954341415105	0.0056797111067375	1
chr4:7431400;G|A;Family=14681	0.245223956649587	0.00334723824767472	0.0178889745352906	1
chr4:75655166;A|G;Family=12523	-0.449275560556346	0.0801751140655361	0.214540609937141	1
chr4:76159602;G|A;Family=11381	0.125333996731601	0.185782019238826	0.382451636834748	1
chr4:76159718;C|CA;Family=14329	-0.300492431020753	0.0207386768721255	0.0781797535940418	1
chr4:76179611;A|G;Family=13195	-0.163088833166101	0.428433578924574	0.635984383005975	1
chr4:76263795;A|G;Family=11497	-0.0350494856807688	0.661442940313019	0.814472760155992	1
chr4:767899;C|T;Family=13879	-0.0585460292491628	0.599160591545954	0.771039959307	1
chr4:7741984;G|A;Family=11258	-0.285944264586798	0.00833313760020787	0.0380046707184932	1
chr4:7742481;T|C;Family=13628	0.0123111434587224	0.891539143017137	0.944327644906309	1
chr4:77717094;A|C;Family=12972	0.367672694139618	0.037893563544326	0.123249772336091	1
chr4:77718086;T|G;Family=14346	1.16822097014944	3.05583469825602e-05	0.000295193631851532	0.118077452740613
chr4:78071689;C|T;Family=11325	0.137378526303128	0.322833935423125	0.535559369757682	1
chr4:78446141;A|G;Family=11933	-0.190565600544809	0.227627195182985	0.435637187809337	1
chr4:78912468;T|C;Family=11673	0.388008239010249	0.025936467858376	0.0935747075674741	1
chr4:78919845;C|T;Family=11450	-0.0929916388900111	0.397374107257984	0.604985638473148	1
chr4:78920280;CGTT|C;Family=13034	-0.114695302053007	0.398455100509297	0.605666105749825	1
chr4:78926636;G|A;Family=13748	0.000383151687701273	0.996611539094109	0.998108377510375	1
chr4:7966592;A|G;Family=11407	0.0841383719734021	0.530400494242435	0.724036303263121	1
chr4:79903699;G|A;Family=13578	0.322583775854876	0.0582184379357745	0.170679851429311	1
chr4:8007268;G|A;Family=11031	-0.0913816614854807	0.365551076461097	0.576291048325451	1
chr4:80870473;A|G;Family=13997	-0.0553506822363458	0.472901696025577	0.674292638284193	1
chr4:81054276;T|A;Family=14419	-0.582324375846982	3.03589558014359e-06	3.66584391302338e-05	0.0117307005216748
chr4:81088749;CGAT|C;Family=13444	2.55558137397033	1.8896655516918e-08	3.33409483640965e-07	7.30166769173713e-05
chr4:82355303;C|T;Family=11041	-1.38503667454322	1.42812586568764e-09	2.98285315946867e-08	5.51827834501705e-06
chr4:82423553;G|C;Family=12673	-0.210409480612028	0.0046420413349679	0.0232643939277769	1
chr4:82917533;T|A;Family=11109	-3.13954845931467	5.28201111731248e-06	6.12903632351214e-05	0.0204096909572954
chr4:82918607;C|A;Family=11568	-0.215224278239927	0.131330170599348	0.303504652629116	1
chr4:82927114;A|G;Family=12320	-0.596695438536675	0.000176494095641476	0.00138912264699561	0.681973185558664
chr4:82931083;C|T;Family=13916	-0.0541094940114498	0.740996060597407	0.859822455900414	1
chr4:83459557;C|T;Family=14608	0.192726567696332	0.437579804191369	0.64387218712698	1
chr4:83462178;C|T;Family=13054	-0.299420866393716	0.00270704884120579	0.0150504125502434	1
chr4:84649853;GAAA|G;Family=12867	0.654307522205899	0.000150606582197876	0.0012174557188548	0.581943833612595
chr4:849961;G|A;Family=11798	0.203654849116679	0.203986621947651	0.405634284181664	1
chr4:8606838;G|A;Family=12529	0.108562718331884	0.278832297468912	0.495132351755458	1
chr4:8618435;C|T;Family=12656	0.0907034529631027	0.537406923903053	0.730404626789094	1
chr4:87812148;T|C;Family=11310	-0.0932449450571784	0.350598347801488	0.564225005403735	1
chr4:88707192;T|G;Family=13568	0.136263539249944	0.200155838214222	0.399897703650339	1
chr4:95156901;A|G;Family=11368	-0.561106836836096	1.41254314078087e-06	1.78368192678996e-05	0.00545806669597729
chr4:95167823;A|G;Family=13344	0.024268000512466	0.849889733347678	0.924281995399782	1
chr4:95169196;T|C;Family=13654	-0.342575585677988	0.0871416898507042	0.227510465934541	1
chr4:98471525;A|G;Family=13089	-0.00617143350011116	0.949914632396447	0.977069207991936	1
chr4:98874417;GCAC|G;Family=12860	-0.0660513882558347	0.722038148903124	0.849452502468066	1
chr5:103277917;C|A;Family=11490	-0.00536059776391799	0.94706671276624	0.974817735250067	1
chr5:103549489;T|C;Family=13651	0.870396155701171	0.00143168220458008	0.00878098418809116	1
chr5:1038589;G|A;Family=14036	-0.0621188697578978	0.677484533551134	0.825426509903199	1
chr5:10651985;A|G;Family=12572	0.224203005906074	0.204204180651319	0.405634284181664	1
chr5:10655067;C|T;Family=11954	0.0472340519123333	0.635215383461268	0.799227391378802	1
chr5:107878371;G|A;Family=12645	-0.637194285093949	0.00100339846725416	0.00651266724130765	1
chr5:107880810;T|C;Family=12071	-0.413244695202048	0.0030520451817082	0.0166334310044013	1
chr5:109188214;C|T;Family=12321	2.36306445946689	0.00280234407470068	0.0155132629006353	1
chr5:109194136;G|C;Family=14596	0.346103142228815	0.00641535225775792	0.0305626881740314	1
chr5:109195086;A|G;Family=13894	-0.24712674995915	0.0635978607516363	0.180825705624962	1
chr5:109196078;A|G;Family=12969	-0.106442558115239	0.619366468862936	0.786750060772336	1
chr5:11017999;C|T;Family=12467	-0.0533065900972541	0.566531267162366	0.750969748307164	1
chr5:111473367;G|A;Family=11933	-0.145052978607406	0.282234261204449	0.498201670388346	1
chr5:112164264;A|G;Family=12758	0.621608998506431	0.0171318937945296	0.0671572796849863	1
chr5:113018686;G|C;Family=13160	-0.0552681809918821	0.526270221887645	0.720335861627298	1
chr5:113532927;C|T;Family=11788	0.321410108247023	0.00226622052325364	0.0128964301941857	1
chr5:115126066;G|C;Family=14291	0.0553879196488353	0.563521585557509	0.748095204413415	1
chr5:115206875;G|A;Family=12206	-0.019302899234377	0.874073515997578	0.933504716919469	1
chr5:115522383;T|C;Family=11957	0.0265559755846452	0.840508031017167	0.918733530933616	1
chr5:115805085;TC|T;Family=14481	-0.148954505482074	0.311253307437386	0.524856521277325	1
chr5:123193715;A|G;Family=13843	0.0475890840507362	0.73807878253703	0.858722275397373	1
chr5:124637274;C|A;Family=13876	-0.102580094308508	0.484376782010731	0.685447395556083	1
chr5:126543387;C|T;Family=14129	-0.281681168859837	0.00356167033727031	0.0187242097730782	1
chr5:127051416;G|A;Family=11524	0.0477892439997386	0.689681804115805	0.835528591513206	1
chr5:128259231;A|G;Family=13947	0.933122917742751	0.0179339781352007	0.0697853892390892	1
chr5:131200111;T|G;Family=13486	-0.0273029941901424	0.847158555495366	0.922526856178073	1
chr5:132483133;G|A;Family=13575	-0.117131174925993	0.34397933979584	0.556822860901184	1
chr5:132861482;T|C;Family=14463	-0.0136462232695546	0.871126998022558	0.932820423045893	1
chr5:134579061;G|T;Family=22231	0.237158234782944	0.0018429499077977	0.0108060067431416	1
chr5:134602714;C|T;Family=13064	0.0168078322350285	0.842948064013862	0.920099242754114	1
chr5:134603713;C|G;Family=12175	0.326814760462254	5.95663157471052e-05	0.000541562927168975	0.230164244046815
chr5:134606769;C|T;Family=11300	-0.806923304907819	0.00668410305049672	0.0314201632446707	1
chr5:134751145;T|C;Family=14206	0.255845043036023	0.0303624567923882	0.104470643851993	1
chr5:134751653;A|C;Family=12705	-0.025020237036338	0.830470031523544	0.914743373279037	1
chr5:134900029;ACT|A;Family=14032	-0.0413984808150687	0.650370070245432	0.806926762584548	1
chr5:135446401;G|A;Family=13053	0.0267469950175849	0.781124696838277	0.881760393976951	1
chr5:135826564;C|T;Family=13620	-0.135083135247922	0.224056822044462	0.430530487834374	1
chr5:135872456;C|T;Family=12162	0.0656416589493314	0.536625174267184	0.729598759102181	1
chr5:135947137;G|A;Family=14686	-0.0557943188308371	0.667021534410689	0.818406063534557	1
chr5:136247596;C|T;Family=14339	0.125108286276961	0.265878724321741	0.479339040817556	1
chr5:136977317;C|T;Family=11388	-0.0266289387180617	0.79315493289988	0.890137799084521	1
chr5:136978143;T|C;Family=12997	0.601316676769895	0.000134347954963163	0.00109950258130675	0.519120497977661
chr5:137620150;C|T;Family=13812	0.148389207866872	0.271938580791689	0.486693226576696	1
chr5:138160986;G|T;Family=12837	-0.052048119805209	0.762257124278047	0.872441210962788	1
chr5:138468105;A|G;Family=11721	0.026553817929593	0.832405155627575	0.915314035670162	1
chr5:138506911;AG|A;Family=14015	0.663281514377449	4.85662183402942e-09	9.33631182422372e-08	1.87659867666897e-05
chr5:139412675;C|A;Family=11254	0.0222413078874557	0.854067621723095	0.925603700973711	1
chr5:139448778;C|T;Family=11696	-0.282536574114228	0.0462746854064043	0.142929963557431	1
chr5:139473349;C|T;Family=13750	-0.0803890020744762	0.505532071451342	0.703084384932742	1
chr5:139844466;A|G;Family=13985	-0.308364532338359	0.101933614665284	0.253293560814571	1
chr5:140116673;C|T;Family=12118	0.650524686361261	0.151873167252174	0.334571219077764	1
chr5:140566826;G|A;Family=12456	-0.329140100931487	0.0154326169895194	0.0622277746611517	1
chr5:140668697;C|T;Family=13589	-0.196623441564644	0.204286831526273	0.405634284181664	1
chr5:141011417;G|A;Family=12494	-0.130307077793999	0.350546550655628	0.564225005403735	1
chr5:141098268;T|G;Family=14118	0.624181355604482	0.000673080230231469	0.00455478460527915	1
chr5:141124503;C|T;Family=13577	0.254518710343801	0.0161740433441753	0.0646292693711409	1
chr5:141218712;C|T;Family=13612	-0.0502675310594827	0.491884359994752	0.692401153741246	1
chr5:141511592;C|T;Family=12261	0.344247597612367	0.00159192596750167	0.00956641047966788	1
chr5:141574181;C|T;Family=11265	-0.139915688720709	0.24913789294899	0.459069536649928	1
chr5:141944620;C|T;Family=13064	-0.484353285821899	0.000278823927808959	0.00210014747963707	1
chr5:144485013;G|A;Family=11918	-0.222524112306487	0.0757364810061509	0.205077619206564	1
chr5:146063236;G|A;Family=12628	-0.424288990959246	0.00117300055313356	0.0073939219205678	1
chr5:146510584;G|A;Family=14540	-0.22064654815391	0.158381348143519	0.3436643565982	1
chr5:14708976;T|TCTGC;Family=11700	-0.522461442700058	0.000518999112729333	0.00362642418008344	1
chr5:148286243;G|A;Family=12932	-0.667252824496545	0.189475367627237	0.386962378705942	1
chr5:149042833;G|A;Family=12497	0.0797699934195603	0.540291939301801	0.732265188867821	1
chr5:149369334;G|A;Family=13586	0.368394742327147	0.0139301132372486	0.0572008050464703	1
chr5:149632765;G|A;Family=12908	-0.175724653661414	0.133818504352295	0.306505453952144	1
chr5:149852282;CCT|C;Family=12053	0.400752306349781	0.00343700540826293	0.0182175430693113	1
chr5:150114767;G|A;Family=14044	-0.0911933935564091	0.444519208997406	0.647785660828833	1
chr5:150132781;C|T;Family=14058	0.10773453788911	0.268608143621559	0.482072395240921	1
chr5:150296819;C|G;Family=12802	-0.0727467266694584	0.577429623066851	0.756591408453819	1
chr5:150405353;G|T;Family=12790	-0.129178062325799	0.182205228954014	0.378110099182767	1
chr5:150651253;G|A;Family=12972	0.151282485994366	0.217263548696613	0.422151508491971	1
chr5:150653430;C|A;Family=11118	-0.244013995811841	0.0336737052909782	0.112751470748995	1
chr5:150715573;G|A;Family=11250	-0.00793983494421293	0.939425038408552	0.972131319874302	1
chr5:151181061;G|A;Family=12681	-0.757332374627921	0.000188957844490804	0.00147800224921552	0.730133111112466
chr5:151315542;G|A;Family=13503	-0.0895183283663842	0.300272227489123	0.513851246760675	1
chr5:151794181;A|G;Family=14642	-0.315331502902648	0.0430951294648656	0.135823474920262	1
chr5:153991515;CA|C;Family=11676	0.0265825019662847	0.804724302968732	0.897130613580837	1
chr5:153992232;T|C;Family=11519	-0.0844960270073479	0.323571529664468	0.53614081930682	1
chr5:154417976;C|T;Family=14214	0.110430992992098	0.505660327569381	0.703084384932742	1
chr5:154968991;A|T;Family=11634	0.178261652910185	0.0453222136930501	0.140775750570696	1
chr5:157086815;CCCA|C;Family=14307	-0.0828645562910089	0.564221512892977	0.748421533065041	1
chr5:157502848;G|A;Family=14455	-0.139685960863462	0.405823387013034	0.613498265813132	1
chr5:157759964;G|A;Family=11055	0.158494556632579	0.306536813821449	0.520956308030278	1
chr5:158698174;C|T;Family=14456	-0.109392597762679	0.440001674261023	0.645674055167911	1
chr5:160259707;C|A;Family=14681	0.00578023709537181	0.964535013016361	0.984053583083967	1
chr5:161289036;T|A;Family=11931	0.173260868634341	0.199987536201678	0.399897703650339	1
chr5:161897364;A|G;Family=14046	-0.312832905595587	0.0215380108102405	0.0802534944751872	1
chr5:162153429;T|A;Family=14317	0.0504454696288568	0.603529887848861	0.77399252792831	1
chr5:162159552;G|A;Family=11827	-0.229759970804407	0.117454964486485	0.280324881269781	1
chr5:169598511;C|T;Family=11336	-0.0913028560348801	0.562014236829479	0.748095204413415	1
chr5:170047567;T|TA;Family=12916	-0.17559791685693	0.0383431565519538	0.124397948712636	1
chr5:171028985;T|G;Family=14333	-0.383323597796401	0.000110680952059968	0.00093377990995571	0.427671198759715
chr5:172044771;G|A;Family=14563	0.23748179646776	0.00403621711160687	0.020766901357189	1
chr5:172044784;C|T;Family=11298	-0.223762567230435	0.0197844712482699	0.075317435372724	1
chr5:172334322;C|G;Family=13151	-0.0346513202088895	0.772904810490597	0.877415885353352	1
chr5:172690788;T|A;Family=11159	-0.0653668347282008	0.587721032209654	0.763089404723824	1
chr5:172950895;A|C;Family=11895	-0.187766521050585	0.194994589012209	0.394068562731785	1
chr5:173092121;A|C;Family=14185	0.355580176110986	0.37094748530153	0.581005708636041	1
chr5:173958259;G|A;Family=13290	0.0107011646544642	0.896349496621122	0.947704140900528	1
chr5:175709168;A|G;Family=11079	0.134942472571883	0.196124970703692	0.395319189775205	1
chr5:175883914;C|T;Family=11707	0.171223195755111	0.0509611178986981	0.154155400420558	1
chr5:176378052;G|A;Family=13582	-0.165197769245292	0.205285068799542	0.406600735288326	1
chr5:176508338;GT|G;Family=13975	-0.448366340176212	0.00155440465311649	0.00937007734733561	1
chr5:176508958;G|A;Family=11671	-0.291025200165735	0.00934237649799487	0.0416846914413998	1
chr5:176526703;G|A;Family=13629	-1.18211313607963	6.35511853188369e-07	8.46764758868917e-06	0.00245561780071986
chr5:177307387;G|C;Family=12817	0.10123381782105	0.548963842940764	0.739717445555191	1
chr5:177490390;G|A;Family=14124	-0.127003472643456	0.310068113120679	0.524104632151489	1
chr5:177524227;G|A;Family=11781	0.224140039148449	0.0969449401380482	0.244673578506478	1
chr5:178123185;G|A;Family=12858	0.03852510163771	0.61166060561185	0.780250083478709	1
chr5:178123307;G|A;Family=12563	-0.0168752176418754	0.874714933225856	0.93356132447862	1
chr5:178619898;T|C;Family=12618	-0.184511312999009	0.120121485550652	0.284929048598968	1
chr5:178620162;A|G;Family=14288	-0.0464840357893025	0.679013528495692	0.82610462031088	1
chr5:178979903;C|G;Family=12739	-0.0292749383061551	0.677601679454697	0.825426509903199	1
chr5:179917699;TA|T;Family=12795	0.0803152454968746	0.225954488663541	0.43372486050468	1
chr5:180241066;T|C;Family=11563	0.0380081532905803	0.585433224915575	0.761366234199576	1
chr5:180791412;T|C;Family=14263	0.491383853782516	1.56581295893422e-09	3.20121760493218e-08	6.05030127332182e-06
chr5:180950161;G|A;Family=14696	-0.0572129344098667	0.717943706649584	0.847840612009166	1
chr5:181006559;C|T;Family=12899	0.401839882214533	0.185748683123794	0.382451636834748	1
chr5:188554;TGAC|T;Family=13874	0.38405569118743	3.35143672555191e-09	6.60711811608804e-08	1.29499515075326e-05
chr5:24492863;GA|G;Family=12329	0.224421594179193	0.0975129397461088	0.245625814327878	1
chr5:2754211;C|T;Family=12498	-0.0936760955139215	0.260031851403901	0.472163579466886	1
chr5:31328224;T|C;Family=13914	0.975916466807729	8.53980689514947e-06	9.37437893262998e-05	0.0329978138428575
chr5:32787669;G|A;Family=12888	0.0932318279267209	0.350041395990493	0.563801564863387	1
chr5:33947127;G|A;Family=13885	-0.0141200246094738	0.915176884499265	0.955741481541935	1
chr5:35060331;G|A;Family=14513	0.242177993436768	0.0237603683026414	0.0867769972792122	1
chr5:35876241;G|A;Family=14310	0.127185497103851	0.592507312383757	0.765660389860689	1
chr5:36100376;T|C;Family=12415	-0.0624018809469772	0.764578386831639	0.873029221843219	1
chr5:36103518;G|GT;Family=11348	-0.269457497411663	0.115080709856865	0.276989670083309	1
chr5:36194589;A|G;Family=12858	0.203262365348411	0.304101500835834	0.518296616227458	1
chr5:38947440;A|T;Family=14188	-0.0768442872633564	0.647556147109643	0.805328919353609	1
chr5:40760134;C|T;Family=14336	0.0037351079167175	0.976997182091697	0.989959726886393	1
chr5:40981661;C|T;Family=13148	-0.0656226795824264	0.647901353869219	0.805498980486056	1
chr5:41310859;C|T;Family=11055	0.0274413614888217	0.842575725291396	0.920099242754114	1
chr5:42721448;G|C;Family=11931	0.0593315229113492	0.762552348230927	0.872520661404887	1
chr5:43380844;A|G;Family=11348	-0.462338781065566	0.0884036609220161	0.229256205236691	1
chr5:43444768;T|C;Family=12605	-0.242039149111658	0.143618566275982	0.323053129066468	1
chr5:52952473;A|G;Family=12415	0.21441305778412	0.142757758472926	0.322205595058053	1
chr5:52954074;C|A;Family=14285	-0.0370611542742783	0.714642853706942	0.846270299333014	1
chr5:53045071;C|T;Family=12430	-0.296170867128317	0.00249385469359235	0.0140895287653206	1
chr5:5319376;CAG|C;Family=14124	0.133432582052744	0.242794536163222	0.451037542180139	1
chr5:53486850;G|A;Family=11325	-0.0409816680730671	0.531481605782579	0.724522500545694	1
chr5:53573684;G|A;Family=12313	-0.18299986606098	0.0831352579464055	0.219516325020785	1
chr5:55350930;A|G;Family=22349	0.220081464461496	0.00942977773060099	0.0420232359864535	1
chr5:55936960;T|C;Family=14472	0.203483988639218	0.0841134983387034	0.221701608172408	1
chr5:56894370;G|GA;Family=13298	-0.348326758888866	0.0136666594990985	0.0563585616910528	1
chr5:56895756;A|G;Family=12233	-0.043384461203083	0.844214511674854	0.92070134719493	1
chr5:58454338;G|A;Family=11654	0.181600162362619	0.20224801048519	0.403035746526443	1
chr5:58970567;A|G;Family=13645	-0.24495849331427	0.012216733731363	0.0515906657245755	1
chr5:58973604;T|TATC;Family=14653	0.0266551509039507	0.773188687791968	0.877415885353352	1
chr5:64721648;A|C;Family=13736	0.215741474403741	0.0298005372308232	0.103307275773935	1
chr5:6491759;G|A;Family=11694	-0.111998383773356	0.236824320163277	0.444433789757603	1
chr5:6493758;C|T;Family=14303	-0.0218795257650897	0.738269162776256	0.858722275397373	1
chr5:6494271;A|G;Family=13042	0.0851708540776068	0.389939498736345	0.598044689967692	1
chr5:65297209;C|T;Family=12792	0.273257066211439	0.0235220691642888	0.0859879614482611	1
chr5:65591350;T|A;Family=11834	-0.034789377393327	0.671022961472644	0.821296396303546	1
chr5:66180575;CTCT|C;Family=12237	0.14110416636328	0.0917361188758625	0.235840561102018	1
chr5:662515;C|T;Family=14264	-0.119631168659515	0.434167449030301	0.640925051083872	1
chr5:663304;C|T;Family=13287	-0.0406937453210436	0.798190102106205	0.892937624359692	1
chr5:72205719;G|A;Family=12834	-0.599694339433587	3.15588070788161e-06	3.7988545343472e-05	0.0121943230552545
chr5:72366272;T|G;Family=13547	0.309491699763839	0.300222076581367	0.513851246760675	1
chr5:74779164;CAAGAAT|C;Family=11060	1.99256262154489	9.06844605581902e-21	1.46001981498686e-18	3.50404755596847e-17
chr5:74779462;ATATC|A;Family=11075	-0.183765683003058	0.386287309583628	0.595419980979393	1
chr5:76327253;G|C;Family=11350	-6.8742958335166	1.08112640190082e-35	1.39249080564825e-32	4.17747241694475e-32
chr5:76617391;G|A;Family=14336	-0.101410708863541	0.253656769084515	0.465177862241369	1
chr5:76627438;G|A;Family=12324	0.561301431611407	0.00899509859986304	0.040321416461567	1
chr5:76834865;T|C;Family=13823	0.0964254347211347	0.361998480133881	0.573079659402185	1
chr5:78485842;C|T;Family=12582	-0.659388985318287	5.76392140848856e-06	6.62850961976185e-05	0.0222717923223998
chr5:79373237;A|C;Family=12055	0.116270840031503	0.285394650501069	0.500036801747825	1
chr5:80113607;C|T;Family=14534	-0.007865342384498	0.938338520093189	0.971527342347289	1
chr5:80113608;A|G;Family=14534	-0.130849602207251	0.104190041872186	0.256590389926149	1
chr5:80142876;A|C;Family=11245	-0.229435492833742	0.0052724258979273	0.0260853440071589	1
chr5:82273768;G|T;Family=14424	0.151722460173803	0.111964591130245	0.270732903709177	1
chr5:9041297;G|GT;Family=11455	0.154091179114732	0.20012347469648	0.399897703650339	1
chr5:90848652;A|G;Family=12832	-0.297466469999725	0.618544104662331	0.786460816194554	1
chr5:91369300;A|G;Family=11590	-0.00406285414831075	0.967618412440563	0.984951935108097	1
chr5:94705821;CATT|C;Family=12396	-0.242080125955161	0.018390637920575	0.0711420343604208	1
chr5:96774034;T|G;Family=14328	-0.00593767656659404	0.964176374801935	0.984053583083967	1
chr5:97032967;C|A;Family=14226	-0.184905852552942	0.649694403531815	0.806430830468015	1
chr5:98855389;T|C;Family=12952	0.17253284471416	0.089770083182239	0.231866043727387	1
chr5:98858989;C|CA;Family=14559	0.0320648980205832	0.697458825492421	0.836310343566044	1
chr6:100655708;CT|C;Family=13234	0.0983231689835405	0.207866377767865	0.410002901324672	1
chr6:101745058;T|C;Family=11572	0.327767331781778	0.0653056890360234	0.183922144632066	1
chr6:104728706;C|T;Family=14506	-0.000677594455867657	0.993109711007359	0.99594495804112	1
chr6:104729279;G|A;Family=11115	-0.280836323305939	0.0299894700702636	0.10351073121988	1
chr6:105079279;G|C;Family=11413	0.264514865286372	0.17911793759025	0.372704206165173	1
chr6:105081775;A|G;Family=12007	0.0524017507504058	0.705989319768574	0.841593511640873	1
chr6:106185755;T|C;Family=13333	0.506475805139086	0.000505697951579686	0.00354705609656554	1
chr6:109980371;G|A;Family=11437	0.190080071315772	0.500050386604899	0.699816984368465	1
chr6:110612870;A|G;Family=11004	-0.214087227194143	0.0939382569231378	0.238958146643189	1
chr6:113935667;C|G;Family=14185	-0.0574272265522918	0.631509820861305	0.796394891582273	1
chr6:115936149;G|A;Family=14571	0.0271022596695592	0.675115188285284	0.823956123668457	1
chr6:115939250;C|T;Family=14292	-0.118833908414292	0.207718145697342	0.410002901324672	1
chr6:115940637;AAAAC|A;Family=14568	0.618778377095371	1.15981263864452e-08	2.11392265835963e-07	4.48151603572242e-05
chr6:116119997;A|G;Family=13165	0.00751384090412545	0.935886657529839	0.969397258662609	1
chr6:116439914;C|T;Family=12626	-0.027393031763252	0.834361017563064	0.916349921668284	1
chr6:116523303;G|A;Family=12285	-0.158614117048047	0.134337969793086	0.307190942955242	1
chr6:118908858;T|C;Family=13579	0.0147771012584878	0.912486254921279	0.954479396051928	1
chr6:121449531;T|C;Family=12795	-0.274323676620873	0.0429035350607402	0.135520034934104	1
chr6:122445018;T|C;Family=14189	0.179120072228881	0.118539938674183	0.282217081353692	1
chr6:122781941;G|A;Family=11031	-0.0614486049587313	0.542751956898787	0.734826055170607	1
chr6:123218361;T|C;Family=12853	0.0609085470862982	0.567505347687895	0.751487547452373	1
chr6:125931978;C|T;Family=13776	-0.272995306419767	0.00378592330712278	0.0196623758853796	1
chr6:125979905;G|A;Family=13867	0.202743724153507	0.639663507048371	0.800461207233368	1
chr6:128005227;C|T;Family=13629	-0.00250853472977777	0.987746960190449	0.99507196945285	1
chr6:130882353;T|C;Family=11189	-0.0844394878601691	0.536393226061504	0.729540100493366	1
chr6:132447822;T|C;Family=13872	-0.308774301170618	0.238351805956761	0.445569123472146	1
chr6:132682546;G|A;Family=13951	0.809905447411956	5.90569908547856e-06	6.73145170097025e-05	0.0228196212662892
chr6:13360189;A|G;Family=13028	0.309892199577021	0.000205502425404472	0.00158812274352576	0.794061371762879
chr6:13363690;G|A;Family=12821	0.0576066594006151	0.530301646799458	0.724036303263121	1
chr6:133988725;C|CT;Family=14482	-0.349064344967544	0.112758502673379	0.271971819182233	1
chr6:133989378;A|G;Family=14554	-0.0137996679964003	0.885715525286152	0.940221096072993	1
chr6:135283717;TCTTA|T;Family=13335	-0.121301313443589	0.566982956184582	0.751310748524425	1
chr6:13613509;T|C;Family=13317	0.210954953467457	0.170656455899012	0.361324134571935	1
chr6:13786805;CAAAA|C;Family=14453	0.633514801857441	1.2455158137827e-07	1.92506924178254e-06	0.000481267310445634
chr6:138337102;C|T;Family=14416	0.300464491493389	0.0986204993082085	0.248092193572212	1
chr6:138382950;A|G;Family=13880	0.613767291388186	0.00127836342246146	0.00792872594605312	1
chr6:139178259;G|T;Family=12011	-0.0265809002969736	0.776647620541084	0.879409295644886	1
chr6:139179044;A|G;Family=13992	-0.254127361607414	0.0367115169436854	0.120614474891757	1
chr6:145793967;T|G;Family=11471	0.368982643450023	0.00765327779809459	0.0353735232199013	1
chr6:145799581;G|A;Family=13518	-0.24356624711689	0.0451181418554234	0.140367552439095	1
chr6:145935370;A|T;Family=12689	0.0370836160314661	0.801714144072193	0.895037397807111	1
chr6:147386774;C|T;Family=14271	0.16791041302611	0.232096942992885	0.439188338748535	1
chr6:147569681;A|G;Family=12738	-0.158746702892625	0.0279189967487456	0.0986096923557159	1
chr6:149594921;T|TA;Family=13773	-0.279826512685759	0.0828611543332826	0.219298287906715	1
chr6:149683103;T|G;Family=14692	0.382293993123111	0.0183884127617978	0.0711420343604208	1
chr6:149802392;CTCTT|C;Family=11355	0.319835300996954	0.0160109915634826	0.0640439662539306	1
chr6:149918854;G|T;Family=13982	-0.240676758241507	0.0141911172251952	0.0579645633807128	1
chr6:149918900;C|A;Family=12891	0.316868508257413	1.69023443479147e-06	2.1067954374304e-05	0.00653106585603424
chr6:150401114;T|A;Family=14256	-0.274743936064805	0.0829405585930557	0.219358191925782	1
chr6:150842843;A|G;Family=14595	0.0681766842293365	0.554242323515037	0.742577093641506	1
chr6:151423542;T|C;Family=12749	0.195524342475599	0.00417768603256312	0.0212962781396094	1
chr6:151436379;G|A;Family=13493	0.0658451057783232	0.695939986151099	0.836092730594712	1
chr6:151619649;G|A;Family=14168	-0.236734694392492	0.120680534041748	0.285904097815644	1
chr6:151619677;C|T;Family=14315	0.223086844041062	0.221797822705576	0.428085308159014	1
chr6:152435311;A|T;Family=12931	0.199286390543405	0.174000469795525	0.366596409645533	1
chr6:153007752;C|T;Family=13529	0.343460149473385	0.00684499700836799	0.0320983840295315	1
chr6:154402214;C|T;Family=13940	0.190618558835696	0.00777669222918102	0.0359010021189432	1
chr6:15523068;G|A;Family=11918	0.349506705035482	0.0157395011473698	0.0631541354448983	1
chr6:156936541;G|C;Family=12522	0.157541545769581	0.33557029632235	0.54824820761564	1
chr6:157673793;C|T;Family=14241	-0.0790151241834792	0.356119427405008	0.568926127893088	1
chr6:158111188;G|A;Family=11615	-0.0302501230862996	0.839279963188791	0.917930542891718	1
chr6:158117740;A|T;Family=12723	0.414972146320481	0.00176485452428755	0.0104591992052869	1
chr6:158506980;G|A;Family=14040	0.0991241579593586	0.43272200804802	0.640250230985135	1
chr6:158977496;G|C;Family=11360	-0.534111061874365	2.22471885583864e-07	3.1956556353013e-06	0.000859631365896049
chr6:159908666;C|T;Family=13166	0.144520598599442	0.191738621031145	0.390141143583119	1
chr6:160108261;G|A;Family=13057	0.108568857721388	0.28681824432419	0.501704706232988	1
chr6:160109275;G|A;Family=14005	-0.00280099539830848	0.982242875054673	0.992517382115914	1
chr6:160216821;A|G;Family=11432	0.108554952661513	0.369892585380744	0.579823509091762	1
chr6:160216942;C|T;Family=13122	0.527315312943365	0.274540766170108	0.48950655213646	1
chr6:160711605;C|G;Family=13863	0.0581203113338733	0.551493887123477	0.741276566935428	1
chr6:161154268;T|C;Family=12552	0.0245402873969894	0.927703173998678	0.964911188245193	1
chr6:161349561;A|AT;Family=12030	-0.0790049421730154	0.439874415093701	0.645674055167911	1
chr6:16300875;A|G;Family=11798	-0.249775644310161	0.0386575370285288	0.125102783147601	1
chr6:163573752;A|G;Family=13012	-0.00859945421823728	0.942867443447513	0.973225584036782	1
chr6:163576481;A|G;Family=12101	0.310918417653595	0.0789380278839839	0.211670048399524	1
chr6:167040897;A|T;Family=11024	0.134342532074125	0.290237516068843	0.503582291014822	1
chr6:167042285;T|C;Family=11184	0.723271386727564	0.00377473131552164	0.0196306349975445	1
chr6:167050007;A|G;Family=11800	0.211720513900119	0.0212492505583837	0.0795611474395298	1
chr6:167357627;G|C;Family=14524	-0.373064939462132	0.000114506187436965	0.000959336848839281	0.442451908256433
chr6:168055897;A|G;Family=14418	-0.0116313829148206	0.90763475851139	0.952867808284967	1
chr6:168307277;C|T;Family=12255	-0.460320508670674	1.42043847283221e-07	2.16939694032556e-06	0.000548857425902367
chr6:169217039;A|G;Family=12908	-0.0188480698635695	0.878838899621115	0.936388547981557	1
chr6:170581376;A|T;Family=13581	-0.201290566285689	0.268162175873634	0.481624865567897	1
chr6:18225949;G|C;Family=12643	0.401442066010959	0.00414311004331333	0.0211758957769348	1
chr6:18468711;C|T;Family=12575	-0.0541152365998503	0.684500356267583	0.830426805845507	1
chr6:25986227;T|C;Family=14633	-0.107130148208022	0.441344624063203	0.645781545616452	1
chr6:26253077;C|T;Family=12894	-0.0629319797367586	0.486744833546565	0.687869311637856	1
chr6:26270346;A|C;Family=11524	-0.280777836036182	0.00961303861307634	0.0426461322628323	1
chr6:26270657;G|A;Family=13277	-0.129741436164331	0.174820975723021	0.367723598363502	1
chr6:26285173;C|G;Family=22140	-0.177642277814835	0.037779015207389	0.123147731970941	1
chr6:27810585;T|C;Family=11018	0.266735921115365	0.00121017485584308	0.00759109682301571	1
chr6:27854874;A|G;Family=11868	-0.253361101652265	0.000908178806651217	0.00598840086843055	1
chr6:28367141;C|T;Family=14307	-0.23918470542155	0.0778853067443742	0.209574390849765	1
chr6:28534462;G|C;Family=14026	-0.0522561288057248	0.756503084664606	0.869202473727041	1
chr6:2889864;C|T;Family=13703	0.28408166439309	0.167586343991915	0.358260348881725	1
chr6:29310806;C|T;Family=12686	0.0106200086913008	0.906488992102089	0.952849147302086	1
chr6:29463903;T|G;Family=12832	0.102797253843456	0.21554927040521	0.420647667093803	1
chr6:29831116;G|C;Family=11048	0.218190204523231	0.42604431584031	0.633898820333831	1
chr6:30676626;G|C;Family=14577	0.0135753649876845	0.880551962298037	0.937030355054208	1
chr6:30724523;G|T;Family=14076	-0.172895055903831	0.0455940038987835	0.141279255064073	1
chr6:30893309;C|T;Family=14181	0.206827878280588	0.109614108681415	0.266550607894894	1
chr6:30899025;C|T;Family=13073	-0.225792138101671	0.276992980630059	0.492772042888834	1
chr6:31510632;G|A;Family=11341	-0.543647658849014	3.84700754818968e-10	8.69288723169878e-09	1.48648371662049e-06
chr6:31557662;C|CTG;Family=11808	0.0445547174296481	0.791910024978377	0.889347638755188	1
chr6:31558799;G|A;Family=14662	0.0491958484384309	0.603209990519763	0.773839111344078	1
chr6:31661476;G|A;Family=14603	0.0179614465673272	0.86132502545142	0.92912125159335	1
chr6:31673158;C|T;Family=11905	0.202864710378058	0.103286123956546	0.255177482716172	1
chr6:31689640;C|T;Family=11575	0.10643972601482	0.189073262684696	0.386754413453501	1
chr6:31859316;A|C;Family=14186	-0.0115418540462083	0.849694908225799	0.924281995399782	1
chr6:31935940;C|G;Family=11721	-0.0829893368313406	0.558406781466475	0.746345141330494	1
chr6:31945211;T|A;Family=11818	0.0451198855337272	0.693228881483683	0.836092730594712	1
chr6:31964099;C|T;Family=12532	-0.179186658525193	0.125308861923214	0.293450571194726	1
chr6:32069105;C|T;Family=12788	0.219016304175528	0.073092265916038	0.199570614899723	1
chr6:3267148;C|T;Family=11328	0.371815536428219	0.0476403558433226	0.145889821975761	1
chr6:33440873;CTT|C;Family=13073	-0.279047219152006	0.00326481568232225	0.0174968762780765	1
chr6:34019696;C|T;Family=14554	0.434998677747278	2.64179536847909e-07	3.68384872137521e-06	0.00102078973038032
chr6:34036305;G|A;Family=13531	0.195246896324602	0.0947092701006258	0.240286683958515	1
chr6:34281276;T|C;Family=11216	-0.200641840260634	0.0626935387731819	0.178648844999686	1
chr6:34287657;A|G;Family=13741	-0.28653163289451	0.000462660809254871	0.00329230454320593	1
chr6:34537880;C|T;Family=14359	-0.218897840961435	0.0934507309419942	0.23830420941731	1
chr6:349000;C|T;Family=12100	0.134628725193485	0.395288071607411	0.603712691182228	1
chr6:35090681;GTTA|G;Family=11496	0.541143334019748	3.35541851923724e-06	4.00164727109034e-05	0.0129653371583327
chr6:35248773;C|T;Family=11718	-0.122834938932687	0.578285311099252	0.75694256168276	1
chr6:35291567;C|T;Family=13195	0.117184858564985	0.299422350726539	0.513295458388353	1
chr6:35575305;G|A;Family=11453	0.0143135773164338	0.886875507895928	0.940935464719897	1
chr6:35795046;A|C;Family=12624	-0.0412269891067989	0.747302813152489	0.863510188403474	1
chr6:36138971;C|T;Family=13153	0.0374079303294675	0.751662129609569	0.86584810625122	1
chr6:36142734;C|T;Family=14433	0.0282593342283732	0.726498849492346	0.851954948236244	1
chr6:36490070;G|A;Family=14594	-0.0169356234182007	0.865171407753888	0.930863543042881	1
chr6:36741419;G|A;Family=12613	-0.0612408625288593	0.531579008552547	0.724522500545694	1
chr6:36925904;C|T;Family=11201	-0.11698727186002	0.382766495892949	0.593027161239116	1
chr6:37392924;G|GA;Family=13581	0.269537032969534	0.317922922657231	0.530185405908697	1
chr6:37630704;C|T;Family=12467	0.135165404687109	0.419326937464292	0.628990406196437	1
chr6:38152744;G|C;Family=14632	0.0194397215024485	0.90223478385954	0.951483407432659	1
chr6:38170191;A|G;Family=14384	0.0598874948455067	0.624384553719607	0.789728941267614	1
chr6:38170360;T|A;Family=13531	0.164908156250004	0.0304816295999979	0.104694237132793	1
chr6:38173519;G|A;Family=12361	0.155288481174047	0.279187891338279	0.495536064368906	1
chr6:39861263;G|T;Family=11280	-0.0972901484416079	0.530806977109157	0.724036303263121	1
chr6:411271;C|T;Family=12316	0.04797288069535	0.560347015017899	0.747399571393191	1
chr6:4116006;T|A;Family=13293	-0.0024322915831466	0.989040365007994	0.99507196945285	1
chr6:41908977;G|A;Family=14130	0.568363192001772	0.000156800787719611	0.00125972239176255	0.605878243748576
chr6:43007441;CT|C;Family=14550	-0.211932553065451	0.0965400721525634	0.24397046356933	1
chr6:43132030;G|A;Family=13808	0.100025974505397	0.348167638724126	0.561267787391845	1
chr6:43141734;G|A;Family=11726	-0.104889312821684	0.417325194344898	0.626717664573916	1
chr6:43450471;G|A;Family=14486	0.428289444367859	0.00109642879799101	0.00700264607510292	1
chr6:44003235;C|G;Family=14525	0.0716448762137922	0.7253340028948	0.851226984181946	1
chr6:44155232;T|TG;Family=14303	-0.0384777008686414	0.695366116337213	0.836092730594712	1
chr6:44447702;G|A;Family=14188	0.05160547313681	0.610638285565019	0.779229304961438	1
chr6:46160238;A|AT;Family=14640	0.668425731655397	0.000491333578484966	0.0034644396847918	1
chr6:47019974;C|A;Family=14131	-0.503242024624158	0.000123246990500801	0.00101975668371541	0.476226371295096
chr6:49728384;A|G;Family=13589	-0.398042571162863	0.00630757860073865	0.0302013428912691	1
chr6:5104495;G|A;Family=12170	0.770422633934728	1.43824619140927e-07	2.1879461746478e-06	0.000555738328360542
chr6:52189690;C|T;Family=11897	-0.210208190217336	0.185309091163124	0.382088755738694	1
chr6:52190217;T|C;Family=12001	0.692652899224728	1.14999521611188e-08	2.10596280334422e-07	4.44358151505631e-05
chr6:52452690;A|G;Family=14163	-0.109833018641843	0.273137529116977	0.488160690336725	1
chr6:52497823;C|T;Family=11788	-0.204814747362067	0.0156792438165731	0.062977752710227	1
chr6:52502624;A|G;Family=13496	-0.0273425289700086	0.786710636449522	0.885560867924563	1
chr6:52750221;G|A;Family=11845	-0.771118786256594	0.00728774459056409	0.0339684500578283	1
chr6:52791844;C|T;Family=13714	0.107989880402063	0.632106816514953	0.796887679939242	1
chr6:53268293;CTTTT|C;Family=14401	0.238444286626997	0.103884129306126	0.256163545398131	1
chr6:55499251;C|A;Family=13300	0.387509527387894	0.000696343558778338	0.00468758102982491	1
chr6:57026903;A|T;Family=14618	-0.159771870528534	0.17624594959513	0.369110995957459	1
chr6:57105244;G|T;Family=12585	-0.199138842428776	0.0399002906430618	0.128052095552152	1
chr6:57168724;G|A;Family=14682	-0.232891224526224	0.377571493221459	0.587963297530023	1
chr6:57184477;C|T;Family=13692	0.479167477098166	0.000115212972089531	0.000961518194716949	0.445182924153947
chr6:57185120;G|A;Family=13349	-0.0480782797485332	0.621104104594709	0.788418613716805	1
chr6:57188047;G|A;Family=12180	-0.0466328730759969	0.547750039998586	0.739003545584684	1
chr6:63277102;T|C;Family=14214	0.213235835221779	0.0668800996695598	0.18767226225358	1
chr6:63277177;G|A;Family=12956	0.170184050505776	0.257712205822118	0.469716963819181	1
chr6:63703543;CCG|C;Family=14133	0.0513634719095816	0.73311629324588	0.855302342120194	1
chr6:63703547;C|A;Family=14133	0.128670488928647	0.443373811284846	0.646977495016859	1
chr6:63713212;C|T;Family=13931	0.222816174144998	0.00755532162645274	0.0350886571690065	1
chr6:63713346;C|T;Family=14110	-0.17302802092355	0.0739716652626263	0.201144626723989	1
chr6:69699046;T|C;Family=14152	-0.169232707901185	0.0910532655302805	0.234553212006003	1
chr6:70525823;A|G;Family=11490	0.178102080319453	0.714007956532531	0.846270299333014	1
chr6:7417611;C|G;Family=11190	0.0623647288918395	0.470320169767831	0.671588002950074	1
chr6:75085289;T|C;Family=12211	0.14463071695432	0.316316906927726	0.529551808330711	1
chr6:75717110;G|T;Family=14452	-0.110055994208346	0.344976967533605	0.557503556064346	1
chr6:75915105;G|C;Family=14613	-0.333179855498453	0.00616553076223654	0.0297052504554638	1
chr6:7882227;C|T;Family=11940	-0.197292911656566	0.0596041520153463	0.173091307116777	1
chr6:79488659;T|C;Family=14643	0.121117064444716	0.19722086935522	0.396493985009661	1
chr6:79700984;C|T;Family=14467	-0.0193900147485687	0.890873051568148	0.943880853100993	1
chr6:83553760;AC|A;Family=14233	-0.00880446123914781	0.966226525419403	0.984053583083967	1
chr6:83656787;CA|C;Family=12661	0.143640194904133	0.109065407411654	0.26538333390342	1
chr6:83665562;G|T;Family=11543	0.443514775295147	0.0472085946237682	0.145224054944047	1
chr6:84732935;T|C;Family=13424	0.00567615828487594	0.980573811262605	0.991349347650106	1
chr6:87169739;C|G;Family=14492	0.147189629527601	0.148842778374174	0.330533618182648	1
chr6:88141988;A|G;Family=12396	-0.336719967014203	0.0155168434137134	0.0623903048393222	1
chr6:88142066;A|C;Family=12541	0.101263681526047	0.279557312676268	0.495963937640542	1
chr6:88612681;T|C;Family=13925	-0.314696253348506	0.00555315753096942	0.0271269288238506	1
chr6:89634132;A|T;Family=12708	-0.319839737965752	0.00112386595782244	0.00713073573239067	1
chr6:96795444;T|C;Family=11031	0.25931826995623	0.179952862956872	0.374239969034098	1
chr6:98837882;C|T;Family=14413	0.281323829773885	0.130681575226311	0.302367429146385	1
chr6:98873421;T|C;Family=14344	0.88851583306367	0.0207040927552577	0.0781256000061676	1
chr6:99280481;C|T;Family=14658	0.529348653060537	5.88807441135574e-10	1.28539658336037e-08	2.27515195254786e-06
chr6:99433895;T|A;Family=14526	0.0389865067524087	0.595259432014285	0.768309695683899	1
chr7:100034499;A|G;Family=11800	0.111094876132689	0.513386105137887	0.709732680294768	1
chr7:100037293;C|T;Family=12360	1.02584019703283	1.06314051525939e-10	2.53578700676684e-09	4.10797495096229e-07
chr7:100070882;A|T;Family=11456	0.0621024453999504	0.571452472581416	0.75284430755356	1
chr7:100201111;G|T;Family=14227	0.16869977371702	0.270694435873389	0.48514067727958	1
chr7:100367651;T|C;Family=13082	-0.025060284078185	0.852612790809623	0.925603700973711	1
chr7:100565841;C|T;Family=13497	0.00296483204101836	0.973188740691353	0.98849028578276	1
chr7:100566755;G|A;Family=11348	0.683850416828115	6.67809405038411e-12	2.0318232606838e-10	2.58041554106842e-08
chr7:100627396;G|C;Family=11634	0.0897230246363763	0.581855113550345	0.759415736096372	1
chr7:100681069;C|T;Family=14129	0.0152904182495892	0.907705237882162	0.952867808284967	1
chr7:100865327;T|C;Family=14370	-0.237204437055343	0.00327862861803585	0.017546566454419	1
chr7:100893782;C|T;Family=14533	0.0733947421857874	0.439256942463063	0.645602444152634	1
chr7:101092639;G|A;Family=13589	-0.410535659914397	0.116284425674444	0.27852642256458	1
chr7:101557594;G|A;Family=12860	0.302358849408036	0.00902624101364765	0.040414131259252	1
chr7:102256679;G|T;Family=12585	0.0922393298982511	0.416277850868341	0.626118184412328	1
chr7:102457125;G|C;Family=13447	-0.136868223310979	0.25525715648473	0.466562749601229	1
chr7:103336877;T|A;Family=12975	-0.136752729925557	0.22762556066506	0.435637187809337	1
chr7:103374495;G|C;Family=11336	0.207807576401989	0.0351205548421086	0.116585759372773	1
chr7:105107653;TC|T;Family=12952	0.0325300117027424	0.830702509533163	0.914743373279037	1
chr7:105116390;C|A;Family=14261	-1.67558325667767	9.37765127630943e-12	2.68409218753034e-10	3.62352445316596e-08
chr7:105116659;A|G;Family=13631	0.0264585535910104	0.783246922574777	0.88312404692995	1
chr7:107196482;C|T;Family=11984	0.0876630215991903	0.424944826551578	0.632750215720731	1
chr7:107620052;T|G;Family=14412	-0.234851191939465	0.188697239958784	0.386521312649788	1
chr7:107621378;G|C;Family=13215	0.40836030765693	0.00529708851647003	0.0261404214912391	1
chr7:107623206;C|T;Family=12056	0.169845439698781	0.401218104983737	0.608773158434603	1
chr7:107765695;G|T;Family=12086	-0.137315300858719	0.60270564279737	0.773705848428251	1
chr7:11028794;G|C;Family=12852	-0.0694660314006129	0.287343448389542	0.501745799355232	1
chr7:112287394;G|A;Family=13838	-0.422213992273915	0.0500329028605936	0.151986742651992	1
chr7:112287729;G|C;Family=14041	-0.0377303299415025	0.758260967244372	0.870187222284601	1
chr7:112491008;G|A;Family=14564	0.20787486017156	0.0774654852815021	0.208881113138677	1
chr7:112764605;A|C;Family=12758	0.0181134796816358	0.87325954156641	0.933409368910818	1
chr7:11374483;C|G;Family=12405	0.0827722091077312	0.385764604778512	0.595419980979393	1
chr7:114693111;A|C;Family=14115	-0.155607674596066	0.235874116973346	0.443185283718705	1
chr7:115937292;T|C;Family=13863	-0.17631681996584	0.345969337852944	0.55864000061169	1
chr7:117363392;C|G;Family=13211	-0.0527290747192999	0.725138971584778	0.851226984181946	1
chr7:118191175;A|C;Family=12118	-0.336869486438064	0.465593479817992	0.666562877368181	1
chr7:120749567;T|C;Family=12686	0.24680456659215	0.0107768831345569	0.0466837179730134	1
chr7:12235662;G|C;Family=12180	0.0664060600729244	0.71213911299989	0.845067137532667	1
chr7:12236724;T|G;Family=14007	0.245633989618334	0.0132820156246454	0.055125358081235	1
chr7:12237057;T|A;Family=11931	-0.0970630018018844	0.28913418164612	0.502570615330907	1
chr7:12237561;A|G;Family=14202	1.20571175301088	5.03143679709348e-13	1.81695997981021e-11	1.94414717839692e-09
chr7:12331049;T|C;Family=14042	0.736387378049847	0.000181952740819885	0.00142609612683171	0.703065390528034
chr7:12344427;G|A;Family=11651	0.150730871032976	0.08835862899746	0.229256205236691	1
chr7:123538093;G|A;Family=13165	0.194956898601788	0.118470657489611	0.282217081353692	1
chr7:123638660;T|C;Family=13053	-0.416908491024937	0.000642812193359233	0.00438064605844811	1
chr7:124031121;C|T;Family=13694	-0.22940686644413	0.0384277548305299	0.124488434363346	1
chr7:128257537;C|T;Family=14245	-0.213671277386137	0.46511427769419	0.666370622547404	1
chr7:128299202;C|T;Family=11187	0.0168875343059447	0.87067928921078	0.932820423045893	1
chr7:128302575;G|A;Family=11252	-0.432694392149587	6.99492025342461e-05	0.000625656756000757	0.270283718592327
chr7:128307112;GCAAA|G;Family=11194	0.653158462936829	1.40412867396282e-06	1.77886990039094e-05	0.00542555319619235
chr7:129487405;G|C;Family=11731	0.0777324591433802	0.449567148481838	0.652319737789645	1
chr7:131493457;G|A;Family=14685	-0.190868816310162	0.153869678237543	0.337423642479597	1
chr7:131495943;A|G;Family=14517	0.0673981802050004	0.692415475091629	0.836092730594712	1
chr7:134291115;G|C;Family=12219	-0.0178052563106469	0.876391414172619	0.934796329651397	1
chr7:134442682;G|A;Family=14444	-0.223132530174198	0.0276868021055661	0.0980522596780179	1
chr7:134969307;C|T;Family=14233	-0.431004493249475	0.148259531942689	0.330023271001861	1
chr7:135676391;TAATA|T;Family=11568	0.902803796250005	8.8805430610028e-11	2.14465114923218e-09	3.43144183877148e-07
chr7:137388263;C|A;Family=14351	0.0365082365381536	0.796537137089537	0.89238025448361	1
chr7:137390098;T|C;Family=Hou-etal:rs3735025	0.223694257218481	0.0288672923950239	0.100761714376127	1
chr7:138588097;A|T;Family=11954	-0.0635109058216032	0.640534692744714	0.800461207233368	1
chr7:139307497;T|A;Family=13772	0.120457382675216	0.716753765517799	0.847459023374896	1
chr7:139565026;G|A;Family=11156	0.0130284760194033	0.913771277065878	0.954789674035304	1
chr7:139565092;G|T;Family=11156	0.0522925738097057	0.626571918457489	0.791559658737324	1
chr7:139571713;G|C;Family=12867	-0.0111034363793168	0.921985514427913	0.960256611253222	1
chr7:140024674;A|C;Family=13006	0.0451319218308477	0.697574595577992	0.836310343566044	1
chr7:140090201;T|C;Family=12303	-0.0299103285201463	0.77787062449681	0.879409295644886	1
chr7:140297460;G|A;Family=13349	0.0859585244739489	0.498455128839008	0.698343226190692	1
chr7:141473065;G|C;Family=12875	0.241771100719231	0.00993394069030345	0.04386828208838	1
chr7:14148804;T|G;Family=11055	-0.033944974863639	0.779292397025372	0.88046369067428	1
chr7:141593741;G|GC;Family=14174	0.149968697386317	0.206445773800985	0.407825393643663	1
chr7:141621769;G|A;Family=13843	1.0349539688348	5.08541768631684e-06	5.93657218728951e-05	0.0196500539399283
chr7:141654249;A|G;Family=14639	0.501953355990554	0.234322687323591	0.441239212387113	1
chr7:141929166;T|G;Family=11152	-0.26747665131425	0.0592012418581866	0.172644225313233	1
chr7:142867025;C|T;Family=12681	0.0456155011843823	0.639497598037995	0.800461207233368	1
chr7:144453610;C|T;Family=13063	-0.0555022427704905	0.75808576582462	0.870187222284601	1
chr7:148800933;A|G;Family=11106	0.0854238270505079	0.498740102235935	0.698489218934271	1
chr7:150627483;G|C;Family=13035	-0.0405564716388042	0.659017374326288	0.812634043568691	1
chr7:151013039;C|T;Family=13092	-0.217310344592909	0.0538355564572669	0.160633660348169	1
chr7:151987279;C|T;Family=13556	-1.15987876999231	6.0267926917056e-19	6.46875748909735e-17	2.32875269607505e-15
chr7:152103925;A|G;Family=13066	0.404477360079849	1.91263665532858e-06	2.34430153811587e-05	0.00739042803618963
chr7:152230230;G|A;Family=11241	0.13411547061226	0.431537553371244	0.639609170013995	1
chr7:155802541;CATG|C;Family=14042	0.177961442598483	0.148621056768797	0.330407526941555	1
chr7:156682823;G|A;Family=11435	0.0402935935363505	0.792526448348369	0.889692677634544	1
chr7:157005028;C|T;Family=11062	-0.0885896971140923	0.440642464668163	0.645674055167911	1
chr7:157414907;G|A;Family=12661	-0.0441596836948255	0.663911248671269	0.816376995456136	1
chr7:159028719;C|T;Family=14554	-0.0929535271889444	0.39808540400178	0.60535301104403	1
chr7:16088825;A|C;Family=11382	-0.204702824099211	0.106089054534558	0.259941729056141	1
chr7:17794399;T|C;Family=12540	0.38627286141	0.00217398621460635	0.0124633274973872	1
chr7:17882719;G|A;Family=13514	-0.486184129141784	4.67828689783122e-06	5.51125017476215e-05	0.0180769005732198
chr7:18998693;C|G;Family=12302	-0.181671497711421	0.0307755779339414	0.105422724412012	1
chr7:19000716;C|A;Family=12302	0.0743887373249543	0.500565214649611	0.700283848445365	1
chr7:19695939;C|G;Family=12055	-0.00259518376668398	0.979698878019826	0.990785432384248	1
chr7:19696724;A|G;Family=14357	-0.11015285915396	0.541167254428022	0.733194344708934	1
chr7:19721031;C|T;Family=13314	-0.860463619733697	6.51996261433928e-05	0.000585886873065279	0.25193135541807
chr7:20134737;T|C;Family=11729	0.177796823497873	0.24157971912826	0.449645488782078	1
chr7:20139350;T|C;Family=11905	0.187508144627214	0.0604493265748046	0.174480652288225	1
chr7:20413493;G|A;Family=11181	-0.0745074264937625	0.503213308677295	0.701802268834527	1
chr7:20659230;C|A;Family=11679	0.351905043143776	0.00129347576648368	0.00800959993861048	1
chr7:22119418;T|A;Family=11931	-0.172651652450818	0.0724097891008639	0.198574467768444	1
chr7:22192927;G|C;Family=14637	0.73732254227163	6.71576573628158e-10	1.44970496117274e-08	2.5949718804992e-06
chr7:2252218;G|A;Family=11569	0.376220683025084	0.00146146918286276	0.00893531158636348	1
chr7:22937168;G|C;Family=13322	0.219022242276901	0.077705428154861	0.209381990509333	1
chr7:22937598;CAA|C;Family=14695	-0.0169214094354282	0.855871824732799	0.926355386769617	1
chr7:22939304;G|C;Family=13417	-0.348632941609584	0.0010904320130882	0.00698744493959008	1
chr7:23174064;G|A;Family=11986	-0.0832577251403418	0.656821781583384	0.810590662420375	1
chr7:2442801;C|T;Family=14539	-0.237350121208616	0.00734909213524565	0.0342131229043244	1
chr7:24688192;G|T;Family=13592	0.285517842119456	0.14959506308446	0.331822803535221	1
chr7:24798063;T|C;Family=14669	0.0423927152458624	0.71725316150916	0.847543185342934	1
chr7:26373688;C|T;Family=14004	-0.327577701728429	0.0271931137977008	0.0964868610783435	1
chr7:2662074;C|T;Family=11277	0.0012156115003975	0.990081249020431	0.99507196945285	1
chr7:26668101;G|A;Family=11499	0.221889358445934	0.128877913373928	0.298910118413479	1
chr7:2713256;C|A;Family=12113	-0.516147523525688	1.5984614976536e-06	2.00534260614724e-05	0.0061764552269335
chr7:2713592;C|T;Family=13764	0.29136862633615	0.0359861914414471	0.118948369315442	1
chr7:2713712;A|G;Family=11561	0.425800069923988	0.000134592319088533	0.00109950258130675	0.520064720958091
chr7:27195268;T|C;Family=14482	0.43877582805809	0.000173315462336473	0.00136951113797164	0.669690946468133
chr7:27247414;C|T;Family=14169	0.470385240423266	0.000133001949528163	0.00109112427383614	0.513919532976822
chr7:28823143;C|G;Family=13555	-0.494751766786213	7.52772225065368e-06	8.4066817273196e-05	0.0290871187765258
chr7:29916016;G|T;Family=12173	0.0375701009989761	0.800968108036603	0.894750150174454	1
chr7:30010714;A|G;Family=12938	0.174755419367256	0.0745370063312261	0.202539375853627	1
chr7:30081082;G|A;Family=14265	0.189396040371466	0.070327094429473	0.194960086556006	1
chr7:30161165;A|C;Family=12426	-0.507875278807398	0.000396794188866068	0.00287657175568196	1
chr7:30162556;C|G;Family=14186	0.187283313891409	0.0945810618777703	0.240119069051054	1
chr7:30923911;C|G;Family=13506	-0.18823632868444	0.016839990341036	0.0664654981386752	1
chr7:31652930;A|AT;Family=11274	0.0033884518749705	0.979759611061132	0.990785432384248	1
chr7:31751585;T|C;Family=13718	0.0179191019507193	0.831924556072548	0.915045967738208	1
chr7:32485421;T|C;Family=14600	0.0852494872368979	0.332800552397556	0.54472341067208	1
chr7:32587182;T|G;Family=12515	-0.57877511555669	0.00104791820176383	0.00675985965211259	1
chr7:36453260;A|G;Family=14525	-0.111465134780997	0.375121115155068	0.585170766636732	1
chr7:36854437;T|TA;Family=12449	1.11621050661098	0.00321694427563402	0.0173365030419106	1
chr7:37741364;G|A;Family=14186	-0.35471371286409	0.0116901184215187	0.0500228323153358	1
chr7:41687210;A|G;Family=12526	-0.0259564967481495	0.952281508951711	0.978280498181125	1
chr7:41687963;C|A;Family=13823	-0.333392495196838	0.0300031104985159	0.10351073121988	1
chr7:41963579;T|C;Family=13631	-0.0439704092491238	0.608402534673572	0.777917734605785	1
chr7:41963952;G|C;Family=11117	0.104138701001044	0.432964247816811	0.640250230985135	1
chr7:42917159;T|C;Family=13018	0.508796576555203	6.41530052353631e-05	0.000580532112949515	0.247887212229443
chr7:42921313;G|A;Family=12197	0.20398408670099	0.088014000615964	0.229014207663357	1
chr7:43563045;G|A;Family=13815	0.442831826477277	0.424277780645835	0.632244251606442	1
chr7:43631800;C|T;Family=13512	0.422496810907129	9.72198264573134e-05	0.000838521003194328	0.375657409431059
chr7:44060113;G|A;Family=13028	0.00865394878003405	0.928307884812904	0.965020626020194	1
chr7:44379847;G|A;Family=14297	0.274087840995376	0.0877480416949001	0.228476033092381	1
chr7:44384444;G|A;Family=13881	-0.0743869009846114	0.51417534081639	0.710069162585607	1
chr7:44708801;C|G;Family=14147	0.0436062912443345	0.764928021628544	0.873170421144075	1
chr7:44767810;G|A;Family=13649	-0.125275167691702	0.569406735095406	0.751728729633999	1
chr7:44835049;G|A;Family=13628	0.0010024086465507	0.993093526534084	0.99594495804112	1
chr7:44876364;T|C;Family=13211	0.343232223968862	0.062839026122882	0.178931464214308	1
chr7:44962744;G|T;Family=14350	0.169084273663773	0.390029145631103	0.598044689967692	1
chr7:4769211;C|T;Family=13709	-0.102518980315917	0.260154311771481	0.472163579466886	1
chr7:48272994;G|A;Family=11168	-0.904578079240596	0.0562783966506378	0.166763592529191	1
chr7:50669862;G|A;Family=12676	-1.65034483527286	2.78448463061258e-13	1.02469034406543e-11	1.0759248612687e-09
chr7:51064958;C|G;Family=14541	-0.179846777943868	0.168685115148735	0.358722776518829	1
chr7:54550490;G|T;Family=12817	0.456614059194844	0.00396565773077473	0.0204583464241837	1
chr7:6164890;C|T;Family=14328	0.111598500740702	0.360225629773741	0.57165196728741	1
chr7:6330019;A|T;Family=13498	0.11597329369895	0.363446362261532	0.574849260654343	1
chr7:64520411;T|C;Family=13570	0.0621118154061818	0.673776369859229	0.823622870337255	1
chr7:64831687;C|T;Family=14598	0.0822907988718085	0.76753662358126	0.87382484193223	1
chr7:64972029;T|TTAAA;Family=11722	-0.74019563770883	8.24943058025683e-07	1.0879112546796e-05	0.00318757997621124
chr7:65954605;G|A;Family=11404	-0.373821156450275	0.00366797098948893	0.0192046611156982	1
chr7:70292499;A|C;Family=14508	-0.249471556524997	0.0548831855053705	0.163381069948191	1
chr7:7247184;AG|A;Family=13064	-0.705554377252276	0.000782692238691818	0.00525056043455761	1
chr7:72946318;AG|A;Family=13941	0.0420946845758019	0.702052361381094	0.8399309922549	1
chr7:73340787;G|T;Family=13560	0.0770675630194097	0.311327936534065	0.524856521277325	1
chr7:73441259;G|A;Family=13066	0.231226033724355	0.117711860929083	0.280610098427615	1
chr7:74404154;G|A;Family=11411	0.137419804122338	0.0685980556555954	0.190830012277337	1
chr7:75537252;G|A;Family=14361	-0.0648396750752766	0.732011017037692	0.85481147458746	1
chr7:7607184;A|G;Family=11282	-0.00279648034329034	0.983500735253723	0.993170459780532	1
chr7:76268794;G|C;Family=14551	0.0933897323790911	0.342374737413828	0.555388742807319	1
chr7:7868502;A|G;Family=13383	0.0626848203698716	0.603884566098874	0.774077460027766	1
chr7:80674022;A|C;Family=13517	-0.221215168650965	0.243441219111575	0.452021562060128	1
chr7:8086554;C|A;Family=14214	-0.168780612199318	0.332948834254793	0.54472341067208	1
chr7:8094168;G|A;Family=13741	-0.208272656828817	0.105646127198092	0.259349831952623	1
chr7:8127875;T|C;Family=13072	-0.342598741078096	0.000164478494183187	0.00130502033167112	0.635544901523836
chr7:83366086;G|T;Family=12575	-0.596950028584241	0.0363683426603494	0.119915525155681	1
chr7:83958398;C|A;Family=14025	0.613558740438501	4.48976020763622e-07	6.1021992719094e-06	0.00173484334423063
chr7:83960121;C|T;Family=13160	-0.0734819585628197	0.690853831134382	0.835640827710905	1
chr7:84996009;C|T;Family=14158	0.454279466270956	0.00126920475877934	0.00788457747254561	1
chr7:85050554;G|A;Family=14303	0.132613007251597	0.514933990169191	0.710608906433484	1
chr7:87830053;A|C;Family=13129	0.0788487731327222	0.573458273319603	0.753724052377469	1
chr7:88199020;A|G;Family=12669	0.0325939183935563	0.748516588813643	0.863621409129865	1
chr7:88278420;A|G;Family=13287	0.829591689758946	0.00628935026992546	0.0301514261079305	1
chr7:896411;G|A;Family=14027	0.792604264315894	2.06478636733627e-07	3.01069227297636e-06	0.000797833452338736
chr7:90233483;G|A;Family=13206	-0.0246463459854142	0.800062693769115	0.894255784993886	1
chr7:90899326;T|TG;Family=14046	0.44752513810678	0.000296016990248468	0.00220812673806965	1
chr7:91271032;C|T;Family=11977	-0.372915995489637	0.285487866281739	0.500036801747825	1
chr7:92108825;A|T;Family=13807	-0.1418808787909	0.323082011103819	0.535559369757682	1
chr7:92577109;G|C;Family=11056	0.419143292897812	0.456825803584174	0.659385470694526	1
chr7:92615043;T|C;Family=13772	-0.167815077243388	0.152528041131623	0.335631179346578	1
chr7:93099533;A|G;Family=13889	0.748810615152992	0.144919775905963	0.324839115559467	1
chr7:93100516;G|A;Family=11977	-0.951379013991217	4.95015002198897e-06	5.79617566211072e-05	0.0191273796849654
chr7:95294332;C|T;Family=14202	-0.249311571191518	0.186159617961246	0.383024900853172	1
chr7:95585430;A|G;Family=11979	-0.160939972446924	0.211423073998921	0.415406722533688	1
chr7:98292716;C|T;Family=13502	0.0740059963686055	0.124216741851802	0.292132374020305	1
chr7:98293310;T|C;Family=11432	-0.0313867654098692	0.858859574644263	0.927251577654494	1
chr7:99030080;C|T;Family=11266	-0.0384216676542576	0.745711405755222	0.862961626785917	1
chr7:99391002;T|G;Family=11135	0.236370628965975	0.0296409610065225	0.102997008389571	1
chr7:99411780;C|G;Family=14506	0.228138553994735	0.0399722266395821	0.128070218686024	1
chr7:99480615;A|G;Family=12517	0.121824767781244	0.158908411011614	0.344375827340929	1
chr7:99672808;C|G;Family=12707	-0.000282685086809194	0.997497760157536	0.998272816692235	1
chr8:100141022;G|C;Family=12180	-0.0195737615739707	0.856427829992892	0.926672042003693	1
chr8:100918132;C|T;Family=13962	-0.0575641908321328	0.56379273307118	0.748109588113681	1
chr8:101669616;T|G;Family=11897	-0.797840171341655	0.000797714525199379	0.00531442918167311	1
chr8:103068849;CT|C;Family=12418	-0.0856736088756803	0.275447523785833	0.490700429648898	1
chr8:103068853;T|C;Family=12418	-0.202361496030608	0.0186356532679758	0.0717212791110143	1
chr8:103398998;G|C;Family=11117	-0.787374770857096	0.00376439170122675	0.0196032473497846	1
chr8:106707384;T|C;Family=14629	-0.467536385626888	0.0669561280510554	0.187749258918199	1
chr8:107900711;G|A;Family=13977	-0.127304793266025	0.247855952413948	0.457361700156397	1
chr8:109243244;G|A;Family=13306	-0.121655187831893	0.32643943504051	0.538102995797263	1
chr8:11315026;C|A;Family=12534	-0.0300454624067806	0.780029030732744	0.880780880991036	1
chr8:11325724;T|C;Family=12620	0.0115308926058157	0.976295956375428	0.989959726886393	1
chr8:116643060;C|T;Family=13787	-0.230987838114667	0.0536674327395581	0.1602557651512	1
chr8:116658921;C|T;Family=14492	0.0452377629522199	0.796114301799504	0.892165215241672	1
chr8:117819709;G|A;Family=14364	0.0449614869220298	0.69463440754853	0.836092730594712	1
chr8:118194453;C|T;Family=14240	0.123748617627033	0.22920351388023	0.437117376674086	1
chr8:11844416;A|G;Family=12550	-0.079232031982154	0.44984746852278	0.652481463352862	1
chr8:119834135;A|G;Family=11685	-0.140918018043307	0.299751485828783	0.513631814298189	1
chr8:123100926;T|A;Family=13581	0.0252288172224861	0.871571837597622	0.932895728664047	1
chr8:123128327;G|C;Family=13975	0.282496485254521	0.504454259149226	0.702418471118057	1
chr8:126552907;T|C;Family=11542	0.37927634736725	0.163731035608881	0.351671329401176	1
chr8:130053371;A|C;Family=13602	-0.0795034864886353	0.457666021014865	0.659918889210079	1
chr8:13007100;A|T;Family=12796	0.294896736252477	0.0183981919608717	0.0711420343604208	1
chr8:132127162;C|T;Family=13520	0.175689388351855	0.183759222285035	0.37983122646416	1
chr8:132128104;G|A;Family=12056	0.602255497424603	0.000490406964828501	0.0034642276272346	1
chr8:132846315;G|T;Family=12720	0.353567926184142	0.0814167767129176	0.216662827285616	1
chr8:133459207;G|A;Family=12656	-0.166175978397043	0.143241053924592	0.322542792753278	1
chr8:140521925;G|A;Family=12001	0.24918093262153	0.168475361134321	0.358722776518829	1
chr8:140527463;G|C;Family=14699	0.0640921241442911	0.697199077752624	0.836310343566044	1
chr8:140529731;G|A;Family=14154	0.162681985823606	0.313686085360506	0.527245375674895	1
chr8:140532572;T|C;Family=12412	-0.169489609718474	0.143634905728828	0.323053129066468	1
chr8:141195681;A|G;Family=12738	0.571595810744186	0.000618631767020395	0.00422330944835125	1
chr8:141448037;C|T;Family=12622	-0.140706477159391	0.282440022947306	0.498201670388346	1
chr8:142544658;G|T;Family=11625	-0.195510448694508	0.340267646209799	0.553131756396577	1
chr8:143297985;T|C;Family=11356	0.334444905586445	0.0211268018369647	0.0793332966939084	1
chr8:143318080;T|C;Family=14100	-0.0482160419320794	0.820262050481712	0.908299210740218	1
chr8:143324603;G|A;Family=14111	0.162423293821982	0.241423446459738	0.449645488782078	1
chr8:143653484;TC|T;Family=11327	-0.0626897016256017	0.703069796948608	0.840277168839286	1
chr8:143694347;C|T;Family=11277	-0.0265854672395197	0.865240778172178	0.930863543042881	1
chr8:144115745;G|A;Family=11568	0.0802863681849899	0.744394899006816	0.862212796691347	1
chr8:144502068;T|C;Family=12802	0.0879905931205911	0.551633168192995	0.741276566935428	1
chr8:144527295;G|C;Family=11078	-0.183989125400869	0.100042594397228	0.250343890325247	1
chr8:17247873;C|G;Family=13277	-0.0237406143043668	0.869054318007445	0.932525933013265	1
chr8:17297014;G|C;Family=14549	0.0488867338255732	0.663857862302691	0.816376995456136	1
chr8:17566779;G|A;Family=13230	-0.158921419282026	0.120388159267028	0.285386409452636	1
chr8:1782214;G|A;Family=12770	0.0168215051496861	0.865336916824542	0.930863543042881	1
chr8:18071404;T|A;Family=13252	-0.607335414800861	0.00106655090545524	0.00685715923241105	1
chr8:18529285;A|G;Family=14691	-0.14892678688424	0.296955534363568	0.510425349101791	1
chr8:18531048;A|G;Family=14448	0.185788149166124	0.105514833342175	0.259349831952623	1
chr8:1860162;C|T;Family=22017	0.0550545631680456	0.625042511133352	0.790302442087458	1
chr8:1958160;T|C;Family=13626	-0.0959712705293662	0.256228059096056	0.46789471661019	1
chr8:2004228;T|C;Family=14557	0.239565540452132	0.0191109912043743	0.0732154662337479	1
chr8:2005051;A|G;Family=11424	-0.248496484617924	0.0426063598944434	0.134832903056617	1
chr8:2006315;T|A;Family=11546	0.098771446996003	0.427786234290371	0.635511729833907	1
chr8:21691253;C|A;Family=11610	0.191477101559657	0.0781370135231764	0.209813356673769	1
chr8:21909212;G|A;Family=12469	0.0439070913626466	0.693538711435525	0.836092730594712	1
chr8:21909628;G|A;Family=13982	0.156497163773132	0.553289184490903	0.742107630838969	1
chr8:22048473;C|T;Family=12373	0.0225973427427384	0.867546106750139	0.931683756665519	1
chr8:22209648;G|A;Family=11989	-0.129804384594894	0.326621085109205	0.538102995797263	1
chr8:22250658;C|G;Family=11818	-0.578454492249957	2.63632484726916e-12	8.56030185701515e-11	1.0186759209848e-08
chr8:22620003;GT|G;Family=14507	0.0408132976915147	0.69010518433886	0.835528591513206	1
chr8:22620016;C|T;Family=12113	-0.151260693813769	0.0823699542969461	0.218387837933144	1
chr8:22621222;C|T;Family=11818	0.0188298778860844	0.844820873076557	0.921102667485276	1
chr8:23020670;C|T;Family=14354	-0.133645121260693	0.4338701949132	0.640925051083872	1
chr8:23136670;T|C;Family=12775	0.187368896371021	0.072122241782547	0.198048251827339	1
chr8:23566433;G|A;Family=11031	0.00198587982611857	0.987915183789459	0.99507196945285	1
chr8:24357347;C|T;Family=12605	0.55970544796435	0.000805902575913465	0.00535973761330401	1
chr8:246847;T|C;Family=11552	-0.0528232421729815	0.643782684441317	0.802962005384522	1
chr8:25412256;ATTAT|A;Family=13585	0.183317753153952	0.0568246074103869	0.167995625886561	1
chr8:26410533;C|G;Family=11458	0.144371504697493	0.270992674295072	0.485450020155845	1
chr8:26505153;A|G;Family=11017	0.105839683441898	0.300442797592817	0.51390481181879	1
chr8:27236813;G|A;Family=11444	-0.100494794846403	0.445820924053008	0.64858887445061	1
chr8:27735798;CCAA|C;Family=11156	0.110859324063834	0.215042535197459	0.420030031182121	1
chr8:28812448;G|T;Family=11843	0.380270048319801	3.34976888838355e-05	0.000320383836255298	0.129435069847141
chr8:29051336;GTAT|G;Family=13584	-0.351032747814282	0.0106271810772786	0.0461905823201402	1
chr8:29067835;T|C;Family=13808	-0.163916753316082	0.115197308443032	0.276989670083309	1
chr8:30831849;A|G;Family=14163	-0.251074462585183	0.115689292152775	0.27765430116666	1
chr8:33548607;G|T;Family=14283	0.0874010844676758	0.304217579090029	0.518296616227458	1
chr8:37745694;C|T;Family=14270	0.113738874018897	0.406632086283266	0.614372058113358	1
chr8:37845026;G|A;Family=13072	0.216708988560233	0.0900735603809754	0.232339277244385	1
chr8:37859423;G|A;Family=14619	-0.100616573719138	0.218794910145991	0.424409404018126	1
chr8:38274890;T|C;Family=11310	-0.0842724826562244	0.457707718189186	0.659918889210079	1
chr8:38424684;C|T;Family=12703	-0.13135272251987	0.394486147560935	0.602726166142923	1
chr8:38989521;T|C;Family=14234	0.01924603726407	0.86292505501436	0.929822200941296	1
chr8:38991018;T|C;Family=13233	-0.0225740547049688	0.847344945780748	0.922526856178073	1
chr8:39637652;G|A;Family=13838	0.427967415251508	0.00249410912926483	0.0140895287653206	1
chr8:39645438;G|C;Family=12892	0.143855743659321	0.296516954062935	0.510352565923911	1
chr8:40154289;G|A;Family=12974	0.0802350057530928	0.573987277598638	0.754126773424392	1
chr8:40531284;A|C;Family=14660	0.11697050528614	0.331360127191697	0.543453111828827	1
chr8:40531628;T|C;Family=13945	-0.099490454428156	0.869386290134789	0.93262316076647	1
chr8:42272348;G|C;Family=13772	0.567548274962814	5.75051300663275e-15	2.61411555972105e-13	2.22199822576289e-11
chr8:42554909;T|C;Family=12113	0.0476535059339673	0.807631498086818	0.898696816674892	1
chr8:43024687;G|C;Family=13654	1.59322143477039	0.00183928166831115	0.0108008880947633	1
chr8:472182;A|T;Family=14491	-5.07505670221056e-05	0.999452678050032	0.999707370874688	1
chr8:491999;C|T;Family=14474	0.00497588543934093	0.95856140528448	0.98123523741155	1
chr8:492350;T|C;Family=12796	-0.442142284117544	2.7524313757977e-08	4.79071839463167e-07	0.000106353948360823
chr8:53228434;CAG|C;Family=11172	-0.237047171627085	0.0388018645433446	0.125255141683779	1
chr8:55527291;G|A;Family=13069	-0.19598572409758	0.0674469713094238	0.188714769833174	1
chr8:55538529;T|C;Family=12984	0.0924411142843283	0.388048775597139	0.59744107224724	1
chr8:56164546;A|C;Family=12314	-0.173898817751229	0.150855753916889	0.333470613921543	1
chr8:56217465;TAGAAGC|T;Family=11948	2.19308740085442	3.50009022539949e-19	3.86409960884104e-17	1.35243486309436e-15
chr8:56964164;G|C;Family=13870	-0.204751016263113	0.0313270746635641	0.106650058590319	1
chr8:58448913;C|T;Family=11018	-0.321534655647083	0.05047514630327	0.152969384561439	1
chr8:61606588;A|G;Family=13853	0.261026747330065	0.276800927187473	0.492657200668999	1
chr8:61659074;C|G;Family=22315	0.233573632236416	0.0277751055128418	0.0981912238807142	1
chr8:61665222;C|T;Family=14053	-0.0700968073346314	0.631308260069328	0.796394891582273	1
chr8:63186531;G|C;Family=12674	-0.311246835661476	0.00487168209364123	0.0242892640126835	1
chr8:63187741;G|A;Family=12860	-0.026163846883849	0.769806369302967	0.874605060566499	1
chr8:65602541;C|T;Family=13335	0.0362374998007218	0.74838422039317	0.863621409129865	1
chr8:65718492;G|A;Family=12597	-0.83896300169482	1.61551317530232e-14	7.09357148791838e-13	6.24234290936818e-11
chr8:66514029;T|G;Family=14254	-0.230078536359273	0.00289340568057768	0.0159260962247182	1
chr8:66632325;T|C;Family=11922	-0.932711866765879	0.0108351415961974	0.0468835242191565	1
chr8:68233907;C|T;Family=12919	-0.342392108734082	0.0449418180304437	0.140141216894093	1
chr8:68234749;G|A;Family=14669	0.192610787307186	0.0952180219006892	0.24103733331305	1
chr8:6924777;A|G;Family=12532	-0.0463092242110415	0.718528721290989	0.847844839731166	1
chr8:69672964;C|T;Family=11195	0.347295012601866	0.034388507683501	0.114648139507375	1
chr8:73420884;C|G;Family=13882	-0.103083521396305	0.281775684784809	0.498070103389067	1
chr8:73653867;C|T;Family=11018	-0.0809314944866544	0.512536643697667	0.708819467160982	1
chr8:73668999;C|T;Family=11679	0.260844215192404	0.00484920720035989	0.0242084452483083	1
chr8:74234772;CAAG|C;Family=12206	0.0942094274035809	0.636552034068592	0.799227391378802	1
chr8:74365934;T|G;Family=14110	0.0394640686861819	0.663691876933916	0.816376995456136	1
chr8:76865498;C|CG;Family=13613	1.06067618778695	5.86655637628748e-17	4.04792389963836e-15	2.26683738379748e-13
chr8:76865499;C|T;Family=13613	-0.614222509489656	1.47222714307075e-09	3.04401562559622e-08	5.68868568082539e-06
chr8:76866525;C|T;Family=12638	0.183666666443067	0.133454082786581	0.306215306346407	1
chr8:76981153;T|C;Family=14692	0.487458530951786	6.74067146308551e-05	0.000604314490333235	0.260459545333624
chr8:76982966;A|G;Family=13748	0.129186712702232	0.154343495084218	0.337736083800393	1
chr8:78717932;G|A;Family=12541	0.139964785392962	0.381170997560558	0.591979394925239	1
chr8:78738606;G|C;Family=12643	0.148970112379524	0.183461690918394	0.379697897005182	1
chr8:78740044;A|T;Family=22024	-0.338396933776672	0.0255460489507329	0.092425031035236	1
chr8:80526198;G|C;Family=14253	-0.745493555032269	0.000534693314287599	0.00371592619857425	1
chr8:80971856;T|A;Family=11073	-0.299544486295762	0.0291513209074813	0.101661285186379	1
chr8:81480433;T|C;Family=13763	-0.333662529050896	0.00147867898113297	0.00902624894644202	1
chr8:81701852;G|C;Family=13947	-0.0154195329563717	0.85389139747463	0.925603700973711	1
chr8:85124850;G|A;Family=14385	-0.138574950805887	0.238824448461666	0.446236783779437	1
chr8:85480675;G|A;Family=13630	0.407274398545556	0.0682081475897612	0.189940665428416	1
chr8:88038481;C|A;Family=11838	0.304058670288685	0.0021156044392497	0.012219275864366	1
chr8:89926047;G|T;Family=14285	-0.033781769333542	0.83929829400529	0.917930542891718	1
chr8:90956239;CTGTT|C;Family=12483	0.169815388517089	0.298218045950318	0.512139790912014	1
chr8:90957147;A|G;Family=11537	-0.113612250929512	0.580314821535377	0.758442545335348	1
chr8:90993992;A|G;Family=14522	0.322739017612253	0.0319680315772261	0.108395821310472	1
chr8:9139918;A|C;Family=13948	0.0194523961876802	0.869668344166072	0.93266680040458	1
chr8:91955087;C|G;Family=14152	0.101887513998316	0.331170105452914	0.543372096590258	1
chr8:91956796;T|A;Family=12032	0.105067838408292	0.722579940920836	0.849452502468066	1
chr8:93702337;TATG|T;Family=14271	0.049060145625165	0.728664529004621	0.853192697476706	1
chr8:94127863;G|A;Family=22308	0.116902292044969	0.246480536161598	0.45608695776208	1
chr8:94790581;A|G;Family=13375	0.222273507822112	0.0286627521767305	0.100319632618557	1
chr8:94790790;AAT|A;Family=12499	0.195790910036802	0.188859274917909	0.386521312649788	1
chr8:95047123;T|A;Family=14095	-0.0700291656697788	0.455897305972453	0.658506370792843	1
chr8:96610564;T|C;Family=11030	0.393997609458138	0.0219158475750767	0.0814258029135542	1
chr8:97275271;G|A;Family=13082	0.152466796719578	0.326141129514439	0.538102995797263	1
chr8:9780855;T|A;Family=13412	-0.0768333913248856	0.563588286761763	0.748095204413415	1
chr8:98432386;T|G;Family=14371	0.051234802595415	0.654101002607546	0.808524079998579	1
chr8:99511216;G|A;Family=12922	0.0263226628721628	0.883762887282267	0.938922132652923	1
chr9:101362333;G|A;Family=12111	-0.299821465606459	0.0422707862390219	0.134100425310001	1
chr9:105637531;T|C;Family=12377	0.527530523125579	5.06814757027872e-08	8.51448791806825e-07	0.00019583322211557
chr9:107012058;A|G;Family=11063	0.10352842137033	0.313277016559826	0.526992769694021	1
chr9:107331575;TC|T;Family=13575	0.609782731643746	0.00121543971027187	0.00761176505752109	1
chr9:108868801;AG|A;Family=14371	-0.29157040956643	0.0164082950209092	0.0652066905951332	1
chr9:109073266;A|G;Family=14440	-0.0226667830577879	0.867823786431385	0.931723009383404	1
chr9:109172479;C|T;Family=11000	0.0272844963294066	0.760489232823323	0.871191934666267	1
chr9:109174247;C|G;Family=13592	0.0984397054597637	0.257244904726116	0.469307984826115	1
chr9:110169350;T|G;Family=14314	-0.643468565816655	3.16131936614623e-14	1.24646306436623e-12	1.2215338030789e-10
chr9:111361377;A|G;Family=13929	-0.275992135620266	0.0652141441129252	0.183922144632066	1
chr9:111544251;T|G;Family=13096	0.336838723859004	0.00944000228681201	0.0420232359864535	1
chr9:111578926;C|T;Family=11526	-0.322135572754655	0.00654296567625131	0.0309449441530417	1
chr9:112219628;A|C;Family=14509	1.13072751272643	1.19490923530314e-08	2.16766633108514e-07	4.61712928521134e-05
chr9:112223846;A|G;Family=14081	-0.117545902433721	0.462921953729156	0.664708446380327	1
chr9:112661862;T|TA;Family=12221	0.186362245278325	0.1055901235253	0.259349831952623	1
chr9:113291674;A|G;Family=12899	-0.125909657944792	0.324911002186104	0.536749086125312	1
chr9:113315864;C|T;Family=11455	-0.195236114387015	0.0824041065493076	0.218387837933144	1
chr9:113408274;A|G;Family=11775	0.114635475429203	0.352248766459496	0.56523639269082	1
chr9:113408563;G|C;Family=14240	-0.488595934434864	4.34947274281959e-05	0.000409911284835485	0.168063626782549
chr9:120602066;A|G;Family=13946	-0.241238475737581	0.178844088416116	0.372334890969758	1
chr9:121783329;C|T;Family=14202	0.104236867000831	0.357015915175443	0.569809787789306	1
chr9:122240838;G|A;Family=14116	-0.0826529286218402	0.553891671051934	0.742419862749261	1
chr9:122324182;T|G;Family=13660	-0.0346086645324422	0.725437489366239	0.851226984181946	1
chr9:123089820;C|A;Family=12637	0.0649133924027889	0.668665302913875	0.818929550066311	1
chr9:123123170;G|A;Family=13259	0.217213729550041	0.0161926317988583	0.064636703792137	1
chr9:124482337;C|G;Family=13133	0.0572593314214727	0.545006005590836	0.736587340189923	1
chr9:124517762;A|G;Family=14042	0.121288687061135	0.231127701913655	0.438427805691881	1
chr9:124812407;C|T;Family=11376	-0.0260734932718315	0.798432474608741	0.892950240778054	1
chr9:124814304;G|C;Family=12066	0.471272274754057	8.6539188216442e-05	0.000756562126389366	0.334387423268332
chr9:124945512;G|A;Family=12494	-0.652496268267357	0.00263011439501068	0.0147073256473535	1
chr9:124947542;G|A;Family=11671	-0.185162748203385	0.165135794940685	0.353901670355411	1
chr9:125341338;A|G;Family=11922	-0.0275129713970548	0.733873864844463	0.855669467036513	1
chr9:125437495;T|C;Family=13001	-0.00846987226966417	0.955847318231861	0.980163649146824	1
chr9:125438213;G|A;Family=14291	-0.18756402983045	0.0270288601885319	0.0960805112865569	1
chr9:126503518;G|A;Family=14246	-0.332130812066766	0.0127410106296118	0.0534541423157655	1
chr9:126696795;G|A;Family=14415	-0.131523196978224	0.147480117720379	0.329210384096791	1
chr9:126882867;TG|T;Family=13581	-0.624565226048603	0.00796073712145083	0.0366630372315685	1
chr9:126990082;C|T;Family=11462	0.106834652859686	0.227808458528019	0.4357682592833	1
chr9:127872724;G|A;Family=13601	0.0597186984831316	0.560014046476295	0.747399571393191	1
chr9:128163787;G|A;Family=12457	-0.100506247906887	0.570711639440519	0.752381362947174	1
chr9:128635951;G|A;Family=11009	-0.0553648595765784	0.764130428336519	0.87277563555788	1
chr9:128809363;G|A;Family=14641	-0.333256279286677	0.00312824059049162	0.0169674594012788	1
chr9:129176594;G|A;Family=13649	-0.0873584200262535	0.432451571472991	0.640250230985135	1
chr9:129810352;G|T;Family=13912	-0.393543680031406	0.00867232416059574	0.0391013542083337	1
chr9:129827484;T|C;Family=14085	-0.0464562592382806	0.678933933402885	0.82610462031088	1
chr9:130234947;G|A;Family=14563	-0.0675176984957395	0.555942834460561	0.7438237923669	1
chr9:131123084;TG|T;Family=11009	-0.03716141357769	0.660620742978337	0.813719652811059	1
chr9:131523662;G|A;Family=13332	0.0284439850664055	0.809521230045524	0.899827501472605	1
chr9:132262526;G|A;Family=14005	0.181204985394974	0.051965832462058	0.156749396278995	1
chr9:132638219;A|G;Family=14550	0.0743504559632943	0.392355956469516	0.600421154771568	1
chr9:133161106;T|C;Family=11004	-0.0458702992288991	0.668386588283312	0.818847741638148	1
chr9:133329726;C|T;Family=14410	-0.264259675085995	0.106540009592018	0.260881240217718	1
chr9:133361896;C|T;Family=14053	0.27313783733544	0.000371039667815144	0.00271533575082901	1
chr9:133363549;C|G;Family=11038	0.345487563031532	0.00284238788462096	0.0156899811231077	1
chr9:133430005;G|A;Family=12062	0.384571836702301	0.0298104587184103	0.103307275773935	1
chr9:133449924;G|A;Family=14554	0.236582842521934	0.0304517407617869	0.104684631942655	1
chr9:133763665;C|T;Family=13772	0.135585635970988	0.0931746386173949	0.237914007657345	1
chr9:135566816;A|G;Family=14065	-0.101274583894981	0.308517960644917	0.522781975390111	1
chr9:135694297;CT|C;Family=13390	-0.0561334830351545	0.524076657146433	0.718861271996385	1
chr9:136196867;T|A;Family=11857	0.17106594758378	0.0449837577203731	0.140141216894093	1
chr9:136367682;G|A;Family=13443	0.569176162476312	0.00174152252734476	0.0103367788719818	1
chr9:136840556;G|A;Family=13094	0.119694693994485	0.46730366581785	0.668515869944529	1
chr9:137007274;A|G;Family=12944	-0.448408861164248	0.00385583760768669	0.0199717915765434	1
chr9:137010114;C|T;Family=14317	0.0998242932619857	0.604711811997442	0.774223473014617	1
chr9:137011936;C|T;Family=12225	0.163438946596504	0.143029315122216	0.322253803867196	1
chr9:137013102;G|A;Family=14275	-0.475070982397673	3.03581914080547e-05	0.000293995116793793	0.117304051600723
chr9:137078580;C|T;Family=14361	0.0353308778514024	0.801920153004197	0.895037397807111	1
chr9:137087244;G|C;Family=13043	0.0605227323652784	0.789939532988122	0.888667986809333	1
chr9:137161981;C|A;Family=14008	-0.114018244210548	0.501632624952174	0.701015718920506	1
chr9:137164953;C|T;Family=13780	0.00575109158760943	0.965260990136243	0.984053583083967	1
chr9:137273442;GT|G;Family=13636	0.00411054918363357	0.978199523832064	0.990013577706914	1
chr9:137301028;T|C;Family=14119	-0.171505364305454	0.0204574584753451	0.077270400340893	1
chr9:137522810;C|T;Family=13251	0.14584551559699	0.278583368148154	0.494917762999755	1
chr9:14085340;GAA|G;Family=14147	-0.00392998282744947	0.961749458364341	0.983121668550216	1
chr9:14611924;C|T;Family=12247	-0.108371833869113	0.548127649649705	0.739254882459497	1
chr9:14616772;T|C;Family=14687	0.114021490164295	0.551736906445727	0.741276566935428	1
chr9:16409535;G|A;Family=12206	0.234094782884943	0.712266752204833	0.845067137532667	1
chr9:16416120;C|T;Family=12682	0.0783178979765599	0.450136994996206	0.652656416009509	1
chr9:17300732;C|T;Family=13684	-0.00243912594916614	0.986189219995494	0.994943902366212	1
chr9:18909049;G|T;Family=11964	-0.0219653560730371	0.793383690488377	0.890137799084521	1
chr9:19054207;T|TA;Family=11499	-0.0676393740164372	0.459580820461599	0.661632000843375	1
chr9:20865950;T|G;Family=11235	-0.111511048132259	0.450995658331745	0.653166125859768	1
chr9:21409905;C|T;Family=14149	0.0152875135460912	0.852330333847058	0.925603700973711	1
chr9:21480945;T|G;Family=12233	0.190139007366998	0.594431779449853	0.767675265974008	1
chr9:21862263;GA|G;Family=22252	0.306427228632644	0.0811411853745994	0.21622726916376	1
chr9:22003750;T|TG;Family=14696	0.151072055270909	0.337577521373429	0.550379553834148	1
chr9:27327950;A|G;Family=11964	-0.0448433544544583	0.797317671114426	0.892845585261589	1
chr9:27948743;A|G;Family=11300	-0.119327559052302	0.391854431975121	0.599891254022135	1
chr9:3218524;C|T;Family=13358	-0.132077513412917	0.710653869863392	0.844393159025876	1
chr9:3218573;C|G;Family=11571	0.0409170716182246	0.748128641507846	0.863621409129865	1
chr9:3221259;A|G;Family=13311	0.0567770138344142	0.603094024063241	0.773839111344078	1
chr9:33104557;G|A;Family=13136	-0.186449977976813	0.0755279049799129	0.204656258655248	1
chr9:33112948;C|T;Family=11928	-0.0598834476128149	0.59265062541919	0.765660389860689	1
chr9:33281041;G|A;Family=13509	-0.0267998466499931	0.820384121501905	0.908299210740218	1
chr9:34400074;G|T;Family=13890	-0.000873754583073701	0.991737312150079	0.995352176209349	1
chr9:34723228;G|C;Family=13203	0.117208798497977	0.440114935845456	0.645674055167911	1
chr9:34978932;A|G;Family=11792	-0.0236697181303008	0.821633655916268	0.909161639879857	1
chr9:36214456;GTATT|G;Family=14590	1.24505816826328	0.00741426712988698	0.034475003838608	1
chr9:36337040;A|C;Family=14084	0.118429040677292	0.168313655356356	0.358722776518829	1
chr9:36835610;G|A;Family=12185	0.135160785327013	0.154446081800025	0.337736083800393	1
chr9:36838268;C|T;Family=13932	0.180464345038591	0.127646760427041	0.296767197527128	1
chr9:36838887;C|T;Family=13812	-0.357118406740349	1.74321920773318e-06	2.15890994188494e-05	0.00673579901868103
chr9:37436817;C|T;Family=11627	0.208936535119138	0.0831707815296143	0.219516325020785	1
chr9:37503112;TGAA|T;Family=13267	0.11797238883372	0.3185574042232	0.530791638602176	1
chr9:37515815;G|C;Family=14635	0.238746124119131	0.0331557203361295	0.111306432127545	1
chr9:4605416;T|A;Family=13415	-0.22210704981252	0.100761199490365	0.251025967008878	1
chr9:4707719;C|T;Family=11092	-0.19530826788762	0.102699471035306	0.254348649935405	1
chr9:5234229;C|T;Family=14175	-0.52982104839878	0.00111047482989713	0.00708065139063118	1
chr9:5235143;T|C;Family=13383	0.719480970535177	2.13376304949945e-07	3.07644045644249e-06	0.000824486042326587
chr9:5786983;C|A;Family=12498	-0.0548301028492279	0.589659694932973	0.76414182072811	1
chr9:5909470;C|A;Family=11164	-0.0314942349120025	0.731257103928654	0.854589164594185	1
chr9:6011694;C|A;Family=11615	-0.123311066604539	0.188162145932778	0.385707443970426	1
chr9:6014079;C|T;Family=12396	-0.135804239197318	0.32607481409573	0.538102995797263	1
chr9:69431314;C|T;Family=12382	0.241502102985674	0.025492977005175	0.0923194593701934	1
chr9:70532688;A|G;Family=13732	-0.252671009576825	0.010246591240203	0.0449407815574853	1
chr9:70534620;CTGTCTA|C;Family=13252	2.27214368564931	9.20219778610932e-17	5.9262153742544e-15	3.55572922455264e-13
chr9:72353171;T|C;Family=12624	0.0888037553656685	0.512179645716467	0.708579359487443	1
chr9:74691212;A|G;Family=14268	0.159750484736947	0.242148522723303	0.450053820010988	1
chr9:77317670;A|T;Family=13623	0.0391150511181947	0.740320394981262	0.859554689365263	1
chr9:77419858;G|A;Family=22231	-0.173363757461288	0.0139738174547135	0.0572585690827286	1
chr9:77719646;C|T;Family=14446	-0.104937756891536	0.338479723681039	0.550948442986548	1
chr9:78273599;T|A;Family=11316	-0.55157068814157	0.0224490505554608	0.0828492180957979	1
chr9:78329763;T|C;Family=11685	-0.152165378716411	0.22889112300445	0.436973962099405	1
chr9:79722581;C|T;Family=11199	-0.0574191931713352	0.501619964112365	0.701015718920506	1
chr9:8315243;G|A;Family=12923	0.0935140795321355	0.496911614951929	0.69719189548811	1
chr9:8316672;C|CCTGA;Family=12536	-0.59836200647769	3.61574875326467e-05	0.000343274033970877	0.139712531826147
chr9:83247078;C|T;Family=13298	0.105766681935759	0.381597097768892	0.592183391337406	1
chr9:84876701;T|C;Family=14125	0.0751146726228658	0.335702706837113	0.54824820761564	1
chr9:86022196;G|A;Family=14394	-0.388181938582575	0.000746987154395616	0.00501975367753854	1
chr9:87650018;G|A;Family=13884	-0.0426494111045884	0.730362292813619	0.854152511934572	1
chr9:88992903;G|A;Family=12940	-0.10299101923286	0.401437372590934	0.608773158434603	1
chr9:89002362;G|A;Family=14179	0.121000425728009	0.373777517136577	0.584263610056566	1
chr9:89007807;T|C;Family=14011	-0.0889153060079515	0.600688879956145	0.772156254528794	1
chr9:89377705;G|A;Family=14613	-0.201530232805834	0.0262535359299952	0.0941035833334892	1
chr9:93034580;G|A;Family=12479	0.0123068448625014	0.936030324034729	0.969397258662609	1
chr9:93952040;GATC|G;Family=14109	0.756399069903773	5.72660921358582e-10	1.25725102280089e-08	2.21276180012956e-06
chr9:94295032;C|T;Family=12493	-0.0983153918123089	0.389722828474073	0.598044689967692	1
chr9:95099215;G|A;Family=13300	0.156455079961713	0.0952546604474708	0.24103733331305	1
chr9:95467382;A|T;Family=13578	0.0017331139744647	0.983347714831991	0.993170459780532	1
chr9:95467387;G|A;Family=13991	0.11073188894389	0.206169399954921	0.407670498736627	1
chr9:96320998;C|T;Family=12497	-0.0235827636206442	0.858264392352191	0.927127093108433	1
chr9:96756012;G|C;Family=14095	-0.0385087484572185	0.777555360439082	0.879409295644886	1
chr9:96758618;A|G;Family=13159	0.1837098800567	0.304053466931095	0.518296616227458	1
chr9:97673220;A|G;Family=13070	-0.0418636917704839	0.604399909455738	0.774177108563805	1
chr9:97855594;C|G;Family=12619	-0.134089795646713	0.358853685387449	0.570888626821753	1
chr9:98849178;C|T;Family=11445	0.171760983126655	0.301781207565118	0.515965746031688	1
CLIP2_wgs	-0.0562625848080073	0.497658068848371	0.697985763350311	1
CLSTN2_wgs	2.50837012900831	9.69317253867006e-17	6.04103527248728e-15	3.74544186894211e-13
CMTR1_wgs	-0.0608089494972479	0.388308836447522	0.59744107224724	1
CNGB1_wgs	0.13157205126994	0.116079847039041	0.278294885030889	1
CNKSR3_wgs	-0.236693839985011	0.00107071359161936	0.00687248723923122	1
CNNM2_wgs	0.0350336060772651	0.595823927528605	0.768445813074276	1
CNTF_wgs	0.594621861910772	4.68512329310313e-08	7.9400510546274e-07	0.000181033164045505
CNTLN_wgs	-0.357641600514784	0.119381837267824	0.283697059780364	1
COCH_ssc	-0.790243236579719	7.62279610785831e-11	1.86420785827623e-09	2.94544841607645e-07
COG6_wgs	0.000180371885300535	0.998624692195595	0.999141846360378	1
COL8A1_wgs	2.9017082784141	3.65067108779192e-09	7.16050410316141e-08	1.4106193083228e-05
CPD_wgs	-1.7237369687575	3.34092299082808e-20	4.45149187467575e-18	1.29093264365597e-16
CPEB4_wgs	0.377455768205847	0.00013956651297025	0.00113773208041571	0.539285006117047
CRIM1_wgs	2.64546911646679	8.27182776297262e-12	2.38524943851688e-10	3.19623424761262e-08
CRTC1_wgs	0.645850077911138	1.69448900477697e-15	8.84798042494351e-14	6.5475055144582e-12
CSK_wgs	0.192683067228507	1.69774744877944e-06	2.10935567269574e-05	0.00656009614208374
CTD-2132N18.3_wgs	1.03695774609676	1.51671563635458e-12	5.23266894542329e-11	5.86058921887409e-09
CUL3_wgs	-0.992281847307144	8.83404985265653e-11	2.14465114923218e-09	3.41347686306649e-07
CUX1_wgs	-0.33075654082173	0.00447539655535224	0.0224875582443187	1
DACT2_wgs	0.0411552167026717	0.59150988996758	0.765436776568897	1
DCAF4_wgs	-0.360835179068001	0.0476482803657895	0.145889821975761	1
DCTN5_ssc	-0.211210174272945	0.00928350856602301	0.0414699157215178	1
DFFA_wgs	0.28822729630589	0.389610202687395	0.598044689967692	1
DHRS7B_wgs	0.182060862353519	0.0824673801348735	0.218405727786944	1
DIDO1.1_wgs	-1.59948396134716	1.78215280055556e-12	6.04056001872515e-11	6.88623842134667e-09
DIDO1_wgs	0.619658699334663	7.9227425189062e-06	8.77176994070302e-05	0.0306134770930535
DNAJC10.1_wgs	-1.77789491397357	5.21197503885721e-16	2.91870602176004e-14	2.01390715501443e-12
DNAJC8_wgs	-0.342269092842477	0.00892470255017173	0.0400523236397951	1
DNM3_wgs	0.590678959882136	0.0429556327162678	0.135520034934104	1
DPY19L3_wgs	-0.206300677484042	0.0166951132948006	0.0660285749960177	1
DSE_wgs	0.0425748897080335	0.719209109699172	0.84797050867024	1
DSTYK_wgs	-0.213742863424985	0.206261859479841	0.407670498736627	1
DTX3L_wgs	3.59440491007253	9.51541129883536e-23	2.29797182866874e-20	3.67675492586998e-19
ECE2_wgs	0.475109452769613	6.44923868345536e-09	1.20385788757833e-07	2.49198582728715e-05
EIF4E3_wgs	0.868523585768501	7.63298916905916e-16	4.15406621820347e-14	2.94938701492446e-12
EIF5A2_wgs	-1.19903243552923	2.19267310015011e-09	4.45920466262107e-08	8.47248885898002e-06
ELOVL6.1_wgs	1.90795836744074	8.05771604882095e-17	5.27712115468545e-15	3.11350148126441e-13
ELOVL6_wgs	0.505167587897786	0.000585741294690028	0.0040416149333612	1
EMILIN2_wgs	0.303155089229375	0.00348658886432766	0.0184046166280903	1
ENPP5_wgs	-3.06263036065862	1.32129861674545e-18	1.2763744637761e-16	5.10549785510441e-15
EPB41L1_wgs	-0.147944807453773	0.0470606029305643	0.144894159142391	1
EPB41L5_wgs	-1.86427067302501	3.02253308549917e-18	2.43313913382683e-16	1.16790678423688e-14
EPM2AIP1_wgs	0.011728472079667	0.921617977917672	0.960217782844844	1
EPX_wgs	-0.124467981307007	0.309361681292916	0.523368448562096	1
ERICH1_wgs	-0.0413232022228817	0.762083357264367	0.872441210962788	1
ERO1LB_wgs	-0.166298587518954	0.653388424649674	0.807901719310829	1
ETF1_wgs	-0.878701149595565	2.67076395132519e-11	7.11712545373829e-10	1.03198319079205e-07
ETV3_wgs	-0.241306809517622	0.328154001263987	0.539339455926858	1
F2RL1_wgs	5.94119649804525	2.21153308446173e-37	4.27268191918006e-34	8.54536383836013e-34
F2RL3_wgs	0.259993439710602	0.00151683116568033	0.0092009978401708	1
FAM101B_wgs	0.429954579279277	0.00164816893204309	0.00981282704686362	1
FAM127A_ssc	-0.0637690463353083	0.21325607745215	0.417882737699268	1
FAM57A_wgs	-0.0581169731952301	0.571230581591614	0.75280865186562	1
FAM83F_wgs	-0.871994310351523	1.39257465330093e-11	3.87115716572287e-10	5.3809084603548e-08
FANCC_wgs	-0.135003460328041	0.189200481779771	0.386809873860866	1
FANCM_wgs	-0.00423917317582955	0.964358747110498	0.984053583083967	1
FARP2_wgs	0.436143671893052	1.89096834813481e-07	2.79950256597429e-06	0.00073067016971929
FAXC_wgs	0.810525115290871	4.06039955191506e-15	1.96117298357497e-13	1.56893838685998e-11
FBRSL1_wgs	-0.35075177960117	0.00443086695128297	0.0222927993486424	1
FBXO31_wgs	-0.137086403404906	0.160523236803593	0.346708656796581	1
FBXO44_wgs	0.184486845917558	0.120999656260532	0.286133826065297	1
FGD4_wgs	0.435926343788716	8.36696547674186e-06	9.23712988632301e-05	0.0323299546021306
FIGN.1_wgs	0.671958001431784	0.181847986971639	0.377571532325854	1
FIGN_wgs	0.287117201079156	0.00116568534430009	0.00735981727185547	1
FKTN_wgs	-0.136574809706473	0.0853259119323893	0.224132782941368	1
FLI1_wgs	0.0673719649876193	0.311218160599426	0.524856521277325	1
FLJ14816_wgs	-0.427849000752617	9.15147586429183e-05	0.00079642573737891	0.353613027396236
FLVCR1_wgs	-0.806916005547436	0.128464581236141	0.298130415553423	1
FMN2_wgs	0.740817034622342	0.116341005698559	0.27852642256458	1
FNBP1L_wgs	-0.640221352699917	0.0614940625136724	0.175879391230814	1
FOSL2_wgs	0.0548032175084536	0.444295842098617	0.647785660828833	1
FRAS1.1_wgs	0.627190142306953	0.000204881079218952	0.00158649396814035	0.791660490102032
FRAS1_wgs	-0.0577693730706062	0.666309954000862	0.818379422205763	1
FRK.1_wgs	0.151173136865216	0.0246382762684231	0.0895600183454249	1
FSD1L_wgs	-0.465788933956251	0.364765490113059	0.575992584306032	1
FST_wgs	0.0621964452361187	0.397316545648584	0.604985638473148	1
FTO_wgs	-0.126269280263994	0.271308387986648	0.485790366626695	1
FXYD3_wgs	-0.0795494419692057	0.287910781254631	0.501745799355232	1
GABPB2_wgs	0.130716016013602	0.676326854570704	0.824779926179699	1
GALNT11_wgs	-1.5764020549282	1.0314725845896e-21	1.99280503342711e-19	3.98561006685421e-18
GDNF_wgs	-0.401767815671402	0.48742815746753	0.68838538028309	1
GDPD4_ssc	-1.30957597514174	8.18513962409337e-12	2.37799845921028e-10	3.16273795074968e-08
GET4_wgs	0.132285991705383	0.317543278904622	0.530012156842635	1
GFOD1_wgs	-0.495736795902666	1.2667151137685e-07	1.95003474087708e-06	0.000489458719960148
GJA1_wgs	0.8279510815203	7.86397300965347e-08	1.26609965455421e-06	0.00030386391709301
GJA3_wgs	-0.864366433552698	2.79313859682557e-14	1.13094730748008e-12	1.0792687538134e-10
GLCCI1_wgs	-1.12235300445227	4.01256504716659e-11	1.03363675615011e-09	1.55045513422517e-07
GLYAT_wgs	1.34366198909003	2.39850661956218e-14	9.85939316807262e-13	9.26782957798826e-11
GMPS_wgs	-0.0105768776398065	0.905018478892069	0.952025793847618	1
GNB1L_wgs	0.0787655296700754	0.538470029170784	0.730821283005238	1
GNB4_wgs	-1.12500539903256	3.0121322046487e-11	7.91760465221945e-10	1.16388788387626e-07
GPR132_wgs	-0.23671373360161	4.57597529114416e-06	5.4072074999942e-05	0.017681568524981
GPR88_wgs	0.00335221951625293	0.991767275920957	0.995352176209349	1
GRAMD2_ssc	0.0984445889264068	0.0381082152838172	0.123739616686277	1
GRIK2_wgs	-0.892307926268115	1.33880976167373e-05	0.000140575024975742	0.0517316091910731
GRK4_wgs	-0.197699156700982	0.108442435129516	0.264366920719527	1
GRM6_wgs	0.0639767188350882	0.390752605140794	0.598551748056254	1
GSG1L_wgs	-0.245979026366347	0.000157336142976688	0.00126130053207867	0.607946856461921
GSKIP_wgs	-0.866266575266181	2.37916317668119e-10	5.47207530636674e-09	9.19308651469613e-07
GSPT1_wgs	0.0216024358895907	0.79412169420754	0.890672042670892	1
GSTA1_ssc	-0.60778372112753	0.281548245594469	0.497895844840745	1
GSTA2_wgs	-1.2020254699385	5.40231292392471e-05	0.000495832236058078	0.208745371380451
GTF2H1_wgs	-1.44773390483187	2.94277016974181e-12	9.47571994656864e-11	1.13708639358824e-08
GTPBP2_wgs	-0.257524135250942	0.0530562587756211	0.15904529395578	1
GTPBP6_ssc	0.108681734592438	0.362726566387159	0.573945721752654	1
GUCY1A2_wgs	-0.624950040754511	0.00633572193578805	0.0302610995795859	1
GUCY1B3_wgs	-0.206655849690448	0.640479398111327	0.800461207233368	1
GXYLT1.1_wgs	0.124093839575157	0.0897387515156157	0.231866043727387	1
GXYLT1_wgs	0.923759118405867	1.82743674223665e-12	6.14018745391516e-11	7.06121557200244e-09
GYPA_wgs	2.69315275309675	1.94511103300516e-26	8.35101003503549e-24	7.51590903153195e-23
HAP1_wgs	0.412800520667858	0.000192844081458574	0.00150231760233051	0.745149530755931
HDGFRP3_wgs	-0.0472446818833683	0.580162413435393	0.758442545335348	1
HECA_wgs	-0.237997419726957	0.0132334105586217	0.0549826864500152	1
HELLS_wgs	0.0300362781359134	0.855350376009192	0.926050393079159	1
HERC3_wgs	0.623083150980059	2.30304154160883e-06	2.79841274112469e-05	0.00889895251677652
HHAT_wgs	-0.234828003758891	0.195913756025267	0.395145815710479	1
HIST1H2BJ_wgs	0.151092846866026	0.464414520086069	0.665861857370156	1
HIST1H2BN_wgs	0.0482384948474801	0.492703476691491	0.693301614688974	1
HK2_wgs	0.543595557660833	2.09408669781093e-05	0.000211267650139463	0.0809155100034144
HLF_wgs	-0.677878331886755	3.82580461415949e-06	4.53463467150683e-05	0.0147829090291123
HNRNPUL1_wgs	0.0417843141596788	0.853154049621527	0.925603700973711	1
HOXC11_wgs	0.772823756602	3.83069532202592e-11	9.93409847269005e-10	1.48018067243082e-07
HS3ST1_wgs	1.05772130905887	1.14441954399834e-05	0.000121484536209055	0.044220371180096
HSF2BP_wgs	-1.8494760207601	1.04313425774341e-18	1.03350532613347e-16	4.03067077192053e-15
ICMT_wgs	-0.204855873752979	0.0444876094445062	0.139053861838048	1
ICOSLG_wgs	0.316635189591483	4.73602409747994e-05	0.000440497503919664	0.182999971126625
IDE_wgs	0.712490550471074	1.54275321808259e-09	3.17085023120805e-08	5.96119843467113e-06
IFNLR1_wgs	-0.0972310421562979	0.194084086920752	0.393138378990563	1
IGF1_wgs	-0.0818167773021255	0.16859242774929	0.358722776518829	1
IGF1R_wgs	-2.78683681266317	6.12899808844692e-25	2.36824486137589e-22	2.36824486137589e-21
IGFBP4_wgs	0.123984360215876	0.204755463263587	0.40614738708958	1
IKBKAP_wgs	0.286569122147475	0.017732485912902	0.0690708927091264	1
IKBKB_wgs	0.519125626448229	2.00364825835717e-12	6.61717681221549e-11	7.74209687029212e-09
IKZF4_wgs	-0.273008004899546	0.0112106496039159	0.0482382517478072	1
IL10_wgs	-0.851694961864401	4.6217765055775e-05	0.000431365807187233	0.178585444175515
IL17A_wgs	-0.526020246851647	9.83905123062139e-06	0.000106195793170729	0.0380180939551211
IL17RA_wgs	0.56697769210099	1.07973234210638e-07	1.7028921509792e-06	0.000417208576989905
IL20RB_wgs	-0.625552092144232	4.77661393786968e-09	9.22841812796422e-08	1.84568362559284e-05
INHBA_wgs	-0.176179562249289	0.221522107017248	0.427980710757324	1
INO80C_wgs	1.30311716120925	3.21391026382236e-06	3.85669231658684e-05	0.0124185492594096
INPP4A_wgs	0.0552585858469907	0.421664100519234	0.630537958361579	1
INPP5F_wgs	0.564050668772352	1.16622027929043e-05	0.000123459593402143	0.0450627515917822
INSL4_wgs	-0.692114592801113	2.65038805523372e-07	3.68384872137521e-06	0.00102410994454231
IP6K1_wgs	0.310093754819271	3.84873457486587e-08	6.63906714164362e-07	0.000148715103972817
IPO5_wgs	2.05063946968923	4.16412744133781e-22	9.16221043221961e-20	1.60901884333293e-18
IRGQ.1_wgs	0.0306500792105019	0.895697008071737	0.947704140900528	1
IRGQ_wgs	-0.079945670066163	0.445080718266072	0.647785660828833	1
IRS1_wgs	-0.28797155257034	0.0176438412688529	0.0687949572783527	1
ITGA9_wgs	0.819411188956013	2.17988327421328e-05	0.000219350754467712	0.0842306897156013
ITGAV_wgs	0.490206026748994	0.0927078838546873	0.237233949148683	1
ITGB6_wgs	0.25174416166805	0.185450791702539	0.382176991540593	1
ITGB8_wgs	0.948774887123345	7.72103708187804e-12	2.2774112430822e-10	2.98340872843768e-08
KBTBD11_wgs	1.10420343068306	1.12745332661945e-12	3.92475644509691e-11	4.35647965405757e-09
KCNC4_ssc	0.0295830640890544	0.856644030547927	0.926672042003693	1
KCNJ12_wgs	0.268128196347259	7.03445645135738e-05	0.000627739947529906	0.271811397280449
KCNK3_wgs	0.342925708581322	1.25917069552486e-06	1.60311938352186e-05	0.00486543556750805
KCNMA1.1_wgs	0.307234815301586	0.00409735706757401	0.020997596431175	1
KCNMA1_wgs	0.0732698996666122	0.546888263603686	0.738451043664191	1
KCNS1_wgs	-0.282316759805163	0.0390064066968068	0.125600629563718	1
KCTD20_wgs	-0.378975868039062	0.000394740271451586	0.00286706091896415	1
KDSR_wgs	1.69394265509382	5.47245900864313e-10	1.2083189491084e-08	2.11455816093971e-06
KIAA0226_ssc	0.104564517498018	0.344614515790919	0.557252335255348	1
KIAA0247_wgs	0.110737032029745	0.132921518792822	0.305901577495809	1
KIAA0319L_wgs	-0.145305014061094	0.258569171211531	0.470519447891206	1
KIAA0930_wgs	0.50362394635252	0.000295352981354537	0.00220743504826679	1
KIAA1377_wgs	-0.518368131237336	0.00111749774167619	0.00710199222670524	1
KIAA1456_wgs	-0.643309825422539	1.1247228493565e-05	0.000119722564460427	0.043459290899135
KIAA1751.1_ssc	0.353456554497607	4.41043696249503e-12	1.37434906637748e-10	1.70419284230808e-08
KIAA1751.2_ssc	-0.0697676297724845	0.0419285222799185	0.133383269925758	1
KIAA1751.3_ssc	-0.650495922804839	2.60401111670532e-20	3.59353534105334e-18	1.00618989549493e-16
KIAA1751_ssc	0.249394813883234	5.67360599141429e-09	1.07464772307965e-07	2.19228135508248e-05
KIAA1755_wgs	0.0674313637142802	0.441551460537957	0.645781545616452	1
KIT_wgs	-0.186421240275927	0.00144742898432565	0.0088634953968848	1
KLHL3_wgs	-0.475596067113159	0.000957812414351308	0.00628350962487853	1
KNCN_ssc	0.103370178869408	0.230134282216146	0.437988052707915	1
KNDC1_wgs	-0.0179002935864744	0.841115922538586	0.919137987751442	1
L1TD1_wgs	0.0966970206920726	0.58826558813491	0.763539883289652	1
LAMB3_wgs	0.415585535111226	0.0352007306286876	0.116651477829544	1
LAPTM5_wgs	-0.360813659660063	0.0670329748093867	0.187828437029348	1
LASP1_wgs	0.157396156813045	0.0350251738571451	0.116551898789566	1
LENG8.1_wgs	-0.00322683494886546	0.957970163417752	0.981075195188496	1
LENG8_wgs	-0.0393209314370437	0.436825507585307	0.643505731047256	1
LGSN_wgs	0.182866965750223	0.0139496309386093	0.0572201421940406	1
LHFPL2_wgs	0.675489327385232	7.22033284959328e-06	8.08677279154448e-05	0.0278993661308284
LHX3_wgs	0.265382224959349	0.0034262685797241	0.0181855793846894	1
LILRA6_wgs	0.181292035019736	0.168678189771795	0.358722776518829	1
LIN7C_wgs	-2.37375638247329	5.29204875028578e-16	2.92121091015775e-14	2.04484763711042e-12
LMBRD2_wgs	-1.99613395467885	3.99491636716678e-15	1.95396922059904e-13	1.54363568427324e-11
LMX1B_wgs	-0.195252923411817	0.0340817649591632	0.113920363150698	1
LONP2_wgs	0.0849554114004335	0.23985852605123	0.447519722193121	1
LPGAT1_wgs	0.417967281277078	5.43168052733374e-05	0.00049734629283454	0.209880135576176
LPXN_wgs	0.413658018867698	0.104113173496045	0.256564606115253	1
LRP2BP_wgs	2.57904268924917	2.14532724463938e-18	1.88398738029241e-16	8.28954447328658e-15
LRRC15_wgs	-0.0114670632229334	0.85449216836914	0.925639960352777	1
LRRC8C_wgs	-0.0469493569787926	0.85393897163118	0.925603700973711	1
LSMEM2_wgs	0.0329321858518544	0.733397748869649	0.855372442388265	1
LTN1_wgs	0.374045347918254	0.00335575374575877	0.0179097133613424	1
LUZP2_wgs	-0.444237149420794	0.248592940836148	0.458502684196122	1
LYRM2_wgs	0.563549192995668	9.59518897666329e-08	1.52575350641263e-06	0.000370758102058269
LYRM7_wgs	-0.464184939771914	0.000500446429715629	0.00352226776761601	1
MAK_ssc	0.0522048858332944	0.538224446887419	0.730821283005238	1
MAP1B_wgs	0.0224676019929868	0.886692507709026	0.940935464719897	1
MAP2K3_wgs	-0.136956705693714	0.0847360595752732	0.22273478516929	1
MAP4_wgs	0.32055463213087	2.38228258731044e-07	3.38424261667924e-06	0.000920513991736753
MAPKAP1.1_wgs	0.136344347475857	0.0652765874765645	0.183922144632066	1
MAPKAP1_wgs	-5.99651928875955	1.12324545182025e-30	6.20031489404777e-28	4.34022042583344e-27
MARVELD2_wgs	-0.291523088061745	0.00599610711962073	0.0290337818423741	1
MAST3_wgs	4.02947341790646	2.75837528769979e-32	1.77639368527867e-29	1.0658362111672e-28
MAVS_wgs	-0.340916755943784	0.000269563663462249	0.00204148232734535	1
MCF2L_wgs	-0.491939752713388	0.00293880010875256	0.0161529496731435	1
MED13_wgs	-1.13049430554963	1.36435504881508e-11	3.82019413668222e-10	5.27186790862146e-08
MEGF9_wgs	0.0501696266709413	0.769268898534516	0.874311905896566	1
MFN2_wgs	0.0576583595955432	0.489903657763795	0.691123670536437	1
MGAT1_wgs	0.156000642653272	0.014369733549469	0.0586321546305683	1
MGAT3_wgs	0.078166844529309	0.435273913168091	0.64196063617802	1
MICB_wgs	-0.20071972003982	0.00301091636843211	0.0164557013403418	1
MINK1_ssc	0.207334503046507	0.230870137210911	0.438369636453542	1
MKX_wgs	2.51336361278284	9.73436972864471e-19	9.89831700828504e-17	3.76136046314832e-15
MLXIP_wgs	-0.00216273079479423	0.97675687806121	0.989959726886393	1
MPV17L_wgs	-0.245431158954971	0.157772479487496	0.342875624712983	1
MRPL17_wgs	-0.660200905561442	0.0377834416062185	0.123147731970941	1
MRPL54_ssc	0.0399847998435128	0.61788165967988	0.785984978642837	1
MSL2_wgs	-0.313563925720793	0.00542993398542457	0.0266937212718582	1
MTMR6_wgs	-0.136694703382763	0.160338172755837	0.346502628371674	1
MTR_wgs	-0.113489203306687	0.694642257475747	0.836092730594712	1
MUC2_ssc	0.0960291565206804	0.159909166834564	0.345962497563692	1
MUC2_wgs	0.0764829540595405	0.254116377344482	0.465578796614072	1
MYCBP2_wgs	2.91331321776498	2.1945215434197e-18	1.88436249861638e-16	8.47963124377372e-15
MYO9B_wgs	0.187876012545423	0.148700488962569	0.330407526941555	1
MYRF_wgs	0.182234618295856	0.0169184778354885	0.0666391420553796	1
MYT1_wgs	-0.250136565083108	4.7424161912676e-05	0.000440497503919664	0.18324696163058
NFAM1_wgs	-0.434990956029192	0.000399996004719283	0.00289435311280021	1
NHLRC2_wgs	0.378640430665538	0.00040487254424255	0.00292416357187517	1
NINJ2_wgs	-0.302637658449855	0.103629739246805	0.255862819456649	1
NIPA1_wgs	-0.342907392813419	0.00578822682116123	0.0281329665873799	1
NME9_wgs	0.339520527467448	0.00421840501428206	0.0214190761828987	1
NR2F2_wgs	-0.784778114394566	4.78251628561961e-06	5.61691274396175e-05	0.0184796429276342
NRARP_wgs	0.376074401205734	0.494773115645859	0.695201206856581	1
NRXN1_wgs	0.185474858451602	0.0446627919011207	0.139399860990251	1
NSL1_wgs	0.351599295917313	0.231940964890663	0.439121217760327	1
NT5DC3_wgs	0.0395355654477878	0.773030066621465	0.877415885353352	1
NTN1_wgs	0.0780599124736056	0.333150689973346	0.544771166338134	1
NUDT14_ssc	-0.175638073474247	0.00604087103440045	0.0292139245017814	1
NUDT3_wgs	-0.463293588069537	1.25067023233225e-06	1.60019529063967e-05	0.00483258977773181
NUPL1_wgs	1.17421156834454	3.2412091595587e-12	1.03504398285412e-10	1.25240321925348e-08
NXN_wgs	-0.222502664726256	0.00855681964944482	0.0386256438381481	1
OLFM3_wgs	-0.301603857616493	0.464044917885039	0.665578902267184	1
OLFML2A_wgs	0.417056375306666	0.00011184106449105	0.000941511706303743	0.432153873193418
OR2H1_wgs	-0.875000203680148	5.3639400328338e-12	1.65810114294958e-10	2.07262642868698e-08
ORMDL1_wgs	-0.192538353958306	0.367323921003897	0.577436790382041	1
OSCAR.1_wgs	0.0811925588122676	0.17881504089224	0.372334890969758	1
OSCAR_wgs	0.121321691319588	0.0489096241942203	0.148925758775782	1
OTUB2_wgs	-0.428617621144495	0.000242165668982366	0.00185292701969873	0.935728144947861
OXR1_wgs	-0.539019996818672	0.0203318402165612	0.0770217947027379	1
P2RX3_ssc	0.0666086222152554	0.386290982448026	0.595419980979393	1
P2RX7_wgs	-0.634712200071898	7.33413788888404e-08	1.18573676998527e-06	0.000283391088026479
PABPN1L_wgs	0.638918076011958	1.47272854039118e-06	1.85362315311775e-05	0.00569062308007151
PAEP_wgs	0.33301068376135	0.0103013100984502	0.0450834750749707	1
PALM2-AKAP2_wgs	0.313489266898831	2.98367667109164e-07	4.13223177673767e-06	0.00115289266570981
PAQR9_wgs	-0.137701201214067	0.234466806045967	0.441295537536102	1
PARK7_wgs	-0.20362673313622	0.0676410096355946	0.188983992213982	1
PARP15_wgs	-0.772765419241071	0.0474345853188505	0.145466061644475	1
PARVB_wgs	0.0831654656902737	0.45907612736806	0.661151754062685	1
PAX5.1_wgs	0.589369077294986	2.40030482875809e-11	6.48585864218271e-10	9.27477785832128e-08
PAX5_wgs	-0.0040227966552295	0.940331958718185	0.97228865091974	1
PCBP3_wgs	0.142274200329204	0.203804376077995	0.40552180466901	1
PCDH10_wgs	-1.34466751498618	4.59887494549185e-14	1.79495482721015e-12	1.77700527893805e-10
PCDH17_wgs	0.542535745462818	1.21461035917879e-05	0.000128230995296909	0.0469325442786686
PCDH7_wgs	-0.462182513940336	8.65425620766304e-05	0.000756562126389366	0.3344004598641
PCDHA6_ssc	0.0985443245293605	0.443687866352427	0.647191361112034	1
PCMT1_ssc	0.95891726083215	9.31642719169175e-10	1.98967127288878e-08	3.59986746686969e-06
PDCD1_wgs	0.103173314165055	0.280796547947471	0.497160869579851	1
PDCD5_wgs	-0.13204859814781	0.782705927794373	0.882771659368785	1
PDE7A_wgs	0.559357803127699	1.36930934948317e-09	2.87554963391465e-08	5.29101132640295e-06
PDE9A_ssc	-0.480440752419413	6.32762827453446e-06	7.17007497149594e-05	0.0244499556528011
PDIK1L_wgs	-1.27396555042321	0.0145989332748273	0.0593792401830869	1
PEX2.1_wgs	-0.39594758301209	0.000119310059153969	0.000991428104453625	0.461014068570935
PEX2_wgs	-0.459170039082155	8.5131882328869e-06	9.37178328543446e-05	0.032894959331875
PGR.1_wgs	2.21927695121864	6.16129294696992e-21	1.08214708850417e-18	2.38072359470918e-17
PGR_wgs	0.49508200797139	6.45933701384537e-05	0.000582399596307609	0.249588782214985
PHF12_wgs	-0.759577405199154	1.91293123703609e-08	3.3598028635943e-07	7.39156629990746e-05
PHF17_wgs	-0.0512645883293255	0.604475242375	0.774177108563805	1
PHF21B_wgs	0.612199379751695	1.16257609976026e-06	1.49739801649122e-05	0.00449219404947365
PIRT_wgs	0.00842424459686048	0.907207949714826	0.952867808284967	1
PKD1L2_wgs	0.442102627271572	5.59020423928202e-09	1.06406646209782e-07	2.16005491805857e-05
PKP2_wgs	1.96560983468753	4.27815055547047e-18	3.30615474926758e-16	1.65307737463379e-14
PLA2R1_wgs	0.359002915874401	0.00421399394209859	0.0214190761828987	1
PLEKHA5_wgs	1.9333740429044	6.88168432646123e-23	1.77272188249641e-20	2.65908282374462e-19
PLEKHA6_wgs	0.113822397545853	0.711964927138143	0.845067137532667	1
PLEKHG3_wgs	-1.41251369693102	9.86593357365466e-16	5.294717684528e-14	3.81219673286016e-12
PLEKHG4B_wgs	0.0454070968368523	0.359196389892208	0.570931653864044	1
PLIN4_wgs	-0.966256238577909	4.54671620679918e-13	1.65740673802566e-11	1.7568511423072e-09
PLK5_wgs	-0.0363184012625474	0.625742721067224	0.790928974224322	1
POLR3D_ssc	0.117830866837172	0.0578953750516613	0.170119946159406	1
POLR3D_wgs	0.0362567343041718	0.555157171973395	0.743287357070408	1
PPA2.1_ssc	-0.309406993736294	0.0151108053662745	0.0612035135589985	1
PPA2_ssc	0.0809176585714568	0.56218917791733	0.748095204413415	1
PPARGC1A_wgs	-0.750753770269338	7.48028868235705e-12	2.23395271038972e-10	2.89038354686276e-08
PPHLN1_wgs	-0.384028361966263	0.00149859684451893	0.00911902079877344	1
PPP1R3B_wgs	-0.463943754254603	0.000563066902437882	0.00389908693731179	1
PPP1R9A_wgs	1.68677823247314	4.84445293720362e-11	1.20767523544224e-09	1.87189661493548e-07
PPP2R2B_wgs	0.0127260522417542	0.930528435832396	0.965252355698139	1
PRDM5_wgs	1.76986802286105	1.1338735950514e-20	1.69849167460957e-18	4.38128757127861e-17
PRKAR1A.1_wgs	-0.320183440847505	0.00249111892016309	0.0140895287653206	1
PRKAR1A_wgs	1.13106760579363	3.99849077567275e-16	2.30599527719396e-14	1.54501683571995e-12
PRKG2_wgs	0.129151187084245	0.778374559663153	0.879683912997491	1
PRPF40A_wgs	-0.584138108521085	0.332569641959002	0.54472341067208	1
PRSS23_wgs	0.0689441052287967	0.525357493629465	0.719851544462502	1
PSAPL1_wgs	-0.385760537192419	6.96151409290384e-06	7.84235873323044e-05	0.0268992904549804
PTEN_asc	0.0230045468489487	0.97535449160252	0.989855692638889	1
PTGDR2_wgs	0.0482820714088639	0.567967619046318	0.751584547943483	1
PTPLAD1.1_wgs	1.09387495780856	9.4422437477582e-17	5.98111964612093e-15	3.64848298413377e-13
PTPLAD1_wgs	-0.593002651247407	1.24808051189175e-06	1.60019529063967e-05	0.00482258309794973
PTPN21_wgs	0.357499882551287	0.000164369961397346	0.00130502033167112	0.635125530839345
QSOX1_wgs	-0.359450836624718	0.0435532030517895	0.136932120904894	1
RAB6B_wgs	-0.038207642599526	0.698965819841681	0.837718339909508	1
RABGAP1L_wgs	-0.00829360954697691	0.966947528689001	0.984528392846983	1
RAD18_wgs	1.15012307480675	3.18620959541106e-11	8.31859045720833e-10	1.23115138766683e-07
RAET1G_wgs	-0.302040020554619	7.62283288004465e-06	8.48836491311024e-05	0.0294546262484925
RANBP10.1_wgs	-0.107419404082086	0.31738328523849	0.530010869339837	1
RANBP10_wgs	0.00469140975707934	0.964981203010171	0.984053583083967	1
RANBP6_wgs	-1.55110206313129	3.96038833562767e-18	3.12304908752353e-16	1.53029405288653e-14
RAP1A_wgs	-0.3903571779291	0.000375203011241898	0.00274061329950604	1
RBFOX1_wgs	0.350085300450653	0.380786810107121	0.591620520407686	1
RBFOX2_wgs	2.39201697430431	1.77784832229124e-17	1.27214924395062e-15	6.86960591733334e-14
RBM28.1_wgs	1.67745058922768	2.30665451794715e-18	1.93758979507561e-16	8.9129130573478e-15
RBM28_wgs	0.69953030806668	0.000197198867284747	0.00153181557579198	0.761976423188262
RBM4_wgs	-0.353340162272935	0.00507824318989589	0.0251891292500099	1
RBM41_ssc	-0.0108416880133367	0.97339687820999	0.98849028578276	1
REEP1_wgs	0.511122482979841	0.191650026980831	0.390141143583119	1
REM2_wgs	-1.08937180847605	0.000617884650545277	0.00422330944835125	1
RFX7_wgs	0.14598937185064	0.103854363841526	0.256163545398131	1
RIMS3_wgs	0.0386119110347051	0.703651558806843	0.840277168839286	1
RNF130_wgs	0.325254957021415	2.40392814214912e-05	0.000240020112177369	0.0928877834126419
RNF150_wgs	0.379442451742307	0.00271228545124025	0.0150578606086097	1
RNF219_wgs	0.269191097636779	0.000359495797442921	0.0026458890691799	1
RNF44_wgs	0.280035007330731	0.00626515099146537	0.0300727247590338	1
ROR1_wgs	0.0867949357679988	0.846405929472167	0.92231035292737	1
RUNX1T1_wgs	-0.633712154841173	2.23462647153515e-07	3.19799877259697e-06	0.000863459668601182
RYR3_wgs	0.22171102030071	0.190204706722708	0.387814156713666	1
SAMD5_wgs	0.516499728968733	1.48232842188844e-08	2.6640544289195e-07	5.72771702217693e-05
SAR1B_wgs	-0.135881407537148	0.0737646788531462	0.200864495481717	1
SBF1_wgs	0.133446387648625	0.0376151657098571	0.122861369655865	1
SCAI_wgs	0.291773217275993	0.0666989004100692	0.187299819174787	1
SCARB2.1_wgs	-1.45068440325175	6.01351177224768e-14	2.32362094879651e-12	2.32362094879651e-10
SCARB2_wgs	0.191182854196306	0.0264510974515867	0.0945486036567356	1
SCN1A_wgs	1.4399347335435	2.310803612337e-16	1.37368387047233e-14	8.92894515807015e-13
SCN9A_wgs	-0.0996260034425575	0.637271730531097	0.799227391378802	1
SCUBE1_wgs	0.0112429115423821	0.882539059044334	0.937879792119722	1
SERAC1_wgs	-0.122790955753852	0.422546580901197	0.630637307300976	1
SERBP1_wgs	0.0268469195392554	0.94548669244068	0.974489351718002	1
SF3B3_wgs	0.408307779064582	1.18212906560744e-13	4.43470554321082e-12	4.56774670950714e-10
SFXN2_wgs	0.723267494823796	4.49451509847555e-09	8.72703836206509e-08	1.73668063405095e-05
SH2B3_wgs	-0.168816773109255	0.0625929950206195	0.178493972516364	1
SH3PXD2A_wgs	0.305793751930272	1.37132452714234e-05	0.000142824743204259	0.05298797972878
SH3RF3_wgs	0.0775660439325888	0.619586033884632	0.786750060772336	1
SHISA6_wgs	-0.0613389813118242	0.379163905229859	0.589336013599426	1
SHISA9_wgs	1.11596577496755	6.94397452954815e-17	4.70728378634632e-15	2.68315175821741e-13
SIRPB1_wgs	1.79306996479802	2.47316989673706e-18	2.03326137893447e-16	9.556328480992e-15
SLC22A2_wgs	-0.676031581265501	0.172818617249441	0.364503895770654	1
SLC26A3_wgs	1.85748868613455	5.13141418010917e-08	8.54645878963011e-07	0.000198277843919419
SLC2A13_wgs	-0.00104621197999346	0.995096970928174	0.99716148746537	1
SLC34A2_wgs	-0.466227781966197	0.00153550053062053	0.00927058445362146	1
SLC36A2_wgs	-0.112183000959222	0.19433082398343	0.393138378990563	1
SLC39A9_ssc	0.112076319494684	0.0818078461803217	0.217553694178089	1
SLC4A4_wgs	0.683275651727565	1.66371374123374e-08	2.96248382310009e-07	6.42858989612719e-05
SLC6A1_asc	0.121556181545409	0.197113094044341	0.396483599889294	1
SLCO2A1_wgs	-0.646099865106517	4.50084573626858e-07	6.1021992719094e-06	0.00173912679249418
SMAD9_wgs	-0.537843291249262	1.69839684678439e-05	0.00017249975077771	0.0656260541597488
SMIM14_wgs	-1.52057403614334	5.59064782179812e-11	1.38476046047615e-09	2.16022631834279e-07
SMYD5_wgs	0.00778542073441298	0.918922631506649	0.958378917726903	1
SNX13_wgs	1.6156213987842	7.75230558071015e-22	1.57657414546653e-19	2.9954908763864e-18
SNX29.1_wgs	-0.21628806214971	0.00346788211830149	0.0183309117717058	1
SNX29.2_wgs	0.450818965346327	2.46674418361209e-07	3.49139176757403e-06	0.000953149952547711
SNX29_wgs	0.159159447136718	0.0173639215645031	0.0679091021510527	1
SORCS2_wgs	0.188796328548963	0.0473468976021061	0.145312480011547	1
SORD_ssc	0.0669049027250801	0.230260648586848	0.437988052707915	1
SOX21_wgs	0.22639721937156	0.0328733456366825	0.110743337000995	1
SP7_wgs	-0.190899534780254	0.0478995893714854	0.146427225736882	1
SPATS2_wgs	-0.919764864490678	6.11958844673699e-09	1.15346779308252e-07	2.36460897581917e-05
SPOCK1_wgs	0.574871509014574	1.12441928538179e-06	1.453095691878e-05	0.00434475611871522
SPRED3_wgs	-0.00710632745844903	0.971265276219282	0.987363595714629	1
SPRR3_wgs	-0.182039786402661	0.102753168361586	0.254348649935405	1
SPRR4_wgs	0.149005103953662	0.327263539248663	0.538400158234394	1
SRRM4_wgs	-0.00273918611886918	0.965850515763924	0.984053583083967	1
STAU2_wgs	-1.16256917608164	2.34522698804122e-15	1.19236277391991e-13	9.06195708179129e-12
STK24_wgs	-0.293519932772158	0.186483383126499	0.383353535227691	1
STMN1_wgs	0.1075683405794	0.822919293485714	0.910323547102433	1
STON1_ssc	0.318737156639297	0.00665466459264561	0.0313580780316861	1
STON1_wgs	0.0185434622207717	0.854219150536298	0.925603700973711	1
STX7_wgs	-0.827171668581066	0.165063790128711	0.353901670355411	1
SURF4_wgs	-0.0929689714989098	0.149732944635593	0.331938094131916	1
SYNGR3_wgs	0.230743386000896	0.000451438898071927	0.00322432514260615	1
SYNJ1_wgs	0.00282019921006126	0.986687522074924	0.99507196945285	1
SYT3_wgs	0.111641194869867	0.116439182915563	0.278588856214079	1
TACR2_wgs	-0.108626155462372	0.241717957006406	0.449686175191503	1
TDRP_wgs	0.425145927983269	1.73589736488442e-07	2.58977120382757e-06	0.000670750741791341
TEKT1_wgs	0.116920523999959	0.109051141694326	0.26538333390342	1
TFEC_wgs	2.83923816898109	6.57480123107524e-18	4.98137881507348e-16	2.54050319568747e-14
THRB_wgs	0.187566152082298	0.0888540389993058	0.230115285987478	1
TIMP3_wgs	0.507515662836692	4.43364455231629e-09	8.65232452027785e-08	1.71316025501501e-05
TIRAP_ssc	-0.0760685013411286	0.626651396500382	0.791559658737324	1
TLK1.1_wgs	0.587507979694408	1.93871818271964e-06	2.36315680063997e-05	0.0074912070580287
TLK1_wgs	-3.35976274985653	1.14287742080354e-20	1.69849167460957e-18	4.41607835398487e-17
TLL2_wgs	-1.36841887876746	3.35514255129788e-19	3.81302082888677e-17	1.2964270818215e-15
TMEM106B_wgs	0.273400650244623	0.0158505531591939	0.0635337524970178	1
TMEM178B_wgs	-1.00208744131068	5.94959099340432e-13	2.12863144430688e-11	2.29892195985143e-09
TMEM196_wgs	0.205413041368354	0.237961027551841	0.445485179486585	1
TMEM55A_wgs	0.645646519387328	3.53962504665471e-05	0.000337706448895649	0.136771111802738
TMEM63B_wgs	-0.140510026348088	0.142891593386164	0.322253803867196	1
TMEM86A_wgs	0.759382906521852	6.66203870249599e-08	1.09076769264595e-06	0.000257421175464445
TMEM95_wgs	-1.16146186713267	1.46517043216695e-16	8.98637865062397e-15	5.6614185498931e-13
TMEM98_wgs	0.260008472594199	0.0299320807259209	0.10351073121988	1
TMTC2_wgs	0.364845791389626	0.00811158515745261	0.0371364514791432	1
TNRC6B_wgs	0.30706969750619	0.00046465110785888	0.00330038948670352	1
TOLLIP_wgs	-0.162870778214112	0.0187197819850889	0.0719733707367	1
TPGS1_wgs	-0.0104272565031768	0.928957968447492	0.965252355698139	1
TPGS2_wgs	0.303765338012038	7.44978281039152e-05	0.000658717637971461	0.287859607793528
TRAF3_wgs	0.162803322481986	0.059418357941869	0.172821649446358	1
TRAK1_wgs	-0.909832587433282	2.46411009517067e-10	5.63391799274526e-09	9.52132140773948e-07
TRAM2_wgs	0.415004389866555	4.43292725550147e-05	0.000415748323185866	0.171288309152577
TRIM2_wgs	-0.418096623163154	0.000435352604752821	0.00312096932238386	1
TRIM24_wgs	0.501656796512521	0.000507969965597963	0.00355578975918574	1
TRIM36_wgs	3.01779404356444	2.68296147442989e-28	1.29587039214964e-25	1.03669631371971e-24
TRPM3_wgs	-0.660299002827502	1.47316491197332e-09	3.04401562559622e-08	5.69230921986492e-06
TSPAN14_wgs	0.15133144974323	0.0286018044848965	0.100287996850853	1
TSSC1_wgs	0.127830448953896	0.710565347976707	0.844393159025876	1
TTC39C_wgs	-0.611229844049706	2.73275754564213e-06	3.31014895183736e-05	0.0105593751563612
TTL_wgs	0.179399663377909	0.00152229106535325	0.00921964369361281	1
U2SURP_wgs	-1.02412291924999	6.79420567240284e-14	2.59928818991728e-12	2.62528107181646e-10
UBAP2L_wgs	0.959251160528329	1.84237607178147e-05	0.000186359715742503	0.071189411413636
UBE2I.1_wgs	0.374110898962401	9.26746390181322e-06	0.000100588428417433	0.0358094805166063
UBE2QL1_wgs	0.045267266224854	0.544821933636352	0.736587340189923	1
UBE2V2_wgs	0.703170430820965	4.84504479269509e-08	8.17521968514142e-07	0.000187212530789738
UNC79.1_wgs	0.663928524043458	0.153671892582585	0.337257248186433	1
UQCRB_wgs	0.239841704025736	0.149145409075635	0.331015428298825	1
USP15.1_wgs	2.91854056929024	1.84220152172739e-32	1.42365333599093e-29	7.11826667995463e-29
USP15_wgs	-0.578122144508218	6.65556255117912e-07	8.83748924321517e-06	0.00257170936977561
USP40_wgs	0.144912338813327	0.105769012313196	0.259486643541707	1
USP46_wgs	1.17202764666053	1.61694986175968e-12	5.52910996976938e-11	6.2478942658394e-09
UTP6_wgs	-0.160605929197661	0.150715852824964	0.33335206371818	1
VAV2_wgs	-0.150818172987336	0.0731345731620101	0.199570614899723	1
VKORC1L1_wgs	1.15069379486547	2.34924637876498e-10	5.43562156140591e-09	9.07748800754787e-07
VNN1_wgs	2.59126507076212	1.38866335826777e-18	1.30873054057235e-16	5.36579521634665e-15
WDFY2_wgs	0.756768545790953	4.67727143742586e-15	2.20402156514799e-13	1.80729768342135e-11
WDR52_wgs	-0.727803838365552	3.21990078135649e-05	0.000310266748607518	0.124416966191615
WSCD1_wgs	0.66001232945046	2.74485739395449e-09	5.52402550533341e-08	1.06061289702401e-05
XAF1_wgs	0.661570315130309	0.127548369798839	0.296716978267739	1
XKR7_wgs	0.123192325543698	0.176342469880736	0.369110995957459	1
XPO4_wgs	-2.69822579132333	1.06005098346459e-23	3.72367000009743e-21	4.09603700010717e-20
YEATS2_wgs	-1.23078435949038	0.00309813551217814	0.016837124640023	1
YIPF4_wgs	1.35624140256646	2.01045675224252e-14	8.53670867106056e-13	7.76840489066511e-11
YPEL5_wgs	-0.191425521209368	0.0250096113412343	0.0907390969225628	1
ZBTB39_wgs	0.161623839851183	0.0219797292666094	0.0815064048811696	1
ZC3H7B_wgs	0.342009721885758	0.000197423436010457	0.00153181557579198	0.762844156744406
ZCCHC11_wgs	-1.32940966887271	0.0876132392091006	0.228432898990529	1
ZKSCAN1_wgs	-0.523068421542992	2.44692391331663e-05	0.000243683350542666	0.0945491400105545
ZNF169_wgs	4.72586968064673	1.51600781069893e-32	1.42365333599093e-29	5.85785418054065e-29
ZNF208_wgs	0.244095972625989	0.00316370518298541	0.0171050005822635	1
ZNF234_wgs	0.709458624928166	1.32648451523999e-10	3.12532693102884e-09	5.1255361668873e-07
ZNF280D_wgs	-0.241059380639477	0.00135730934862707	0.00839142931695199	1
ZNF414_wgs	-0.162932784710712	0.377176852764502	0.587665870597594	1
ZNF544_wgs	0.140012850185167	0.138210785426595	0.31343318396757	1
ZNF592_wgs	-0.075922248718473	0.110188628268601	0.26727486480218	1
ZNF626_wgs	-0.255482484392562	0.00839451209852943	0.0380708858553025	1
ZNF629_wgs	0.0506585770745982	0.503670739459452	0.701833298691426	1
ZNF691_wgs	-0.303332855675069	0.101627539885806	0.252858219007568	1
ZNF771_wgs	0.184977514597977	0.196984118406232	0.396430538292543	1
ZNF781_wgs	-1.84728455401348	9.88150872810179e-12	2.78701822813031e-10	3.81821497253853e-08
chr17:19336685;G|A;Family=12368	-2.97049820574959	5.50315106682136e-07	7.40912046069608e-06	0.00212641757221977
chr8:477945;C|A;Family=14100	-0.702786093572947	0.252740319861584	0.464158077920704	1
GPR98_wgs	-3.7270132810792	1.35235799741317e-07	2.07361559603353e-06	0.00052255113020045
NDNL2_wgs	0.591032606451413	0.0930485686125317	0.237914007657345	1
chr9:19379051;T|C;Family=12682	-0.893125607525421	0.17023845601235	0.360795833186026	1
