Element	logFC	pval	fdr	bonferroni
9-Sep_wgs	-0.42065503759332	0.471444547768958	0.809718887791835	1
ABCB5_wgs	0.290782687583252	0.544002218346657	0.836332623887124	1
ABHD2_ssc	0.314233391439367	0.262131930892703	0.676775251671507	1
ABL2_wgs	0.850268447468621	0.438264725258273	0.800637536989584	1
AC010536.1_wgs	-0.0177956556239174	0.919942895198426	0.977940401548745	1
AC010547.9_wgs	0.407708233678188	0.439428960256489	0.800637536989584	1
ADAM28_wgs	-2.11068935347856	0.00116681717480004	0.0277229852797428	1
ADARB1_wgs	-2.44697806962396	4.83470800746807e-05	0.00213523457176884	0.181494938600351
AGFG2_wgs	-0.760099478241168	6.86527678415544e-05	0.00280133141823038	0.257722490477195
AGO4_wgs	-0.744136377255018	0.320615613480405	0.71472150416	1
AGTR1_wgs	-2.66078653999408	3.48010234399321e-09	7.25794677741695e-07	1.30643041993505e-05
AKAP10_wgs	-0.329451944067498	0.757797024461967	0.929236703374651	1
AKAP9_wgs	4.64123141093754	1.46072524182928e-07	1.56673215937918e-05	0.000548356255782713
AKR1B1_ssc	-0.336048891358197	0.224369886446615	0.635686455638183	1
AKR1C1_wgs	0.304495207891136	0.214115625288493	0.626492640166019	1
AL117190.3_wgs	-0.803261494982694	0.0406374917849189	0.300893775464666	1
ALDH3A2_ssc	0.443033238129911	0.184154805540546	0.587854710883682	1
ALG14_wgs	0.0196379446760427	0.98286406851191	0.993885541716681	1
ALX4.1_wgs	0.373031854937465	0.116166481996788	0.490496060119362	1
ALX4_wgs	0.110950702429313	0.839634710960844	0.953497573530454	1
AMPD2_wgs	0.451103426989744	0.667431779175371	0.886957838211221	1
AMZ1.1_wgs	0.399472695574951	0.0963244903470186	0.448081953857135	1
AMZ1_wgs	0.510804806476596	0.0270629498122753	0.240744818946164	1
ANGPTL4_wgs	0.252009971215052	0.191788830041482	0.595653432249086	1
ANO8_wgs	-0.469463135051789	0.26652896099655	0.679721276889298	1
ANTXR2_wgs	-0.994544304223442	0.168489653426749	0.568165080611451	1
AP3S2_wgs	-0.493108160672758	0.290992750655821	0.693578911721874	1
AP4S1_wgs	2.00620244693525	0.000256230002363844	0.00809001991153049	0.961887428873872
APOBEC3C_wgs	0.192271833257283	0.234166668044867	0.648176422426847	1
ARFGAP2_wgs	0.289114614690445	0.101427669515868	0.460910712848087	1
ARHGEF12_wgs	-0.351466439866328	0.50264605309795	0.818272898848224	1
ARL3_wgs	-0.0170029302736912	0.926594938100858	0.979842827655335	1
ARL5B_wgs	-0.845042398060859	0.000186513305050679	0.00636519042872954	0.700170947160249
ARPC4_wgs	1.59718045144207	0.24110220867396	0.657997605402982	1
ARRDC3_wgs	1.30767867025169	1.39539041717809e-06	0.000100736454347819	0.00523829562608657
ASIC2_wgs	0.966486049600927	0.0916628307295572	0.436678003247155	1
ASPH_wgs	-0.0986236197749671	0.896082603090001	0.972191480004559	1
ATP2B2_wgs	-0.271570268912942	0.448098235162161	0.805819614172225	1
ATP6V1A_wgs	0.0594859751687121	0.723053732385129	0.913379159834388	1
ATP8B4_wgs	0.582719097472848	0.175936751475462	0.578342000909705	1
ATP9A_wgs	0.915037624623634	5.82056397472492e-06	0.00037034571459521	0.0218503971611174
ATXN7L3_wgs	-0.207685031148983	0.373462180966563	0.756921571080755	1
BAG2_wgs	-0.998841702475941	0.00138193643069151	0.0306969784663664	1
BAIAP2L1_wgs	-0.110873003945308	0.838532814464522	0.953497573530454	1
BARX1_wgs	-0.332970180834244	0.602345008164348	0.86470484154836	1
BAZ1B_wgs	-0.890107869506647	0.132700950860879	0.512509639435947	1
BAZ2A_wgs	0.477561487826368	0.572362355150506	0.851876228315364	1
BCAS1_wgs	-2.11733966920786	0.00146437876431429	0.0317761727239066	1
BCL2_wgs	0.465784769829439	0.63688160938169	0.875061871510993	1
BEND7_wgs	0.0554606633085182	0.804536821499979	0.943221763906086	1
BMP3_wgs	0.675948898632107	0.0303180285670948	0.257497464345868	1
BOD1L2_wgs	0.723702972261958	0.395056335651713	0.766429707512419	1
BRD1_wgs	-0.167747826048514	0.463785221008416	0.809718887791835	1
BRI3_ssc	0.0263016128492287	0.857184504687137	0.958534132248509	1
BRI3_wgs	-0.106133683926702	0.461414702184012	0.809368808378051	1
BTBD6_wgs	-0.168825678453895	0.825124420375519	0.950328024958306	1
C10orf54_wgs	-0.0531351274316538	0.752481802567004	0.927385648994266	1
C10orf71_wgs	0.073022993627042	0.716020217317914	0.911374935923924	1
C11orf45_wgs	-0.0456240848372869	0.794312119822745	0.942485127082559	1
C11orf68_wgs	0.670195970020703	1.03918838397501e-05	0.000609548936475341	0.0390111319344218
C16orf54_wgs	-0.100842794283851	0.734601265692248	0.91770154788975	1
C17orf102_wgs	-0.0984053097495571	0.722813680259439	0.913379159834388	1
C19orf44.1_ssc	0.853591706923136	0.000158269224268227	0.005552735214046	0.594142667902922
C19orf44_ssc	-0.97282849315601	0.0117374613535332	0.146386810369315	1
C1orf116_ssc	-0.619614330303723	0.147052086227693	0.535435045294627	1
C1orf116_wgs	-0.776361931257232	0.136616138329436	0.516478956538303	1
C1orf233_wgs	-0.0896588986401214	0.432060121491894	0.795984390031093	1
C21orf33_wgs	-0.379966405476854	0.604444418667189	0.865785276229396	1
C21orf37_wgs	-0.373005946199061	0.772342925279537	0.935980633492548	1
C21orf49_wgs	0.275283127828804	0.732333930010476	0.917635978884878	1
C22orf34_wgs	-0.292052059137413	0.61169793348167	0.867843553397652	1
C2CD4A_wgs	-0.188698998938504	0.512460141675697	0.820755746149657	1
C2orf68_wgs	-0.0427311346627633	0.903942235460217	0.973970932216617	1
C2orf88_wgs	-0.0927786973921879	0.520809838849683	0.825837098664588	1
C3orf52_wgs	-0.353357066504308	0.401124060413282	0.772478875986877	1
C4orf22_wgs	-0.124446171273202	0.592084286743766	0.860505000287519	1
C4orf32_wgs	3.19125244622641	2.56788911140102e-06	0.000178515846744434	0.00963985572419943
C5orf28_wgs	1.02681069934631	0.00599017087316052	0.0936962560743524	1
C9orf139_wgs	-0.0814361404922673	0.897975229084711	0.972451589257125	1
CACNA2D3_ssc	0.446642625249339	0.658656149222583	0.884209595127876	1
CACNG8_wgs	1.07238988717183	0.0128741605345499	0.154332010366092	1
CARF_wgs	-2.02020128619702	0.00939006728174132	0.127257446121505	1
CCDC148_wgs	-2.9279848272792	5.12854994089896e-05	0.00221293982507295	0.192525764781347
CCDC25_wgs	-0.258775117537534	0.215619921470745	0.627470686202464	1
CCDC90B_wgs	-0.408618883978427	0.245269470536183	0.662404023304196	1
CCNT1_wgs	0.976912154238909	0.000364537256204778	0.0109477828783419	1
CD7_wgs	-0.275237467211261	0.623337717249415	0.871068824935597	1
CD96_wgs	0.249930457403504	0.181629009517586	0.585653962823114	1
CDC27_wgs	-0.39306413625173	0.389699161823563	0.763858367666203	1
CDC42EP4_wgs	0.270012845088113	0.146593941398169	0.534403363188219	1
CDH5_wgs	0.124695576752273	0.529996454560145	0.826897190900013	1
CDS2_wgs	0.992489900158681	0.00083685088423148	0.0212266095905742	1
CDYL2.1_wgs	0.117710604829313	0.595665977518748	0.861317357231886	1
CDYL2_wgs	-0.0720697279375657	0.876779234799108	0.96466273371508	1
CELF6_asc	-0.238463789481803	0.219395677661874	0.630877904528947	1
CENPN.1_wgs	0.409987416627719	0.716205879533013	0.911374935923924	1
CHD5_wgs	2.16088551496235	0.0413457933066446	0.302557715542191	1
chr10:100555917;A|AC;Family=14036	-0.830591811358628	0.179470678001312	0.582608915303138	1
chr10:100993505;A|C;Family=11818	-0.0503399453964964	0.94393224530588	0.985273974306327	1
chr10:101785050;A|C;Family=14039	0.456792644143642	0.190940845153841	0.595653432249086	1
chr10:101786330;T|C;Family=13626	0.382597436352823	0.716543728129273	0.911374935923924	1
chr10:102673925;T|A;Family=14458	-0.410935952997659	0.0368754843524327	0.288397017206318	1
chr10:102674395;C|T;Family=14490	0.0371077592446204	0.941655164797995	0.985273974306327	1
chr10:102738597;C|T;Family=12788	-0.212651190321395	0.597938563706815	0.86167422961819	1
chr10:103077203;A|G;Family=14217	0.212052779715296	0.760475580858555	0.931123721638296	1
chr10:103084989;C|G;Family=14475	-0.631298573225842	0.564714082919245	0.850011135636227	1
chr10:103599336;G|A;Family=13239	0.700971998274601	1.45497073577996e-05	0.000803229432664406	0.0546196014211796
chr10:1040478;C|T;Family=14490	-0.388980113938847	0.270718695516002	0.682154075333405	1
chr10:105264286;A|T;Family=14167	0.658336765820395	0.422399517638713	0.791664461129289	1
chr10:110292906;G|A;Family=22087	0.622556829073477	0.000643027266271894	0.017120030904856	1
chr10:11288488;C|T;Family=14011	0.570458496381971	0.192130051145762	0.595653432249086	1
chr10:11335913;G|A;Family=14080	-0.377760600424448	0.622730911698411	0.871068824935597	1
chr10:113912877;C|T;Family=12613	-0.460849234950778	0.281360337001734	0.689624430634953	1
chr10:113916527;A|G;Family=11753	0.1769907425265	0.511062651515319	0.820393445871867	1
chr10:11454999;C|A;Family=14368	-0.118746337171583	0.788631965757193	0.940560568471891	1
chr10:114863518;G|A;Family=14358	-0.490510793509636	0.287992732942159	0.692141305675329	1
chr10:116672228;T|C;Family=12837	0.242097239531647	0.208359285170052	0.619303845232283	1
chr10:116674330;TG|T;Family=13177	0.494221823216474	0.532160583609887	0.826897190900013	1
chr10:117277554;T|C;Family=13557	-0.833970885242374	0.163951055731688	0.562588906048225	1
chr10:118685229;C|T;Family=13462	-0.031440449335127	0.890939318202404	0.971055544529607	1
chr10:119575344;T|C;Family=14361	-0.031445416802665	0.948433005707004	0.987633149354811	1
chr10:119828703;T|C;Family=13964	-0.474147638076449	0.373807980206398	0.756921571080755	1
chr10:120906250;C|G;Family=13043	-0.0660522857628388	0.742446619383248	0.921914653120386	1
chr10:122441654;G|A;Family=14234	-0.420858749315678	0.403910333311149	0.774301330121915	1
chr10:122457129;G|A;Family=14433	0.665751628398036	0.128971383912442	0.504926464919447	1
chr10:124007668;T|C;Family=14417	0.0356992385123892	0.95028394132595	0.988260803233648	1
chr10:126504992;A|AG;Family=14563	-1.5463233192599	0.0778311304582665	0.408401335250157	1
chr10:128083596;G|A;Family=13867	0.485539891374795	0.59582294914539	0.861317357231886	1
chr10:12830453;G|A;Family=14412	-0.0792947480294646	0.93705173446649	0.984660757441968	1
chr10:12831770;A|G;Family=11905	-0.489218408830887	0.3463085355801	0.737910392916758	1
chr10:130067553;C|T;Family=13964	-0.291107035777107	0.0559240321985971	0.347006308881873	1
chr10:132417688;A|G;Family=14265	-0.939001634595272	0.360798989916593	0.749574519065814	1
chr10:133226372;C|T;Family=11587	-0.401345052743574	0.686502368913159	0.892152907752213	1
chr10:13441561;C|A;Family=14096	0.0354021231982212	0.862502250525042	0.959770074203215	1
chr10:18679337;G|A;Family=11412	0.173347122069104	0.415148475037626	0.785173595933369	1
chr10:21742762;G|A;Family=13888	0.0986925133851457	0.684703456823686	0.892152907752213	1
chr10:22536841;C|T;Family=14137	0.448068249300131	0.432546496762178	0.795984390031093	1
chr10:27673518;TCTAA|T;Family=11679	0.662595302072117	0.145914610138636	0.533362654781342	1
chr10:27674431;CA|C;Family=13528	1.06413601833915	0.18802152222957	0.592141606082051	1
chr10:28590744;CAA|C;Family=14200	1.12724889065074	0.204800874279486	0.613807520614139	1
chr10:28610739;AATTC|A;Family=14204	0.824510703851081	0.0913719697510001	0.436399967487601	1
chr10:32876908;T|A;Family=13188	0.0703869142160045	0.907627630306878	0.975919182839034	1
chr10:38058596;C|T;Family=14206	0.777952054760727	0.170831800648358	0.570046737452387	1
chr10:38064613;C|T;Family=14603	0.622724947060858	0.0977331873976423	0.448618747113947	1
chr10:42589230;T|C;Family=14258	-1.11764291801131	0.320613331918913	0.71472150416	1
chr10:44936816;G|A;Family=14225	0.0018123069198823	0.997601644687179	0.999011434477853	1
chr10:45454685;A|T;Family=14293	0.0164323002085492	0.968868470181139	0.990501921278591	1
chr10:45455701;G|T;Family=14012	-0.974850919249265	0.019581913605584	0.199756803465658	1
chr10:46311665;G|A;Family=14070	0.166837820386256	0.61771085641332	0.870779780313782	1
chr10:49327099;G|A;Family=13533	-0.00251986503077701	0.990273681814935	0.996645415960661	1
chr10:4982907;G|A;Family=13868	-0.421738361454621	0.0944644595582093	0.442721075132981	1
chr10:50306955;T|C;Family=13928	3.92827902874413	0.000579664251322196	0.0157685478221995	1
chr10:51908110;C|A;Family=14132	-0.180322413667896	0.820669017370789	0.949661376305229	1
chr10:52296787;C|T;Family=13237	-0.0132100465431622	0.98346757644386	0.994059580498183	1
chr10:53821903;G|A;Family=14423	1.61118760771335	0.0681713332913477	0.386728016473091	1
chr10:53938946;C|T;Family=14400	0.00100039679728902	0.995418543673175	0.999011434477853	1
chr10:58396347;T|C;Family=13801	-0.41492425785398	0.485606483003959	0.813748174461458	1
chr10:61414817;G|A;Family=12716	0.0405935582009608	0.845859966218203	0.956418902783917	1
chr10:62195207;A|G;Family=13988	0.317838961492412	0.365011038353987	0.752285958576891	1
chr10:68343012;T|C;Family=14209	-0.223534844417147	0.775808296782256	0.936235683724942	1
chr10:68911219;AAC|A;Family=13929	-0.225527368072494	0.452954217967391	0.808170215898092	1
chr10:69404819;A|G;Family=14139	0.0965576072341877	0.669301036276416	0.886957838211221	1
chr10:70425648;A|G;Family=14221	0.00264746220127032	0.993480389828839	0.99799983500601	1
chr10:71747722;G|A;Family=14065	-0.149886815682841	0.394843029859514	0.766429707512419	1
chr10:71750800;C|T;Family=14356	0.447774201426296	0.26558414468827	0.678721578826949	1
chr10:71750965;C|T;Family=14293	0.715494265975408	0.194647844027603	0.597960725433406	1
chr10:71816558;A|G;Family=14004	-0.694118935309753	0.171547428796656	0.571066211765504	1
chr10:72335546;C|A;Family=13237	-0.628755130843053	0.276460201898686	0.688217240005084	1
chr10:73136826;C|T;Family=13928	0.815778974125531	0.471354920483766	0.809718887791835	1
chr10:74101002;A|G;Family=14402	0.731644799529296	0.207291537301947	0.618171706853169	1
chr10:76875350;G|T;Family=14594	-0.180995124240403	0.770702070407259	0.935807896523316	1
chr10:76876859;C|T;Family=14658	0.344852869904198	0.162786898099624	0.560130169996322	1
chr10:77001472;G|T;Family=13008	-0.151632165986422	0.750896957138375	0.92604046553793	1
chr10:79316375;C|CTGTA;Family=13567	1.35231444148491	0.0882948156404853	0.432149593108711	1
chr10:80090866;G|A;Family=12568	0.0761058937090073	0.885107893125343	0.968715752417649	1
chr10:80529499;G|C;Family=13505	0.232549999321436	0.287587642384937	0.691610512180047	1
chr10:812367;A|G;Family=12318	-1.20514760238067	0.0195565065945072	0.199756803465658	1
chr10:87552910;C|G;Family=14175	0.0710053403722033	0.780614125603979	0.938336672275804	1
chr10:87751614;GA|G;Family=12661	0.0905336890302841	0.914725837496788	0.977196622543038	1
chr10:87967103;GT|G;Family=11224	-1.5587407918507	0.191195052142218	0.595653432249086	1
chr10:91282878;A|G;Family=14301	-0.112856855057259	0.785326022137819	0.939672278363993	1
chr10:92051693;C|G;Family=11568	0.544248643740375	0.30804411290157	0.704441163356236	1
chr10:92558801;G|A;Family=12412	-0.717322847964364	0.0247218163742436	0.227572524348904	1
chr10:92901375;T|C;Family=11954	1.08775047523132	0.0274401495869025	0.240904147775255	1
chr10:93306532;T|TCTAA;Family=11718	-1.56867459097568	0.0301694076808592	0.256816227741373	1
chr10:93665442;C|T;Family=14017	-1.52382200662125	0.078840406277674	0.411733026199489	1
chr10:94325123;C|T;Family=22349	0.38046783632527	0.0884366802743881	0.432280335612048	1
chr10:94535820;C|G;Family=14160	-0.0258417439748702	0.959913441125441	0.988260803233648	1
chr10:95210747;G|A;Family=14484	-0.514003763055492	0.0541386596211812	0.340860101674875	1
chr10:96364842;C|T;Family=13026	0.340054254553048	0.138019863790465	0.517220581682794	1
chr10:96989266;T|C;Family=12689	-0.343486189954928	0.649015877379994	0.879686306024663	1
chr10:98247936;T|C;Family=13916	-2.65839037816723	0.0215837793820924	0.208757797790271	1
chr11:101033498;C|A;Family=13863	0.00507583806649473	0.985725358313019	0.995002149800234	1
chr11:101034122;G|A;Family=14161	0.00723117887140881	0.976843467839357	0.991904349004313	1
chr11:101998918;C|T;Family=13001	-0.907752452058088	0.158907516236189	0.554712187495576	1
chr11:102081375;G|C;Family=13956	-0.294697470007563	0.631402442983174	0.872390419933321	1
chr11:102712136;ATTT|A;Family=13154	-0.38911664590023	0.316997984464944	0.710878395269653	1
chr11:102715386;A|G;Family=12653	0.340231913877237	0.202664428992748	0.610371844486136	1
chr11:102722552;G|A;Family=12534	-0.0211333939397943	0.972243674052591	0.991255500378442	1
chr11:103908523;A|G;Family=11172	1.23223452948373	0.0817785837642247	0.418822378514188	1
chr11:104890491;T|C;Family=11722	-0.134662805970136	0.676138172860732	0.88902201371488	1
chr11:106674176;C|T;Family=14015	-0.60311334104985	0.378223974436603	0.759415662955106	1
chr11:106676736;C|G;Family=14043	-0.33837237503793	0.216412635316309	0.628704177454732	1
chr11:107336571;G|A;Family=14522	0.528426899502752	0.361819464197624	0.750390937870909	1
chr11:107665691;A|G;Family=11471	-0.393841079274865	0.30583184414785	0.702491050616117	1
chr11:107707617;C|T;Family=14296	0.318749673343378	0.405026093227286	0.775353367656926	1
chr11:108147607;T|A;Family=11028	0.198769551907103	0.628895986682204	0.871785867787724	1
chr11:108506922;C|T;Family=12351	-0.179142556572316	0.664522028934617	0.886223274907101	1
chr11:110168323;CCTTT|C;Family=14485	1.48875641045672	0.0114521807370441	0.144266733177394	1
chr11:110464436;A|G;Family=11300	0.704868754063811	0.00248407986862968	0.0480682259115249	1
chr11:110578017;A|AGGTT;Family=11749	-0.238791448391982	0.546267758257378	0.838367445886222	1
chr11:111755330;G|A;Family=11484	0.360236406056139	0.0430659205122812	0.309119437099625	1
chr11:111759888;C|G;Family=11355	0.0101200718555266	0.976763456252537	0.991904349004313	1
chr11:112020819;G|C;Family=12864	0.704110593154889	0.00135297727385264	0.0305968475062821	1
chr11:112082999;G|A;Family=13010	-0.162375195252693	0.77719200966538	0.936235683724942	1
chr11:113733596;C|A;Family=14454	0.342993796360672	0.619513191345187	0.871068824935597	1
chr11:114313231;C|T;Family=12653	0.466101834341484	0.0455208582145529	0.314705896385693	1
chr11:116776461;G|A;Family=13748	0.0408969437225501	0.87257799230205	0.963230581851112	1
chr11:116777302;T|A;Family=13853	0.323675769869278	0.529237105042597	0.826814280667192	1
chr11:117204647;T|C;Family=13694	0.742498541244843	0.281848929786559	0.689624430634953	1
chr11:118000915;T|C;Family=14243	0.289731806082699	0.7342869944144	0.917635978884878	1
chr11:118396788;C|T;Family=12655	0.351782054331182	0.324842514836359	0.72029462533709	1
chr11:118448406;C|G;Family=12695	0.213701258665364	0.596633351310772	0.861320618095964	1
chr11:118544742;G|A;Family=14525	0.0551941604554795	0.89434307948991	0.97117845542526	1
chr11:119356346;G|A;Family=22106	-0.218175790693775	0.801108440609461	0.943221763906086	1
chr11:119418127;G|A;Family=13900	-0.00430124710297044	0.987949634341826	0.995641054313883	1
chr11:120112232;T|G;Family=14653	0.0118369491263279	0.964492317571461	0.989577879060322	1
chr11:120487883;G|A;Family=12857	0.198356198221599	0.660451627740834	0.884844900263772	1
chr11:12263478;C|T;Family=12899	-0.0758064157861686	0.90335387399588	0.973970932216617	1
chr11:12263717;A|G;Family=11989	1.0825687933981	0.171511534110907	0.571066211765504	1
chr11:124188074;C|T;Family=13948	0.386681254451146	0.658799743626178	0.884209595127876	1
chr11:124767889;G|A;Family=12019	-0.66547439019211	0.490985130295898	0.814115803503004	1
chr11:125101218;G|A;Family=12647	0.249667685487597	0.108506900805738	0.474749307254944	1
chr11:125583699;A|C;Family=13195	-1.08753439653877	0.0140245308762393	0.164012738035521	1
chr11:125777019;T|C;Family=11452	0.773123442056612	0.173868330224509	0.574056034883735	1
chr11:125943602;G|A;Family=11824	-0.457158418203551	0.0412759411191594	0.302557715542191	1
chr11:126291555;C|T;Family=14661	-1.96380063524801	0.0142283830629305	0.164856018574819	1
chr11:1275105;C|G;Family=14076	0.0667476211200198	0.744372078628781	0.92284438017584	1
chr11:128812544;T|TA;Family=12029	0.546790903029536	0.0249838398191753	0.229313776726611	1
chr11:128901589;G|C;Family=14230	-0.729083640498539	0.000170213462266315	0.00587172411645574	0.638981337347745
chr11:128902526;G|A;Family=14209	-0.332945170056494	0.421102160693859	0.791199955577952	1
chr11:128917908;A|G;Family=14187	0.373319599949681	0.607994925372083	0.865785276229396	1
chr11:129452030;GTTTTT|G;Family=13512	2.22566161062186	0.000112918275973194	0.00428570689226519	0.423895208003369
chr11:129859531;C|CT;Family=11691	0.0535000197380348	0.825759559039772	0.950328024958306	1
chr11:129902006;A|G;Family=14174	-0.419362877187949	0.378292683650808	0.759415662955106	1
chr11:130228414;G|T;Family=11167	-0.745283857003429	0.230380951532853	0.643381305984481	1
chr11:132416102;T|C;Family=13572	-0.367572796649055	0.310625955776389	0.705916026714741	1
chr11:134245909;C|G;Family=11305	0.58694837559327	0.00927951084468166	0.127257446121505	1
chr11:13729935;A|T;Family=12351	-0.725641302855496	0.150112878197306	0.541849754569893	1
chr11:15246372;A|C;Family=12243	0.152187485777642	0.716455512860157	0.911374935923924	1
chr11:1555259;G|C;Family=11350	0.335899589713057	0.601021147449579	0.864446938835292	1
chr11:17088319;G|A;Family=12440	0.28448022510858	0.506285855963749	0.819222889348239	1
chr11:17373816;C|T;Family=14188	-1.96876800314606	0.0237745038037777	0.223164925660109	1
chr11:17427056;A|G;Family=13692	0.0559630797036831	0.726214733816468	0.915450003608805	1
chr11:17429244;G|A;Family=13057	-1.02670123016032	0.138128192649786	0.517220581682794	1
chr11:18020918;G|A;Family=12285	-0.857522891143891	0.287480398534345	0.691610512180047	1
chr11:18279726;G|A;Family=11108	-0.147084747482761	0.712095727615854	0.908945039602148	1
chr11:18366513;A|G;Family=12790	0.66056184831863	0.502565292325657	0.818272898848224	1
chr11:18366682;A|G;Family=13336	-0.550045140303917	0.460428751911193	0.809368808378051	1
chr11:18703455;A|T;Family=12624	0.0668048344262616	0.912474817374185	0.976462504111371	1
chr11:18703822;A|C;Family=14648	0.344020013143142	0.402475966073189	0.772836202884271	1
chr11:18728563;G|A;Family=11060	0.0730806272114535	0.757622489576749	0.929236703374651	1
chr11:18728740;C|A;Family=13115	-0.619820977303644	0.283805618630599	0.689769118615253	1
chr11:22281573;G|C;Family=12243	0.215547473661173	0.805693819201608	0.943221763906086	1
chr11:27495352;T|C;Family=11181	1.60306872116115	0.0791277700446924	0.412563401038577	1
chr11:27657333;T|G;Family=14055	0.254618545723759	0.349840512146596	0.740240326081116	1
chr11:27657533;A|AT;Family=14509	-0.730403578160011	0.401313063931355	0.772478875986877	1
chr11:294999;C|T;Family=13546	1.17411459396081	0.247493942068298	0.663320048541172	1
chr11:31663622;A|T;Family=12810	0.207265108963181	0.633729217597312	0.873339774190635	1
chr11:33704138;C|T;Family=12032	0.401093300426131	0.382453809312288	0.760930217815533	1
chr11:33710221;C|T;Family=14174	0.793446506743192	0.211448521886496	0.622082877086132	1
chr11:35190037;C|T;Family=14068	0.352738170279155	0.618078963961305	0.870950467043975	1
chr11:35254980;C|G;Family=11552	0.187721790621796	0.526946827438186	0.826814280667192	1
chr11:35813130;C|CA;Family=13266	0.161735657757083	0.71482046256098	0.911374935923924	1
chr11:35813437;T|C;Family=14631	1.54719999949131	0.0490567425703116	0.325369278461042	1
chr11:35816752;C|G;Family=11895	-0.317988989724008	0.227449230824272	0.639369409711142	1
chr11:381974;G|T;Family=14292	0.284280109619091	0.225934067941223	0.638191490633071	1
chr11:4138349;A|G;Family=14472	-0.738720883962447	0.371009549237287	0.756484140921014	1
chr11:43494116;C|CA;Family=13781	-0.349081952456746	0.619567681927419	0.871068824935597	1
chr11:44261939;C|T;Family=11359	0.837130223703807	0.112268480349625	0.482214960220242	1
chr11:44263819;C|G;Family=11942	-0.643214782826469	0.20496842558896	0.613807520614139	1
chr11:44263856;G|A;Family=14521	0.127086201039252	0.606255129864884	0.865785276229396	1
chr11:44933723;G|C;Family=11578	0.0403315350243108	0.966593610012678	0.989577879060322	1
chr11:45228552;G|A;Family=11575	0.827644104865282	0.0264615963246315	0.237080746068417	1
chr11:45231207;T|G;Family=14285	0.60988234461385	0.0350327070914874	0.281010218849239	1
chr11:4596536;C|T;Family=13054	-0.815802666222114	0.167219737170589	0.566924427440708	1
chr11:4600333;G|A;Family=14070	0.80770436032813	0.238983643856681	0.654850072290496	1
chr11:46672547;G|C;Family=11033	-0.894565731051731	0.235724854804812	0.650144618193131	1
chr11:46743981;T|C;Family=12052	-0.244568916082998	0.553840050067914	0.842770793658269	1
chr11:47165115;T|G;Family=12852	-0.506413135233745	0.00482968180377059	0.081109820193982	1
chr11:47166582;C|A;Family=13215	0.439526017969378	0.376785778666938	0.758825351389295	1
chr11:48132413;C|A;Family=14153	-0.949224352722146	0.0842298186734673	0.42445316825233	1
chr11:48170486;G|T;Family=13962	-0.488904742823147	0.0589756683399876	0.356513138403081	1
chr11:498026;C|T;Family=13893	0.0899400058277253	0.794358801835167	0.942485127082559	1
chr11:5004713;A|G;Family=12595	-1.09270230031713	0.0741515427700032	0.398233035133894	1
chr11:55639482;C|T;Family=12324	-0.142179256842295	0.660224882299354	0.884844900263772	1
chr11:56033816;G|A;Family=12231	0.378742946293331	0.576684567335724	0.853290909915781	1
chr11:56702320;A|G;Family=11234	0.282032479777831	0.28077816515635	0.689624430634953	1
chr11:57370014;C|T;Family=12836	0.462615359504544	0.0484341512675272	0.323526341384871	1
chr11:57501029;G|A;Family=12691	0.864492550433802	0.0732264537229685	0.395528211907948	1
chr11:57737902;C|CT;Family=11642	-0.588314734236343	0.0692486347495282	0.388041475412685	1
chr11:58527350;TA|T;Family=14696	-0.179978321280717	0.583538567887255	0.85570460306592	1
chr11:58625337;G|A;Family=12449	-0.562433112295498	0.0525204801010131	0.337028858631116	1
chr11:58709471;G|A;Family=14100	-0.668737285216573	0.230513547295985	0.643381305984481	1
chr11:59367652;G|A;Family=12923	1.54113754098441	0.0173533378996427	0.186322778263659	1
chr11:59517618;T|C;Family=12894	0.024314659455183	0.976264106501814	0.99185262674095	1
chr11:59518549;T|C;Family=12728	0.685549037064077	0.15088026974074	0.542726317480789	1
chr11:59793434;A|G;Family=13795	-0.566391330352744	0.565295033887575	0.850011135636227	1
chr11:59835969;A|G;Family=11404	-0.981573994830525	0.116912204703029	0.490926640330167	1
chr11:60071017;T|C;Family=12066	-0.313346386078018	0.34178109215843	0.735020940277764	1
chr11:60095790;G|A;Family=14257	-0.307457093413262	0.326421235939953	0.722941191574386	1
chr11:6019567;G|A;Family=12832	-0.502756031015589	0.243402466963548	0.659734917675926	1
chr11:6021602;G|A;Family=11094	0.504554944397771	0.164861918309518	0.563911151446403	1
chr11:60308270;C|T;Family=12449	0.240276105890377	0.799228508407551	0.943221763906086	1
chr11:60404647;C|T;Family=12451	-1.37559539205897	0.0119644124202397	0.148232357180131	1
chr11:60852177;T|C;Family=13924	0.332973387573064	0.274652165412273	0.686447555897253	1
chr11:61282803;C|G;Family=11074	-0.162701778753734	0.390699576895415	0.763858367666203	1
chr11:61743803;C|T;Family=12457	0.216993666691656	0.716031451193933	0.911374935923924	1
chr11:61786465;G|T;Family=13237	0.0578746035307068	0.765389987571849	0.933315523453974	1
chr11:61789183;T|TA;Family=11518	0.411757696235714	0.2097138970427	0.619808491514957	1
chr11:618678;T|G;Family=12641	-0.0142399902208953	0.955408989517755	0.988260803233648	1
chr11:62751389;G|C;Family=13070	0.397488679770099	0.0603171181569451	0.360558059810783	1
chr11:62790431;GTTTT|G;Family=13920	1.39522941373125	0.0055325497848134	0.0887572303085022	1
chr11:62885204;C|T;Family=13102	1.16051385104576	0.222920567760393	0.635416713266906	1
chr11:62981062;G|A;Family=14039	0.650042859833653	0.122016860399528	0.494122215684818	1
chr11:62981347;G|A;Family=13687	-3.11302153927334	0.00785855697024581	0.112599323917186	1
chr11:63409814;C|G;Family=11942	1.21938101909386	0.314738432501412	0.709946197172027	1
chr11:63409852;C|T;Family=11241	1.05865573569377	0.318624640768606	0.712313534862024	1
chr11:63409912;T|C;Family=14433	-0.434923151006318	0.382956412712101	0.760930217815533	1
chr11:63762350;T|C;Family=12083	0.326786132470099	0.245615113671645	0.662860630282786	1
chr11:6394244;C|T;Family=14240	1.32886032013515	0.220450605324761	0.631950676937349	1
chr11:64267590;G|A;Family=11377	0.455865696192013	0.363202006955632	0.750390937870909	1
chr11:64606383;G|A;Family=11407	0.323519987710868	0.161106118814847	0.558441708246478	1
chr11:64765438;T|C;Family=12673	0.686185638200862	0.236410303323272	0.650171632729351	1
chr11:64949800;G|T;Family=14275	0.79203361511739	0.321689090255563	0.716263846274843	1
chr11:65121232;G|C;Family=11723	0.621269693884852	0.156808303257143	0.553224470063843	1
chr11:65281124;G|A;Family=14101	-1.65930675068863	0.132327079907947	0.51162277629381	1
chr11:65321589;G|A;Family=12955	-0.173053585187712	0.849720052147389	0.956418902783917	1
chr11:65352130;C|G;Family=13866	-0.0133556019548259	0.980121811673536	0.993470497601597	1
chr11:65411530;G|A;Family=13374	-0.0704122232693234	0.829351137940245	0.951076648623274	1
chr11:6547555;G|A;Family=12687	-0.650942700256702	0.262806610165183	0.676775251671507	1
chr11:65853562;C|T;Family=14169	-0.816224418665287	0.114269707408146	0.485392691701082	1
chr11:65865967;G|A;Family=14284	-1.09070860828641	0.0420058839695427	0.305491529132657	1
chr11:65916856;A|C;Family=14481	-2.78468219595511	0.0034897574873791	0.0635949010078697	1
chr11:65916912;CTGTG|C;Family=11252	1.01190080457819	1.087261329214e-08	1.85526319539517e-06	4.08157902986937e-05
chr11:66624490;C|G;Family=14637	0.242684994694529	0.490489649727695	0.814115803503004	1
chr11:66640573;G|GTC;Family=14658	0.0685343872033777	0.829268686715615	0.951076648623274	1
chr11:6680814;T|G;Family=14594	-0.550909208621461	0.260476046008692	0.674828900425557	1
chr11:6681539;T|G;Family=11740	0.0622352372027548	0.920875965643297	0.97820270940151	1
chr11:67432652;G|T;Family=12939	-1.36069146320681	0.00503978490531844	0.0833103816951192	1
chr11:67463954;G|A;Family=12788	-2.29894697909902	0.0215860543381125	0.208757797790271	1
chr11:68029139;C|T;Family=13264	-0.576696701231659	0.234472442678	0.648176422426847	1
chr11:68156383;GTTAA|G;Family=13907	0.269190346579714	0.438846855131655	0.800637536989584	1
chr11:68158808;G|A;Family=11729	1.03927479712425	0.218337709988583	0.630877904528947	1
chr11:68166240;G|A;Family=12859	-0.749235901485494	0.35399075361172	0.743748050635106	1
chr11:68171572;C|G;Family=11519	0.392374212479393	0.0897962894875638	0.43440112208288	1
chr11:68413826;C|T;Family=13277	-1.06560441358688	0.183055429154905	0.585653962823114	1
chr11:68614239;TTG|T;Family=14154	-0.23705515071734	0.630859683699356	0.872282597645445	1
chr11:68911444;G|A;Family=13752	0.219679227060167	0.432737691604493	0.795984390031093	1
chr11:69772347;G|C;Family=12540	-0.343533873581321	0.289069204110303	0.692882002389742	1
chr11:72002499;T|G;Family=12956	-0.73293373843981	0.00142062799788157	0.0313708088473378	1
chr11:72093661;G|A;Family=11417	0.264183683724314	0.458758336628196	0.809368808378051	1
chr11:72685573;G|C;Family=13886	-1.04897497284795	0.0604714678268948	0.360602903715211	1
chr11:727113;CCT|C;Family=12906	0.0632447337962792	0.82093095239	0.949661376305229	1
chr11:73864332;C|T;Family=12340	-0.297753333965877	0.81467482787728	0.947133608107786	1
chr11:74837928;T|C;Family=11207	-0.682452530715583	0.0908255803671487	0.435819460322955	1
chr11:75081895;A|G;Family=13611	0.47988768037102	0.120160582586402	0.491921574632002	1
chr11:76403845;C|T;Family=13853	1.36226407150508	0.210671895442518	0.62109915784439	1
chr11:77217266;A|AATCT;Family=12952	-0.379022989037541	0.427235722569623	0.7951511754796	1
chr11:77660108;G|A;Family=13093	-0.253811179029588	0.660405268487748	0.884844900263772	1
chr11:77664650;A|G;Family=11003	-0.471983816128864	0.378426999419325	0.759415662955106	1
chr11:801461;C|T;Family=14686	-0.736088673889268	0.00144384545206458	0.031697051620178	1
chr11:8102656;T|C;Family=11071	-0.0504119257560677	0.829488605267443	0.951076648623274	1
chr11:8105153;C|T;Family=12655	0.0878504868803569	0.936473329477566	0.984660757441968	1
chr11:82977622;C|T;Family=14525	-0.194296571080408	0.398783322337041	0.769682566608355	1
chr11:831871;G|A;Family=12281	-0.466620116028969	0.473441965481418	0.809718887791835	1
chr11:83261214;G|A;Family=14697	-1.02229739903119	0.0036525776573949	0.0649847228713765	1
chr11:86808954;G|T;Family=11827	0.151402453860108	0.363100542862362	0.750390937870909	1
chr11:86946390;A|G;Family=12463	-0.344169137696647	0.461300040222291	0.809368808378051	1
chr11:92981626;G|A;Family=12646	-0.0895206788555355	0.78792500296302	0.940560568471891	1
chr11:93147909;C|A;Family=13051	0.149877285232925	0.800881144688196	0.943221763906086	1
chr11:94871680;G|A;Family=12238	-0.737975021987703	0.315463906790853	0.709946197172027	1
chr12:100207757;A|G;Family=13561	-0.101608094117301	0.584225940122388	0.85604378579994	1
chr12:101396195;C|G;Family=11397	-0.417426455451024	0.305267621250461	0.702491050616117	1
chr12:102396966;G|T;Family=11470	0.156115241951772	0.520540820191225	0.825837098664588	1
chr12:10324400;C|A;Family=13561	-0.25992698972691	0.28456050775625	0.689769118615253	1
chr12:103268201;C|T;Family=14307	-0.110295834525543	0.909216220602433	0.975926125564735	1
chr12:103772774;G|A;Family=11158	0.266354283044938	0.632845339198668	0.873339774190635	1
chr12:103775848;A|G;Family=14257	0.756830074454457	0.300473508466819	0.699737934729802	1
chr12:103777193;G|A;Family=13146	0.0159856774832259	0.974804435773948	0.991442929259117	1
chr12:103932337;G|T;Family=13167	-0.757079343129758	0.52631276209129	0.826814280667192	1
chr12:104350238;AAAAAC|A;Family=13621	0.860825700857165	0.0837133733993787	0.423531002346722	1
chr12:105007091;AT|A;Family=12738	0.397806871097076	0.508775738969344	0.82004374781491	1
chr12:105008304;C|T;Family=13738	-0.481970484639737	0.0238383418193137	0.223164925660109	1
chr12:106715462;C|A;Family=13874	0.290466983120405	0.297347477881049	0.697015266963841	1
chr12:108780125;G|A;Family=14652	0.491161593327922	0.519226574699785	0.825222930323028	1
chr12:108784717;T|C;Family=13160	-0.534206712901345	0.31008090639614	0.705916026714741	1
chr12:109072323;C|T;Family=13375	-0.0345381155607672	0.926482353810326	0.979842827655335	1
chr12:109110834;GAT|G;Family=11456	2.00743530052866	0.0168807049171344	0.183150769534458	1
chr12:111449380;T|C;Family=13617	0.378057855900595	0.233923846135372	0.648176422426847	1
chr12:111449493;T|A;Family=12795	-0.354523811162468	0.131115835785666	0.510060981906103	1
chr12:111816750;A|T;Family=13187	-1.16087809934415	0.0504702739130607	0.329505057860226	1
chr12:111816778;T|C;Family=14260	-0.117514948639021	0.62900248302677	0.871785867787724	1
chr12:112053609;C|T;Family=11033	-1.0381776676898	0.00972120066838009	0.130139348724145	1
chr12:112508927;G|T;Family=13160	-0.235074678518847	0.55131563007907	0.840974756325408	1
chr12:112970080;G|A;Family=12296	0.126279323568526	0.753655279110919	0.927819194982251	1
chr12:116717020;TA|T;Family=14416	-0.139630655043745	0.703872297627805	0.904290419334284	1
chr12:116859326;T|A;Family=13567	0.945690383205146	0.0111978213791687	0.141537445984509	1
chr12:117209070;C|T;Family=14507	-1.04113444488684	0.114301315786829	0.485392691701082	1
chr12:117215112;C|T;Family=14284	0.782515908302408	0.0584627367751721	0.356329840296886	1
chr12:119159576;C|T;Family=14522	-0.432802896894643	0.040402196757526	0.300893775464666	1
chr12:120460320;C|T;Family=14095	-0.36305554133087	0.6152523837703	0.869079875222345	1
chr12:120696586;A|C;Family=22349	0.350036873703491	0.489480964465541	0.813774723322838	1
chr12:120762897;A|C;Family=11196	-1.26224632749795	0.0836137287795595	0.423531002346722	1
chr12:120764969;C|T;Family=13996	-0.287028789084545	0.60375350776907	0.865785276229396	1
chr12:12094817;G|A;Family=14108	-0.0845310633656675	0.863744021935293	0.959770074203215	1
chr12:121004021;A|G;Family=11205	-0.245983945604181	0.7724208850719	0.935980633492548	1
chr12:121020607;A|G;Family=13532	0.911062148041198	0.0619614830014571	0.364011591842676	1
chr12:121165437;C|T;Family=14257	0.101324154244931	0.561070373073665	0.848433116695054	1
chr12:121185462;G|C;Family=14696	-0.392166369458245	0.474010338356421	0.809718887791835	1
chr12:121649034;C|T;Family=11215	-0.176219035369611	0.773552292628169	0.936235683724942	1
chr12:121649978;T|G;Family=12719	-0.0130391257015641	0.956109723162975	0.988260803233648	1
chr12:122142004;G|A;Family=12867	-0.317099586989082	0.633630865772683	0.873339774190635	1
chr12:122143154;C|T;Family=11118	0.194345327802449	0.392561683695129	0.764896050414499	1
chr12:122145614;C|T;Family=13152	-0.13610014497206	0.489695551408176	0.813774723322838	1
chr12:122473224;T|C;Family=14484	0.00381690767788912	0.98767184767593	0.995641054313883	1
chr12:122985855;C|T;Family=12068	-0.770021322717257	0.398004000256108	0.76900801891653	1
chr12:123291583;A|G;Family=14363	-0.134553104870211	0.717155450378069	0.911374935923924	1
chr12:123295534;G|A;Family=13041	-0.203516922171294	0.655469316063014	0.882482743784306	1
chr12:124014248;G|A;Family=12728	-0.0582588386699565	0.842355785728534	0.95534852556644	1
chr12:125028457;C|T;Family=12512	0.0681063867144153	0.800858086229875	0.943221763906086	1
chr12:125029809;T|G;Family=13097	-0.265209908153734	0.770917949606568	0.935807896523316	1
chr12:125143296;G|A;Family=12532	-0.725095794783814	0.179562737081974	0.582608915303138	1
chr12:125657481;T|C;Family=11233	0.471848340245618	0.161374099931271	0.558453015331354	1
chr12:125658027;G|C;Family=11233	-0.51542292270774	0.295757568781339	0.697015266963841	1
chr12:125658842;A|G;Family=14613	-0.823383719996251	0.209123189077013	0.619612037723051	1
chr12:130456610;C|A;Family=11345	0.143536314185126	0.804758412518678	0.943221763906086	1
chr12:131944583;C|T;Family=14524	1.48292608945464	0.162300786356214	0.559483151497912	1
chr12:132196741;C|T;Family=11673	0.323106160095323	0.732988854112978	0.917635978884878	1
chr12:132511604;C|T;Family=11470	-0.450009082088377	0.525749701558316	0.826814280667192	1
chr12:132584068;T|C;Family=11142	-0.2024483241837	0.47102303702509	0.809718887791835	1
chr12:132775108;C|T;Family=11345	0.871307544053859	0.227197880302036	0.639369409711142	1
chr12:133018678;A|G;Family=13167	-0.447851037499135	0.113720342540764	0.485392691701082	1
chr12:133107244;CAG|C;Family=12206	1.2980657190761	0.135970777182649	0.516478956538303	1
chr12:13551970;G|GA;Family=11121	0.00128526335365084	0.995220173088674	0.999011434477853	1
chr12:13558545;G|A;Family=11057	-0.109738092011165	0.854831768448145	0.957258119022861	1
chr12:14981780;C|T;Family=14124	-0.54548982069504	0.19337643213066	0.596244806898909	1
chr12:15596275;G|A;Family=11654	-1.8150137572941	0.0313396550196737	0.2614423665419	1
chr12:16594312;C|T;Family=11003	0.130990068143326	0.522959811173808	0.826814280667192	1
chr12:190601;C|T;Family=13580	-0.616729140482623	0.485419584178512	0.813748174461458	1
chr12:19372221;G|A;Family=12297	-0.568662557801566	0.16772723281672	0.566924427440708	1
chr12:19373120;C|A;Family=13835	-0.688958970625813	0.0130838212622076	0.155432484235213	1
chr12:1950195;G|GTC;Family=12950	-1.09499035415925	0.140808104122182	0.52439843539154	1
chr12:20711418;A|G;Family=13533	-0.264656586204787	0.426216672962012	0.794609103942565	1
chr12:20737256;G|T;Family=12906	-1.09041418585719	0.139150549978589	0.519255630834616	1
chr12:21924680;C|A;Family=13118	-0.827866456736713	0.191141242322109	0.595653432249086	1
chr12:26079613;T|C;Family=14576	0.480356457143786	0.595855401366864	0.861317357231886	1
chr12:26121198;T|C;Family=11356	-0.209937335827476	0.457128269657977	0.809339260781398	1
chr12:26338385;G|A;Family=11168	0.239319426835841	0.677537417602842	0.889305292026787	1
chr12:26964790;G|C;Family=14554	1.34472124250978	0.0953169338257709	0.444496608176328	1
chr12:26964838;T|C;Family=14545	0.614780674827843	0.295809538266849	0.697015266963841	1
chr12:30719113;G|A;Family=14474	-0.151346389808808	0.531684487066969	0.826897190900013	1
chr12:30996424;G|A;Family=11578	-0.0115326300990767	0.979292956383954	0.993316876051165	1
chr12:31667984;G|A;Family=12603	0.589548737469937	0.486788849327154	0.813748174461458	1
chr12:31992971;TTAAG|T;Family=11333	0.355331518222343	0.430568087347293	0.795984390031093	1
chr12:32643133;A|G;Family=14608	0.130232584320752	0.673593799802462	0.888812346031087	1
chr12:32645051;C|G;Family=13462	0.764031038386018	0.0271301601608814	0.240772154241013	1
chr12:32791196;A|C;Family=11098	-1.21434527654752	0.0073225517687866	0.10799693079477	1
chr12:3283454;C|T;Family=13623	-0.605406801741907	0.550901559272266	0.840684737198409	1
chr12:3593554;A|G;Family=13174	-0.532640940275821	0.0263509326324086	0.236654069622158	1
chr12:39553047;A|G;Family=12314	-0.0284570677368392	0.974443814929484	0.991442929259117	1
chr12:39950119;T|C;Family=14692	-1.2721608411134	0.102028778697954	0.461465102689299	1
chr12:39951106;T|C;Family=13895	0.049773812849108	0.879874308832223	0.967217615038409	1
chr12:41072332;G|C;Family=12879	0.425450986917427	0.537640865010667	0.830919640695778	1
chr12:42084882;A|G;Family=13211	-0.559660487024402	0.0911177807657566	0.435819460322955	1
chr12:42085385;C|T;Family=14452	0.177910183835594	0.548344468595618	0.838828498413998	1
chr12:42442154;G|A;Family=12799	0.0949244802541118	0.787690438579245	0.940560568471891	1
chr12:42445266;T|G;Family=14061	0.254561576774016	0.622385484114834	0.871068824935597	1
chr12:4500258;C|T;Family=14402	0.524977409526806	0.562480844897457	0.849036225068377	1
chr12:45920025;T|G;Family=12341	-0.597813289921221	0.0542071072722164	0.340860101674875	1
chr12:47075765;T|C;Family=12845	-0.00972427342023982	0.985531497744953	0.995002149800234	1
chr12:47744519;T|G;Family=12300	-1.8260729865508	0.0835455690362368	0.423531002346722	1
chr12:47780985;C|T;Family=13645	-0.574410268610559	0.203409087645559	0.610878172017143	1
chr12:47788073;A|C;Family=11918	-0.325518827226152	0.487529997592539	0.813748174461458	1
chr12:48134794;G|A;Family=13471	0.133271746396678	0.440813068050471	0.800637536989584	1
chr12:48338099;G|A;Family=13447	0.2643048331351	0.194292676973088	0.597947936237793	1
chr12:48692215;T|C;Family=12529	-0.833046360228459	0.00158265452992118	0.0339502006018521	1
chr12:48827626;C|A;Family=12457	0.00286454112198868	0.992339730676131	0.997654887241081	1
chr12:48914552;C|A;Family=14412	-0.252989267730056	0.503933758473853	0.81888180221842	1
chr12:48966507;G|A;Family=12346	0.680479156630497	0.380496654348921	0.760930217815533	1
chr12:49019250;C|A;Family=14095	-0.151668026322757	0.910495791650372	0.975941612252179	1
chr12:49020756;A|G;Family=12804	-0.776060669646374	0.254731276171503	0.668116847678705	1
chr12:49463191;G|C;Family=13116	0.147283335178875	0.81830996277228	0.948846040010131	1
chr12:49867275;G|A;Family=11208	0.0931989144551782	0.717091280336293	0.911374935923924	1
chr12:49957401;C|T;Family=14675	0.864854240097073	0.273702432224776	0.685442915658311	1
chr12:50477022;T|A;Family=12641	0.152593959825889	0.789213723300078	0.940560568471891	1
chr12:50746032;A|T;Family=13364	0.901883539110393	0.309976713107736	0.705916026714741	1
chr12:51196813;T|G;Family=11194	-0.940734006980045	0.0260915241060872	0.235710119864356	1
chr12:51352434;C|T;Family=13815	-0.634348533828716	0.0127067198833584	0.153379506244782	1
chr12:51507933;C|T;Family=14017	-0.251276773262591	0.529159728959942	0.826814280667192	1
chr12:51513413;C|G;Family=14598	-1.16307362532938	0.0448666511753591	0.312703861596328	1
chr12:51722551;T|C;Family=13210	-0.256751237480532	0.340757233326345	0.734751667953533	1
chr12:53025344;G|A;Family=13335	-0.869041803667508	0.127050180453625	0.502082121695616	1
chr12:53064322;A|G;Family=13617	-0.0203087754791302	0.955576283241075	0.988260803233648	1
chr12:53327895;G|A;Family=12585	0.248477061438653	0.649091441454082	0.879686306024663	1
chr12:53977028;G|A;Family=12498	-0.0177591387374243	0.937632017274964	0.984854670635202	1
chr12:54532250;G|C;Family=13764	-0.481147155920066	0.340728753520528	0.734751667953533	1
chr12:55367547;A|C;Family=11575	0.675311609767723	0.524931537424744	0.826814280667192	1
chr12:55367558;A|C;Family=11575	0.737502194730184	0.482893848784859	0.813748174461458	1
chr12:55555603;C|A;Family=14077	-0.125329925907789	0.715896929321629	0.911374935923924	1
chr12:55751470;G|A;Family=14668	0.206246137582347	0.844611870490803	0.955885728616966	1
chr12:55757313;A|C;Family=11573	-0.0933035501518436	0.889317819950346	0.970776125645129	1
chr12:55821637;C|T;Family=11843	-1.93252521945342	0.0314574466879683	0.26184313717657	1
chr12:56037956;A|C;Family=11198	-0.142875897178134	0.567235753285053	0.850356322979689	1
chr12:56712871;A|G;Family=11198	-1.70555188467353	0.146371491188171	0.534403363188219	1
chr12:57001546;T|C;Family=11933	-0.128414084110715	0.488952869360757	0.813748174461458	1
chr12:57028607;G|A;Family=12325	0.338074046348903	0.579451639171022	0.853713286282581	1
chr12:57028838;C|T;Family=13187	0.353163472543405	0.724759818746882	0.914229959534877	1
chr12:57235470;C|A;Family=11671	-0.892179254472147	0.397459219528259	0.76900801891653	1
chr12:57823411;G|T;Family=14158	0.299755186406861	0.605920766164884	0.865785276229396	1
chr12:59779592;C|A;Family=14475	0.225867015383901	0.834437429762973	0.953280009534449	1
chr12:6122766;C|T;Family=14609	0.502805591652478	0.0499301257144787	0.328262157499392	1
chr12:61709191;T|A;Family=11552	-0.343597222918917	0.385227065499143	0.761954004065819	1
chr12:62335564;A|G;Family=13929	-0.466513267275009	0.191993593323643	0.595653432249086	1
chr12:62405485;C|G;Family=11556	0.37019023162571	0.0768244019324855	0.405215605450307	1
chr12:62405921;T|G;Family=11653	0.158314204586775	0.150011468997839	0.541849754569893	1
chr12:62414589;G|A;Family=12550	0.301754494016402	0.652636276430314	0.881659379665184	1
chr12:62501626;A|G;Family=11905	1.11879014585515	0.0396869098593975	0.300195471726885	1
chr12:62561094;C|A;Family=12220	0.102997825785381	0.628247651205974	0.871785867787724	1
chr12:62645630;T|A;Family=13616	-0.119965108559231	0.529276328300195	0.826814280667192	1
chr12:63146591;C|G;Family=14570	-0.873759526308096	0.0418194893150466	0.304835656094534	1
chr12:6329869;G|T;Family=14152	-1.56836900872542	0.021260581127188	0.207844326956936	1
chr12:64714808;G|C;Family=12929	0.250248891075088	0.248519745487739	0.663320048541172	1
chr12:64715064;G|C;Family=11931	0.0997588745143793	0.579750238210278	0.853818122495639	1
chr12:65466681;C|T;Family=11216	-0.178884710522835	0.382391314775752	0.760930217815533	1
chr12:6570170;T|C;Family=12891	-0.0520819184761107	0.946107174271274	0.986305562958723	1
chr12:66345813;C|T;Family=11781	-0.0832221914181522	0.875091673558071	0.964213388527529	1
chr12:67311074;C|T;Family=13314	0.255493055680731	0.577998539242732	0.853565735432244	1
chr12:67659038;C|T;Family=13010	0.511859715580163	0.251333274608448	0.665726151023071	1
chr12:68661243;G|GA;Family=14188	-0.852538101045636	0.195880418326055	0.598985523748446	1
chr12:68667799;A|C;Family=14619	0.201157128276476	0.707534469076755	0.9063179221321	1
chr12:68765817;A|T;Family=12108	-0.117086778575808	0.70349768355756	0.904290419334284	1
chr12:68773240;T|C;Family=13694	0.918364049454155	0.178962372243939	0.582608915303138	1
chr12:68777610;C|A;Family=13565	0.891276670705558	0.229008618475711	0.641533708688883	1
chr12:68839652;G|A;Family=11947	-1.1039790503089	0.285618872156203	0.689769118615253	1
chr12:68845263;G|A;Family=13560	-0.219497365743638	0.769437192696355	0.93538446288281	1
chr12:68851407;C|T;Family=14123	0.449999772341161	0.273252651844245	0.685442915658311	1
chr12:69353396;A|T;Family=14551	-0.191770963218198	0.568406498419513	0.850356322979689	1
chr12:69575266;T|G;Family=11424	-0.576467620184977	0.426303339195612	0.794609103942565	1
chr12:69683242;T|C;Family=13012	0.106257469492855	0.916622544736142	0.977196622543038	1
chr12:69683587;A|T;Family=13012	1.04125809348452	0.000739304464790093	0.0192732566723751	1
chr12:6976750;A|G;Family=11892	-0.0790821693798943	0.920155459900736	0.977940401548745	1
chr12:6977262;C|G;Family=14036	0.271066099400066	0.424447026886866	0.793403318252843	1
chr12:6981145;C|T;Family=12669	0.704435539138003	0.00509675559612598	0.0835511812570171	1
chr12:70432230;C|T;Family=14346	-0.337757683158637	0.502479633724565	0.818272898848224	1
chr12:70433211;A|C;Family=11644	0.0211049185110844	0.973869589255095	0.991442929259117	1
chr12:71786240;A|G;Family=13216	0.0246459515465594	0.958088724633578	0.988260803233648	1
chr12:71791230;A|G;Family=12290	-1.22642306789584	0.0650296826831121	0.375517226136331	1
chr12:74540835;C|T;Family=11678	-0.316108254027493	0.143633201566931	0.529665067467839	1
chr12:75277651;G|C;Family=13057	0.893411347078715	0.15102188943162	0.542726317480789	1
chr12:75432182;T|C;Family=11981	1.99973873265384	0.0202664853803917	0.200211542415764	1
chr12:75500348;A|C;Family=11167	0.650561047396941	0.11323262370033	0.484140397916901	1
chr12:76044822;T|C;Family=11042	0.37889417933121	0.361211701437052	0.749993765041313	1
chr12:76047956;A|AT;Family=11520	0.798487279797957	0.118346093789861	0.491385849185218	1
chr12:79451261;G|A;Family=13537	-0.397713792690506	0.461310127556507	0.809368808378051	1
chr12:79592274;C|T;Family=14561	0.0769623398126937	0.820529095340587	0.949661376305229	1
chr12:79774887;C|G;Family=12645	-0.359216636422336	0.075725696838116	0.402085241768441	1
chr12:80679096;C|T;Family=11086	-0.201591710294415	0.738782407915774	0.920474331004253	1
chr12:83132643;A|G;Family=14022	-0.15630306529451	0.573863269455547	0.852168794911441	1
chr12:85958506;T|C;Family=12201	-0.122847088880427	0.837622896675981	0.953497573530454	1
chr12:85960376;A|G;Family=13874	-0.499547445193264	0.213836918111888	0.626492640166019	1
chr12:85964312;T|G;Family=12682	0.102579630828498	0.909673004052953	0.975926125564735	1
chr12:85968103;G|T;Family=11056	-0.34506555995388	0.576869678309273	0.853290909915781	1
chr12:88093626;TTTTA|T;Family=12238	2.146498661636	0.00136990821936411	0.0306969784663664	1
chr12:89421060;G|A;Family=13903	-0.547840308951488	0.622825017095083	0.871068824935597	1
chr12:916707;C|CA;Family=11201	0.108678493178239	0.733841821243913	0.917635978884878	1
chr12:926902;AAGAG|A;Family=14501	0.807232073534892	0.00106246404507974	0.025404395065155	1
chr12:927165;G|A;Family=13965	0.430719622602003	0.054483249618522	0.341452619479017	1
chr12:92775906;A|G;Family=13998	-0.470446549588856	0.50884473083857	0.82004374781491	1
chr12:93512803;G|A;Family=11946	-0.616316292575617	0.190919517925899	0.595653432249086	1
chr12:95934176;A|G;Family=14386	0.589224698784015	0.259631422483129	0.673812603302396	1
chr12:9716586;T|C;Family=11417	0.260958495914398	0.762663930061464	0.932282772207989	1
chr12:9754370;A|G;Family=12494	0.789421281206766	0.0862766694296301	0.427850220658958	1
chr13:101719060;A|C;Family=13578	-0.842622608706051	0.370385367989575	0.75619458815248	1
chr13:101722669;G|A;Family=12972	0.186012861558056	0.846637972298401	0.956418902783917	1
chr13:108307449;CT|C;Family=14603	0.269477253950814	0.46812388460563	0.809718887791835	1
chr13:109207141;C|T;Family=14456	0.583572179135652	0.561625018515988	0.848768244568848	1
chr13:110687748;G|A;Family=13687	-0.0456250558078896	0.705683995468253	0.905281910729544	1
chr13:112910075;T|C;Family=11305	-0.127254640666511	0.851961856928454	0.956418902783917	1
chr13:112917269;C|T;Family=12869	0.953991993047571	0.121606166895133	0.492990875296253	1
chr13:112956885;A|G;Family=14165	-0.979174474611183	0.18305913779584	0.585653962823114	1
chr13:113090030;C|T;Family=11099	0.701305427567136	0.194484398014476	0.597947936237793	1
chr13:113816042;G|T;Family=14358	-0.0148687566476417	0.932372499719137	0.981412285894763	1
chr13:113816271;A|C;Family=12964	-0.36374958672726	0.0880069475044649	0.431845384966852	1
chr13:113816283;G|T;Family=12964	0.195256958578329	0.233624348566354	0.648176422426847	1
chr13:20138542;C|T;Family=14370	-0.0296162743104267	0.841775058789345	0.955211863595786	1
chr13:20141428;G|A;Family=14484	-0.700576104225528	0.339692529492944	0.733652512799099	1
chr13:20780589;G|C;Family=11089	0.427222404534842	0.180769743879736	0.585268825732081	1
chr13:21154518;C|G;Family=13869	0.0307972124864442	0.886239714498067	0.969112611274448	1
chr13:21158043;T|C;Family=14097	0.984554824863822	0.133831704593159	0.51404101214252	1
chr13:21492794;T|C;Family=13070	1.06120221837376	0.0168089434453721	0.18290079331573	1
chr13:25249228;G|A;Family=14315	-0.0127009271690957	0.957454834383436	0.988260803233648	1
chr13:25335555;G|A;Family=13218	0.57023007820983	0.419562536501108	0.790681607442349	1
chr13:25341928;C|T;Family=11497	0.0820135928617402	0.847622095462168	0.956418902783917	1
chr13:29509496;G|A;Family=14577	0.187266678398595	0.823805177566436	0.950328024958306	1
chr13:30459362;G|C;Family=11509	0.352461493458378	0.0608116166320712	0.360602903715211	1
chr13:32515608;G|A;Family=12134	0.752434175606202	0.302860471598817	0.702158166196486	1
chr13:32517549;A|T;Family=11114	-0.371059083641851	0.377596669339873	0.759238294966194	1
chr13:32776757;A|G;Family=14687	-0.399363613489941	0.343806214011474	0.737092248657381	1
chr13:36847210;G|A;Family=13034	0.657920594066697	0.0586175608121571	0.356329840296886	1
chr13:39789275;A|G;Family=11194	-0.151468446776174	0.624412948295603	0.871068824935597	1
chr13:41129088;C|A;Family=13524	0.513475702189076	0.497916243274627	0.817794113883691	1
chr13:41252566;G|C;Family=13876	-0.0595553286188924	0.765516053292162	0.933315523453974	1
chr13:42166660;A|T;Family=12680	0.262045927501852	0.25934266692779	0.673812603302396	1
chr13:42233480;C|T;Family=14586	0.0487140899360821	0.807513950118943	0.943221763906086	1
chr13:42235436;T|TA;Family=13163	-0.638260941491426	0.153882082337993	0.547039144978055	1
chr13:44022567;G|A;Family=11360	-1.15079353222488	0.160892223497902	0.558215718124882	1
chr13:44434270;C|T;Family=13608	0.0463563995510675	0.911500696566887	0.975941612252179	1
chr13:45782571;C|T;Family=13162	0.454006805220773	0.314588801148222	0.709946197172027	1
chr13:48263554;C|G;Family=12184	0.434891499234684	0.390882238755135	0.763858367666203	1
chr13:48267396;G|T;Family=14084	0.43951604057353	0.475290192159115	0.809718887791835	1
chr13:49699807;G|A;Family=13621	-0.505723920966225	0.132335033505938	0.51162277629381	1
chr13:50955833;A|G;Family=14633	0.000966964125418306	0.998159283928402	0.999011434477853	1
chr13:51374698;G|A;Family=14687	0.0137315062090252	0.963865610562675	0.989431638515801	1
chr13:51760323;C|G;Family=13649	0.168439669139169	0.44994954440317	0.805819614172225	1
chr13:57726742;T|G;Family=12837	0.254925861131941	0.390448552902665	0.763858367666203	1
chr13:66302882;G|A;Family=14681	-0.0548373504954997	0.960053917217613	0.988260803233648	1
chr13:67224268;A|T;Family=11152	0.7233248513672	0.0747119168670822	0.399527828944482	1
chr13:71440244;T|TGTAA;Family=14023	-2.08616076942998	0.0530057056697717	0.337990663363893	1
chr13:72756094;T|TAAC;Family=14237	-0.402537590963594	0.491724581143919	0.814622276087498	1
chr13:73077466;A|C;Family=13324	-0.36961307186065	0.437714122387196	0.800637536989584	1
chr13:76880244;ATT|A;Family=11083	-1.3663464711512	0.116658935067766	0.490926640330167	1
chr13:77001351;C|T;Family=14432	0.906556113455274	0.0727711896198242	0.395053217246343	1
chr13:77045036;G|A;Family=11010	-1.72198168608189	0.0587906849198286	0.356329840296886	1
chr13:78600311;T|TA;Family=13534	-0.251909928400368	0.367015156454622	0.753706180158999	1
chr13:78614347;A|C;Family=11544	0.944874371749564	0.00162346109527219	0.0346276872252943	1
chr13:87683876;A|C;Family=13580	-0.341157958649937	0.607680938539177	0.865785276229396	1
chr13:94436896;G|T;Family=14007	-0.483143814868233	0.11690356924396	0.490926640330167	1
chr13:94711191;C|T;Family=12014	-0.676407066276909	0.00457044727996246	0.077452512331654	1
chr13:95207885;T|C;Family=13023	1.56901122213684	0.119922923849683	0.491921574632002	1
chr13:95793362;G|A;Family=13932	0.435935699380757	0.447054071955916	0.805490055394307	1
chr13:97464506;A|G;Family=11433	0.218889635896896	0.761268497162503	0.931486942095187	1
chr13:98024108;C|T;Family=14291	0.33399005671562	0.436905242296963	0.800637536989584	1
chr13:98400083;C|T;Family=22161	0.791532378387116	0.00148582788399822	0.0320563096352259	1
chr13:98404385;C|A;Family=12686	-0.570277580290375	0.00542544214316603	0.0881693065170792	1
chr13:98452189;C|T;Family=11115	-1.47425753593605	0.0828426725996383	0.421969325561794	1
chr13:98856517;C|T;Family=12375	0.557557449240617	0.284403818580913	0.689769118615253	1
chr13:99892578;C|T;Family=12308	-0.874282569058236	0.0975760262168848	0.448618747113947	1
chr14:100132753;GAGA|G;Family=14566	0.794637258807624	0.280502626599715	0.689624430634953	1
chr14:100139286;A|G;Family=14195	0.382040284412278	0.212422077484295	0.624012538872099	1
chr14:100292534;C|T;Family=12851	0.0530685591089766	0.959880601854868	0.988260803233648	1
chr14:101562759;G|A;Family=14305	-0.590796705446702	0.303904149110271	0.702158166196486	1
chr14:101927185;C|T;Family=14537	-0.606912255529808	0.0623371770613689	0.365646504200592	1
chr14:102047898;A|C;Family=13094	-0.794329892662375	0.353085499048681	0.743664633721861	1
chr14:102086072;G|C;Family=11812	-0.0780394488069728	0.909893830441282	0.975926125564735	1
chr14:102195033;T|C;Family=14215	2.17297626887543	0.011919057521725	0.148159410385946	1
chr14:102210028;T|G;Family=13106	0.507092010788659	0.229737002687727	0.642647323464773	1
chr14:102213013;C|T;Family=14115	0.324134703206003	0.506640029094723	0.819442770022228	1
chr14:102213969;G|C;Family=13375	0.207525712852502	0.594058068704781	0.861040150547393	1
chr14:102229211;T|C;Family=13206	-0.625281606910922	0.244956201316346	0.662185601270035	1
chr14:102506416;G|C;Family=12749	0.0257949816190952	0.958939644168571	0.988260803233648	1
chr14:102906678;T|C;Family=13968	1.1753797455698	0.0160007031743914	0.177187727777774	1
chr14:102907234;C|T;Family=11333	-0.484680088761127	0.28996950628246	0.692882002389742	1
chr14:102910062;C|G;Family=12048	0.204639122196325	0.608171489988524	0.865785276229396	1
chr14:102911499;C|T;Family=14450	-0.519622854643188	0.0801713178819844	0.414544656979455	1
chr14:102932637;G|A;Family=13552	0.185133887048251	0.480201344528293	0.813748174461458	1
chr14:103342934;A|G;Family=12858	-0.163047769132639	0.535653550931742	0.828871982769068	1
chr14:103704906;G|A;Family=14133	0.282363572887418	0.676803716983661	0.88902201371488	1
chr14:103705880;C|T;Family=13267	-0.160009251163807	0.742323566709106	0.921914653120386	1
chr14:103734576;C|T;Family=14066	-0.426379754518408	0.379064186167697	0.760153287859794	1
chr14:104112623;G|T;Family=12536	0.568637695254971	0.0764238844807744	0.405215605450307	1
chr14:104721982;C|G;Family=12301	0.285266743433903	0.438308559087944	0.800637536989584	1
chr14:104747250;G|GT;Family=13316	-0.85527994368249	0.278215282071145	0.688733766851005	1
chr14:105049685;G|A;Family=11792	-0.144942684188069	0.376819667422152	0.758825351389295	1
chr14:105173014;TGGA|T;Family=14535	-0.137549384670929	0.798225927982216	0.943221763906086	1
chr14:105470468;G|A;Family=14042	0.00443632210847056	0.979673359766107	0.993434303771465	1
chr14:19782641;G|A;Family=11730	0.492678707219776	0.271548619329318	0.682781993946591	1
chr14:19880987;T|G;Family=22364	1.15133118688261	0.0699438672537426	0.388041475412685	1
chr14:20031416;G|T;Family=11498	0.263276922132606	0.687448165962333	0.892152907752213	1
chr14:20700952;C|T;Family=13309	-0.275317200399693	0.728473277334863	0.916450631070735	1
chr14:20994001;G|A;Family=11494	0.268196419345615	0.655053819533604	0.882482743784306	1
chr14:20996199;G|A;Family=13621	1.68949089084487	0.0169496064401983	0.183368364773788	1
chr14:22774371;G|A;Family=12300	0.182964287433888	0.522941425437176	0.826814280667192	1
chr14:22887622;G|A;Family=13750	-0.496609783656111	0.622785315315508	0.871068824935597	1
chr14:22900579;T|C;Family=13250	0.596147909889993	0.0463070934028996	0.317800417978949	1
chr14:22901745;A|C;Family=12955	1.75723703575592	0.0198386563260605	0.200211542415764	1
chr14:22972415;T|C;Family=12775	0.144945989835617	0.639484725951025	0.876460628411882	1
chr14:23043475;C|T;Family=14348	0.117635004203317	0.584472132559021	0.856070380658043	1
chr14:23300858;C|T;Family=13508	-0.2393386571483	0.442209843827448	0.801297125485511	1
chr14:23530131;G|A;Family=11328	-0.0875101777340299	0.64143653595232	0.876894667139478	1
chr14:24075435;C|T;Family=14339	0.443705388298273	0.319980007358436	0.714577601203788	1
chr14:24119799;G|A;Family=12501	-0.897808360753022	0.0944585235708123	0.442721075132981	1
chr14:24123924;G|A;Family=14349	0.386446140429659	0.554826245360828	0.843246042544351	1
chr14:24187426;C|T;Family=11028	-0.391472689746421	0.190301872210275	0.595653432249086	1
chr14:30619431;CAT|C;Family=13412	0.432369096507684	0.0409439081077365	0.301971377281813	1
chr14:30889794;G|A;Family=14587	0.165165930714273	0.410749349115339	0.781527144743529	1
chr14:31073045;A|G;Family=11645	-0.689082513990107	0.195218932654215	0.598985523748446	1
chr14:31446717;C|T;Family=12014	-0.340121057563368	0.510344714371587	0.820393445871867	1
chr14:33680780;A|C;Family=11800	-0.0317178641340606	0.913643883464035	0.976878136862429	1
chr14:33803547;G|A;Family=12697	-0.956186531550407	0.217045851576918	0.629181565111777	1
chr14:35050255;C|T;Family=14675	-0.0747451211357487	0.908086643354459	0.975926125564735	1
chr14:35099374;T|C;Family=13600	-0.270274674259609	0.753029641747899	0.927730818962739	1
chr14:35871556;G|A;Family=14376	0.110550538557945	0.805913338258564	0.943221763906086	1
chr14:36677286;A|G;Family=11303	-0.329661858661446	0.571472230070644	0.851312203049682	1
chr14:39182369;T|A;Family=14270	-0.308864279924189	0.311343320190174	0.706213186703271	1
chr14:45200776;A|C;Family=14568	0.554797124038451	0.0440696997087201	0.311628367049774	1
chr14:49783018;G|A;Family=12692	0.195642135677337	0.799230910031321	0.943221763906086	1
chr14:49786048;G|A;Family=12681	0.459496463245443	0.290219168250669	0.692882002389742	1
chr14:50330962;C|T;Family=13023	0.329432268763909	0.668175570336453	0.886957838211221	1
chr14:52005391;C|T;Family=13718	-0.0686260190967255	0.952134822756696	0.988260803233648	1
chr14:52009877;C|T;Family=11089	0.412604294251522	0.481981090545232	0.813748174461458	1
chr14:52707428;C|G;Family=13903	-0.0238927761904722	0.951700070162168	0.988260803233648	1
chr14:52771440;T|G;Family=14081	0.21838011116001	0.440039335592482	0.800637536989584	1
chr14:53040793;G|A;Family=14412	-0.183602881054672	0.3579992690067	0.74745787310965	1
chr14:54424277;A|G;Family=11721	-1.14081545209896	0.203272012648457	0.610878172017143	1
chr14:54789343;G|A;Family=12225	-0.131428800379167	0.828752718226642	0.951076648623274	1
chr14:54790002;G|C;Family=11107	-0.451570775880755	0.459203977533117	0.809368808378051	1
chr14:54792246;G|A;Family=14110	-0.0580617694227724	0.894208691665505	0.97117845542526	1
chr14:55046970;C|T;Family=14640	-1.1246552878896	0.057729232543488	0.35468991647832	1
chr14:55066791;A|G;Family=14210	2.02083046219513	0.000105105580489471	0.00406769432121108	0.394566349157475
chr14:55069842;TC|T;Family=12396	-0.0365766469340605	0.885835622996117	0.969112611274448	1
chr14:55368655;T|A;Family=13047	-0.0226765293571405	0.966132923495082	0.989577879060322	1
chr14:56609267;A|G;Family=12161	0.278984591429222	0.448246832642718	0.805819614172225	1
chr14:57206134;G|A;Family=12132	-0.529362403538182	0.0293522109645947	0.253679375598334	1
chr14:59369246;C|CA;Family=14606	0.118231501310821	0.880780004760523	0.967459794146536	1
chr14:60644825;T|G;Family=13007	-0.22373080243681	0.373599337244041	0.756921571080755	1
chr14:60710671;G|A;Family=13305	1.17925198426675	0.018366816604853	0.193741789566651	1
chr14:61550781;A|G;Family=13005	0.502797421722542	0.0421445406861098	0.305491529132657	1
chr14:62081161;C|T;Family=13012	-0.533945857604328	0.503505575894484	0.818605427417883	1
chr14:63373754;G|A;Family=11897	0.322864393908426	0.114229336924732	0.485392691701082	1
chr14:64471001;G|C;Family=12346	-0.064531615317025	0.825705545313886	0.950328024958306	1
chr14:64481638;C|G;Family=13630	0.55421924320052	0.0632932308305135	0.369522221676124	1
chr14:64587318;G|A;Family=11804	-0.608896112544785	0.325958336076479	0.72234214500065	1
chr14:64744664;G|A;Family=11520	0.11662584697652	0.867234085151156	0.961203647964996	1
chr14:64947292;C|T;Family=12073	-0.858274154503464	0.105567765832473	0.468269600887956	1
chr14:67333928;G|A;Family=13884	-1.15718486986743	0.0702847030463924	0.388041475412685	1
chr14:67471834;G|A;Family=12481	-0.0140004274701778	0.987867717287899	0.995641054313883	1
chr14:67471937;C|T;Family=11505	-0.334987421850818	0.642990496361757	0.877344941480088	1
chr14:67588167;C|T;Family=12780	-0.813759634078786	0.0436035354205399	0.310014530243763	1
chr14:67762324;C|T;Family=12451	0.649156826774414	0.338457612008449	0.733162074714205	1
chr14:67783324;C|T;Family=11933	-0.497847526786083	0.544047656259248	0.836332623887124	1
chr14:69349262;G|T;Family=12507	-0.487139357174402	0.460904307977136	0.809368808378051	1
chr14:69458622;C|T;Family=11117	-0.42959809296994	0.0440795585784311	0.311628367049774	1
chr14:69528683;G|A;Family=11775	0.441306461524448	0.0400906325862619	0.300195471726885	1
chr14:69714507;C|T;Family=13961	-0.259160470630262	0.29448906569454	0.697015266963841	1
chr14:69714839;G|C;Family=13709	-0.255127322211893	0.641429799481571	0.876894667139478	1
chr14:70051018;G|A;Family=13618	-0.312107910800008	0.094812009049038	0.443795862805597	1
chr14:70672191;A|G;Family=13271	0.733669692785977	0.234919371937769	0.648923710268128	1
chr14:70672279;A|G;Family=14165	0.517359165300501	0.463387524009153	0.809686167728805	1
chr14:71741218;T|C;Family=14463	-0.197066561027889	0.483511917778462	0.813748174461458	1
chr14:72951816;C|T;Family=14216	-0.480552174473468	0.351544645724352	0.742237682817333	1
chr14:72970085;C|T;Family=11051	0.527468223885018	0.39269564461326	0.764896050414499	1
chr14:73219147;C|T;Family=12304	0.117561587682153	0.802926456389936	0.943221763906086	1
chr14:73219800;A|G;Family=14084	0.24769326022877	0.509194782335794	0.82004374781491	1
chr14:73264024;T|C;Family=14378	0.36486124171627	0.433169717386431	0.795984390031093	1
chr14:74199900;A|G;Family=14234	0.214348891525101	0.553533448311555	0.842770793658269	1
chr14:74675817;G|A;Family=11462	-0.536790428294264	0.460177569747709	0.809368808378051	1
chr14:74905829;C|T;Family=14342	-0.441738551639304	0.465388935260505	0.809718887791835	1
chr14:75014738;C|G;Family=11382	-0.202435801211855	0.535326502132427	0.828830742341758	1
chr14:76501674;T|C;Family=13568	0.844435145771552	0.130624176626768	0.508675476200091	1
chr14:76780525;A|G;Family=12674	-0.230284128680738	0.740622723431632	0.921238470431526	1
chr14:76788186;G|C;Family=11924	0.288054308314975	0.714417415681723	0.911374935923924	1
chr14:77131926;A|G;Family=11366	0.115711633199333	0.784307147871385	0.939672278363993	1
chr14:77275778;G|A;Family=11110	0.190356953690394	0.587197563604726	0.857386096371894	1
chr14:77331556;C|T;Family=13621	0.906649418456155	0.167781843070492	0.566924427440708	1
chr14:77672418;A|G;Family=12015	0.471446453152901	0.300863803748611	0.699841835634439	1
chr14:80198034;C|T;Family=11108	1.04711324167322	0.383245132905084	0.760930217815533	1
chr14:81260740;T|C;Family=11033	0.727093219256898	0.119001187747653	0.491435169649961	1
chr14:81472756;T|C;Family=12426	-0.0307052329087376	0.898552915037092	0.972451589257125	1
chr14:85639167;T|A;Family=13705	-0.109833456547949	0.667519885566286	0.886957838211221	1
chr14:85640939;T|C;Family=12407	0.60863737739679	0.109336057843719	0.477264605982931	1
chr14:85645691;A|C;Family=14344	-0.375654569967759	0.178911634543754	0.582608915303138	1
chr14:87941540;C|T;Family=11107	0.686922344567872	0.293568436056178	0.696318904697375	1
chr14:88465931;AATT|A;Family=11366	0.297408049770871	0.500192142630944	0.817838732744197	1
chr14:88467813;C|G;Family=14590	-0.205563809964824	0.439105808248582	0.800637536989584	1
chr14:90043800;G|A;Family=13335	0.418169382210649	0.599848558574769	0.863474224225625	1
chr14:90533760;G|C;Family=14268	0.34740136190998	0.607368601208191	0.865785276229396	1
chr14:90538579;G|A;Family=14394	-0.0658530143800057	0.944592710050205	0.985273974306327	1
chr14:92045541;A|C;Family=12892	-2.70292966438975	0.00131080521794418	0.0301887287617328	1
chr14:92047191;C|T;Family=14135	-0.834271856243	0.0698023978715131	0.388041475412685	1
chr14:92053999;A|G;Family=11164	-0.294818933305737	0.772697574730688	0.936013777198775	1
chr14:92054370;G|C;Family=12099	0.719386860946962	0.169662508088822	0.568165080611451	1
chr14:93227678;G|C;Family=14006	-0.913517749969769	0.177548894761622	0.581097254520601	1
chr14:93720913;C|A;Family=14227	-0.0203062537635019	0.957657067395158	0.988260803233648	1
chr14:94039397;GACAA|G;Family=14096	0.520134527049504	0.345678042606193	0.737910392916758	1
chr14:94569714;G|A;Family=11310	0.426905599841278	0.0129089641062741	0.154332010366092	1
chr14:95185595;A|G;Family=11201	-0.996458182204318	0.103066925515296	0.462814878450265	1
chr14:96243117;G|GA;Family=14404	0.803037165653905	0.0668381090259314	0.381293555789881	1
chr14:96385707;G|A;Family=11526	0.524229570808503	0.327666277973503	0.724027227824696	1
chr14:99501572;T|C;Family=14618	0.327075103106951	0.62484863240863	0.871352810572807	1
chr14:99508667;G|C;Family=14525	0.215538460119641	0.719211572367049	0.912721398899751	1
chr14:99940981;T|G;Family=11575	2.01306989307406	0.00182770977235099	0.0374930190459323	1
chr15:100567287;C|T;Family=14290	0.677614626074404	0.0532816628587807	0.337990663363893	1
chr15:100915213;C|G;Family=14525	0.884158769359709	0.0862578814683897	0.427850220658958	1
chr15:101027693;G|A;Family=12036	-0.468242092555125	0.666236680013493	0.886781769508532	1
chr15:101029230;C|T;Family=13822	-0.711249524212546	0.0845727821440231	0.42501502566086	1
chr15:101068817;G|A;Family=12550	-0.00724254386131169	0.974500829521173	0.991442929259117	1
chr15:101069279;G|T;Family=14260	-0.193992760791834	0.660348734600752	0.884844900263772	1
chr15:101177327;C|T;Family=14043	-0.662391422922767	0.173602722070096	0.574056034883735	1
chr15:101270931;G|C;Family=12796	-0.548267594383877	0.202752714457702	0.610371844486136	1
chr15:101271238;C|T;Family=14047	0.088270261763283	0.807040613622738	0.943221763906086	1
chr15:101346652;G|A;Family=13532	-1.00412778574457	0.104770664502439	0.467668340716	1
chr15:22827571;A|G;Family=13624	0.508869325928603	0.0720142862318138	0.393510379205573	1
chr15:23441288;T|A;Family=14697	-0.733719051596711	0.437486591591273	0.800637536989584	1
chr15:23567590;T|G;Family=12925	0.305328730178818	0.156246802510029	0.551787861357147	1
chr15:24982024;C|T;Family=14272	0.506179720533971	0.0965791834371918	0.448618747113947	1
chr15:25334715;T|C;Family=12162	-0.760512806918832	0.265391554906511	0.678721578826949	1
chr15:25677943;G|A;Family=14245	0.474612018928102	0.569416821256681	0.850356322979689	1
chr15:25679685;C|T;Family=12132	-1.20141696463444	0.233853978409411	0.648176422426847	1
chr15:25680190;T|C;Family=14465	0.695345459770295	0.128103493207712	0.503560747122254	1
chr15:26583387;C|T;Family=12573	1.73092285528096	0.10691490346782	0.470564576856639	1
chr15:27535641;C|CA;Family=13634	-0.390614373660689	0.346554236322188	0.737910392916758	1
chr15:28260857;G|A;Family=14243	-0.555378018778637	0.590211081470327	0.859779743826003	1
chr15:28269371;A|C;Family=11469	0.499829790206389	0.181317965989987	0.585268825732081	1
chr15:29121091;G|A;Family=12246	-0.0269849916582713	0.944196453949416	0.985273974306327	1
chr15:32638104;T|C;Family=14070	-1.06282579725961	0.0382944257558772	0.293982156007286	1
chr15:32768823;G|A;Family=13673	-0.207887011894325	0.647626745053156	0.878769390411124	1
chr15:32770748;C|A;Family=11380	-1.71449402298563	0.0199494649108182	0.200211542415764	1
chr15:34228531;C|G;Family=11484	-0.842661271823054	0.000381605345434689	0.0111968311002371	1
chr15:34904362;T|G;Family=13050	0.381853893933022	0.328635814249852	0.724027227824696	1
chr15:34980804;A|G;Family=14620	-1.00505594993077	0.145305396025137	0.532531934264884	1
chr15:40091406;A|G;Family=14446	-0.406277805754641	0.596887379270173	0.861320618095964	1
chr15:40272478;G|A;Family=11368	-0.645364100451187	0.26841996838451	0.681789283762931	1
chr15:40324948;T|G;Family=11014	0.172971267317888	0.554458935557589	0.843029098454106	1
chr15:40375689;C|G;Family=13585	0.263447301574132	0.679276095802007	0.889742660028169	1
chr15:40663005;G|T;Family=12716	-1.02425324791463	0.249806516521561	0.664145653698258	1
chr15:40736463;C|A;Family=11578	-0.413241063707549	0.0871808988624055	0.430160138154125	1
chr15:40765303;A|C;Family=11220	0.0930124994274769	0.67244813892892	0.888418887050675	1
chr15:40767256;C|T;Family=13544	-0.00986253976313723	0.987319538577605	0.995641054313883	1
chr15:40814773;C|T;Family=13948	0.519076678202534	0.458034191825091	0.809368808378051	1
chr15:41280038;A|G;Family=12656	-0.244725831920709	0.44998434475062	0.805819614172225	1
chr15:41898395;T|G;Family=11257	0.405296140501036	0.337741177152702	0.733162074714205	1
chr15:42239720;C|T;Family=14118	0.0679210060119848	0.937185105578091	0.984660757441968	1
chr15:42352520;C|T;Family=12510	-0.492209628722801	0.411489392503234	0.781548290266678	1
chr15:42355683;T|C;Family=12858	0.977141432952694	0.270753748600632	0.682154075333405	1
chr15:42567837;C|T;Family=13888	-1.33769122194798	0.00652148562085808	0.0999251306967397	1
chr15:42569418;C|T;Family=14385	-0.245766753720499	0.586790771802151	0.857386096371894	1
chr15:42718825;G|A;Family=11339	-1.37750487732022	0.133816368313201	0.51404101214252	1
chr15:42728672;CT|C;Family=12622	-0.672143135771119	0.27809556993704	0.688733766851005	1
chr15:45691267;A|G;Family=12826	3.79644526531123	3.64286362346227e-07	3.10802500965395e-05	0.00136753100424774
chr15:48460268;G|A;Family=11018	-0.170087655232424	0.225299077448249	0.63687706079874	1
chr15:48989689;A|G;Family=11364	0.427448859128782	0.250520212609065	0.664631009282283	1
chr15:49859538;T|C;Family=12759	-0.11270224529438	0.781945435045648	0.939034921036904	1
chr15:50499413;T|C;Family=11030	0.107231904360384	0.81435120061299	0.947133608107786	1
chr15:50501626;A|G;Family=12161	0.27329364477094	0.614063763945622	0.869079875222345	1
chr15:50561366;T|C;Family=13998	-0.0960917611684569	0.836231788594728	0.953497573530454	1
chr15:51208400;C|T;Family=11551	-0.566734085985155	0.214371924469546	0.626646434816936	1
chr15:52121290;C|T;Family=12108	-0.532880378019952	0.0304052607576877	0.257655415088848	1
chr15:52229152;C|T;Family=11329	0.278491509089315	0.433124689378485	0.795984390031093	1
chr15:52383145;G|C;Family=14068	-0.55507546842712	0.394248845553991	0.766429707512419	1
chr15:53514080;G|A;Family=14209	-0.325323662325379	0.571221958341239	0.851277186031366	1
chr15:55359693;G|A;Family=12563	1.06745369377525	0.278213931558932	0.688733766851005	1
chr15:55539177;C|T;Family=11079	-0.176983539879503	0.815226708820431	0.947133608107786	1
chr15:55613938;G|A;Family=12021	0.257980394699998	0.535406113526575	0.828830742341758	1
chr15:56088533;TTTTG|T;Family=11181	0.509366868518863	0.11128877552973	0.480599381229523	1
chr15:56093321;G|A;Family=13684	-0.128676335003484	0.566807333200234	0.850356322979689	1
chr15:56396701;G|C;Family=12906	0.0693234038006271	0.761702014640972	0.931713705755038	1
chr15:56397396;T|G;Family=12906	-0.595471293373752	0.4960761655699	0.816768759264525	1
chr15:56398111;T|A;Family=12906	0.253455336267988	0.540522611644039	0.832642971960065	1
chr15:56653398;A|C;Family=12572	0.882520237009613	0.00177202243139679	0.0367523326379202	1
chr15:57547895;A|G;Family=12648	0.60017427604501	0.308577706549077	0.704623303154036	1
chr15:58590855;AACC|A;Family=14608	0.126779732730329	0.882073719175128	0.967934738901909	1
chr15:59132694;T|C;Family=13169	0.382026503875575	0.637993195507636	0.875375166643153	1
chr15:59134897;T|G;Family=14109	-0.438841850910987	0.0768024266935967	0.405215605450307	1
chr15:59137358;A|G;Family=11246	0.715261944733004	0.382236517175459	0.760930217815533	1
chr15:60422471;T|A;Family=13916	0.120918282665708	0.810072998950903	0.944707685014505	1
chr15:60423023;T|C;Family=12246	2.00886876174776	0.0187955446629044	0.196541712157502	1
chr15:60451608;A|G;Family=12802	-0.736518580482112	0.00389322303348551	0.067840084741511	1
chr15:62069453;C|T;Family=14228	0.114718161983852	0.687532861514958	0.892152907752213	1
chr15:63322397;C|T;Family=11546	0.0445340449532059	0.921439067365833	0.978523977055541	1
chr15:63599874;T|G;Family=13258	-0.0798815999907965	0.833192018985383	0.952146983035351	1
chr15:63600869;A|G;Family=13082	0.0388183084544742	0.96610550979399	0.989577879060322	1
chr15:63601973;A|C;Family=14038	-0.15862984159677	0.534725403365797	0.828830742341758	1
chr15:64168554;G|T;Family=14004	0.39164490787827	0.421716641261555	0.791562135647939	1
chr15:64503001;T|C;Family=13026	0.179466218496579	0.771534565863818	0.935807896523316	1
chr15:64866999;C|T;Family=11998	-0.797759475744967	0.285259531754149	0.689769118615253	1
chr15:65577405;C|CG;Family=14244	0.574483983873059	0.0400721709438016	0.300195471726885	1
chr15:65577406;A|C;Family=14244	-0.676784708149194	0.000536074767541176	0.0147972402746292	1
chr15:65896118;C|G;Family=12161	-0.424265937159609	0.525549912299877	0.826814280667192	1
chr15:65906121;G|A;Family=12056	0.883923218971756	0.198973244510926	0.603773544344529	1
chr15:66337167;T|C;Family=12238	-0.179598469158378	0.662015563577249	0.885347466670065	1
chr15:66553131;C|T;Family=14675	0.765965310485898	0.236949585704482	0.650924488729891	1
chr15:66781212;G|A;Family=14671	-0.885769387561772	0.363533615659767	0.750662922544975	1
chr15:67373445;T|C;Family=14523	-0.427454835049534	0.487180920478464	0.813748174461458	1
chr15:67373521;GT|G;Family=12548	0.303421290336811	0.285357463588559	0.689769118615253	1
chr15:67501603;C|A;Family=12532	-0.890926387524027	0.187047682116297	0.590442227666465	1
chr15:67530050;T|C;Family=14596	-0.371276082698233	0.109472632884139	0.477305765211448	1
chr15:68292697;TA|T;Family=11195	0.0838684704391781	0.901167733304838	0.973081433889723	1
chr15:68292743;G|T;Family=14006	0.12043550720988	0.859196225011142	0.959261518223548	1
chr15:68779354;T|TG;Family=14207	0.638560012192394	0.511951948891354	0.82060957136556	1
chr15:69270974;G|A;Family=14464	0.188697102682335	0.759491170531974	0.930525409326707	1
chr15:70049346;C|T;Family=13977	-0.502854838870543	0.433569117031066	0.796290834312438	1
chr15:71959179;C|T;Family=11445	-0.394498255687507	0.348796535910296	0.739346242691842	1
chr15:72141795;AAGATT|A;Family=13776	0.74502556275665	0.00165100835935479	0.0348195807922353	1
chr15:72208624;C|T;Family=12795	0.847385071518598	0.229168008351569	0.641533708688883	1
chr15:72593154;T|A;Family=13763	-0.0103465591378236	0.967434953689767	0.989577879060322	1
chr15:72756402;A|C;Family=14428	-0.0910178861949117	0.692249679608662	0.895487697191909	1
chr15:72774997;T|C;Family=12704	0.0198357849407779	0.982066018477517	0.993885541716681	1
chr15:73739396;G|A;Family=13166	0.77829294643426	0.223117257462988	0.635494828919618	1
chr15:73946452;T|A;Family=14240	-0.502448671865131	0.308355196185801	0.704543765356968	1
chr15:73981283;G|A;Family=14342	-0.256900484732174	0.709425148221287	0.907078340062231	1
chr15:73981895;G|A;Family=14458	-0.423924529841607	0.557893355692328	0.846116396698126	1
chr15:74630849;G|C;Family=11731	-0.0357746906302528	0.971138345536885	0.991255500378442	1
chr15:74803022;T|C;Family=12492	0.16638611684826	0.197845880076084	0.602362882243	1
chr15:74845146;GA|G;Family=14257	0.390800780755965	0.530860905323696	0.826897190900013	1
chr15:74901292;G|A;Family=14290	0.524597536519941	0.510898593353924	0.820393445871867	1
chr15:75355796;C|T;Family=13122	-0.748815071666987	0.231203711182645	0.644708082604945	1
chr15:75370263;G|A;Family=11504	0.563650209906309	0.346551634572942	0.737910392916758	1
chr15:75463370;A|G;Family=14482	-0.221691873624202	0.58909119513203	0.859148541773753	1
chr15:75661407;G|C;Family=14620	-1.33086905202506	0.153094590206293	0.544844828485638	1
chr15:76728599;C|T;Family=14558	-0.31769202192895	0.214908886639674	0.626943465451487	1
chr15:77007986;G|A;Family=12279	-0.755348003350381	0.27766908463163	0.688733766851005	1
chr15:77107216;T|C;Family=12618	0.379514674493094	0.366728997129025	0.753706180158999	1
chr15:78163484;A|G;Family=14436	0.157206950539708	0.621548249806309	0.871068824935597	1
chr15:78478334;C|T;Family=13364	0.528668781991224	0.164789299540295	0.563911151446403	1
chr15:78490631;A|G;Family=13557	1.16451643455006	0.160491360867859	0.557340026547587	1
chr15:78536282;C|G;Family=11303	0.903340812205344	0.189544736715451	0.595440118518664	1
chr15:78594137;CTTACT|C;Family=22349	1.08639149583358	0.000232690339071383	0.00753034080063768	0.873519532873971
chr15:78925354;A|G;Family=11963	-0.162837112124302	0.511223597284557	0.820393445871867	1
chr15:79295340;G|A;Family=11989	0.93011830387938	0.185258929674409	0.588980532802567	1
chr15:79845082;C|T;Family=22249	-0.572152041090126	0.241693648334252	0.657997605402982	1
chr15:81303649;C|T;Family=14369	0.488930501078855	0.0104191015211288	0.135810094133047	1
chr15:82043046;G|A;Family=14351	0.267542885686344	0.685318182838686	0.892152907752213	1
chr15:82687129;TGAA|T;Family=13394	-0.121244313192153	0.850478950998771	0.956418902783917	1
chr15:82842933;T|C;Family=13673	-0.109765662138219	0.874313530559263	0.964210632702548	1
chr15:83017414;C|T;Family=12588	1.21832524380497	0.169440441746751	0.568165080611451	1
chr15:83138377;T|C;Family=13881	0.164095032708999	0.809071760444497	0.94412663621655	1
chr15:83138723;C|T;Family=13191	0.542670969018678	0.284948536905418	0.689769118615253	1
chr15:83139026;G|C;Family=11235	0.167950499951583	0.71943063914341	0.912721398899751	1
chr15:84802623;C|T;Family=11729	0.0106753692316261	0.918889394413299	0.977940401548745	1
chr15:84804014;A|G;Family=13466	0.212424906423017	0.672882806291787	0.888498788188312	1
chr15:84806138;A|G;Family=11203	-0.0604447264634985	0.862441546643469	0.959770074203215	1
chr15:86909044;C|A;Family=13724	1.15688620381267	0.185291957709066	0.588980532802567	1
chr15:86910332;A|T;Family=14254	-0.0779247425289406	0.926627119040263	0.979842827655335	1
chr15:87861035;T|G;Family=14410	-0.533311031593511	0.396659796546806	0.768001473496224	1
chr15:87874420;G|A;Family=11458	-0.44789777356752	0.629571520397581	0.871785867787724	1
chr15:88480591;A|T;Family=14635	-0.82737472543524	0.177792831185752	0.581388752849576	1
chr15:89195431;G|A;Family=14575	0.432307453820498	0.10849573870875	0.474749307254944	1
chr15:89202100;G|A;Family=14536	0.755744059597658	0.102473741789372	0.461531365364056	1
chr15:89326709;ACTCCTC|A;Family=14565	2.05952969231465	0.00935181933851071	0.127257446121505	1
chr15:89681678;C|T;Family=13484	-1.04557975915915	0.022606621098612	0.215394049756826	1
chr15:89682026;G|C;Family=11411	0.236199081309506	0.429747991525347	0.795984390031093	1
chr15:89833427;A|T;Family=11456	-0.836998365019922	0.0725996273293049	0.395053217246343	1
chr15:89834264;A|T;Family=13666	-0.514652895953774	0.396684831408945	0.768001473496224	1
chr15:90273069;G|T;Family=14633	0.624778379798304	0.0202037675811197	0.200211542415764	1
chr15:90365138;GA|G;Family=13589	0.015384492082847	0.959245084693394	0.988260803233648	1
chr15:90500172;T|G;Family=11047	-0.558394462509619	0.543128339108972	0.835958911445298	1
chr15:90883330;G|A;Family=Hou-etal:rs4702	-0.253581006191141	0.5061217674315	0.819222889348239	1
chr15:91300272;G|A;Family=14344	-0.00112359132852408	0.999029597845579	0.999295792782388	1
chr15:92618243;G|A;Family=11089	1.0186021670897	0.0149840049925091	0.169939440307792	1
chr15:92901779;A|C;Family=12687	0.0377643535052046	0.957795587640389	0.988260803233648	1
chr15:92901780;T|A;Family=12687	-0.701296298409423	0.134422858067024	0.514396951257501	1
chr15:93045173;G|A;Family=11627	-1.48019065323333	0.0116233939667034	0.145933849334463	1
chr15:93045216;C|T;Family=13333	0.650415115728147	0.162525567891289	0.559744020058623	1
chr15:94481478;G|C;Family=13732	1.23719785267389	0.0470017417464261	0.320226022715215	1
chr15:94481988;A|G;Family=12483	-0.168892386121913	0.776416015429733	0.936235683724942	1
chr15:96338680;G|GT;Family=12493	-0.0818007453114579	0.815433090411392	0.947133608107786	1
chr15:98961301;G|A;Family=13914	-0.283710835181501	0.419457412830351	0.790681607442349	1
chr15:98961330;T|C;Family=14452	-0.355673683577566	0.485166974997614	0.813748174461458	1
chr15:99713046;T|C;Family=11045	1.00751835021557	0.0709060226266535	0.390295027771931	1
chr15:99713601;C|T;Family=12372	-0.0700763214123643	0.913359212961902	0.976878136862429	1
chr15:99713868;T|C;Family=13628	-0.900272463734793	0.424364413563404	0.793403318252843	1
chr15:99715933;A|G;Family=13251	0.0726705498759684	0.841980835545673	0.955211863595786	1
chr16:10532068;C|T;Family=13234	0.277416512631522	0.186015648635583	0.589638330051031	1
chr16:10940794;C|T;Family=13850	0.355775573362139	0.268949383927537	0.682154075333405	1
chr16:11372558;G|C;Family=14393	0.18178518807524	0.547417840200734	0.83843597393454	1
chr16:11549237;CA|C;Family=11417	0.318484411302748	0.102354850448631	0.461531365364056	1
chr16:11871306;C|T;Family=13015	-0.31945968526259	0.461818856565207	0.809368808378051	1
chr16:1213915;A|G;Family=14061	-0.278995091858608	0.359982543268105	0.749531747012825	1
chr16:12569002;G|T;Family=14493	-0.430253213991548	0.0018673511827585	0.0378111775123359	1
chr16:12569318;T|TGC;Family=12285	0.763652835794287	0.0365549789023442	0.287086591630544	1
chr16:12569804;A|G;Family=14265	0.760295069977231	0.26285288792958	0.676775251671507	1
chr16:12573936;CTT|C;Family=11839	0.710575074144484	0.000384760578564353	0.0111968311002371	1
chr16:1321063;C|T;Family=14016	-0.331993317105955	0.488428611925585	0.813748174461458	1
chr16:1321177;C|T;Family=11685	-0.135058863957208	0.664549418983348	0.886223274907101	1
chr16:13237326;G|A;Family=14058	-0.931974530916923	1.40380290811046e-05	0.000786548674186068	0.0526987611704666
chr16:1324951;G|A;Family=14321	-0.934133728875373	3.4504739227734e-09	7.25794677741695e-07	1.29530791060913e-05
chr16:13948562;T|C;Family=12821	-0.184547536530435	0.658698121228374	0.884209595127876	1
chr16:13949970;A|AT;Family=11479	-0.980242038853963	0.136617901929285	0.516478956538303	1
chr16:189971;T|C;Family=14122	1.52486060294504	0.0108738936984214	0.138798241066329	1
chr16:19267192;C|T;Family=14257	-1.26933947493999	0.0973445379679905	0.448618747113947	1
chr16:1938368;C|T;Family=13263	0.650316490286943	0.260147028755723	0.674441951622227	1
chr16:1984949;A|T;Family=12864	-0.176240612818628	0.581890059771568	0.854622568224752	1
chr16:19856813;C|A;Family=11298	1.61462536335787	0.0157545852129524	0.176579296908847	1
chr16:1993957;C|T;Family=12014	0.166996955336165	0.374316696017518	0.756921571080755	1
chr16:20032346;T|C;Family=12325	-3.80466898365218	8.99870016058842e-06	0.000544856780691112	0.0337811204028489
chr16:2081694;C|T;Family=14601	1.80136252384981	0.0388826376727174	0.297426262300869	1
chr16:2086268;C|T;Family=12621	-0.924371884694771	0.264542381140712	0.678721578826949	1
chr16:21179846;G|A;Family=14379	-0.201904900686659	0.771314907456127	0.935807896523316	1
chr16:21251033;C|T;Family=12631	0.266989062169312	0.59199033452312	0.860505000287519	1
chr16:23063202;T|C;Family=13364	0.621367323451357	0.338409869166214	0.733162074714205	1
chr16:23464668;G|A;Family=14519	-0.576070995509028	0.257243332293848	0.670619075993823	1
chr16:23667172;T|C;Family=12647	-0.478631020197396	0.0877718038164762	0.431276638124413	1
chr16:24215158;A|G;Family=13136	-0.0144110688493758	0.975311211910803	0.991584040657721	1
chr16:25239158;G|T;Family=11352	-0.354627231003309	0.663000699291723	0.885643141530561	1
chr16:2707660;C|A;Family=14036	-0.414338835755778	0.348695622981703	0.739346242691842	1
chr16:2707663;G|A;Family=14036	0.390649660353387	0.509414496511553	0.82004374781491	1
chr16:27449743;C|T;Family=14061	0.786789986480824	0.117643294493869	0.491364054220678	1
chr16:27788100;C|A;Family=11993	-0.172496348606713	0.226695318442357	0.6388995686431	1
chr16:28484111;A|G;Family=13368	1.58077307327455	0.0544726066715194	0.341452619479017	1
chr16:28873529;G|A;Family=13076	0.0970977910921042	0.917893772008761	0.977524317764792	1
chr16:29743897;C|T;Family=11301	-0.25783907676737	0.457411077277234	0.809339260781398	1
chr16:29992683;G|C;Family=11003	0.249645812768893	0.40804336065309	0.778746708638384	1
chr16:30095091;C|T;Family=11055	0.230854147584602	0.297613713413386	0.697015266963841	1
chr16:30532838;G|A;Family=22030	-0.288740208434235	0.642987513735173	0.877344941480088	1
chr16:30780397;T|G;Family=12829	0.647957972970835	0.119518108145841	0.491435169649961	1
chr16:30990077;T|A;Family=11540	0.218378458726173	0.705188703145022	0.905052441574842	1
chr16:31193345;A|G;Family=14416	0.550354728184181	0.185260105142941	0.588980532802567	1
chr16:31332096;C|T;Family=11484	0.663827886732567	0.116287025441191	0.490496060119362	1
chr16:3140739;C|G;Family=12536	0.0416353802336003	0.936877266600938	0.984660757441968	1
chr16:3535329;G|T;Family=14149	-0.51142195461232	0.152040883614847	0.544619730047841	1
chr16:3656675;G|A;Family=13424	0.561229714240198	0.496102207464743	0.816768759264525	1
chr16:3704332;A|T;Family=12073	-0.614923241135412	0.0078454330311724	0.112599323917186	1
chr16:4190888;C|T;Family=11235	0.373677177457891	0.42481104680027	0.793403318252843	1
chr16:46657240;T|A;Family=12719	-0.0581083663803554	0.795810904360029	0.943221763906086	1
chr16:4690849;G|A;Family=14653	0.449751963450937	0.685950769687139	0.892152907752213	1
chr16:46929467;AG|A;Family=12779	0.49978497400402	0.0513260907414876	0.332777451888678	1
chr16:48352917;C|G;Family=12788	0.659068344228559	0.00117459926192871	0.0277323624483043	1
chr16:48538924;C|T;Family=14617	0.217859689675928	0.659545805919236	0.884844900263772	1
chr16:49279058;G|T;Family=13283	-0.140431538133031	0.8175027364683	0.948846040010131	1
chr16:49490000;C|T;Family=14598	-0.038334865944641	0.883206234255572	0.968606779265268	1
chr16:50707935;A|G;Family=13504	0.0673928343647034	0.664431497654244	0.886223274907101	1
chr16:53491584;A|AAGAT;Family=14637	0.15527069668296	0.804668328970671	0.943221763906086	1
chr16:53934071;C|T;Family=13882	0.0275252884958136	0.907807614937109	0.975919182839034	1
chr16:54115899;A|G;Family=14641	0.0103644881188844	0.971335139870577	0.991255500378442	1
chr16:54118659;A|G;Family=11587	-0.0674548071939997	0.837276182965357	0.953497573530454	1
chr16:56847265;ATC|A;Family=13856	-0.945175579626377	0.0345766812888269	0.279141637759691	1
chr16:56944000;G|A;Family=12020	-0.189932192180524	0.288194905085003	0.6921840522643	1
chr16:57082663;G|A;Family=14247	-0.597254821993143	0.459512764993037	0.809368808378051	1
chr16:57148331;G|GTACA;Family=11056	0.0951152223722016	0.91723696672019	0.97737938491842	1
chr16:57167173;C|A;Family=14042	-0.207945610811302	0.80753368987218	0.943221763906086	1
chr16:57252813;A|G;Family=12975	-0.362933309863347	0.708541192153185	0.906874747815566	1
chr16:57252942;G|GA;Family=14423	-0.0990571273975335	0.822989648572976	0.950328024958306	1
chr16:57883767;A|G;Family=13129	0.101670545496684	0.774979821402684	0.936235683724942	1
chr16:583935;G|A;Family=14161	-0.24856710289819	0.690616592303305	0.894917047810357	1
chr16:58512675;T|C;Family=12318	0.126193254672147	0.819420113069564	0.949121599649226	1
chr16:58520791;C|T;Family=13143	-0.318915333407393	0.171897927356159	0.571066211765504	1
chr16:59123;A|G;Family=13681	-0.0593489534062581	0.842853796370627	0.955470181837462	1
chr16:61653156;G|T;Family=12469	-0.572331963584102	0.411814308508516	0.781548290266678	1
chr16:62660;C|T;Family=14680	-1.13879555751879	0.266970919512478	0.67992458063083	1
chr16:66400812;C|T;Family=12086	0.186040042321231	0.791361195641738	0.941350196657506	1
chr16:66404214;G|A;Family=14152	0.513775213985366	0.0187725158706268	0.196541712157502	1
chr16:66612716;C|T;Family=12662	-0.628754309186455	0.508579585051505	0.82004374781491	1
chr16:66616749;C|T;Family=11775	0.55523369891861	0.411576716089352	0.781548290266678	1
chr16:66854047;G|C;Family=13259	0.742733884159019	0.148166822176088	0.536890203136135	1
chr16:66911921;C|T;Family=13351	0.554168098578873	0.103429236511416	0.46388692217904	1
chr16:66942147;A|G;Family=13938	-0.690916912491416	0.285832161432574	0.689769118615253	1
chr16:67198680;C|G;Family=11276	0.305656207216714	0.575705740602779	0.853217272097447	1
chr16:67270740;A|G;Family=14244	0.677904669585788	0.274973094695505	0.686792413497622	1
chr16:67647175;G|A;Family=11150	-0.572833073817258	0.207649046974386	0.618171706853169	1
chr16:67683136;C|G;Family=14645	-1.19856725084263	0.0408049248588752	0.301538755748459	1
chr16:67724986;C|G;Family=14645	-0.0188378057179483	0.951787162253454	0.988260803233648	1
chr16:67725007;C|G;Family=14645	0.614667294532113	0.304316984719352	0.702491050616117	1
chr16:67843938;T|C;Family=13808	0.137887378429979	0.916358687370234	0.977196622543038	1
chr16:67951940;A|G;Family=14151	-0.755930577516261	0.169066949574736	0.568165080611451	1
chr16:68300417;G|GTTGA;Family=13929	-0.17212204943966	0.809527683365341	0.944365109805311	1
chr16:68687595;C|G;Family=14402	-0.874489962253473	0.300471268517933	0.699737934729802	1
chr16:69340788;T|C;Family=13143	-0.179321386730225	0.432691625403378	0.795984390031093	1
chr16:69356055;A|C;Family=14454	1.0277934771822	0.109020404658401	0.476440743990264	1
chr16:70483943;C|T;Family=14265	1.12680088492618	0.0452198310684119	0.31378049136935	1
chr16:70572436;C|T;Family=11753	0.693228804790491	3.28665109420372e-07	2.93764004943827e-05	0.00123380882076407
chr16:70573035;A|T;Family=14597	0.926980284990873	0.121576374725117	0.492990875296253	1
chr16:70662896;C|T;Family=14417	0.365189526107209	0.594725318904107	0.861317357231886	1
chr16:70687915;C|T;Family=11168	3.8702699788802	0.000142762888499951	0.00505596116442278	0.535931883428815
chr16:70785746;C|A;Family=11003	0.139688549502262	0.483491945269789	0.813748174461458	1
chr16:71282674;A|T;Family=11256	-0.613562056743001	0.307501859999826	0.704308714117966	1
chr16:71456106;G|A;Family=12518	0.648627817385206	0.281133358674806	0.689624430634953	1
chr16:71641521;GA|G;Family=14192	0.69919477618236	0.365871472031187	0.75300521162559	1
chr16:71645018;G|A;Family=11178	-0.046189592288565	0.952169439121764	0.988260803233648	1
chr16:71765565;C|T;Family=11207	0.13064531917738	0.692200884825482	0.895487697191909	1
chr16:718549;C|T;Family=11397	-0.306487647515118	0.683062316797341	0.890971486190833	1
chr16:71855434;G|A;Family=11307	-0.0175950071768883	0.967167374059207	0.989577879060322	1
chr16:72027420;C|T;Family=11368	0.0433718853386518	0.927379213281674	0.979842827655335	1
chr16:72086073;A|C;Family=13391	0.387798155608059	0.115872332632347	0.490027045135748	1
chr16:729185;T|G;Family=14467	0.41276629833432	0.277553815593865	0.688733766851005	1
chr16:74448548;G|A;Family=14679	-0.552744625960282	0.455087625141879	0.809339260781398	1
chr16:74622513;T|C;Family=11707	-0.274328690961567	0.533442210344859	0.827838800179662	1
chr16:74672149;T|G;Family=11883	-0.308360460970195	0.655632491319773	0.882482743784306	1
chr16:75108224;G|GT;Family=14633	0.578337079276029	0.110486545610274	0.480599381229523	1
chr16:75114636;C|T;Family=12664	0.568457983612539	0.589921710753917	0.859691809848681	1
chr16:75234913;C|T;Family=12154	-0.0571642832817035	0.89684426380431	0.972207151695461	1
chr16:75235814;T|G;Family=14219	-1.47384097875986	0.0692345874280386	0.388041475412685	1
chr16:75538088;C|A;Family=14480	1.38250507994113	0.196908211322605	0.601290637991685	1
chr16:75568310;G|C;Family=13773	0.24024515492616	0.789157340469432	0.940560568471891	1
chr16:77741983;G|C;Family=12739	0.384735816749028	0.457393550099746	0.809339260781398	1
chr16:785736;G|C;Family=14131	-0.303090562506836	0.676904719745726	0.88902201371488	1
chr16:80599464;G|A;Family=12738	0.42806438269747	0.346938176225973	0.737910392916758	1
chr16:80604158;G|A;Family=14321	0.651993683088185	0.00425591930787951	0.0736254427731783	1
chr16:80604272;C|T;Family=12154	-0.231979920837718	0.476038781394933	0.809718887791835	1
chr16:80968023;GAA|G;Family=14363	0.233267892069428	0.569739674683361	0.850418584000531	1
chr16:81022785;C|T;Family=12180	-0.172340508073488	0.52666808472451	0.826814280667192	1
chr16:81171803;A|G;Family=12937	0.00172514598257595	0.998029878573104	0.999011434477853	1
chr16:81173810;G|A;Family=14666	-0.657821307016553	3.39840219967836e-05	0.00161488631108767	0.127576018575926
chr16:81174389;G|A;Family=12180	0.87143855143435	0.128722640643676	0.504926464919447	1
chr16:81267919;C|A;Family=12083	-0.845642506832284	0.0664231571152715	0.380260844220201	1
chr16:81388913;C|G;Family=11417	-1.47088104468194	0.201719775070044	0.608237779608791	1
chr16:81959671;G|A;Family=22280	-0.589429773357508	0.0716301582738747	0.392554181255658	1
chr16:81991522;G|A;Family=14521	0.335305857661197	0.44763682463234	0.805819614172225	1
chr16:83344870;G|A;Family=11492	-0.0508817056232058	0.911559143213371	0.975941612252179	1
chr16:83670854;A|G;Family=11642	-0.287321563998598	0.721500736836981	0.913379159834388	1
chr16:84054426;C|G;Family=11121	-0.462576627861856	0.627916373865406	0.871785867787724	1
chr16:84122855;T|C;Family=14363	-0.927215339260672	0.0976700604223602	0.448618747113947	1
chr16:84159689;G|C;Family=12057	-0.00249269114002816	0.99332575945945	0.99799983500601	1
chr16:84329819;A|C;Family=13874	0.139595891516576	0.853084599083512	0.956820909757843	1
chr16:84779105;G|A;Family=14402	-0.0370360507444376	0.952412387944694	0.988260803233648	1
chr16:84907429;G|A;Family=13631	-0.135999636280624	0.794913931825281	0.942547978544569	1
chr16:8648242;C|T;Family=13947	0.213945956732146	0.669589374930901	0.886957838211221	1
chr16:87330135;C|G;Family=11561	0.333608925994885	0.158161144877694	0.554712187495576	1
chr16:87409016;G|A;Family=11417	-0.528993359479981	0.350341449527237	0.740530293651604	1
chr16:87831950;G|A;Family=11078	-0.678709710603189	0.290377851202898	0.692882002389742	1
chr16:88863449;C|T;Family=13714	-0.275069349459423	0.628439681024445	0.871785867787724	1
chr16:8898628;C|A;Family=14675	-0.227785418356422	0.352394367654223	0.743613522301265	1
chr16:8902160;G|C;Family=13855	-0.134446029559864	0.848729529684624	0.956418902783917	1
chr16:89145960;G|A;Family=11404	-1.94100687278856	0.0982710048506112	0.449889453913652	1
chr16:8915256;T|C;Family=12211	0.179507255041527	0.438286969199118	0.800637536989584	1
chr16:89280322;C|A;Family=13875	0.0865104339835895	0.913976455389823	0.97695547082386	1
chr16:89284363;CTTTG|C;Family=12507	0.0233161371625493	0.984560223534117	0.994628385131075	1
chr16:89285006;G|A;Family=13038	-1.21686049769886	0.161882633357964	0.559483151497912	1
chr16:89529318;A|T;Family=11809	-0.755991460251467	0.341723506667119	0.735020940277764	1
chr16:89537204;G|A;Family=13882	0.106144918718567	0.783453853807165	0.939210455990006	1
chr16:89935278;G|A;Family=13371	-1.92700073133422	0.0424197437317336	0.306237919171015	1
chr16:90062141;G|A;Family=11726	1.79009068248247	0.0163420920824269	0.179906784977802	1
chr16:9753839;G|T;Family=14468	0.287955366927593	0.568693839514771	0.850356322979689	1
chr17:1002576;A|C;Family=11172	-0.743210905014204	0.00377308301046027	0.0668120453833389	1
chr17:10711013;A|G;Family=11027	0.106001942478396	0.841093953030584	0.95478279397545	1
chr17:10824130;G|C;Family=13539	0.203081825944524	0.237633305039192	0.652101920407257	1
chr17:11561421;T|A;Family=11305	-1.31116000142299	0.00039517445224466	0.0113243121658508	1
chr17:12766872;A|G;Family=13456	0.685824717588183	0.100396667706144	0.457389673020468	1
chr17:12984718;A|G;Family=11216	-0.493404747297949	0.109613575355317	0.477365849053202	1
chr17:1495860;C|T;Family=13565	0.0764160374422957	0.903113237915036	0.973970932216617	1
chr17:15976942;GCT|G;Family=13006	0.630424062257256	0.593998191632318	0.861040150547393	1
chr17:16443567;G|T;Family=13998	0.159263230001634	0.704608890721584	0.904637643374426	1
chr17:1705283;C|T;Family=14119	-0.493258477547049	0.66224179179796	0.885347466670065	1
chr17:17186364;G|A;Family=11345	-1.07512210391598	0.0247335082403711	0.227572524348904	1
chr17:17202707;G|A;Family=11013	0.389019332035032	0.0938509242941668	0.441499210276068	1
chr17:17213402;T|C;Family=12923	-0.564362081339901	0.380119922525987	0.760930217815533	1
chr17:17246958;A|G;Family=13578	0.669381993913244	0.022403861910108	0.214551269414657	1
chr17:17347119;G|C;Family=13991	0.586520134540357	0.0803736213217308	0.414544656979455	1
chr17:17347268;C|T;Family=13147	-0.294108582033782	0.468866912128705	0.809718887791835	1
chr17:17810691;C|T;Family=14023	-0.095983783382293	0.728063381899111	0.916355146252602	1
chr17:17844299;C|T;Family=12787	-0.0141954106546889	0.989194992485201	0.996142012363416	1
chr17:18209382;C|T;Family=11277	0.578736805910955	0.356682588183138	0.746369250858138	1
chr17:19675582;C|G;Family=12796	-0.0252678293204893	0.941484665095406	0.985273974306327	1
chr17:19675745;C|T;Family=11167	0.338414423597437	0.629551486759067	0.871785867787724	1
chr17:19774141;T|C;Family=11412	0.36680349984425	0.256540458681946	0.669251481509398	1
chr17:19904509;T|C;Family=13239	-0.289470589530492	0.512480412619818	0.820755746149657	1
chr17:2060730;G|A;Family=14418	-0.441015132647091	0.0925623573472573	0.438736468439747	1
chr17:21314581;G|A;Family=14524	-0.0421088907808696	0.927365496095415	0.979842827655335	1
chr17:21418873;T|G;Family=14414	-0.332608538408733	0.0972315752485735	0.448618747113947	1
chr17:21528779;A|G;Family=11963	-0.00603562759983563	0.980408791667848	0.993470497601597	1
chr17:2384552;A|T;Family=11266	-0.799455421064958	0.0598215874433534	0.358166250817143	1
chr17:2385999;G|A;Family=12647	-0.326029506178118	0.626574934785064	0.871785867787724	1
chr17:2685270;C|T;Family=11872	-0.527115284987078	0.567309751745815	0.850356322979689	1
chr17:2689537;C|A;Family=11396	-0.282389886565509	0.541848183180977	0.834330631526409	1
chr17:27307982;C|T;Family=14662	0.158989215775087	0.498158604744587	0.817794113883691	1
chr17:28328570;G|A;Family=11203	-0.818985939494985	0.04161320121069	0.30392209600181	1
chr17:28396592;G|T;Family=22196	-0.164352075968156	0.687039640506312	0.892152907752213	1
chr17:28493652;G|T;Family=14242	-0.194485984541158	0.746352497634965	0.923906077887905	1
chr17:28592000;G|T;Family=12662	-0.155578086442448	0.387893389758342	0.76358247779382	1
chr17:28907331;C|T;Family=13289	-0.714675041899834	0.254836578502002	0.668116847678705	1
chr17:28912324;T|A;Family=14692	-0.549987824743734	0.427820733588915	0.7951511754796	1
chr17:29561734;C|G;Family=14668	0.828946219663554	0.486839363233385	0.813748174461458	1
chr17:29613847;T|TC;Family=11458	0.0551110542565591	0.926380493494335	0.979842827655335	1
chr17:30316398;C|A;Family=11568	-0.382342467426662	0.566132720252673	0.850356322979689	1
chr17:30469801;G|C;Family=13211	0.193712521275297	0.449606663782424	0.805819614172225	1
chr17:30522508;T|G;Family=12784	0.974537190636084	0.268429558178373	0.681789283762931	1
chr17:30522509;G|A;Family=12784	-0.804822659389594	0.416793645325608	0.786648237582871	1
chr17:30784103;C|CT;Family=14319	-0.0584473755705341	0.872223856573146	0.963230581851112	1
chr17:31357330;C|T;Family=12061	0.17838464827043	0.450365376607309	0.805819614172225	1
chr17:31861451;C|CA;Family=13507	0.296032221961654	0.355683589740846	0.74635896919348	1
chr17:31862034;G|A;Family=13001	1.89847706458095	0.00486140371434362	0.081109820193982	1
chr17:32324631;T|C;Family=12331	0.386706805595571	0.429504602319059	0.795984390031093	1
chr17:32942652;G|C;Family=13706	-1.05399288099181	0.144375542749443	0.531617310847794	1
chr17:32944107;A|G;Family=11678	0.797381828722739	0.23547193718959	0.649971803095382	1
chr17:33013379;T|TG;Family=11156	-2.15654419680622	0.000383532286789139	0.0111968311002371	1
chr17:34272198;T|A;Family=13981	0.98027214657438	0.0652009898262054	0.375517226136331	1
chr17:35188649;T|A;Family=22004	0.0910840599278404	0.523911684672556	0.826814280667192	1
chr17:3610294;C|T;Family=11346	-0.162536365306115	0.722927827376102	0.913379159834388	1
chr17:36504501;C|G;Family=12368	-0.103658220248744	0.581759214630167	0.854622568224752	1
chr17:36510788;C|T;Family=11714	-0.346712445347138	0.473150991972516	0.809718887791835	1
chr17:36547463;C|T;Family=13302	-0.326057234263434	0.729170068104595	0.916797018821187	1
chr17:36608546;G|C;Family=14359	-9.28766341685765	4.66185115549496e-24	5.83352974590936e-21	1.75005892377281e-20
chr17:36943831;A|T;Family=13894	-0.418494433849134	0.469767366942573	0.809718887791835	1
chr17:37087183;C|T;Family=12512	2.25716695349466	0.0132917280618634	0.156909267749167	1
chr17:37516990;C|T;Family=13881	-0.29017025350307	0.445292967727285	0.804398444036672	1
chr17:37610970;G|A;Family=14691	0.26976098118767	0.487204855683815	0.813748174461458	1
chr17:37687135;C|G;Family=12189	0.812476425182471	0.406754741021183	0.777077505238433	1
chr17:3812829;G|A;Family=13593	0.11447922306208	0.821882219808926	0.949965810054029	1
chr17:38403853;C|T;Family=14017	-0.168460999161516	0.485111459403556	0.813748174461458	1
chr17:38920410;G|C;Family=11115	-0.273143059511463	0.353413362429931	0.743673633723071	1
chr17:3897556;C|T;Family=12029	-0.43595743545007	0.0848648198764489	0.425343836870746	1
chr17:39065232;G|A;Family=13802	-0.13123328627365	0.777619302571755	0.936235683724942	1
chr17:39532426;C|CA;Family=14127	-0.361661994296475	0.583943330225904	0.8559637882343	1
chr17:40457313;C|T;Family=11456	-0.789962354594203	0.0105354363597041	0.136851308284876	1
chr17:40629233;C|T;Family=12378	-0.0342434126357965	0.909834794662832	0.975926125564735	1
chr17:40641579;T|TTG;Family=14632	-0.563077458736644	0.335172827082418	0.730260471774462	1
chr17:40643454;T|C;Family=11714	-0.310500385760985	0.608616423468421	0.866090240220035	1
chr17:40644141;CA|C;Family=11037	-0.919130342908482	0.213675357629038	0.626492640166019	1
chr17:41117259;GC|G;Family=13893	-0.0697427983305348	0.818676697813749	0.948846040010131	1
chr17:41723692;T|C;Family=14360	0.333168026976566	0.277338803805882	0.688733766851005	1
chr17:4174000;A|G;Family=14350	0.294458689208645	0.663170716793395	0.885643141530561	1
chr17:42125692;G|A;Family=13681	0.18806182917651	0.776903398480404	0.936235683724942	1
chr17:42544022;C|T;Family=12070	-0.867249761757963	0.151078583315776	0.542726317480789	1
chr17:42582715;T|C;Family=11118	0.977692652380066	0.266219321177347	0.679425902676144	1
chr17:42613932;G|A;Family=13992	-1.2200941896951	0.0892741090546351	0.432990963037597	1
chr17:43049164;C|G;Family=22105	0.193247534085204	0.583130690789773	0.855440646043301	1
chr17:43049165;C|A;Family=22105	-0.109314634180318	0.658145763707345	0.884209595127876	1
chr17:43076586;T|C;Family=13973	-0.322842970274597	0.171601801619115	0.571066211765504	1
chr17:44192213;ACT|A;Family=12796	-0.0307709056752381	0.892650884695076	0.971055544529607	1
chr17:442839;C|A;Family=13251	0.171812997041148	0.72815327684377	0.916355146252602	1
chr17:44399519;C|T;Family=12250	-0.443648976475023	0.553838059727204	0.842770793658269	1
chr17:44775654;G|A;Family=13956	0.0246984220839739	0.95325795587776	0.988260803233648	1
chr17:44781583;G|A;Family=14185	-0.818658805472458	0.348246504960543	0.739346242691842	1
chr17:44903598;T|C;Family=12223	-0.235838701575631	0.643168161681727	0.877344941480088	1
chr17:45024340;G|T;Family=13631	0.0262765440846118	0.920368523886978	0.977940401548745	1
chr17:45098660;C|T;Family=11349	0.24862723888079	0.0996163006667357	0.455492804753868	1
chr17:45150929;TAAAC|T;Family=14028	-0.836540896603356	0.329173141579228	0.724027227824696	1
chr17:46764427;G|C;Family=14351	0.0561589724444477	0.890861327611089	0.971055544529607	1
chr17:47120685;AG|A;Family=12786	0.0660297002316075	0.883964638710366	0.968715752417649	1
chr17:47311174;C|T;Family=11106	-0.476826518017771	0.0520575229443774	0.335242410047986	1
chr17:47441140;T|C;Family=13287	0.191747941256486	0.605079323957986	0.865785276229396	1
chr17:47828659;T|C;Family=14065	0.0139545106431108	0.979188976758223	0.993316876051165	1
chr17:47948532;C|A;Family=13872	0.111670887618524	0.806196234733238	0.943221763906086	1
chr17:48726725;G|A;Family=12184	0.378404014716858	0.510119614524246	0.820393445871867	1
chr17:4886482;T|C;Family=14522	-0.124084548858526	0.829290742298586	0.951076648623274	1
chr17:48933294;C|T;Family=13852	0.247445434841029	0.625649996327083	0.871785867787724	1
chr17:49173339;A|G;Family=11843	-0.00858814402619718	0.990199575020064	0.996645415960661	1
chr17:49711223;C|T;Family=11654	-0.151755996642151	0.615331101481402	0.869079875222345	1
chr17:49718010;C|G;Family=11359	0.0318765751578043	0.876113976629569	0.964213388527529	1
chr17:49830597;C|G;Family=14058	0.0655203742605553	0.931755994960641	0.981153437610728	1
chr17:50184292;C|T;Family=13195	-0.645919278009257	0.138871520988536	0.518730039592999	1
chr17:50550045;G|A;Family=13842	-0.0976247757203433	0.74356473392179	0.922537145142419	1
chr17:5444498;C|A;Family=11414	-0.0765389078309351	0.872804526845131	0.963230581851112	1
chr17:55162413;G|A;Family=14405	-0.272225335473101	0.662957905513598	0.885643141530561	1
chr17:55163759;C|T;Family=13111	0.741148572587946	0.158286694292328	0.554712187495576	1
chr17:55323951;CATT|C;Family=12605	0.272026568131586	0.695815208344865	0.89917049642913	1
chr17:56595478;T|C;Family=11924	0.740597859882435	0.164938777863589	0.563911151446403	1
chr17:57862980;G|T;Family=13748	-0.432202596563216	0.522930786378963	0.826814280667192	1
chr17:58599593;T|C;Family=11107	0.385658651774144	0.0799240218974161	0.414544656979455	1
chr17:59015731;C|T;Family=13784	-1.41003376388813	0.139806291936827	0.521184528233215	1
chr17:59119468;AT|A;Family=14247	-0.00327874935724143	0.990740157495703	0.996847641715055	1
chr17:59399446;A|G;Family=13398	0.223569678985218	0.750439828900148	0.92578084708878	1
chr17:59400046;T|C;Family=11986	-0.260490937777663	0.723825158562382	0.913379159834388	1
chr17:6121900;C|T;Family=14502	-0.0100567780993006	0.955319263918417	0.988260803233648	1
chr17:61484112;C|T;Family=14216	0.555824606757007	0.191347732393394	0.595653432249086	1
chr17:61944501;A|T;Family=11414	-0.475935855647483	0.135431352074123	0.516478956538303	1
chr17:61945064;A|T;Family=13010	-0.458606817688982	0.627461575867555	0.871785867787724	1
chr17:61945223;G|A;Family=14229	-0.986592514716529	0.00906495684394058	0.126036474045011	1
chr17:62692794;G|A;Family=13985	0.73843253789112	0.510127050745174	0.820393445871867	1
chr17:63697720;G|A;Family=12794	-0.400607844744097	0.492715670639592	0.814981725856862	1
chr17:63831128;C|T;Family=11768	-0.0530910546805237	0.953819109967633	0.988260803233648	1
chr17:63833991;G|A;Family=11678	-0.519149511280732	0.563945909518481	0.850011135636227	1
chr17:63928961;C|T;Family=12902	-0.906407225645142	0.127904285175061	0.503304702879642	1
chr17:6454236;C|T;Family=13154	-1.26437876163825	0.0299229648472033	0.255878838351711	1
chr17:64594082;T|C;Family=13139	0.357562450056298	0.663777155429802	0.886137781466386	1
chr17:6685348;G|A;Family=12891	1.00123667908078	0.011733262929969	0.146386810369315	1
chr17:6685661;C|T;Family=14472	-0.423027365724884	0.535395112047953	0.828830742341758	1
chr17:67032752;G|A;Family=12430	-0.012789418758158	0.986563415607766	0.995580393062245	1
chr17:67338372;T|A;Family=12766	0.288894812705416	0.289896923163931	0.692882002389742	1
chr17:67347395;G|A;Family=11365	0.151934522614133	0.859604621018651	0.959261518223548	1
chr17:6773804;G|T;Family=13951	0.421904182564752	0.6152732568555	0.869079875222345	1
chr17:6774202;G|T;Family=11359	-0.125027084826721	0.877133657690792	0.964769924105254	1
chr17:6787629;C|T;Family=11216	0.322837926774345	0.496718987054052	0.816768759264525	1
chr17:6798690;A|C;Family=12623	0.267105850887367	0.261228775126806	0.675591692700854	1
chr17:6812943;G|T;Family=12588	0.199491188523958	0.790107411885271	0.940711457093976	1
chr17:68267884;T|C;Family=13628	1.00945245104865	0.141562228445125	0.525614519519497	1
chr17:68531332;ATGTCC|A;Family=12798	1.20366779885104	1.84784671085268e-07	1.80491502286935e-05	0.000693681655254098
chr17:68531339;T|A;Family=12798	-0.168873677172038	0.442485066897033	0.801297125485511	1
chr17:68906046;G|A;Family=13882	-0.295892634977714	0.745508488229629	0.923338457543394	1
chr17:70178963;C|T;Family=13584	-0.919324782334033	0.044646545512729	0.312703861596328	1
chr17:72124442;G|A;Family=11954	-0.222483174141333	0.823469879071146	0.950328024958306	1
chr17:7221992;C|T;Family=14452	-0.249146087413384	0.658356468978093	0.884209595127876	1
chr17:73283762;C|A;Family=13383	-0.216926581642369	0.255141045098163	0.668116847678705	1
chr17:73334918;GC|G;Family=13531	0.301251109239946	0.520100985828686	0.825564101818556	1
chr17:73337763;C|T;Family=14609	2.60019033333499	2.17385487825511e-07	2.04016280324242e-05	0.000816065121296967
chr17:7357133;C|A;Family=14236	0.418649100817935	0.123917448262561	0.496639976928662	1
chr17:742897;C|CT;Family=11258	-0.300289627712358	0.386875060019889	0.76237741486334	1
chr17:7444181;A|T;Family=14658	-0.251692276820864	0.513067194562503	0.821345095261252	1
chr17:75165697;C|T;Family=11474	-0.313874909422113	0.568086024975879	0.850356322979689	1
chr17:7577693;C|T;Family=12655	-0.54572965447473	0.197333528504463	0.601290637991685	1
chr17:7577700;C|T;Family=12655	-0.183162169523867	0.803561589459074	0.943221763906086	1
chr17:75777838;A|ATAAAT;Family=12932	-2.0048661596761	0.00057819072753929	0.0157685478221995	1
chr17:7586403;C|T;Family=13784	-0.153168608715554	0.862894688586726	0.959770074203215	1
chr17:76543242;C|T;Family=14432	-0.449697557875324	0.50550685843356	0.819222889348239	1
chr17:76714842;T|G;Family=11350	0.0319962436060464	0.942559741527022	0.985273974306327	1
chr17:76947974;C|T;Family=14048	-0.359846223715841	0.572703640286588	0.851876228315364	1
chr17:77483029;G|A;Family=14215	-0.363722041110525	0.52810664798602	0.826814280667192	1
chr17:78111987;G|A;Family=11918	-0.688629875217438	0.505483730560031	0.819222889348239	1
chr17:78424093;G|A;Family=11587	-0.0747121265571832	0.907682125610984	0.975919182839034	1
chr17:7908710;C|T;Family=12630	0.170660145732303	0.488655287214352	0.813748174461458	1
chr17:79835251;G|A;Family=13234	-0.885244605081832	0.4154969523333	0.785173595933369	1
chr17:79933683;G|A;Family=11220	-0.241558094858371	0.329418887886143	0.724027227824696	1
chr17:800033;T|C;Family=11348	0.72150886276118	0.00668032384972229	0.1011207085962	1
chr17:80210139;T|C;Family=14224	-0.265820402820834	0.546555723417874	0.838367445886222	1
chr17:80212028;T|C;Family=14157	-0.302712783782855	0.152984866076406	0.544844828485638	1
chr17:80394450;G|A;Family=14658	-0.864650470634808	0.181269355037856	0.585268825732081	1
chr17:80398303;G|T;Family=11045	-0.627089528061791	0.111235289389443	0.480599381229523	1
chr17:80730645;A|G;Family=14484	-0.336672826156062	0.681373515852754	0.890004227263073	1
chr17:81106117;C|T;Family=11599	0.227298342840162	0.243830163989289	0.660417341714135	1
chr17:81312831;C|T;Family=13709	0.544968351482509	0.328765520256932	0.724027227824696	1
chr17:81511373;C|T;Family=11510	-1.46618041489769	0.0910717583478245	0.435819460322955	1
chr17:81540218;G|A;Family=12997	0.411381058344449	0.269426032306719	0.682154075333405	1
chr17:81558391;C|T;Family=22196	0.15590624545911	0.736973457883715	0.919441130241099	1
chr17:81562756;T|C;Family=11382	-0.227010367152806	0.281772198458757	0.689624430634953	1
chr17:81843605;C|T;Family=14687	0.34746981651349	0.628416782296569	0.871785867787724	1
chr17:81843632;G|A;Family=14569	-0.303138035747259	0.492368245424939	0.814981725856862	1
chr17:8204924;G|A;Family=11499	0.535475923531286	0.362203463897265	0.750390937870909	1
chr17:82058007;G|T;Family=11345	1.11310893601361	0.0681976416902467	0.386728016473091	1
chr17:82314871;A|G;Family=14364	2.28735273888761	0.0272077699860529	0.240891435206704	1
chr17:82324717;C|T;Family=12675	-0.395965392474431	0.41277655350637	0.781817952503992	1
chr17:82945181;C|G;Family=11258	0.593406806293035	0.593279444370089	0.860745124957843	1
chr17:8369111;C|T;Family=11201	-1.19649606742547	0.206504278538177	0.617211036331461	1
chr17:8468015;T|C;Family=11572	-0.0935133998577649	0.691820541477719	0.895487697191909	1
chr17:9240239;C|T;Family=14544	0.803037043837775	0.106103160395615	0.468601487206045	1
chr17:9241327;C|T;Family=13034	-0.292979936137668	0.0808044729736698	0.414544656979455	1
chr17:9241513;C|T;Family=12053	0.0950602788017648	0.858730511576903	0.959261518223548	1
chr17:9612389;C|T;Family=14160	0.09833353036348	0.931140072963899	0.981055243869345	1
chr18:10485563;C|T;Family=13748	-1.66868836100804	0.0669345906407916	0.381293555789881	1
chr18:10714782;G|T;Family=13373	-0.473062546440815	0.0421535993848472	0.305491529132657	1
chr18:21529536;G|A;Family=11225	0.0806261588193671	0.859512927118484	0.959261518223548	1
chr18:24020189;A|G;Family=14315	-0.118711397786246	0.717051315401359	0.911374935923924	1
chr18:24132833;C|T;Family=12792	-0.272691116960756	0.540075263406065	0.832642971960065	1
chr18:26914607;A|G;Family=11924	0.196334454556856	0.370688954275948	0.756286051278211	1
chr18:2915670;A|G;Family=14524	0.768005837697956	0.00573773001077262	0.0912688070357644	1
chr18:3066874;G|A;Family=11563	-0.209917982969507	0.749544115417069	0.925501677004225	1
chr18:31414171;T|TA;Family=12694	-1.0523029196771	0.00175741892726324	0.0366519480719233	1
chr18:31624157;A|G;Family=14189	-0.410323896962191	0.328512976345858	0.724027227824696	1
chr18:32129815;AT|A;Family=14201	-0.383584637312844	0.61307724193621	0.868487534425862	1
chr18:3498616;C|G;Family=11524	-0.593132066573316	0.197225373765243	0.601290637991685	1
chr18:35140698;C|T;Family=11834	0.398161569966426	0.121578608544903	0.492990875296253	1
chr18:35334598;A|G;Family=14157	0.0962618893776167	0.702641251084559	0.904256172976152	1
chr18:36796092;T|C;Family=13567	0.460543107998088	0.474951353865214	0.809718887791835	1
chr18:36796660;C|T;Family=13083	-0.151517611456581	0.409162437748506	0.779693295080148	1
chr18:45848704;C|T;Family=12923	-0.257608280397382	0.466543742099659	0.809718887791835	1
chr18:45899442;C|T;Family=11456	-0.435541116408252	0.0310288856305895	0.260180797686343	1
chr18:46668357;C|G;Family=12115	0.810376852692158	0.14810684109933	0.536890203136135	1
chr18:47115270;C|T;Family=11521	-0.0593620207645461	0.940204705281648	0.985273974306327	1
chr18:47206668;A|T;Family=13948	-0.0927258363814812	0.730819487046158	0.917591424378229	1
chr18:47816184;C|G;Family=14200	0.137219160486445	0.910889466707307	0.975941612252179	1
chr18:47816216;T|C;Family=13865	0.355094141205634	0.59619033756691	0.861320618095964	1
chr18:49591399;A|G;Family=11310	-0.211289059438017	0.597295429932114	0.861320618095964	1
chr18:50282491;C|A;Family=13300	0.650811346295143	0.184834674449213	0.588980532802567	1
chr18:50949666;T|C;Family=11201	-0.147443039127823	0.445697592859957	0.804398444036672	1
chr18:50952338;T|C;Family=12341	-0.200840660744968	0.491358544805196	0.814375265871394	1
chr18:51078306;A|G;Family=11277	-0.121522633757896	0.473038804422119	0.809718887791835	1
chr18:5398077;G|A;Family=12462	-0.699902439070037	0.163372304198044	0.561377709239512	1
chr18:5398115;A|G;Family=13884	0.197274921334172	0.63052534284363	0.872277212607871	1
chr18:54154498;C|A;Family=12210	-0.679850294862609	0.0328307787604885	0.268511423675107	1
chr18:54296322;C|T;Family=12210	0.617162855278627	0.00756994514137636	0.11014563589429	1
chr18:54297523;G|T;Family=14202	-1.01990286065919	0.0911343304085029	0.435819460322955	1
chr18:55261466;C|T;Family=12358	-0.550499358654612	0.62693665424053	0.871785867787724	1
chr18:56614458;C|T;Family=11014	-0.700219193211174	0.117687632700246	0.491364054220678	1
chr18:57028033;C|T;Family=14007	-0.445840670734828	0.525029257504247	0.826814280667192	1
chr18:57028951;G|A;Family=14484	0.459331578353383	0.57454294483571	0.85266845333387	1
chr18:57033380;A|G;Family=13207	0.421702440228944	0.671463898567867	0.888418887050675	1
chr18:57034521;T|C;Family=11156	-1.93986842127217	0.0503542097241883	0.329505057860226	1
chr18:57035806;A|T;Family=11715	0.517216504331313	0.587060262169906	0.857386096371894	1
chr18:57149865;C|T;Family=11590	-0.378587262186006	0.175104100227675	0.57610937095065	1
chr18:57487405;G|A;Family=14044	-0.920694133083387	0.012149926380583	0.150035604054962	1
chr18:57487406;G|A;Family=14044	0.873614649307885	0.0242537656271234	0.224642536780942	1
chr18:57606629;T|C;Family=11064	-0.180841975132282	0.550390493457372	0.840246406034557	1
chr18:58748284;C|T;Family=13484	-0.366804499841592	0.369865266338068	0.75619458815248	1
chr18:58751043;T|A;Family=11488	-0.421041192339188	0.46656981357859	0.809718887791835	1
chr18:5884848;GT|G;Family=14568	0.148599142937749	0.686755043774101	0.892152907752213	1
chr18:5884859;C|T;Family=14568	-0.302808482710992	0.620085348149562	0.871068824935597	1
chr18:5884860;T|A;Family=14568	-0.257864534431581	0.734304336859396	0.917635978884878	1
chr18:5889282;A|G;Family=14526	0.475696175573464	0.371287239184551	0.756484140921014	1
chr18:61813756;G|A;Family=13973	-0.495056925145066	0.526998063571286	0.826814280667192	1
chr18:62385817;C|T;Family=13602	-0.0514986400253108	0.838011537894167	0.953497573530454	1
chr18:63328839;A|G;Family=13891	1.17459854950481	0.0406190348681317	0.300893775464666	1
chr18:63805290;G|T;Family=14641	1.12276579616223	0.0807924601653393	0.414544656979455	1
chr18:66501913;C|T;Family=13881	-0.288081210264242	0.26559456560916	0.678721578826949	1
chr18:68675115;T|C;Family=13776	-0.196218487263078	0.679056243874812	0.889742660028169	1
chr18:69862004;G|A;Family=12938	-0.122947412766604	0.647723735553431	0.878769390411124	1
chr18:70329846;A|G;Family=12892	0.486008448877674	0.415594015748429	0.785173595933369	1
chr18:74506010;C|T;Family=11353	-0.363196583204103	0.470944022214683	0.809718887791835	1
chr18:74521168;T|G;Family=13944	-0.430584347430656	0.461367982857554	0.809368808378051	1
chr18:74522851;G|A;Family=14231	-0.367830222686006	0.461414089283213	0.809368808378051	1
chr18:74920754;T|A;Family=14474	-1.76958780185511	0.0488174583990306	0.325369278461042	1
chr18:75417385;C|T;Family=11711	-2.40663725802885	0.000256449752123636	0.00809001991153049	0.962712369472128
chr18:77013595;G|A;Family=14128	-0.580094088343839	0.0402233144056001	0.300195471726885	1
chr18:79756556;G|C;Family=14041	-0.185200917946944	0.776548201007234	0.936235683724942	1
chr18:80158760;G|T;Family=12858	-0.27531149562888	0.538018654054171	0.831161328114962	1
chr18:8809860;A|G;Family=12643	-0.047332113360015	0.944171693145869	0.985273974306327	1
chr18:911279;T|G;Family=13898	0.187875701213435	0.864917997077644	0.959770074203215	1
chr18:9400089;A|G;Family=14590	1.62574352660088	0.000800981397972589	0.0205950970410212	1
chr19:10114668;A|G;Family=14455	0.0582517640970613	0.929918154138316	0.980593469279562	1
chr19:10118718;TG|T;Family=12803	0.56562703954085	0.3668671965075	0.753706180158999	1
chr19:10143955;C|T;Family=13576	0.63064625077525	0.447160702035625	0.805490055394307	1
chr19:10154316;G|A;Family=14481	-0.521592297826623	0.17508230684938	0.57610937095065	1
chr19:10285641;C|T;Family=13913	0.516841559839918	0.549944842254094	0.839907623198482	1
chr19:10350591;C|G;Family=13355	-0.852154184824143	0.176558933778821	0.579879472795884	1
chr19:10690815;G|A;Family=14299	-0.256109654911633	0.62263430989566	0.871068824935597	1
chr19:10713003;C|T;Family=14008	-0.137209607914707	0.609796981122404	0.86659349265387	1
chr19:11059881;C|T;Family=13551	0.0173552635777573	0.973825889794362	0.991442929259117	1
chr19:11377614;A|T;Family=12210	0.308899041466391	0.612145524902398	0.868150472415414	1
chr19:11378471;G|A;Family=14264	-0.676467039187169	0.469963988689963	0.809718887791835	1
chr19:11466260;T|A;Family=11544	0.501946277352126	0.12459552962945	0.497586827903143	1
chr19:11553400;G|C;Family=11883	-0.0352035319817504	0.946434932118058	0.986373330141918	1
chr19:11869154;T|C;Family=11453	-0.852719646481104	0.237030840728226	0.650924488729891	1
chr19:12078532;C|T;Family=13517	-0.777965708523257	0.25146501921969	0.665726151023071	1
chr19:12080709;CTG|C;Family=14468	1.37833978766686	0.0769584455741089	0.405215605450307	1
chr19:1230053;G|A;Family=11296	-0.360367733461649	0.755013742816132	0.928676798994679	1
chr19:12348291;C|T;Family=22161	0.267468333861924	0.792995779807549	0.941811426438989	1
chr19:1258219;G|A;Family=13333	0.572412917294323	0.0183391149491937	0.193741789566651	1
chr19:12679459;T|C;Family=14028	0.439393289511498	0.0886515385583635	0.432287434251272	1
chr19:12700352;G|A;Family=12803	0.264364831435108	0.562131117038156	0.84884964334724	1
chr19:12924715;G|T;Family=14149	0.503734290537993	0.383014086281348	0.760930217815533	1
chr19:12948759;C|T;Family=14264	-0.576499908117539	0.399529456779467	0.770726403263166	1
chr19:13884982;G|A;Family=12916	-0.145432414986792	0.597463742547121	0.861320618095964	1
chr19:1388885;C|T;Family=11444	0.0280676363455788	0.941680350971988	0.985273974306327	1
chr19:1394448;T|TCCTC;Family=13298	0.201324375582159	0.704624525633144	0.904637643374426	1
chr19:1472499;C|T;Family=12154	0.151774308018067	0.807353416854565	0.943221763906086	1
chr19:14793055;G|A;Family=12529	-0.0889959467195262	0.631893858022501	0.872748176238583	1
chr19:1535410;T|C;Family=11993	-0.590486164356653	0.00432221174388374	0.0743110675281659	1
chr19:1574146;G|A;Family=13573	0.744690551264215	0.274432563562663	0.686355658637067	1
chr19:16242202;C|T;Family=14107	0.0621466968655496	0.860599159778839	0.959770074203215	1
chr19:16327507;TAAA|T;Family=11348	0.146588548103915	0.69909780085488	0.901240777613056	1
chr19:16550303;G|A;Family=13963	0.107274517351242	0.756427277625576	0.929197644046601	1
chr19:16744472;G|A;Family=11494	0.47388171023792	0.178655421140222	0.582608915303138	1
chr19:16890067;C|A;Family=11047	0.235150920142057	0.838495397941298	0.953497573530454	1
chr19:16891891;C|T;Family=12833	-1.07012294465749	0.0200527990689742	0.200211542415764	1
chr19:17213067;G|A;Family=14261	-0.834924742508957	0.0447999580483855	0.312703861596328	1
chr19:17219683;C|T;Family=11092	0.167369281210625	0.852766750697961	0.956750263634233	1
chr19:17323501;G|A;Family=14150	-0.250495869791515	0.545156454124228	0.837021402364971	1
chr19:17604526;G|T;Family=11062	0.280572754206525	0.626598986790509	0.871785867787724	1
chr19:17721451;C|T;Family=11622	0.669171883980021	0.0651447470659465	0.375517226136331	1
chr19:17829854;G|A;Family=14116	0.333016727959306	0.46782868162796	0.809718887791835	1
chr19:17998453;C|T;Family=13042	0.483148416481268	0.0877075602118474	0.431276638124413	1
chr19:18150377;G|A;Family=14100	-0.616064512878181	0.15481684523944	0.549031234111379	1
chr19:18208337;G|A;Family=11883	0.151501042262909	0.616777334465968	0.870117291839626	1
chr19:18367064;G|A;Family=13681	0.374133863012456	0.298119262811551	0.697015266963841	1
chr19:1853494;G|A;Family=12011	-1.56101743325248	0.099741768509256	0.4555116775958	1
chr19:18777792;CTGTT|C;Family=12360	0.352592383024251	0.0239461584838222	0.223616614299175	1
chr19:18779780;C|T;Family=14080	-1.33340710002155	0.0191847215838391	0.197362761631713	1
chr19:1918203;C|T;Family=13076	-0.0504094417104666	0.891989560140045	0.971055544529607	1
chr19:19279297;C|T;Family=13913	0.0969471024987726	0.838765506194782	0.953497573530454	1
chr19:2038196;C|T;Family=14458	-1.26025405203491	0.0580326331987671	0.355528065569506	1
chr19:20621313;G|C;Family=12804	0.228055521490606	0.409036505408483	0.779693295080148	1
chr19:2099397;A|T;Family=13808	0.351903053981788	0.696739582071931	0.899436173004824	1
chr19:21122952;C|T;Family=13618	0.206472134200866	0.789975046642879	0.940711457093976	1
chr19:21291272;ATAT|A;Family=12299	0.821347008291613	0.0347793686921665	0.280175429335607	1
chr19:21397466;GTC|G;Family=11201	-0.265712306532933	0.518347986671237	0.824876285757329	1
chr19:21407616;A|G;Family=13409	-1.95606259710179	0.00756607086353794	0.11014563589429	1
chr19:22391242;ACT|A;Family=11453	0.881268548017015	0.274326256788472	0.686355658637067	1
chr19:23359291;C|T;Family=11399	-1.91932226687132	0.00658587855536458	0.100094688651169	1
chr19:2734559;G|T;Family=14511	-0.783238872635602	0.495016786077	0.816473205155122	1
chr19:2755615;T|A;Family=13001	-0.153725197302906	0.518349269606164	0.824876285757329	1
chr19:2834546;A|G;Family=14147	2.4719182562081	0.00221842264346076	0.0436018775055063	1
chr19:2881957;T|A;Family=12375	-0.0897281960629537	0.687341625140184	0.892152907752213	1
chr19:3123668;A|G;Family=11031	-0.48367102232337	0.652720246225135	0.881659379665184	1
chr19:31275868;C|T;Family=11472	-0.646188671453099	0.0200719982947184	0.200211542415764	1
chr19:3146448;C|G;Family=12206	0.886877088713911	0.200744203392431	0.605782748822497	1
chr19:3207844;C|T;Family=13654	-0.320409027503448	0.707623289762703	0.9063179221321	1
chr19:32412068;G|T;Family=14303	0.220176637299406	0.416118017211812	0.785768127068985	1
chr19:32597322;TGTTAA|T;Family=14561	1.65081746833167	3.31634784556935e-10	8.89254986590523e-08	1.24495698122673e-06
chr19:32597979;T|G;Family=13466	0.452887894812793	0.666729098159667	0.886781769508532	1
chr19:3295674;TC|T;Family=14532	0.865294492279714	0.382941612437352	0.760930217815533	1
chr19:32976941;C|T;Family=11452	0.515772476820804	0.118982578953325	0.491435169649961	1
chr19:33382215;T|G;Family=12189	0.228979203081389	0.355521617458554	0.74635896919348	1
chr19:33387249;G|A;Family=14058	1.03341749122996	0.226429991067628	0.638631244528833	1
chr19:34353858;A|G;Family=22019	1.36098159267617	0.0242274771862829	0.224642536780942	1
chr19:34505830;G|T;Family=12976	-0.247269842454302	0.706388548010814	0.905663459437362	1
chr19:3466720;C|T;Family=12184	-0.728876717932697	0.0873786644074534	0.430471792894462	1
chr19:3468506;G|A;Family=12163	0.328108228644473	0.668281056002674	0.886957838211221	1
chr19:34685912;T|C;Family=14545	0.0827340271989279	0.851633481226873	0.956418902783917	1
chr19:34743021;A|G;Family=11346	-0.876827431348078	0.0700177662910896	0.388041475412685	1
chr19:35066529;CT|C;Family=13381	-0.717989647866982	0.179555669534944	0.582608915303138	1
chr19:35121615;C|T;Family=11888	-0.411425805776691	0.141693790958031	0.525614519519497	1
chr19:36103510;A|ATATC;Family=12552	0.265507036280194	0.644605187986567	0.878028982475172	1
chr19:36511520;G|A;Family=13265	-0.288118663919566	0.60384435863335	0.865785276229396	1
chr19:36632666;C|T;Family=14469	0.259531645110722	0.701769848086546	0.903444447776712	1
chr19:36979879;G|A;Family=13805	-0.901360525474727	0.0465495458294319	0.318881377816947	1
chr19:37470333;G|A;Family=11193	0.507857600048332	0.450708515568611	0.805819614172225	1
chr19:37668818;A|G;Family=14058	0.00226165999019621	0.9975307080331	0.999011434477853	1
chr19:38211798;C|T;Family=13159	-0.353767255618739	0.558700340376808	0.84673438747458	1
chr19:38330214;C|A;Family=12111	0.280061610358771	0.72346024320989	0.913379159834388	1
chr19:38365061;G|A;Family=13293	0.959387710410733	0.0489201209584928	0.325369278461042	1
chr19:38396241;C|T;Family=11508	0.117607425740945	0.906125581345031	0.975228048271	1
chr19:39178674;C|T;Family=13266	-0.209461785549956	0.773361920654694	0.936235683724942	1
chr19:39179269;A|G;Family=12694	-0.197054723228543	0.695015564595285	0.898446428887982	1
chr19:39201012;G|T;Family=13266	0.409906321394849	0.0931828931504691	0.440129269858399	1
chr19:39328516;A|G;Family=11895	-0.688913151682726	0.378494061105222	0.759415662955106	1
chr19:39398321;G|A;Family=22017	-0.21078238203493	0.622760783788454	0.871068824935597	1
chr19:39520183;C|T;Family=22288	0.695318202002126	0.278502359637673	0.688733766851005	1
chr19:40030601;C|T;Family=12121	-0.702917096923642	0.0872008164984788	0.430160138154125	1
chr19:40234708;G|A;Family=12764	0.293313892702198	0.473963817480223	0.809718887791835	1
chr19:4038153;C|T;Family=13602	-0.0022575885603533	0.995790583414046	0.999011434477853	1
chr19:40394770;C|T;Family=12853	-0.375464871716284	0.485466729975586	0.813748174461458	1
chr19:4047049;C|T;Family=11250	-0.791018306310795	0.279189162868403	0.689523761452621	1
chr19:40557132;C|T;Family=11678	-1.12546159375852	0.26718366419899	0.680005068069837	1
chr19:40605167;C|G;Family=13152	-0.251118960432788	0.802050728150411	0.943221763906086	1
chr19:40691570;C|A;Family=13346	-1.72780417677927	0.0294392064127871	0.253679375598334	1
chr19:40765253;C|T;Family=11724	-0.180183216864374	0.305334329476095	0.702491050616117	1
chr19:40898180;G|A;Family=14363	-0.761032929220648	0.342056894689732	0.735020940277764	1
chr19:41294573;C|T;Family=12462	0.404591695598248	0.359990873698488	0.749531747012825	1
chr19:41424943;G|A;Family=13040	0.209900842935543	0.681530724502319	0.890004227263073	1
chr19:42042637;C|T;Family=14452	-0.171366948798909	0.854255021812786	0.957258119022861	1
chr19:42042700;C|T;Family=13628	-0.449550796348796	0.58134888783746	0.854622568224752	1
chr19:42059505;C|A;Family=11301	-0.807926239456459	0.241115185051238	0.657997605402982	1
chr19:43496094;G|A;Family=11154	0.552252360767039	0.420104737699318	0.791199955577952	1
chr19:43496423;G|A;Family=14153	1.06292548861165	0.0191609821800335	0.197362761631713	1
chr19:4360558;G|A;Family=11935	-0.697892617803238	0.287119150621577	0.691369654543554	1
chr19:4361009;C|T;Family=11083	-0.695751713365065	0.363142791164456	0.750390937870909	1
chr19:44133777;G|A;Family=14357	-0.419499433647046	0.423796916547293	0.793403318252843	1
chr19:44158856;C|T;Family=12938	-0.679118519656791	0.006567252856934	0.100094688651169	1
chr19:44428981;G|A;Family=13722	-0.0798478946235661	0.851401743527325	0.956418902783917	1
chr19:44662215;A|G;Family=12498	0.755108099576831	0.270252634966264	0.682154075333405	1
chr19:44662421;A|G;Family=13118	-0.0116165282139725	0.958585431356079	0.988260803233648	1
chr19:44819769;C|T;Family=12390	-0.433364580768852	0.48902927053411	0.813748174461458	1
chr19:44903002;C|T;Family=11723	0.381690221191705	0.493009591742139	0.814981725856862	1
chr19:4502335;G|A;Family=14427	0.122743918029368	0.666858000885079	0.886781769508532	1
chr19:45350309;C|T;Family=13572	0.44685543262666	0.1804208523892	0.58488763373839	1
chr19:45485605;G|A;Family=14221	1.38741322223477	0.137503731202545	0.517220581682794	1
chr19:45526843;G|A;Family=12231	-0.0827403894923111	0.870045899595486	0.962812536122854	1
chr19:45553149;A|G;Family=14503	-0.158233717174855	0.788978713739811	0.940560568471891	1
chr19:45553435;G|A;Family=13466	-1.87327199723782	0.0132378381354672	0.156766070537994	1
chr19:45626789;A|G;Family=14125	-0.347263093062202	0.622831415518699	0.871068824935597	1
chr19:45873286;A|T;Family=14453	-0.294508476768145	0.62398279604072	0.871068824935597	1
chr19:4675897;G|A;Family=11545	-0.217269455399466	0.73726119735594	0.919494529858538	1
chr19:4676194;C|G;Family=11963	-0.165093303314487	0.869704367385046	0.962812536122854	1
chr19:47065223;A|G;Family=11172	0.272817373410297	0.640067910881347	0.876619823950593	1
chr19:47065629;T|C;Family=11264	-1.08545729662674	0.12617509009811	0.500699036182139	1
chr19:47342993;T|C;Family=12036	0.363258769742893	0.389911284667248	0.763858367666203	1
chr19:4797792;T|A;Family=11947	0.195315723620832	0.636009576632989	0.874891883723063	1
chr19:4798670;G|A;Family=12301	0.534539804394257	0.192262827000098	0.595653432249086	1
chr19:4801249;G|A;Family=12695	0.356095304350099	0.505344821011029	0.819222889348239	1
chr19:48382990;A|G;Family=14338	0.617289819020243	0.118504086714299	0.491385849185218	1
chr19:48481022;C|A;Family=12341	-0.517039053450076	0.480387946876139	0.813748174461458	1
chr19:49068615;T|TATC;Family=14095	-0.00982525623628295	0.989242786918171	0.996142012363416	1
chr19:49150245;C|T;Family=12415	-0.103303314842304	0.893453876080251	0.971055544529607	1
chr19:49521773;G|A;Family=14470	0.545605198087866	0.474527958928699	0.809718887791835	1
chr19:49865263;C|G;Family=14103	1.04566807320052	0.141974726369944	0.525614519519497	1
chr19:50048609;C|T;Family=11390	-0.128908801589679	0.513318779272993	0.821397569220296	1
chr19:50292334;G|A;Family=13968	-0.029706713491633	0.898945905503449	0.972519576155604	1
chr19:50430640;G|A;Family=11928	0.472707625996548	0.623981454150622	0.871068824935597	1
chr19:50480191;C|T;Family=11325	0.129923217867607	0.636935258241933	0.875061871510993	1
chr19:50624899;C|T;Family=14498	-0.464845774910664	0.0278137406278193	0.242257035537897	1
chr19:50820232;C|T;Family=14232	0.889972109386575	0.310213571581735	0.705916026714741	1
chr19:50977229;G|A;Family=22349	2.04782380145814	0.0664579885824383	0.380260844220201	1
chr19:519440;G|A;Family=13808	-1.5458064673342	0.0021820866026955	0.043113437402731	1
chr19:51993635;C|T;Family=12447	-0.376471240739304	0.722532424362127	0.913379159834388	1
chr19:52291570;A|G;Family=13301	0.718194721907718	0.228248311624685	0.639913489050836	1
chr19:52294516;G|A;Family=12707	-1.13683164693683	0.00785032677974498	0.112599323917186	1
chr19:52321837;T|G;Family=14113	-0.155653698832064	0.783291168923975	0.939210455990006	1
chr19:52839554;G|C;Family=12308	-0.0610950051386219	0.83796733412931	0.953497573530454	1
chr19:52839774;A|G;Family=12382	0.152519942679298	0.77688459009505	0.936235683724942	1
chr19:53050896;G|A;Family=12550	-0.0533230114082165	0.961775253456968	0.988260803233648	1
chr19:53875413;T|C;Family=12804	-0.114466603765087	0.64546313842686	0.878094512984591	1
chr19:53987427;G|A;Family=12377	-0.27815519587799	0.475973499826308	0.809718887791835	1
chr19:54095620;G|C;Family=13015	-0.399674908068778	0.0390599753101567	0.297426262300869	1
chr19:54459074;C|T;Family=11420	0.356103172283523	0.00244283565957173	0.0475150521556076	1
chr19:54459097;T|C;Family=14153	-0.208056999223757	0.367586435040696	0.754466635944655	1
chr19:54994369;A|G;Family=13738	0.300821325901705	0.529287732269255	0.826814280667192	1
chr19:5559309;G|A;Family=12864	-0.291214859573744	0.678155581824522	0.889516441009523	1
chr19:55702673;C|T;Family=14188	-0.205922906117687	0.339196401256896	0.733492678754832	1
chr19:5587029;G|A;Family=11569	-0.333326607078097	0.574771879603384	0.85266845333387	1
chr19:5612196;G|A;Family=14482	0.466094362837164	0.0831700513526679	0.423062835742433	1
chr19:5657345;T|C;Family=11303	-0.483913071763205	0.0376754437258146	0.290610917665779	1
chr19:57218288;C|T;Family=14385	0.00655256672145253	0.980812975120674	0.993470497601597	1
chr19:57219010;A|G;Family=13546	-0.804935411410811	0.236402304127019	0.650171632729351	1
chr19:57220445;A|C;Family=13644	0.37252443019897	0.182939115395507	0.585653962823114	1
chr19:57542734;C|T;Family=13996	0.284539745623868	0.577346540006948	0.853290909915781	1
chr19:57862221;T|C;Family=12565	0.376001188365888	0.190292671280094	0.595653432249086	1
chr19:58340391;G|C;Family=12134	-0.338160620787341	0.621819272433285	0.871068824935597	1
chr19:58498453;C|A;Family=12867	0.620048027219963	0.279781420422805	0.689624430634953	1
chr19:58555781;G|C;Family=13601	0.00742719700630743	0.97162322559363	0.991255500378442	1
chr19:6212463;T|C;Family=11625	1.17531863177308	0.0125682624736546	0.153379506244782	1
chr19:643682;C|T;Family=12770	0.440945992042032	0.675984145340865	0.88902201371488	1
chr19:7112336;C|CA;Family=13028	0.513624643462938	0.51444413658915	0.821569481794429	1
chr19:7643024;G|T;Family=14452	0.0985186418132059	0.915208873451753	0.977196622543038	1
chr19:831970;C|G;Family=13093	0.709546252609088	0.470383333477785	0.809718887791835	1
chr19:8374252;C|G;Family=12662	0.13754950239985	0.463454944536454	0.809686167728805	1
chr19:8580323;G|C;Family=11892	0.895617640509005	0.385239397900086	0.761954004065819	1
chr19:9412868;C|T;Family=12409	0.515266478951911	0.0351568851658176	0.281047468641446	1
chr19:9647926;A|G;Family=11723	0.869911208441261	0.0341621369973456	0.276389358379386	1
chr19:9810940;T|C;Family=14623	0.0577564281370735	0.88132229524785	0.967675898321271	1
chr19:9848601;G|A;Family=11324	-0.595250094555448	0.472011761672435	0.809718887791835	1
chr2:100280585;C|T;Family=11810	-0.0401207717923152	0.944191972947479	0.985273974306327	1
chr2:10057444;C|T;Family=13984	-0.0860213926781885	0.884499594469797	0.968715752417649	1
chr2:101397685;C|T;Family=12641	0.500088584028997	0.634183330965283	0.873339774190635	1
chr2:102344264;C|T;Family=12679	-0.683237664249461	0.356335890844411	0.746369250858138	1
chr2:102533057;A|G;Family=13634	-0.268757244120895	0.756074121171089	0.929067839894032	1
chr2:102716264;C|A;Family=11615	-0.476953938470028	0.113054274814817	0.483929016710177	1
chr2:102717597;C|A;Family=12681	-0.153335086623585	0.602164576047376	0.86470484154836	1
chr2:105266592;G|A;Family=22027	-0.467302572980933	0.526952033989374	0.826814280667192	1
chr2:106093641;G|A;Family=12289	-1.33554105942206	0.0928859131546407	0.439714650671527	1
chr2:106093764;TA|T;Family=14157	0.273468072873714	0.246901928562063	0.663308377630739	1
chr2:106805473;G|A;Family=11051	0.32673116804918	0.504613608361099	0.819222889348239	1
chr2:108785373;A|G;Family=11077	0.204114858647882	0.814990317741851	0.947133608107786	1
chr2:108894943;A|C;Family=12313	-0.321311313212636	0.471007923057688	0.809718887791835	1
chr2:109502878;TTTC|T;Family=13542	-0.18367635910711	0.401012103470082	0.772478875986877	1
chr2:111166684;G|A;Family=13621	-1.68089662323003	0.134963172501061	0.515413783895203	1
chr2:112215489;A|AAAAT;Family=13858	-0.806212338234589	0.0478428394148341	0.322813102865546	1
chr2:112333897;G|A;Family=12597	-0.29187922929691	0.607290996081172	0.865785276229396	1
chr2:112533293;G|T;Family=14026	-0.0375598669813042	0.808150204082099	0.943344485735137	1
chr2:112536119;A|G;Family=13619	0.675361613136405	0.191060120156793	0.595653432249086	1
chr2:112573587;G|A;Family=11276	-0.224194186619605	0.595300839816038	0.861317357231886	1
chr2:112588364;TAC|T;Family=13064	-0.319638672088454	0.471634285226421	0.809718887791835	1
chr2:113027836;C|A;Family=11545	0.0516314502162197	0.875492904072198	0.964213388527529	1
chr2:113206331;G|A;Family=14375	-0.322509065733862	0.508276510785406	0.82004374781491	1
chr2:113216257;C|T;Family=11933	-0.362224080261536	0.258030302092435	0.672203854306038	1
chr2:113742122;T|C;Family=12766	0.0170114020335269	0.947351309914374	0.986780470981843	1
chr2:113959963;A|G;Family=13736	-0.406831323823947	0.581349645964122	0.854622568224752	1
chr2:120104264;G|A;Family=12637	0.483808844044621	0.419279009284861	0.790681607442349	1
chr2:120984534;A|T;Family=13071	-0.420365818816125	0.389081177701541	0.763858367666203	1
chr2:120989430;G|A;Family=13097	0.124759601238218	0.528994651446356	0.826814280667192	1
chr2:121221318;C|T;Family=11266	0.253052371187289	0.322984868285559	0.717871637385427	1
chr2:127048247;C|T;Family=13988	-0.272237913578866	0.783104673367861	0.939210455990006	1
chr2:127701340;G|C;Family=14613	0.336181613108747	0.231332388723724	0.644708082604945	1
chr2:127941254;C|G;Family=12907	-1.93797744688107	0.125772290633397	0.500688418915985	1
chr2:128172585;T|C;Family=22026	0.233487441794255	0.123809550689268	0.496639976928662	1
chr2:128190451;CTT|C;Family=14623	0.792146245461239	0.105779259834392	0.468269600887956	1
chr2:128190905;G|A;Family=12722	0.436970997520044	0.638382585009827	0.875589413272522	1
chr2:128191396;C|A;Family=11800	1.72853421692646	0.0591896537599241	0.357231447290603	1
chr2:130765137;A|T;Family=11810	-0.554238588709244	0.350802615116569	0.741087798057175	1
chr2:131049416;G|A;Family=11883	0.546736621359498	0.0254481457735076	0.231874609790649	1
chr2:131147540;T|C;Family=13916	0.679212298219869	0.0649949461282505	0.375517226136331	1
chr2:134449703;C|T;Family=12727	1.04745771265468	0.302258128871653	0.701283693315318	1
chr2:134956020;T|C;Family=12052	-0.265478817657259	0.0587536678827592	0.356329840296886	1
chr2:135224442;A|G;Family=14570	-0.163548159926844	0.322660137177294	0.71757473635282	1
chr2:135839883;C|T;Family=11031	-0.0475792972516616	0.914640752953444	0.977196622543038	1
chr2:143049382;C|T;Family=14411	-0.333122842412452	0.415207117727255	0.785173595933369	1
chr2:143050341;C|T;Family=13592	0.0392772361275241	0.944332653322902	0.985273974306327	1
chr2:143053230;A|G;Family=12989	-0.528733577074352	0.0433593135344788	0.310014530243763	1
chr2:143939613;TTTC|T;Family=13881	0.0913222023075531	0.887570346786241	0.96915040193006	1
chr2:144388926;T|C;Family=12001	0.142762865038626	0.753256136440711	0.927730818962739	1
chr2:144462320;T|C;Family=13211	-0.86517399490454	0.448485873099486	0.805819614172225	1
chr2:147928575;A|ATAAC;Family=11307	-0.916022436267985	0.0202424660187152	0.200211542415764	1
chr2:148471094;A|T;Family=14363	2.47893947165548	0.000131801442114102	0.00471221536853657	0.49478261369634
chr2:151482061;CTT|C;Family=14617	-0.0527063895420431	0.80727459725402	0.943221763906086	1
chr2:152654408;T|C;Family=11336	0.405080746116409	0.36230326780856	0.750390937870909	1
chr2:152656191;C|CT;Family=12499	-0.254026632787471	0.502865097933631	0.818272898848224	1
chr2:154857794;T|A;Family=14449	0.457989035950327	0.147600785079104	0.536094063157821	1
chr2:157312188;A|G;Family=13988	0.723039021285115	0.12077800696569	0.492990875296253	1
chr2:158338688;G|A;Family=13148	-0.657693969264796	0.322401576423832	0.717424729042718	1
chr2:158625346;G|C;Family=12162	-0.383118217831483	0.641063578368608	0.876894667139478	1
chr2:159771089;G|A;Family=13924	-0.0979053089346723	0.900216499681583	0.973011349797571	1
chr2:159946682;A|C;Family=13918	0.084067625185049	0.850265566763157	0.956418902783917	1
chr2:160101510;T|C;Family=12788	0.893090982443097	0.383302888089817	0.760930217815533	1
chr2:161983203;AG|A;Family=14644	-1.64540671780393	0.00433514219197345	0.0743110675281659	1
chr2:162008566;G|T;Family=13579	0.441401996313197	0.0126819364188846	0.153379506244782	1
chr2:162008659;T|C;Family=13409	0.510224888701203	0.0531794476068996	0.337990663363893	1
chr2:163606073;T|C;Family=12091	0.198977869779841	0.456471544007038	0.809339260781398	1
chr2:163607844;T|C;Family=11285	-0.237391464747734	0.195706994753404	0.598985523748446	1
chr2:165094381;C|T;Family=14595	0.448854503530854	0.572801265032313	0.851876228315364	1
chr2:165344801;C|T;Family=14280	0.553938622180189	0.456378413272723	0.809339260781398	1
chr2:165344869;C|A;Family=11892	-0.00191896531501792	0.997641979770683	0.999011434477853	1
chr2:165354309;G|T;Family=11114	0.230805340743424	0.656264876213245	0.883017328066137	1
chr2:165374868;T|C;Family=13544	-0.975934182638697	0.00383612558424958	0.0672935301087519	1
chr2:165989378;A|G;Family=13752	1.43234860618136	2.97175690837627e-07	2.72096961805963e-05	0.00111559754340445
chr2:165989790;AAAAAT|A;Family=14514	0.847412214774108	0.252466453628556	0.66696626806587	1
chr2:165991496;T|C;Family=12340	0.777272108839222	0.441178733961413	0.800637536989584	1
chr2:165991561;G|A;Family=12499	1.56355450674362	0.0581497688491414	0.355528065569506	1
chr2:165998144;A|C;Family=13891	0.232676375339088	0.382571562935126	0.760930217815533	1
chr2:166046848;G|C;Family=13988	-0.167296089704851	0.884946688229082	0.968715752417649	1
chr2:166198309;C|T;Family=12449	-0.28609261873284	0.511598576661172	0.820393445871867	1
chr2:168774857;TG|T;Family=12748	-0.236310261335196	0.341722894572663	0.735020940277764	1
chr2:168923786;G|A;Family=11251	0.0283478655725996	0.960589476077798	0.988260803233648	1
chr2:170847738;G|A;Family=12630	-0.528273128509493	0.485985471250409	0.813748174461458	1
chr2:170991658;G|GATCT;Family=12626	-0.194087489432805	0.420796529114918	0.791199955577952	1
chr2:170992470;C|A;Family=13403	-0.302536259005178	0.269873302787727	0.682154075333405	1
chr2:171319581;C|T;Family=11187	-0.600664865641736	0.00974138438771567	0.130139348724145	1
chr2:171555749;G|A;Family=12396	0.0648226261114	0.798188365455174	0.943221763906086	1
chr2:172081770;G|T;Family=11480	-0.425327310581828	0.318776435420405	0.712313534862024	1
chr2:172100315;A|G;Family=13051	-1.14284807092232	0.0696601503231212	0.388041475412685	1
chr2:172504612;A|C;Family=11172	0.0877011592807702	0.870111999089414	0.962812536122854	1
chr2:172600469;C|T;Family=13508	0.543561220448435	0.115343630787986	0.488713306973023	1
chr2:172603764;C|T;Family=13556	-0.0103879490525804	0.96690383010541	0.989577879060322	1
chr2:175925325;G|C;Family=14093	-0.372529892335979	0.60696815899533	0.865785276229396	1
chr2:176124206;G|A;Family=13709	-0.918983113715781	0.00961030811260301	0.129773728973783	1
chr2:177615973;G|C;Family=13531	0.796214904252093	0.167582416051858	0.566924427440708	1
chr2:177629027;A|T;Family=12925	0.028692992523673	0.928998200195937	0.980593469279562	1
chr2:178136552;C|T;Family=22105	-1.03682454801873	0.111372185285002	0.480599381229523	1
chr2:178137904;G|C;Family=14468	0.586425110312018	0.281985482425321	0.689624430634953	1
chr2:178402055;T|G;Family=12867	-0.8683213421019	0.346552493260091	0.737910392916758	1
chr2:178402563;A|G;Family=11198	1.36014658225798	0.0426141652096119	0.307051009974823	1
chr2:178873393;A|G;Family=14017	1.36320558951843	0.00299223914737483	0.0562577836885056	1
chr2:178874946;T|A;Family=14226	0.166921261385387	0.321509834230428	0.716263846274843	1
chr2:178875519;C|T;Family=14406	0.337501402820656	0.652091232323556	0.881659379665184	1
chr2:178877310;C|T;Family=14041	-3.03758624442002	0.000170489592086754	0.00587172411645574	0.640017928693676
chr2:182142011;G|C;Family=11552	0.121960955526671	0.898394035167827	0.972451589257125	1
chr2:182142017;C|T;Family=12316	0.316089195140197	0.746459012848699	0.923906077887905	1
chr2:182780190;C|T;Family=13787	0.681458876593597	0.124093846126554	0.496639976928662	1
chr2:182782843;T|C;Family=13947	0.140845448765112	0.739598241482183	0.920582708199878	1
chr2:182788544;T|C;Family=11030	-0.589382371055956	0.278903768449151	0.689272381012582	1
chr2:182791335;T|C;Family=13981	0.286467499848299	0.393606274683919	0.76599168230349	1
chr2:185761040;GA|G;Family=12598	0.175519728740003	0.802140143336274	0.943221763906086	1
chr2:186679617;A|G;Family=13214	0.959421409903949	0.200612292621231	0.605782748822497	1
chr2:189034022;C|T;Family=14085	-0.749284405112463	0.453904819241332	0.809097194412138	1
chr2:189458825;G|A;Family=12184	0.222994042863155	0.788635865670813	0.940560568471891	1
chr2:189775364;T|G;Family=12833	0.325679966004564	0.177520073722572	0.581097254520601	1
chr2:189854023;A|C;Family=12227	0.735292277358364	0.273571367599442	0.685442915658311	1
chr2:189864171;T|C;Family=11441	0.0788386103684169	0.874032497515462	0.964183954062017	1
chr2:190202057;T|C;Family=14031	-0.148360112870917	0.305123801935981	0.702491050616117	1
chr2:190204763;A|G;Family=14470	-0.138858038002587	0.783379429057322	0.939210455990006	1
chr2:191692786;C|G;Family=12420	-0.828065006893344	0.0126463775511556	0.153379506244782	1
chr2:196135862;A|C;Family=14564	-0.807796170533618	0.0128483353126018	0.154332010366092	1
chr2:197392121;C|T;Family=12686	-0.151314768664408	0.589375096192808	0.859228781012739	1
chr2:197551264;G|A;Family=13154	0.672160409701983	0.124403034807771	0.497347170040864	1
chr2:197708200;T|C;Family=12648	0.65891223543848	0.0400913069826732	0.300195471726885	1
chr2:199933186;G|A;Family=12843	1.53998275424251	0.0479224323233464	0.322813102865546	1
chr2:200489752;G|C;Family=12314	-0.0495852514121371	0.848297140967923	0.956418902783917	1
chr2:201163531;C|T;Family=12401	0.188278940910855	0.669548387148737	0.886957838211221	1
chr2:201623884;G|A;Family=13574	-0.208838147417799	0.650989625264715	0.881659379665184	1
chr2:201889137;A|C;Family=11164	-0.186268230829164	0.478381021952627	0.811496771988325	1
chr2:202962073;T|C;Family=13741	-0.53595038232101	0.466477320742702	0.809718887791835	1
chr2:203402659;C|T;Family=13471	0.79124854326757	0.301072627650738	0.699841835634439	1
chr2:203431051;G|GA;Family=12388	-0.915227068086698	0.142362687534346	0.526531555668903	1
chr2:20449434;A|G;Family=14575	-0.988291143170698	0.298105503567807	0.697015266963841	1
chr2:20618580;G|A;Family=13624	0.237448830202978	0.57555827676276	0.853217272097447	1
chr2:206619891;G|A;Family=14540	-0.417953221083916	0.203392703413411	0.610878172017143	1
chr2:207601814;G|C;Family=12478	-0.360614367164245	0.333829194171262	0.728178265496175	1
chr2:207763431;C|T;Family=14598	0.271470865458236	0.502848057189204	0.818272898848224	1
chr2:208285776;C|T;Family=11679	0.397593909636964	0.303516219408186	0.702158166196486	1
chr2:21024411;A|G;Family=14214	-0.686131110120858	0.105662647933307	0.468269600887956	1
chr2:210678792;A|G;Family=14058	-0.426267705112769	0.118160623685053	0.491385849185218	1
chr2:211382007;C|G;Family=13929	0.588869717338051	0.357577135366159	0.746991967815561	1
chr2:213930055;G|A;Family=12430	-0.283920463650428	0.501171269141729	0.818272898848224	1
chr2:215346766;G|A;Family=14303	-0.850167231179205	0.373762806963624	0.756921571080755	1
chr2:215346790;G|A;Family=11657	0.0388063724972753	0.850531946566759	0.956418902783917	1
chr2:216501655;C|T;Family=13869	0.224280213851679	0.671530602085163	0.888418887050675	1
chr2:217801751;T|C;Family=11571	-0.0999409882857338	0.864882837972419	0.959770074203215	1
chr2:218234999;G|A;Family=12716	-0.173648629609811	0.829498715244376	0.951076648623274	1
chr2:219163441;A|G;Family=12367	0.47183871929404	0.0360217791503988	0.284685808274941	1
chr2:219180733;A|T;Family=12469	-0.514322571295765	0.13196682525384	0.51143812893103	1
chr2:219216033;G|A;Family=14124	0.0842197016871621	0.891701519504581	0.971055544529607	1
chr2:219506756;CAAG|C;Family=13197	0.898440384127761	0.216589763661599	0.628704177454732	1
chr2:221420166;A|G;Family=14653	0.186652980439109	0.658715577579135	0.884209595127876	1
chr2:223967681;A|G;Family=11401	-0.3357544601127	0.800846242530138	0.943221763906086	1
chr2:224473722;C|T;Family=14303	0.312042327565252	0.499360710756297	0.817794113883691	1
chr2:224807721;G|A;Family=13843	-0.0131249065859589	0.925522403992817	0.979842827655335	1
chr2:226732343;G|A;Family=12636	-1.07724704863006	0.0159306836912899	0.176934279813912	1
chr2:226995818;G|A;Family=11264	-1.35786696646947	0.179136669421499	0.582608915303138	1
chr2:227981684;G|T;Family=11981	-1.40602445343931	0.0887488611892218	0.432287434251272	1
chr2:230907364;C|T;Family=14147	0.215717800035644	0.470587415765456	0.809718887791835	1
chr2:231372229;C|T;Family=12444	-0.00267946008923637	0.998096164187034	0.999011434477853	1
chr2:232238540;C|A;Family=11625	0.127109319172053	0.688801210386259	0.893289831341031	1
chr2:232260352;C|T;Family=13041	-0.183928758080921	0.799390189368586	0.943221763906086	1
chr2:232263310;C|T;Family=11012	1.37495055845504	0.162196147057875	0.559483151497912	1
chr2:232336039;G|A;Family=13722	-0.291195651244422	0.68045882043082	0.890004227263073	1
chr2:232531616;G|A;Family=11729	-0.204148921351826	0.23988711549629	0.65674597898435	1
chr2:232858311;A|G;Family=12289	0.16833213141162	0.481275847263218	0.813748174461458	1
chr2:233519539;T|C;Family=11597	-0.550973065942154	0.242149662185144	0.658717269451471	1
chr2:234494895;A|C;Family=14620	-0.222589247380605	0.406129470752304	0.776278020979709	1
chr2:235055422;G|A;Family=12638	-1.05064624021763	0.293303066137136	0.696318904697375	1
chr2:236120386;G|A;Family=11000	-0.0256087320008096	0.972017773335424	0.991255500378442	1
chr2:236124576;C|T;Family=13611	-0.295888678708334	0.251238899769089	0.665726151023071	1
chr2:237088619;A|G;Family=14632	-0.702229431315169	0.05073472951578	0.330656553128885	1
chr2:238099394;T|C;Family=12724	3.27474423767879	0.00124308103426455	0.0288057173001797	1
chr2:238152501;TG|T;Family=11540	-0.0608009105063041	0.851806622242526	0.956418902783917	1
chr2:239050745;C|T;Family=13272	0.44545877767695	0.593186471094509	0.860745124957843	1
chr2:240482185;C|G;Family=11946	-0.312558479930455	0.266719125641372	0.67974446548385	1
chr2:240520532;G|A;Family=13398	-0.838409937263678	0.345151791410082	0.737910392916758	1
chr2:241183251;C|T;Family=14202	0.143173164871116	0.606749060429222	0.865785276229396	1
chr2:241353409;A|C;Family=13564	0.758478445426063	0.0769629000229273	0.405215605450307	1
chr2:241445606;C|T;Family=13385	0.0817954403997796	0.633692422831612	0.873339774190635	1
chr2:241749408;G|A;Family=14576	0.112635485927423	0.685537137923406	0.892152907752213	1
chr2:241749817;C|T;Family=14146	-0.287421934652706	0.603666113881942	0.865785276229396	1
chr2:241755178;C|T;Family=13136	2.84190363818543	0.00322934205994341	0.0600146044209285	1
chr2:24175802;G|T;Family=13930	-0.3655742489065	0.70369844464291	0.904290419334284	1
chr2:241850685;G|A;Family=13309	0.105914517987286	0.797634901254035	0.943221763906086	1
chr2:24789958;C|T;Family=11800	0.433392104712924	0.498242023480648	0.817794113883691	1
chr2:25145559;G|A;Family=14386	-0.867461252659708	0.264870107202545	0.678721578826949	1
chr2:25156660;C|T;Family=11353	-0.354117590300828	0.494338326571675	0.816071274384374	1
chr2:25157831;T|C;Family=13513	0.0797836906131013	0.731100352206187	0.917603049876973	1
chr2:25230242;G|A;Family=11715	-0.262368216585021	0.292516430582236	0.69588509531414	1
chr2:25230513;GA|G;Family=14027	-0.0978797655148476	0.80074085562857	0.943221763906086	1
chr2:25234307;G|A;Family=14336	0.123092683795478	0.793625043185008	0.942210124009019	1
chr2:26730402;C|T;Family=14100	0.131823210383864	0.50411183935183	0.81888180221842	1
chr2:26732705;C|G;Family=11246	0.192887359148547	0.754059130748121	0.927819194982251	1
chr2:26947441;G|A;Family=11056	0.0468180125873948	0.93049264305623	0.980666700068429	1
chr2:27136929;G|A;Family=14192	0.83099749582998	0.141915875277535	0.525614519519497	1
chr2:27243927;C|T;Family=11931	-0.341848113931236	0.293041315306484	0.696318904697375	1
chr2:279906;C|T;Family=13932	-0.202844456657173	0.571013588068783	0.851277186031366	1
chr2:28415715;T|C;Family=13946	-0.76960551767939	0.0364925558401693	0.287086591630544	1
chr2:28416444;CCTCT|C;Family=13843	0.27279172409375	0.560332648148531	0.848433116695054	1
chr2:28643133;C|T;Family=12281	0.347643441254357	0.493736830343878	0.815438899518175	1
chr2:30159423;C|T;Family=14652	-0.233382010715686	0.225052835448744	0.636660395082582	1
chr2:31267680;A|C;Family=12850	0.432958714891574	0.294347451312396	0.697015266963841	1
chr2:3207891;C|G;Family=11252	-1.92479319717889	0.00179055654957358	0.0369326883906551	1
chr2:32089567;C|G;Family=14480	0.401634456685115	0.369939811774663	0.75619458815248	1
chr2:32220466;C|G;Family=13805	-0.0834772257141841	0.76405028991993	0.932551629362403	1
chr2:32307549;T|C;Family=11869	0.0370326530959491	0.942156904353966	0.985273974306327	1
chr2:32312264;G|A;Family=11981	0.415434829921472	0.366473579864876	0.753706180158999	1
chr2:3550465;G|A;Family=12964	0.981711007969037	0.297665312692746	0.697015266963841	1
chr2:3644481;TA|T;Family=14522	-0.76751302120027	0.00646289219333305	0.0994331856302142	1
chr2:36549682;A|G;Family=13954	0.962492148158579	0.259107773796797	0.673812603302396	1
chr2:36759377;G|T;Family=22105	-0.532852294085316	0.0689802443408618	0.388041475412685	1
chr2:37251942;A|C;Family=13905	0.044549088652361	0.941122191234646	0.985273974306327	1
chr2:38734005;C|T;Family=11773	-0.5154415072108	0.47300050269397	0.809718887791835	1
chr2:38974699;T|C;Family=14680	-0.919804194783289	0.290443963686482	0.692882002389742	1
chr2:40098122;C|T;Family=12360	-0.313583345569316	0.766951117528393	0.934132652693126	1
chr2:40104941;G|T;Family=11869	-0.403233161823798	0.638925350758821	0.876013793553183	1
chr2:40110232;G|A;Family=13393	0.219432540590011	0.628096090346144	0.871785867787724	1
chr2:40110784;A|G;Family=13629	0.318734981487539	0.430803120276872	0.795984390031093	1
chr2:43565070;T|C;Family=12346	0.282946961681196	0.422807209093149	0.79202508130523	1
chr2:46185708;C|T;Family=13166	-0.999695152264276	0.450778153905613	0.805819614172225	1
chr2:46186250;C|G;Family=13556	0.230782716898064	0.391684902163879	0.764630849050027	1
chr2:47074316;G|A;Family=22364	0.13245312383778	0.880291550866	0.967392998229205	1
chr2:47074774;C|T;Family=12302	0.220575783494693	0.629263247136389	0.871785867787724	1
chr2:47799713;G|A;Family=13890	-0.206610333423453	0.295553728661171	0.697015266963841	1
chr2:48375630;A|G;Family=14007	-0.0971635364574513	0.732875028392914	0.917635978884878	1
chr2:48377199;A|C;Family=14531	0.634637509711021	0.0956657986171795	0.445569985122695	1
chr2:48595331;A|G;Family=11456	0.424355596009721	0.514520471949575	0.821569481794429	1
chr2:50207689;G|C;Family=11679	0.318791027928585	0.343797567424101	0.737092248657381	1
chr2:50918317;A|G;Family=12014	-0.274878457417171	0.29199406095283	0.695082881938443	1
chr2:53887396;G|A;Family=14339	0.737200765060889	0.339856611549716	0.733652512799099	1
chr2:54065901;T|C;Family=11469	1.04078297324839	0.221392347316168	0.633465603525073	1
chr2:54660185;T|G;Family=14502	0.565140438479419	0.048174589244902	0.323519513462186	1
chr2:5696599;G|A;Family=14153	-0.229844331089237	0.767163284031142	0.934132652693126	1
chr2:5698500;A|G;Family=14479	0.150371568114325	0.564911127376741	0.850011135636227	1
chr2:60899234;C|T;Family=13589	1.05530576106798	0.134864914154759	0.515413783895203	1
chr2:61018400;CAGG|C;Family=11018	0.45307303403704	0.601244261400892	0.864446938835292	1
chr2:61482516;G|C;Family=14455	-0.0635841911434292	0.839002204495352	0.953497573530454	1
chr2:65083821;A|G;Family=11543	-0.0126294163686796	0.95827706959331	0.988260803233648	1
chr2:65084839;G|A;Family=11505	-0.602531157873085	0.0200552653286907	0.200211542415764	1
chr2:65310885;T|G;Family=11013	0.258649907311199	0.284900016106848	0.689769118615253	1
chr2:67401400;A|G;Family=13895	0.0311825824541218	0.943441435147957	0.985273974306327	1
chr2:67402535;A|G;Family=11485	-0.607940900549836	0.24779016020759	0.663320048541172	1
chr2:68567380;G|A;Family=11459	-0.133306340919608	0.652312179164889	0.881659379665184	1
chr2:69325719;A|G;Family=14301	-0.112478317596475	0.875834906088266	0.964213388527529	1
chr2:69461843;C|T;Family=14195	-0.0735631789951697	0.818176854959018	0.948846040010131	1
chr2:69941432;G|C;Family=11429	0.0233791214368798	0.959189678514843	0.988260803233648	1
chr2:69942862;T|C;Family=11429	0.430813132059605	0.483921083926057	0.813748174461458	1
chr2:70150021;TGCA|T;Family=14618	1.31739761985276	0.0374988304563278	0.290610917665779	1
chr2:70277199;C|G;Family=13991	0.0381962962909161	0.961840616384668	0.988260803233648	1
chr2:70660965;G|T;Family=11018	0.467790176145491	0.111926210833248	0.481329621520081	1
chr2:70986440;AG|A;Family=13001	-0.329194744552649	0.420904308324504	0.791199955577952	1
chr2:72131287;G|A;Family=11063	0.621025019809439	0.00146219876869571	0.0317761727239066	1
chr2:72934343;T|C;Family=12019	-0.179426239394094	0.68888493919347	0.893289831341031	1
chr2:72944993;G|A;Family=13787	1.57091840796795	0.147661497417471	0.536094063157821	1
chr2:73226979;G|A;Family=11954	-0.168758318260525	0.411689233153808	0.781548290266678	1
chr2:74216301;T|G;Family=11121	-0.213519081128422	0.803991633335009	0.943221763906086	1
chr2:74394294;G|A;Family=11986	-0.321896824464885	0.652907052602347	0.881659379665184	1
chr2:74395549;T|C;Family=12621	0.459816896869812	0.193195109177714	0.596244806898909	1
chr2:74494487;C|T;Family=13358	-0.24147974186426	0.700828962561024	0.902542684546856	1
chr2:74519915;T|C;Family=11346	-0.10634026346333	0.668920988889015	0.886957838211221	1
chr2:74891539;T|C;Family=12628	-0.312831347758415	0.564444650085682	0.850011135636227	1
chr2:85544374;C|A;Family=12316	0.5824626275621	0.34406300948674	0.737221768044077	1
chr2:85606685;G|A;Family=14228	-0.645594090235945	0.118057481141766	0.491385849185218	1
chr2:85658908;TAC|T;Family=14424	-1.12573901622271	0.051548054919335	0.333640341667558	1
chr2:86111157;G|C;Family=12613	-0.289581700454521	0.137785179176969	0.517220581682794	1
chr2:8853370;C|T;Family=12867	0.296601655623094	0.383982635058749	0.761424333502396	1
chr2:8854433;C|T;Family=11265	-0.459664140040139	0.182934269431285	0.585653962823114	1
chr2:9481403;C|T;Family=12687	-0.33758043515228	0.154094144059792	0.54727475572418	1
chr2:9489450;A|G;Family=11651	-0.198223301618588	0.605685436505943	0.865785276229396	1
chr2:95384419;C|T;Family=12687	0.234586754546316	0.431702722676823	0.795984390031093	1
chr2:96114264;C|T;Family=12701	0.18343379019869	0.805760791945617	0.943221763906086	1
chr2:96329291;C|T;Family=12749	-1.09488306665782	0.0457621366524536	0.315792391531821	1
chr2:96702316;C|T;Family=12619	1.05031500664603	0.14298976439131	0.527810792059959	1
chr2:96832748;G|T;Family=12778	-0.157600923930386	0.686451475809734	0.892152907752213	1
chr2:98588361;C|T;Family=13836	0.232050172843895	0.182955673268044	0.585653962823114	1
chr20:10057886;C|CTTGT;Family=13221	-0.230128190670822	0.67258563585456	0.888418887050675	1
chr20:10306498;G|A;Family=12953	0.208920740654137	0.28087615139976	0.689624430634953	1
chr20:10306532;A|G;Family=13042	0.486990016090769	0.241709828942651	0.657997605402982	1
chr20:1167310;A|G;Family=13358	0.0735727916945836	0.824391572421447	0.950328024958306	1
chr20:13167426;G|A;Family=14040	-1.3074625581247	0.00550215981559308	0.0886652523700692	1
chr20:13300465;C|CA;Family=14500	0.0363115645935395	0.924581549733326	0.979842827655335	1
chr20:1563946;A|G;Family=12759	-0.741362483519918	0.187358211488256	0.590548048637208	1
chr20:16051769;A|G;Family=13560	-0.110665417295605	0.646283918692916	0.878094512984591	1
chr20:17609122;T|G;Family=14130	-0.678583444679154	0.00911492323911297	0.126263549223727	1
chr20:17609764;A|G;Family=14526	-0.488519603575215	0.278363258080923	0.688733766851005	1
chr20:17967954;C|A;Family=13815	-0.640729388493338	0.194370768897534	0.597947936237793	1
chr20:18443421;G|A;Family=11114	0.609714952452166	0.267571721697691	0.680531330117298	1
chr20:19722220;G|A;Family=13770	0.323226417928267	0.682083687223191	0.890004227263073	1
chr20:1979101;A|G;Family=13931	-0.126822702355791	0.825777841612679	0.950328024958306	1
chr20:20390331;G|A;Family=11676	-0.13920911227257	0.814976054792829	0.947133608107786	1
chr20:22563339;C|A;Family=13513	0.434689615680568	0.354043091764767	0.743748050635106	1
chr20:23046871;C|T;Family=13580	0.0170295733683639	0.94570056633029	0.986155535001086	1
chr20:23081038;A|G;Family=14416	1.23849964318134	0.117485998804088	0.491364054220678	1
chr20:23081535;C|G;Family=11096	-1.10420739544972	0.101537868813364	0.460910712848087	1
chr20:23603144;C|T;Family=12394	-0.516412464330873	0.428525012902444	0.795983621195337	1
chr20:25006517;C|T;Family=14652	-0.756478500262278	0.000915902572842759	0.0227750312766123	1
chr20:25297973;G|A;Family=12858	-4.28176002437595	3.01788585108002e-05	0.0014906767743361	0.113291434849544
chr20:25774788;AC|A;Family=14168	-1.39666456665159	0.127058608314021	0.502082121695616	1
chr20:31937413;A|G;Family=12006	-0.104866073059228	0.898619689149954	0.972451589257125	1
chr20:31945717;G|A;Family=14019	-0.699091385783358	0.275449339379399	0.687524481403101	1
chr20:31999641;G|A;Family=11495	-1.23990014476378	0.241539287404365	0.657997605402982	1
chr20:32000279;T|C;Family=12358	0.211280672146012	0.296479598824899	0.697015266963841	1
chr20:32031392;G|GC;Family=12568	-2.12953914051386	0.0359312892942923	0.284639134043057	1
chr20:33647201;G|A;Family=13053	-1.19590220596255	0.178088299270556	0.581848107451409	1
chr20:33658734;C|T;Family=12782	-0.169059087768746	0.766218549311159	0.933587937070461	1
chr20:354689;C|T;Family=14472	0.0361209848524684	0.917591801493295	0.977480029173051	1
chr20:36231225;G|A;Family=14303	-0.592426455928717	0.0778943409800512	0.408401335250157	1
chr20:3646918;G|A;Family=13905	-0.0670763671117837	0.941951113297245	0.985273974306327	1
chr20:3648438;A|G;Family=14291	0.557445942600672	0.373143003377181	0.756921571080755	1
chr20:36782751;C|T;Family=14219	0.130738803712227	0.640618389604308	0.876739593747877	1
chr20:36784635;C|T;Family=13970	0.210579844829299	0.465367344980122	0.809718887791835	1
chr20:36905503;T|A;Family=14192	0.989945036223091	0.0500453521319511	0.328444496334518	1
chr20:38210994;C|T;Family=13383	0.11065630775625	0.593395946561241	0.860745124957843	1
chr20:3825394;G|A;Family=11067	0.209397063048688	0.471001548555788	0.809718887791835	1
chr20:3866241;T|C;Family=13750	-0.117732075825682	0.779253710085746	0.937526376526818	1
chr20:3874352;T|C;Family=14578	0.366465163646514	0.675037987290785	0.88902201371488	1
chr20:41175517;G|A;Family=13023	-0.156415861953574	0.561865205044078	0.848789529068599	1
chr20:41402484;C|T;Family=13941	-0.114316539262213	0.634142705301415	0.873339774190635	1
chr20:41402974;T|G;Family=14346	-0.80940841136108	0.52622806012826	0.826814280667192	1
chr20:43716304;TC|T;Family=14282	0.872422665146544	0.121227056630278	0.492990875296253	1
chr20:44490900;A|AC;Family=13486	0.0526641932092508	0.941219560760105	0.985273974306327	1
chr20:44904975;G|A;Family=11869	-0.339848613440936	0.675141298493022	0.88902201371488	1
chr20:45092483;T|C;Family=12759	-1.74864649643449	0.0266837962244325	0.238502311967904	1
chr20:45373619;C|A;Family=12201	0.826341423436447	0.169618610515919	0.568165080611451	1
chr20:45648601;G|A;Family=14610	0.974461511423454	0.391429164602137	0.764529179977328	1
chr20:47188268;GAC|G;Family=13703	0.653524654567265	0.518673588520502	0.82504264885846	1
chr20:4784171;T|C;Family=14394	-0.612142868783907	0.385704047332918	0.762041814185051	1
chr20:49892051;T|C;Family=13324	-0.692821189073898	0.0504641257504752	0.329505057860226	1
chr20:50961374;A|G;Family=14219	0.286127429382969	0.474677930792984	0.809718887791835	1
chr20:51390478;G|A;Family=12617	-0.310223697996841	0.209533833987623	0.619808491514957	1
chr20:51598823;T|C;Family=14311	0.500276004442496	0.570346075424899	0.850964632638855	1
chr20:51600915;G|A;Family=14455	-0.107891553034901	0.539190744690899	0.832287029428304	1
chr20:5195022;A|C;Family=14547	-0.406968878414565	0.152524475801219	0.544844828485638	1
chr20:53944804;G|T;Family=11526	-0.713091569327963	0.342400602863467	0.735338594479094	1
chr20:57169515;G|C;Family=12100	0.117635351510676	0.627072965504427	0.871785867787724	1
chr20:58364108;T|C;Family=12708	0.5136218055959	0.0100899671082536	0.132439638197147	1
chr20:58444831;C|G;Family=12394	0.460695334974971	0.170758771626887	0.570046737452387	1
chr20:58449461;A|G;Family=14231	0.590204166671229	0.212538742419391	0.624012538872099	1
chr20:58856372;G|A;Family=12735	-0.241339932749843	0.529478298008506	0.826814280667192	1
chr20:58903684;G|A;Family=14373	-0.344799103842127	0.33306966001048	0.727366785153777	1
chr20:58909186;C|G;Family=11132	0.391261968915058	0.615347444949652	0.869079875222345	1
chr20:59028971;C|T;Family=11181	0.00883272036122516	0.987237815119343	0.995641054313883	1
chr20:59325214;C|T;Family=14063	0.895171065077878	0.120983046265365	0.492990875296253	1
chr20:59947941;CAT|C;Family=11018	0.7791804377568	0.263726627364567	0.677889858160571	1
chr20:61975114;T|C;Family=13718	0.436048775524487	0.243002866269377	0.659734917675926	1
chr20:62286187;G|T;Family=14481	-0.145902651821397	0.631199416521852	0.872390419933321	1
chr20:62668294;C|T;Family=11189	0.338685585470163	0.209084033198546	0.619612037723051	1
chr20:62671759;G|A;Family=12719	-0.101712860032572	0.836987420326044	0.953497573530454	1
chr20:62877971;A|G;Family=13026	0.0355260666887437	0.850377526576958	0.956418902783917	1
chr20:62878254;G|A;Family=13738	-0.00703814221067584	0.992711565277217	0.997761503628024	1
chr20:62968800;G|C;Family=13496	-0.433265356909839	0.431735300628092	0.795984390031093	1
chr20:63743053;G|A;Family=12578	-0.30153749499705	0.600107685403477	0.863474224225625	1
chr20:63746676;G|A;Family=12738	0.543817967369633	0.381006038887384	0.760930217815533	1
chr20:64240571;G|A;Family=12623	0.69920495600634	0.00815135066756191	0.114607379797855	1
chr20:64275397;A|T;Family=14209	-0.123958961007915	0.856175371454201	0.957997718163657	1
chr20:7978072;A|G;Family=12360	0.658833206422255	0.206956211692738	0.618069704609814	1
chr20:9480988;G|A;Family=11835	-0.254501277528964	0.121527900553374	0.492990875296253	1
chr21:17565664;C|T;Family=12680	-0.334217749029844	0.03197689397743	0.264730834878753	1
chr21:21539712;C|T;Family=13039	-0.655506030718034	0.156948337937665	0.553224470063843	1
chr21:28929048;T|C;Family=12497	0.17484528883895	0.530560277409778	0.826897190900013	1
chr21:30592947;A|T;Family=13524	1.25279243485718	0.0422819736890208	0.305831462868177	1
chr21:32044396;G|T;Family=11246	1.80180265116676	0.00101371167873298	0.0245514428513781	1
chr21:33517446;T|C;Family=12197	0.14601376535147	0.346937891345739	0.737910392916758	1
chr21:34102835;G|T;Family=14531	0.251948980495993	0.420696264511371	0.791199955577952	1
chr21:34717175;G|A;Family=12480	-1.03132171864533	0.0194199055268211	0.199186681277832	1
chr21:34788264;A|G;Family=14223	-1.26008502780601	0.0477971411582702	0.322813102865546	1
chr21:36375813;G|C;Family=13129	0.0742348242053809	0.779690289695452	0.937526376526818	1
chr21:37516066;C|T;Family=14550	0.0308587384109669	0.940308140335677	0.985273974306327	1
chr21:37608596;G|A;Family=13903	0.790905567379309	0.131331848439233	0.51037242136737	1
chr21:38301666;C|A;Family=13938	0.185671132358646	0.475727146529935	0.809718887791835	1
chr21:39175161;G|A;Family=12295	-0.373411051812398	0.490736389924942	0.814115803503004	1
chr21:39196527;GT|G;Family=14292	-2.51378694385517	0.0307478132310016	0.259387170492539	1
chr21:41408906;A|G;Family=14317	-0.0622824851097385	0.792770562126562	0.941811426438989	1
chr21:41465356;G|A;Family=14040	-0.167896645406509	0.711908764128447	0.908945039602148	1
chr21:41801553;T|C;Family=14348	0.139592904713069	0.826060572864233	0.950362056552966	1
chr21:41885311;C|A;Family=12483	0.0386021924472269	0.959151385511093	0.988260803233648	1
chr21:42775306;G|A;Family=14216	-0.534001007142055	0.103732643807323	0.464623181292216	1
chr21:43529357;T|G;Family=12445	0.695219550058998	0.0891444420757491	0.43292139140021	1
chr21:43693482;C|T;Family=13543	0.131641205643791	0.492704637689102	0.814981725856862	1
chr21:44079633;C|A;Family=12308	-0.978176571534572	0.265097600747652	0.678721578826949	1
chr21:44087918;C|T;Family=22364	0.703132072961285	0.331370931674069	0.725768073223135	1
chr21:44145706;G|A;Family=13942	-1.11863482155159	0.0919586606031993	0.437532080994183	1
chr21:44228232;C|T;Family=11299	-1.10042087747671	0.00348685387999856	0.0635949010078697	1
chr21:44319382;A|G;Family=22252	-0.250754366444729	0.297121407498966	0.697015266963841	1
chr21:44459443;T|C;Family=14203	0.0387631109636419	0.909640290058324	0.975926125564735	1
chr21:45223082;C|G;Family=13752	-1.15181883694803	0.0390548919062187	0.297426262300869	1
chr21:45264278;G|A;Family=13620	-1.63750618341862	0.00811343376524215	0.114607379797855	1
chr21:45942406;GC|G;Family=12793	0.381328409618184	0.486701236765689	0.813748174461458	1
chr21:46129683;G|A;Family=14375	-0.786557302455672	0.105569963887594	0.468269600887956	1
chr22:17114976;A|G;Family=12478	0.029978956660862	0.909778951924285	0.975926125564735	1
chr22:17115083;A|G;Family=12437	-0.275639158773641	0.582908762201774	0.855440646043301	1
chr22:17115310;GA|G;Family=14026	0.066332461745776	0.862967922927441	0.959770074203215	1
chr22:17555822;G|A;Family=11169	-0.0883975221770096	0.83240726719169	0.952146983035351	1
chr22:17788481;G|C;Family=14587	-0.373820349709839	0.577244521931047	0.853290909915781	1
chr22:17788756;T|TG;Family=13394	-0.713023799190396	0.432855927132067	0.795984390031093	1
chr22:17789787;C|T;Family=13195	0.172266267111402	0.597299628364675	0.861320618095964	1
chr22:17790452;C|T;Family=11305	-0.111705545679464	0.739190538862099	0.920582708199878	1
chr22:18095494;G|A;Family=12902	-0.0432853394133793	0.932786104441266	0.981412285894763	1
chr22:19783767;C|T;Family=13239	0.538056605880546	0.498859891948837	0.817794113883691	1
chr22:19894032;T|A;Family=13942	0.225401696573458	0.249394892250377	0.663521208722832	1
chr22:20111199;C|T;Family=12942	-0.00445151131768448	0.99160884796179	0.997187145793882	1
chr22:20987529;G|GT;Family=12907	0.406633923062077	0.111100527444195	0.480599381229523	1
chr22:20995791;G|T;Family=13016	-0.33700528433541	0.53027373460572	0.826897190900013	1
chr22:20996054;G|A;Family=14192	0.307374820931059	0.765746353819457	0.933315523453974	1
chr22:21447279;C|T;Family=12329	-0.36650541286954	0.475896510379913	0.809718887791835	1
chr22:21756331;C|T;Family=12014	0.00947813335059144	0.968522764807076	0.990420718901053	1
chr22:21757478;G|A;Family=14523	0.545579298744247	0.445538192815254	0.804398444036672	1
chr22:21763712;T|C;Family=12314	0.585305164868858	0.477169586106961	0.810173960310054	1
chr22:21920263;G|A;Family=13099	-0.65640396263194	0.044830649330885	0.312703861596328	1
chr22:21958603;A|G;Family=12323	-1.21939661827176	0.0476818172571643	0.322813102865546	1
chr22:22484816;G|C;Family=14307	1.05400036564532	0.0611914588549099	0.361183548020962	1
chr22:23164296;G|A;Family=12964	-1.0246415416539	0.152228029328646	0.54477027845542	1
chr22:23743320;A|G;Family=12197	-0.739769701746356	0.483732009421094	0.813748174461458	1
chr22:24586266;T|C;Family=14185	-1.20398116866951	0.286703095110106	0.691254604395207	1
chr22:24588307;G|A;Family=13551	-0.478245692557888	0.247194571205489	0.663308377630739	1
chr22:25351735;T|G;Family=14290	-1.59657345839027	0.0143744036178413	0.165526107918332	1
chr22:25722315;G|C;Family=14539	0.881193810322412	0.222370962185144	0.634814138435765	1
chr22:28757200;G|A;Family=12683	0.368748898211861	0.646201971656583	0.878094512984591	1
chr22:29259151;T|C;Family=13050	-0.852476582098493	0.0974957804311325	0.448618747113947	1
chr22:29730488;C|G;Family=13089	0.0423924905980582	0.955160790765474	0.988260803233648	1
chr22:30334131;G|A;Family=14560	0.107556737528012	0.823679814450395	0.950328024958306	1
chr22:30423991;T|C;Family=11489	0.133381058272963	0.819406596047775	0.949121599649226	1
chr22:30461448;C|G;Family=11989	2.25522212754122	0.0198552631166898	0.200211542415764	1
chr22:31683328;G|A;Family=12382	-0.146217050593484	0.789229033214293	0.940560568471891	1
chr22:31906668;C|T;Family=12360	2.10256190401861	0.009839710705245	0.130523936351554	1
chr22:32861747;G|A;Family=12796	-0.865718658514845	0.000119564739054118	0.00440045127852115	0.448846030409157
chr22:33273439;T|C;Family=12457	-0.526120394781653	0.532174643903684	0.826897190900013	1
chr22:35294562;C|G;Family=12697	-0.0128630368755617	0.972572722458778	0.991321748604467	1
chr22:35740448;C|T;Family=11415	0.415914376894274	0.151593178977934	0.543534664644858	1
chr22:36282343;G|A;Family=12976	-0.344814269921056	0.548620899125905	0.838909513368084	1
chr22:36467645;C|G;Family=14380	-1.33600030646617	0.10403076802962	0.464918456170468	1
chr22:37180478;C|T;Family=13007	0.00609340874457794	0.984018387118931	0.994348593605509	1
chr22:37180625;C|T;Family=11029	0.792851045422121	0.162020541208647	0.559483151497912	1
chr22:37697628;G|A;Family=11368	0.182603391858929	0.745313951594857	0.923338457543394	1
chr22:37813556;C|T;Family=13576	-0.473115711751197	0.386602018713217	0.762239484374694	1
chr22:37968182;C|CTCTTA;Family=13071	-1.26245509995027	0.00444478669226732	0.0758442238307796	1
chr22:38221428;C|T;Family=11502	-0.0663989792368959	0.9201820122108	0.977940401548745	1
chr22:38485351;A|G;Family=14649	-0.239620804979585	0.618295949566381	0.870950467043975	1
chr22:38519103;C|G;Family=14185	0.0737872401288154	0.900696441275056	0.973011349797571	1
chr22:38733162;C|T;Family=14467	-0.423339757158509	0.373400008305892	0.756921571080755	1
chr22:38863175;C|G;Family=12631	0.348563496553647	0.0461801175852869	0.317800417978949	1
chr22:39018581;T|C;Family=12407	0.169681523972438	0.298561680681368	0.697015266963841	1
chr22:39020064;G|A;Family=12671	0.215372539576782	0.715406633733088	0.911374935923924	1
chr22:39490288;T|A;Family=14249	-0.120423578206392	0.605414242437983	0.865785276229396	1
chr22:40036181;C|T;Family=11835	0.51692599145362	0.337798081562708	0.733162074714205	1
chr22:40329704;C|T;Family=11312	-0.240107157827054	0.533418532483477	0.827838800179662	1
chr22:40331447;G|C;Family=13034	-0.295296361771445	0.199550032334588	0.604121630148422	1
chr22:40332081;T|G;Family=14046	0.15288579990241	0.871300266749445	0.963230581851112	1
chr22:40361509;A|T;Family=13203	0.111828339048755	0.697719161534734	0.900081694983296	1
chr22:40364303;C|T;Family=12738	-1.11862823045953	0.0508842848274465	0.331056508218777	1
chr22:40835633;G|C;Family=14515	-0.629943304138695	0.573212400832341	0.851876228315364	1
chr22:41358553;C|G;Family=13807	-0.225931312855115	0.336869897824332	0.732682269080269	1
chr22:41898660;A|G;Family=11415	1.57517692100331	0.0340569330209929	0.276133318705848	1
chr22:41898705;C|G;Family=12120	0.520583380982333	0.248920200275115	0.663320048541172	1
chr22:41903002;G|A;Family=14644	-0.16797094316499	0.825216198907167	0.950328024958306	1
chr22:42031433;G|A;Family=11159	-0.333498591317498	0.482939303754752	0.813748174461458	1
chr22:42383755;CT|C;Family=11219	0.617595750881101	0.295406452268268	0.697015266963841	1
chr22:42510354;G|A;Family=14458	0.369955913530362	0.121021375013651	0.492990875296253	1
chr22:43068521;G|A;Family=12976	-0.0986269395416971	0.893361610235256	0.971055544529607	1
chr22:43163169;G|A;Family=14659	-3.06264321989715	0.00184277459241671	0.0375966077170235	1
chr22:43199409;A|G;Family=13146	-0.765333284072103	0.00596933915823286	0.0936962560743524	1
chr22:43238370;G|A;Family=11057	-0.140441536419847	0.759950380318508	0.930784250478199	1
chr22:44244437;G|A;Family=11235	0.451668562008777	0.460611024042356	0.809368808378051	1
chr22:44247500;C|G;Family=14356	0.681004485631418	0.0802437601504055	0.414544656979455	1
chr22:44881542;TG|T;Family=14096	1.34463856268345	0.000122380710223165	0.00446036103085205	0.459417186177761
chr22:44882646;C|CCATG;Family=11304	-0.561439570127395	0.00800817762809089	0.114306839604005	1
chr22:45190914;TAGAG|T;Family=11942	1.5007462495124	0.0158484350259183	0.176934279813912	1
chr22:46293891;C|G;Family=14470	0.849124922645597	0.165689175566816	0.564938387899933	1
chr22:46361866;G|T;Family=13599	-0.299542387236135	0.62253369469446	0.871068824935597	1
chr22:47173887;C|T;Family=11424	1.01356417144023	0.284122540091597	0.689769118615253	1
chr22:49773989;G|A;Family=11645	-0.441637783571331	0.0537151415634583	0.339472460318556	1
chr22:49774277;G|A;Family=11301	0.40734958075336	0.433190226114417	0.795984390031093	1
chr22:49888231;T|C;Family=14629	0.414067404877701	0.507931540341396	0.82004374781491	1
chr22:49901548;TTG|T;Family=14486	-0.728646551346756	0.204681758003344	0.613807520614139	1
chr22:50178310;C|T;Family=12201	0.804214896905243	0.370442687163668	0.75619458815248	1
chr22:50218044;G|A;Family=12463	-1.48462602757922	0.209849918144782	0.619808491514957	1
chr22:50275338;G|A;Family=13364	0.585103164254165	0.39410747417255	0.766429707512419	1
chr22:50445576;G|C;Family=14316	0.159992001172472	0.22347269218428	0.635686455638183	1
chr3:100181264;A|C;Family=13221	-0.160512060289291	0.747213874166894	0.924438775210816	1
chr3:100357788;C|T;Family=13037	-0.197069146002773	0.46147041762624	0.809368808378051	1
chr3:10099443;C|T;Family=11407	0.645909397595872	0.00275146620753928	0.0524314931121952	1
chr3:101671350;T|C;Family=12676	-0.0447552315067005	0.817165071049207	0.948846040010131	1
chr3:10325764;C|T;Family=13543	-0.431649758217183	0.247139398363483	0.663308377630739	1
chr3:10325905;T|C;Family=13925	0.571712944677428	0.0738000592390612	0.396913212583719	1
chr3:105576696;C|T;Family=12335	0.754025440351258	0.447960292717991	0.805819614172225	1
chr3:105655851;C|T;Family=14051	0.234083486661698	0.386199523829469	0.762041814185051	1
chr3:107811324;A|C;Family=11038	0.00896779874466252	0.973366584082585	0.991442929259117	1
chr3:108043546;C|CA;Family=14670	0.0934697677346235	0.924387261169402	0.979842827655335	1
chr3:108191577;G|A;Family=12299	-0.571522876933111	0.236251472869033	0.650171632729351	1
chr3:111606844;G|T;Family=12859	0.0493676360592253	0.803931358312946	0.943221763906086	1
chr3:111975878;TTGTC|T;Family=12775	0.705474524224518	0.192716278683629	0.59620814989631	1
chr3:112117415;G|A;Family=13267	-1.05805143335197	0.0196707390621327	0.200029400922501	1
chr3:113291328;C|T;Family=11214	0.519506664661014	0.318218722775843	0.712313534862024	1
chr3:113719696;AT|A;Family=13533	0.291419872966147	0.526533835165787	0.826814280667192	1
chr3:113809668;A|G;Family=14645	-0.919582052488522	1.25219517202816e-06	9.40148135158745e-05	0.00470074067579373
chr3:113933626;G|A;Family=13614	-0.246450892023741	0.588021541842451	0.858255391942675	1
chr3:113961731;A|T;Family=13466	0.122002290988446	0.894999522497044	0.971610239286843	1
chr3:114005793;G|C;Family=14320	-0.812206386805325	0.337488639628762	0.733162074714205	1
chr3:11809017;G|A;Family=13625	0.651929987002165	0.130163897096052	0.507983483391257	1
chr3:119211871;T|C;Family=13619	-0.0321058456415041	0.842972094364858	0.955470181837462	1
chr3:119447066;T|C;Family=11888	0.175901795262009	0.305959741011548	0.702491050616117	1
chr3:119486870;C|T;Family=13835	-0.8581640686632	0.250487575400652	0.664631009282283	1
chr3:120167266;C|T;Family=11721	-0.0243610772185051	0.961859302958319	0.988260803233648	1
chr3:121158446;A|T;Family=13128	-0.529016491811793	0.0164978354093101	0.181090275223831	1
chr3:121626977;T|C;Family=13071	0.201852648831922	0.733298516325969	0.917635978884878	1
chr3:121694586;C|A;Family=14637	1.4041477988053	0.164335374917827	0.563392691727418	1
chr3:121854701;A|G;Family=14313	-0.868234051801704	0.211011982945617	0.621285477629685	1
chr3:122120916;C|T;Family=12681	-0.480173625168038	0.558067181199936	0.846116396698126	1
chr3:122574927;A|T;Family=14652	-0.737127731169521	0.163448544538835	0.561377709239512	1
chr3:123274084;T|G;Family=12692	0.5675355874523	0.459844971072558	0.809368808378051	1
chr3:123944909;A|G;Family=11094	-0.110626439123174	0.796845756179875	0.943221763906086	1
chr3:124746887;C|T;Family=13787	-0.92766917440385	0.191036342298981	0.595653432249086	1
chr3:125226421;C|T;Family=14534	0.066013971737348	0.872216308161903	0.963230581851112	1
chr3:125231841;G|T;Family=14687	0.141786423424427	0.798879018496011	0.943221763906086	1
chr3:12584278;G|A;Family=11108	1.24725261773772	0.128714947385962	0.504926464919447	1
chr3:126103832;T|G;Family=13802	-1.22560756131114	0.243184071750602	0.659734917675926	1
chr3:126135218;G|C;Family=11263	-0.22444843715314	0.635178034407849	0.874388830644321	1
chr3:127035373;G|C;Family=11474	0.0121480844261927	0.983030638357495	0.993885541716681	1
chr3:127615888;C|A;Family=14118	1.36959593782483	0.0998930024196991	0.455648032908324	1
chr3:127676379;T|G;Family=14320	-0.0256240882925996	0.919752047347082	0.977940401548745	1
chr3:127986875;C|T;Family=12056	0.217883901080158	0.747796077564083	0.924438775210816	1
chr3:128480896;G|C;Family=11504	0.805757488980014	0.467222494300845	0.809718887791835	1
chr3:129040491;G|T;Family=12011	0.961426714697241	0.159020043859123	0.554712187495576	1
chr3:131165459;C|T;Family=14136	0.839098358522722	0.405445409580881	0.775556886485194	1
chr3:1321790;A|G;Family=12964	0.69934919297472	0.254829570209968	0.668116847678705	1
chr3:1329859;G|A;Family=12385	0.0233283316191089	0.930510065435201	0.980666700068429	1
chr3:133826778;G|A;Family=11413	-0.801485301320353	0.193433140858651	0.596244806898909	1
chr3:133827116;G|T;Family=12724	-0.514221876088628	0.111380250844349	0.480599381229523	1
chr3:133934381;C|A;Family=14482	0.193075019403411	0.524565529889011	0.826814280667192	1
chr3:134478503;C|G;Family=22052	-0.525723088318309	0.158800230334303	0.554712187495576	1
chr3:136145938;T|C;Family=14243	-0.023884753462838	0.929330646781404	0.980593469279562	1
chr3:136149821;A|G;Family=12779	-0.640863329905966	0.210783251756461	0.62109915784439	1
chr3:136327689;A|G;Family=14211	-0.0772940185697788	0.85485467505972	0.957258119022861	1
chr3:136338071;A|G;Family=11236	-0.359603673999843	0.685412510578174	0.892152907752213	1
chr3:136338441;T|TTGA;Family=13006	1.69835683323113	0.0412489115586625	0.302557715542191	1
chr3:136980530;C|G;Family=13129	0.228678162375309	0.356962129995314	0.746538070196327	1
chr3:136989446;C|G;Family=11356	-0.528884441860711	0.568970275901421	0.850356322979689	1
chr3:137010732;C|G;Family=13940	0.405080793982801	0.108361034058104	0.474749307254944	1
chr3:138167118;T|C;Family=13798	0.42905065384883	0.0217408031689959	0.208757797790271	1
chr3:13818784;A|AT;Family=11453	-0.663343577368925	0.359758476596552	0.749531747012825	1
chr3:138324244;G|A;Family=12759	-0.152610000341324	0.75724482044581	0.929236703374651	1
chr3:138405114;G|A;Family=12324	-0.143045585439805	0.735911930108225	0.918422003200225	1
chr3:139561332;T|C;Family=13555	0.0589483567777127	0.892834774236769	0.971055544529607	1
chr3:140571367;A|G;Family=14452	-0.0406365285112373	0.939954613577747	0.985273974306327	1
chr3:14130863;C|T;Family=13412	-0.801654123015757	0.0979531123376064	0.448981665098137	1
chr3:141817086;G|A;Family=11069	0.0887127906374545	0.740905090756769	0.921284435475625	1
chr3:141946431;CT|C;Family=13375	-0.438943103280832	0.214937730430491	0.626943465451487	1
chr3:141946441;A|C;Family=13375	0.644209631492849	0.291785028163602	0.6950260125166	1
chr3:14198632;G|C;Family=12782	0.0370152529353544	0.872720786617164	0.963230581851112	1
chr3:142961716;T|G;Family=12303	0.744619952926763	0.0807317283320792	0.414544656979455	1
chr3:143057916;C|T;Family=11580	-0.209639878847376	0.477711427232481	0.81072725941715	1
chr3:143059102;A|AT;Family=11142	-0.189686782888436	0.315312079579494	0.709946197172027	1
chr3:14490580;A|C;Family=11121	-0.680928479860459	0.165437476767807	0.564592988896681	1
chr3:148742791;T|G;Family=13028	-0.094730556011625	0.791396169592725	0.941350196657506	1
chr3:149965507;CTT|C;Family=11455	0.72182259403324	0.449185326597975	0.805819614172225	1
chr3:150464875;AG|A;Family=13023	0.0010786510010994	0.997800902863747	0.999011434477853	1
chr3:150543729;T|G;Family=12975	-0.132768226293551	0.628648682632624	0.871785867787724	1
chr3:151435545;T|C;Family=12313	0.0126488695010982	0.958520662148816	0.988260803233648	1
chr3:153168786;A|G;Family=11919	-0.371181503074705	0.401277523015962	0.772478875986877	1
chr3:154272947;A|T;Family=14536	-0.000689710119653067	0.998479196100401	0.999011434477853	1
chr3:155833498;G|A;Family=12929	-0.888124173874579	0.0033235486823392	0.0613531241545322	1
chr3:155940583;C|T;Family=14200	-0.801464510412009	0.300007037722489	0.699519515285854	1
chr3:155941178;G|A;Family=11046	0.236967569125886	0.617601875550683	0.870779780313782	1
chr3:155942209;C|T;Family=11544	0.122094257420919	0.570558865304208	0.850964632638855	1
chr3:156537898;T|C;Family=14258	-0.219077213420193	0.692037978590989	0.895487697191909	1
chr3:156538430;A|C;Family=14076	0.582130305302662	0.331225041140238	0.725768073223135	1
chr3:156925112;G|C;Family=11718	-0.100267483962195	0.792081104313475	0.941568228496765	1
chr3:157148062;G|C;Family=12324	0.974792735129778	0.199501005980644	0.604121630148422	1
chr3:157152211;A|G;Family=12512	-0.31052040938102	0.463065704181847	0.809686167728805	1
chr3:160417783;G|A;Family=13082	0.227374841152125	0.681054754959396	0.890004227263073	1
chr3:160436833;T|A;Family=14215	0.937417458015967	0.0268732966673507	0.239625547955427	1
chr3:161071100;G|C;Family=11462	0.421379851962129	0.073389164191919	0.395837532150092	1
chr3:161252221;T|C;Family=11227	-0.111158699361097	0.405545596209493	0.775556886485194	1
chr3:169779365;C|A;Family=11195	0.408074570125781	0.289853447003406	0.692882002389742	1
chr3:169926859;G|C;Family=13254	-0.217816166043098	0.849249287210468	0.956418902783917	1
chr3:170396591;G|A;Family=12396	-0.190054738556157	0.456004152874986	0.809339260781398	1
chr3:170890492;G|A;Family=13583	-0.580452953667079	0.604757440834959	0.865785276229396	1
chr3:171859042;T|A;Family=14011	0.892446782697881	0.344625563588213	0.737910392916758	1
chr3:171859268;G|C;Family=14011	0.479214387050468	0.654294023591391	0.882262846466264	1
chr3:175808323;G|A;Family=12430	-0.804343045189825	0.105903274148608	0.468269600887956	1
chr3:175808777;T|C;Family=11349	0.814839151768599	0.0910269020895264	0.435819460322955	1
chr3:175808943;A|G;Family=14360	0.283335045341804	0.195938791465927	0.598985523748446	1
chr3:177024818;A|G;Family=11897	-0.42047502066967	0.159827414705406	0.55657895621901	1
chr3:179397074;A|T;Family=13523	0.550157279529666	0.365253281987765	0.752285958576891	1
chr3:179399799;A|G;Family=13706	0.6003481563343	0.058495619399431	0.356329840296886	1
chr3:179626617;G|A;Family=14671	0.0646537695161712	0.846683697311127	0.956418902783917	1
chr3:179797486;A|G;Family=14155	0.590176211305783	0.254512826350202	0.668116847678705	1
chr3:180610162;A|C;Family=14557	0.199893661925587	0.727842801373455	0.916355146252602	1
chr3:182944935;C|T;Family=14247	0.0808869282820212	0.883460205701725	0.968606779265268	1
chr3:183272134;G|A;Family=14425	0.788244807543686	0.232554485622621	0.646673732612829	1
chr3:183681295;A|G;Family=11172	0.0873172742101836	0.863946665860761	0.959770074203215	1
chr3:183949843;G|A;Family=11159	0.258198559554284	0.591720297107738	0.860505000287519	1
chr3:183963531;G|A;Family=11793	0.228449442862062	0.475475517932511	0.809718887791835	1
chr3:184292359;C|G;Family=12304	-0.227255079086847	0.158739762761899	0.554712187495576	1
chr3:184322831;G|C;Family=11265	-0.615267869035642	0.339514162384744	0.733652512799099	1
chr3:184322841;C|T;Family=12523	-0.197343534607003	0.531687529156922	0.826897190900013	1
chr3:184325022;A|C;Family=12285	-1.65532532320312	0.0225859166665156	0.215394049756826	1
chr3:184353323;C|T;Family=11205	0.268774575235434	0.737947696808442	0.920045052746228	1
chr3:184371956;G|A;Family=12375	-0.533604709495116	0.514951269094073	0.821907765382292	1
chr3:185079873;C|G;Family=12794	-0.591681875964687	0.390492331678141	0.763858367666203	1
chr3:185081076;G|GT;Family=12210	0.147733169272469	0.824889204881837	0.950328024958306	1
chr3:185484490;A|G;Family=12921	0.979463505998801	0.178547462591639	0.582608915303138	1
chr3:185491643;A|G;Family=12573	-0.139855864738775	0.77568913689327	0.936235683724942	1
chr3:185631246;G|A;Family=11263	0.513292633496519	0.0969265636456731	0.448618747113947	1
chr3:186551141;G|A;Family=11380	-0.133762335532194	0.450519092671421	0.805819614172225	1
chr3:186855227;T|A;Family=13383	-0.448825009926987	0.364645262665058	0.752285958576891	1
chr3:186856850;A|T;Family=11046	1.35460277106791	0.0310971161999029	0.260180797686343	1
chr3:187077425;G|C;Family=12326	-0.363551307775195	0.411850674517793	0.781548290266678	1
chr3:188746522;A|G;Family=11749	-0.151755791322507	0.851800583926191	0.956418902783917	1
chr3:188877000;T|C;Family=12055	-0.300847555740506	0.536050681604351	0.829144729601456	1
chr3:190308176;A|G;Family=11101	1.3559764573696	0.185865411944127	0.589638330051031	1
chr3:190429125;TC|T;Family=14527	-0.272925538853094	0.709010577329591	0.906940991507353	1
chr3:190648856;A|AT;Family=14551	0.583565367924767	0.401466778649546	0.772478875986877	1
chr3:191397225;A|G;Family=12653	0.777671155305596	0.0197152046727026	0.200029400922501	1
chr3:193274903;G|A;Family=11651	1.00203135646762	0.0334369837158635	0.272282943317465	1
chr3:195741032;C|T;Family=14112	0.412280651356486	0.455054181754543	0.809339260781398	1
chr3:195765065;A|G;Family=11984	-0.0458763482289967	0.868312651017692	0.962115021227986	1
chr3:195863418;C|T;Family=14007	-0.52026045680567	0.25535943012913	0.668116847678705	1
chr3:196353313;G|A;Family=14186	0.54535495821253	0.0833084212191431	0.423193252038786	1
chr3:197787323;C|T;Family=13210	0.0711256506991201	0.866809214288997	0.961203647964996	1
chr3:197882964;G|T;Family=12661	-0.205057914700884	0.461672225000165	0.809368808378051	1
chr3:19984533;C|CA;Family=11017	-0.383888750268754	0.723725793276196	0.913379159834388	1
chr3:21419460;T|C;Family=13018	0.52262098576061	0.0702445531411804	0.388041475412685	1
chr3:21564628;G|A;Family=14224	-0.798939291849322	0.252324076351101	0.66696626806587	1
chr3:24118529;A|G;Family=12779	1.10223999099441	0.0309882022477459	0.260180797686343	1
chr3:24144679;T|C;Family=11027	-0.418486629575346	0.626832236066374	0.871785867787724	1
chr3:28322041;T|C;Family=13165	-0.572790893030422	0.181129160879018	0.585268825732081	1
chr3:3057637;A|G;Family=13879	1.10537746205172	0.0191408557877466	0.197362761631713	1
chr3:3069823;G|A;Family=13601	-0.00186227267757546	0.996607917496433	0.999011434477853	1
chr3:33869532;T|A;Family=12274	-0.564504519399031	0.341815688857817	0.735020940277764	1
chr3:35690133;GACA|G;Family=11944	0.849869641813451	0.270087976261931	0.682154075333405	1
chr3:36987921;A|G;Family=11023	-4.32263424587509	4.35022060947601e-05	0.00196755761059915	0.16330728167973
chr3:37819231;G|C;Family=12255	-0.859376194211894	0.151066371181198	0.542726317480789	1
chr3:37981612;T|C;Family=13636	2.09283808412965	6.17029189069544e-05	0.00255267810790599	0.231632757576707
chr3:38141218;G|A;Family=11062	0.315973045885778	0.732823781164585	0.917635978884878	1
chr3:38230542;C|T;Family=14463	-0.00700269798981553	0.974760298194278	0.991442929259117	1
chr3:38253849;C|T;Family=14603	-0.325356585332922	0.58858789355934	0.858748135414599	1
chr3:38254090;C|T;Family=14603	-0.189698486927046	0.316508391378725	0.710746680544203	1
chr3:38413212;G|A;Family=11347	-0.0886491298617343	0.897445048610848	0.972451589257125	1
chr3:39525249;G|A;Family=12303	-0.101236007316654	0.774103019088609	0.936235683724942	1
chr3:40258343;TCAG|T;Family=12493	-0.611542458843311	0.519059350531484	0.825222930323028	1
chr3:40464578;G|A;Family=13346	-0.489644200688541	0.00705463546466072	0.105510364678631	1
chr3:42203612;G|A;Family=12585	0.322389121075351	0.428864607537139	0.795984390031093	1
chr3:42536507;G|A;Family=13724	-0.352714436530993	0.0887835939818143	0.432287434251272	1
chr3:42536824;C|T;Family=11324	0.38816920648835	0.527211395301075	0.826814280667192	1
chr3:42647134;A|C;Family=14617	-0.774132313576792	0.0847176995133982	0.425174122958953	1
chr3:43349876;T|G;Family=12518	-0.177459324031982	0.711149215555601	0.90835459516697	1
chr3:43350246;A|G;Family=12778	0.177053701754071	0.507216753383199	0.820022261929599	1
chr3:4362061;T|C;Family=12154	0.0459942683191281	0.956434339935155	0.988260803233648	1
chr3:43717811;G|T;Family=12320	-0.361308563508484	0.39540865397902	0.766716987106012	1
chr3:44439695;A|C;Family=13856	-0.229461377652017	0.616473329588566	0.870117291839626	1
chr3:45547599;G|A;Family=11184	-0.228523994121396	0.697059867822831	0.899540303818119	1
chr3:45679692;C|T;Family=13835	-0.524401704170304	0.18716735506742	0.590442227666465	1
chr3:45680381;C|T;Family=12006	0.275119459144161	0.37417267425841	0.756921571080755	1
chr3:45756935;G|C;Family=13684	-0.359623705283853	0.4878429320905	0.813748174461458	1
chr3:45901659;G|T;Family=14058	0.74752276008067	0.232081851660277	0.646316966715638	1
chr3:45919816;A|T;Family=14292	-0.445696960673241	0.486508054470328	0.813748174461458	1
chr3:46710394;T|C;Family=11472	-0.39167594861268	0.651399357716915	0.881659379665184	1
chr3:47846504;G|A;Family=11356	0.177997296200301	0.676910723088112	0.88902201371488	1
chr3:47852360;C|T;Family=13169	0.109351646020587	0.754069356390742	0.927819194982251	1
chr3:48270786;C|A;Family=14351	-1.04423783147516	0.152954422428276	0.544844828485638	1
chr3:48294675;G|A;Family=13600	0.643990193249699	0.404064013241564	0.774301330121915	1
chr3:48404401;G|T;Family=13973	0.358095942661459	0.382829671200238	0.760930217815533	1
chr3:48415712;C|A;Family=12689	-1.5540251992289	0.150772281982333	0.542726317480789	1
chr3:48561884;G|A;Family=12108	0.310834743586567	0.505301374732267	0.819222889348239	1
chr3:48637346;C|T;Family=13895	0.219431532844981	0.657757239251029	0.884209595127876	1
chr3:49683365;T|C;Family=12440	-0.731935847426421	0.118592322685617	0.491385849185218	1
chr3:49713972;A|G;Family=13307	-0.306157344043743	0.1109933408121	0.480599381229523	1
chr3:49721483;G|T;Family=12412	0.535038124312144	0.0611756055440087	0.361183548020962	1
chr3:49724909;A|T;Family=11245	0.874008545685203	0.0526297515171418	0.337153732415274	1
chr3:49724965;G|A;Family=13831	-0.577640945549261	0.0012227489053948	0.0286887461928256	1
chr3:50101065;G|A;Family=13900	0.173382310092809	0.777371093265213	0.936235683724942	1
chr3:50287240;G|T;Family=13486	-0.510224233844367	0.388520674556435	0.763858367666203	1
chr3:50325514;C|T;Family=22280	-1.49176505511191	0.0173715962685883	0.186322778263659	1
chr3:50326397;C|T;Family=13833	0.26252036490651	0.225013962980643	0.636660395082582	1
chr3:50584208;G|A;Family=12548	-1.03000446939422	0.0274572148168968	0.240904147775255	1
chr3:50607476;C|T;Family=12162	-0.253715068587009	0.652538705391768	0.881659379665184	1
chr3:51382348;G|A;Family=22308	-0.715210905010967	0.250042487307617	0.664302545897235	1
chr3:51397631;T|TA;Family=11108	0.436501550770336	0.65501121980626	0.882482743784306	1
chr3:51981177;A|G;Family=13988	0.971075437847774	0.261595847602687	0.675864288988636	1
chr3:52710657;G|C;Family=14404	0.0257227868214015	0.928232844747961	0.980192995551011	1
chr3:52840077;G|T;Family=11736	-0.496666220409562	0.46837946107415	0.809718887791835	1
chr3:53091713;TC|T;Family=12524	-0.256579377730754	0.394980964765273	0.766429707512419	1
chr3:53815743;G|A;Family=11196	0.179362376132371	0.358715625926772	0.748121366516169	1
chr3:56570051;G|C;Family=14314	-0.94962276859604	0.00969528063089112	0.130139348724145	1
chr3:57091151;T|C;Family=11888	-0.0288985822010739	0.954480731452986	0.988260803233648	1
chr3:57095219;G|C;Family=13584	0.079492027845198	0.763715194688717	0.932551629362403	1
chr3:57627731;CAT|C;Family=11718	-0.509891050825301	0.216605350134262	0.628704177454732	1
chr3:57897178;G|A;Family=12238	-0.723041359382038	0.00383103875338374	0.0672935301087519	1
chr3:58323856;C|T;Family=11045	0.0824239353134328	0.66644747251755	0.886781769508532	1
chr3:59749398;CT|C;Family=12899	-0.680442043651834	0.00807720311995433	0.114607379797855	1
chr3:62294279;TA|T;Family=14236	0.229698371789263	0.806302471460724	0.943221763906086	1
chr3:69029837;T|C;Family=14245	-0.388144480822488	0.383178958601777	0.760930217815533	1
chr3:69108646;A|G;Family=14446	-0.0751421884250157	0.904157656792161	0.973970932216617	1
chr3:70955673;T|C;Family=14259	3.68923987252226	1.72630878293275e-05	0.000912755376215427	0.0648056317112953
chr3:71675490;C|A;Family=11753	-0.0656386327784879	0.752096819135639	0.927215585890045	1
chr3:71684633;G|A;Family=11000	0.430627732857793	0.606353226489209	0.865785276229396	1
chr3:73067881;TAACTC|T;Family=13965	1.06741711704107	0.107135005217415	0.470942399983815	1
chr3:8890175;C|T;Family=13026	-0.605765079266037	0.0597375065929451	0.358166250817143	1
chr3:8981576;G|A;Family=12907	-0.720303523320149	0.160432875026869	0.557340026547587	1
chr3:9047394;C|T;Family=12657	0.104385872895486	0.696108564701098	0.899240038502381	1
chr3:9384861;T|C;Family=11325	-0.165369094310559	0.781286266490442	0.938543566209638	1
chr3:9447908;G|A;Family=13576	0.170912508665378	0.828129995128156	0.951076648623274	1
chr3:9476186;G|A;Family=13306	0.153135909586433	0.79610937053621	0.943221763906086	1
chr3:9499170;C|G;Family=11229	-0.243467854000565	0.106457193324722	0.469612577839018	1
chr3:9499781;G|T;Family=11229	-0.557417295663443	0.0732177590330175	0.395528211907948	1
chr3:98134403;G|T;Family=11396	-0.532072723255288	0.349172460119659	0.739725403662077	1
chr3:98154572;T|C;Family=13167	-0.204104184949715	0.677068177200544	0.88902201371488	1
chr3:98797515;T|C;Family=13160	-0.00765685201370145	0.979025134694196	0.993316876051165	1
chr3:9962571;C|A;Family=12271	-0.475788937841649	0.485559986379995	0.813748174461458	1
chr3:9963806;T|C;Family=14017	-0.592117676338962	0.137581766186713	0.517220581682794	1
chr4:102723006;G|C;Family=14542	0.449203442305029	0.0839801868701396	0.424309046447515	1
chr4:10442850;T|C;Family=12055	-0.703800587179915	0.0852780395257554	0.426276644979608	1
chr4:104469009;G|A;Family=12162	0.509326022876871	0.0324725262842185	0.26732864840122	1
chr4:105275518;C|T;Family=11348	-1.00827443780681	0.374211424084493	0.756921571080755	1
chr4:106247280;G|C;Family=14493	-0.835969262945437	0.122368246936972	0.494637671353201	1
chr4:107912006;A|C;Family=14147	1.05721565262553	0.021366390621387	0.208229202121813	1
chr4:108005229;A|G;Family=12748	0.724265254021524	0.145017240429969	0.532531934264884	1
chr4:109688545;T|TAAAC;Family=12838	-0.262850864497941	0.592084287624577	0.860505000287519	1
chr4:109713597;T|C;Family=14006	0.0316367965611491	0.935023499407252	0.983490674355512	1
chr4:109844314;A|G;Family=12456	-0.102691771764663	0.878138665349214	0.965592428154935	1
chr4:110046164;G|A;Family=14414	-0.0936810086138132	0.863939599457042	0.959770074203215	1
chr4:110047183;T|A;Family=14414	-0.685762255154075	0.327679409528063	0.724027227824696	1
chr4:110049519;T|C;Family=14424	1.67950563310037	7.13652799410927e-06	0.00044650876816477	0.0267905260898862
chr4:112187019;C|T;Family=12689	0.238461403301015	0.680921498583003	0.890004227263073	1
chr4:112190766;C|G;Family=11383	-1.0082274013776	0.280468266435803	0.689624430634953	1
chr4:112539345;G|GA;Family=13870	1.03398492101136	0.112858382181782	0.483641971130606	1
chr4:113901005;G|C;Family=14175	-0.63100168521698	0.385073599166613	0.761954004065819	1
chr4:113901299;T|G;Family=14175	1.70712764993383	0.0315278797317106	0.26184880644434	1
chr4:11394410;A|C;Family=13066	1.57983331346006	0.0697034225438681	0.388041475412685	1
chr4:118714922;G|A;Family=14127	-0.189527033350326	0.424419965595143	0.793403318252843	1
chr4:118797718;C|T;Family=12150	0.31198073570248	0.0550020787944705	0.344129672990737	1
chr4:118817391;G|T;Family=12638	1.02967671437743	0.03716247834333	0.28943556784411	1
chr4:119294495;T|C;Family=13277	-0.0360204734367467	0.896827304639554	0.972207151695461	1
chr4:120693224;C|T;Family=14233	0.304135772830757	0.493027037672066	0.814981725856862	1
chr4:120837941;C|T;Family=12613	-0.104154086184359	0.440879060335491	0.800637536989584	1
chr4:122922243;T|G;Family=11775	-0.0624117798078901	0.881847959011138	0.967934738901909	1
chr4:128017501;C|T;Family=14395	-1.22313539808772	4.47340070684294e-08	6.45890240518784e-06	0.000167931462534884
chr4:128862284;C|T;Family=13660	0.384336407961058	0.243325721077201	0.659734917675926	1
chr4:128874168;A|AT;Family=12507	0.0234425409937332	0.94286803293206	0.985273974306327	1
chr4:129039751;C|T;Family=14514	-0.0628093621285665	0.76943504552621	0.93538446288281	1
chr4:133193466;C|A;Family=12637	-1.12366219716728	0.0178635804668136	0.190511025773916	1
chr4:133194330;A|G;Family=13504	0.62540116064509	0.377189159747582	0.758825351389295	1
chr4:134197149;C|T;Family=14288	-0.328170294915881	0.224355631280255	0.635686455638183	1
chr4:13568956;G|A;Family=11245	-0.440298390625023	0.0617117288635909	0.363112586448151	1
chr4:13614601;C|T;Family=22364	-0.22644241187838	0.467133505211098	0.809718887791835	1
chr4:138164683;C|T;Family=13732	-0.0676090056626923	0.932729261923827	0.981412285894763	1
chr4:1387646;AT|A;Family=13916	-0.41507271816379	0.102179772582795	0.461531365364056	1
chr4:1389494;C|T;Family=12782	0.202376110759892	0.783592740586228	0.939210455990006	1
chr4:139045662;G|A;Family=13415	-0.450900688545649	0.513919432419504	0.821569481794429	1
chr4:1391008;T|G;Family=14198	-0.274783422711822	0.192310058573759	0.595653432249086	1
chr4:139388551;G|A;Family=14016	0.317449195105948	0.270209841408945	0.682154075333405	1
chr4:139476470;C|T;Family=13620	-0.232205543507903	0.747603730769534	0.924438775210816	1
chr4:139533260;C|T;Family=14081	0.597746284239423	0.297254092374052	0.697015266963841	1
chr4:139599880;C|A;Family=11266	0.144926267564261	0.579193917200418	0.853668616085736	1
chr4:139600680;G|A;Family=11422	0.0372413650154873	0.851683549117642	0.956418902783917	1
chr4:140859934;C|T;Family=12130	-0.673840922096278	0.0854760478332141	0.42669824942272	1
chr4:140865880;T|C;Family=13523	-0.0448344770839287	0.867065812771433	0.961203647964996	1
chr4:140866639;T|TA;Family=13683	-0.75716844839606	0.277324241125992	0.688733766851005	1
chr4:141234067;A|G;Family=11172	0.0374094780591658	0.832957705397199	0.952146983035351	1
chr4:142314758;C|T;Family=12424	0.345333248503107	0.722967400450692	0.913379159834388	1
chr4:144109810;C|T;Family=11573	0.0412272512182218	0.898624017883049	0.972451589257125	1
chr4:145123027;G|A;Family=13548	0.237159765382178	0.672371633589801	0.888418887050675	1
chr4:146514083;G|A;Family=13296	-0.206464941101094	0.720746128110377	0.913379159834388	1
chr4:146641146;CAAGT|C;Family=12340	-1.57262623057962	0.000311984891799272	0.00952188035621519	1
chr4:15069288;GCTGA|G;Family=12738	0.762816512025061	0.3539164371824	0.743748050635106	1
chr4:151120728;T|C;Family=14314	-0.0174045586378007	0.970012870164647	0.991134543984236	1
chr4:152628346;T|C;Family=11798	0.460556960724251	0.637298656555955	0.875061871510993	1
chr4:153336200;G|A;Family=11198	0.379746203478328	0.388856223097548	0.763858367666203	1
chr4:15444954;A|T;Family=11307	0.552897633167389	0.349656411121426	0.740240326081116	1
chr4:154535187;CACA|C;Family=14351	-0.670581724888259	0.432000779897512	0.795984390031093	1
chr4:155713102;T|A;Family=14523	0.741526640266591	0.226310862741963	0.638631244528833	1
chr4:155919994;C|T;Family=12396	1.36094157314839	0.134055980524115	0.51404101214252	1
chr4:158905380;T|G;Family=14047	-0.411053217445684	0.0554417814228209	0.345672111578792	1
chr4:158905911;A|C;Family=11979	-0.274185749259881	0.241388666669552	0.657997605402982	1
chr4:16161394;C|T;Family=11018	0.310342020731322	0.119464340577202	0.491435169649961	1
chr4:1641396;C|T;Family=14112	1.37631109117078	0.159143587089168	0.554712187495576	1
chr4:165079061;A|G;Family=14208	-0.225861347530703	0.51653725633491	0.823275472555138	1
chr4:166074932;C|T;Family=13092	-0.363183031891077	0.730846659267689	0.917591424378229	1
chr4:166734175;A|T;Family=11447	0.253950279165816	0.427865043811612	0.7951511754796	1
chr4:167000419;G|C;Family=14373	-0.633161282354406	0.151459260612543	0.543534664644858	1
chr4:1692863;TAAC|T;Family=14411	-0.64800492900329	0.476495086432762	0.809924946134371	1
chr4:1717219;G|A;Family=14292	-0.582718475422613	0.53909475084618	0.832287029428304	1
chr4:173331978;A|C;Family=11280	-0.576747571139882	0.285462162954647	0.689769118615253	1
chr4:174637083;T|A;Family=13898	-0.472205761515186	0.496348624682471	0.816768759264525	1
chr4:17629337;A|G;Family=13131	-0.235458402577434	0.813084579333208	0.946919168116203	1
chr4:176328690;T|C;Family=14137	0.144765008146825	0.781281731877542	0.938543566209638	1
chr4:17802844;T|C;Family=11107	0.13311563509586	0.862308837080292	0.959770074203215	1
chr4:17817327;T|C;Family=11086	0.408637320720352	0.568357823273849	0.850356322979689	1
chr4:1805617;G|A;Family=11966	-0.229556326390637	0.764125948832912	0.932551629362403	1
chr4:183253800;G|C;Family=14285	-0.551677953348368	0.437066467029592	0.800637536989584	1
chr4:184089729;G|A;Family=14560	-0.595872890420154	0.114890721744302	0.487344372235151	1
chr4:185366907;T|TA;Family=11412	0.897843916371064	0.173454642211143	0.574056034883735	1
chr4:186274383;A|G;Family=13742	-0.914489336136124	0.0797148440970496	0.414473025956128	1
chr4:1942178;A|T;Family=11057	0.389679279181799	0.576003254454191	0.853290909915781	1
chr4:1942314;T|C;Family=12346	0.100897782354992	0.738195668695904	0.920048652152863	1
chr4:1947391;C|T;Family=11537	-0.213678217266526	0.499521018416437	0.817794113883691	1
chr4:2065821;G|A;Family=13928	0.621276508294166	0.303804542391758	0.702158166196486	1
chr4:23883160;G|T;Family=13692	0.847306576909304	0.00132230380060674	0.0302678565090103	1
chr4:2512438;AAAG|A;Family=13927	0.398171409612731	0.269301898329563	0.682154075333405	1
chr4:25677688;C|T;Family=13409	-1.10710547443315	0.137015039552479	0.517220581682794	1
chr4:25678077;A|G;Family=11256	0.698761165030312	0.255605293426228	0.668204924458259	1
chr4:26432168;G|T;Family=13336	0.0958643186755732	0.684488370186301	0.892152907752213	1
chr4:2833952;G|A;Family=12343	-0.694329221354514	0.309495388527888	0.705916026714741	1
chr4:2838715;A|G;Family=13152	-0.0383222609404433	0.925176062767626	0.979842827655335	1
chr4:2938451;T|C;Family=14379	-0.314139076984124	0.717493595949654	0.911496094482234	1
chr4:2965551;A|C;Family=14022	0.0618008255273878	0.91636177890843	0.977196622543038	1
chr4:2966118;A|G;Family=12719	-0.517574418698688	0.155049659827024	0.549109833010046	1
chr4:31144075;G|A;Family=11933	1.26377542721757	4.60000611735223e-05	0.00205576463863575	0.172684229645403
chr4:3255979;G|A;Family=12802	1.80627736167938	0.00821774212205005	0.115109716142447	1
chr4:3256094;C|G;Family=11346	-0.967668706959132	0.310760789856587	0.705916026714741	1
chr4:3493275;C|T;Family=12749	-0.735492257210367	0.440061686572818	0.800637536989584	1
chr4:3493768;G|C;Family=14485	-0.112203029452596	0.52638953149207	0.826814280667192	1
chr4:38690744;C|T;Family=11067	-2.0502210457503	0.032016607575362	0.264730834878753	1
chr4:39547814;A|G;Family=14460	-0.325862910721767	0.253593193737787	0.668116847678705	1
chr4:39898284;A|G;Family=12108	0.489868350329987	0.427798113005473	0.7951511754796	1
chr4:40157562;C|T;Family=11413	2.03883124082872	0.146626388940827	0.534403363188219	1
chr4:42412029;T|C;Family=13822	-0.100760627563616	0.730486328628022	0.917591424378229	1
chr4:4321136;C|T;Family=11946	-0.558841590055364	0.276446799926798	0.688217240005084	1
chr4:44699882;C|T;Family=13543	-0.132168840730827	0.783041358739055	0.939210455990006	1
chr4:44706524;T|C;Family=12778	0.266815607407174	0.499448777026208	0.817794113883691	1
chr4:51994125;T|G;Family=14044	1.54732624069116	0.119371051366229	0.491435169649961	1
chr4:52592741;A|C;Family=11491	-0.770322332735394	0.138184844702332	0.517220581682794	1
chr4:52596840;C|T;Family=14670	-0.459841318968775	0.429831361521642	0.795984390031093	1
chr4:54296702;G|A;Family=11096	0.961042450088075	0.136432114795381	0.516478956538303	1
chr4:54740149;T|G;Family=14541	0.151990533241966	0.219039653508746	0.630877904528947	1
chr4:56393831;T|C;Family=14535	1.58731049041504	0.0448980770912149	0.312703861596328	1
chr4:5897783;G|T;Family=11498	-0.129501698027654	0.813230526906403	0.946919168116203	1
chr4:6322500;G|A;Family=13341	-0.648273112589417	0.331053692316891	0.725768073223135	1
chr4:6323061;C|G;Family=13737	-0.232264229844691	0.636438640684001	0.875061871510993	1
chr4:67606634;T|C;Family=12662	-0.486746901389201	0.557425182958132	0.846116396698126	1
chr4:67821539;G|C;Family=22016	0.546245041673838	0.38110921909133	0.760930217815533	1
chr4:68227184;G|A;Family=13592	0.98251322792753	0.198813011284356	0.603773544344529	1
chr4:68311189;G|C;Family=14134	0.906791534275391	0.207471524382572	0.618171706853169	1
chr4:68497139;A|G;Family=11101	0.15103786374176	0.770880961830286	0.935807896523316	1
chr4:6881297;A|T;Family=13005	-0.0788762019185866	0.890626919760797	0.971055544529607	1
chr4:69480687;G|T;Family=12113	-0.323507201118138	0.606037339550679	0.865785276229396	1
chr4:70158581;C|T;Family=11075	0.678695265807842	0.0531312324906465	0.337990663363893	1
chr4:7032861;G|A;Family=11489	0.551020182538862	0.420612506563502	0.791199955577952	1
chr4:70815920;A|G;Family=11263	-0.317589393725924	0.271315669856569	0.682653501770483	1
chr4:70817047;AG|A;Family=13265	-0.435366170403554	0.33671640674276	0.732682269080269	1
chr4:70817164;CAAGTTT|C;Family=12175	3.1356662841389	1.36473410050257e-05	0.000776244214134339	0.0512321181328664
chr4:71568932;C|T;Family=11916	-0.459853780809218	0.475823967552776	0.809718887791835	1
chr4:7431400;G|A;Family=14681	0.100450781099112	0.630218032125844	0.872277212607871	1
chr4:75655166;A|G;Family=12523	0.532643144692234	0.653567767759517	0.881917110053641	1
chr4:76159602;G|A;Family=11381	0.113011360893395	0.729237053329799	0.916797018821187	1
chr4:76159718;C|CA;Family=14329	-0.501626689888152	0.222541859356747	0.634819255338321	1
chr4:76179611;A|G;Family=13195	0.532745774983735	0.502058986049036	0.818272898848224	1
chr4:76263795;A|G;Family=11497	-0.506424943758396	0.0377004573530193	0.290610917665779	1
chr4:767899;C|T;Family=13879	0.180575625522178	0.708193106201484	0.906738376766838	1
chr4:7741984;G|A;Family=11258	-0.251678750913268	0.540530347007639	0.832642971960065	1
chr4:7742481;T|C;Family=13628	-0.463637926383954	0.232324504822284	0.646513114234882	1
chr4:77717094;A|C;Family=12972	1.19743772051113	0.219591103358016	0.630877904528947	1
chr4:77718086;T|G;Family=14346	1.53627985992601	0.0217432868769302	0.208757797790271	1
chr4:78071689;C|T;Family=11325	-0.638826140678629	0.0808328952874164	0.414544656979455	1
chr4:78446141;A|G;Family=11933	0.83816557076474	0.119158026510235	0.491435169649961	1
chr4:78912468;T|C;Family=11673	-1.03499602033361	0.127666820145063	0.502897421641729	1
chr4:78919845;C|T;Family=11450	-1.32771309835555	0.0214108875916409	0.208229202121813	1
chr4:78920280;CGTT|C;Family=13034	-0.786039200069041	0.0722191089494984	0.394056010169211	1
chr4:78926636;G|A;Family=13748	0.127634157874886	0.591049354945677	0.860446177672338	1
chr4:7966592;A|G;Family=11407	0.039342415749538	0.967302178885998	0.989577879060322	1
chr4:79903699;G|A;Family=13578	1.00603030106648	0.142758424808127	0.527475518434755	1
chr4:8007268;G|A;Family=11031	0.0268641684108203	0.9508850081084	0.988260803233648	1
chr4:80870473;A|G;Family=13997	0.0465670980091158	0.837644289800224	0.953497573530454	1
chr4:81054276;T|A;Family=14419	-0.45792369506077	0.318034712587076	0.712313534862024	1
chr4:82355303;C|T;Family=11041	-2.08979959061007	4.59016334169585e-07	3.66627089036728e-05	0.00172314731847262
chr4:82423553;G|C;Family=12673	0.0410886679559981	0.826959058906117	0.950812957774445	1
chr4:82918607;C|A;Family=11568	0.471227610166374	0.467494540818448	0.809718887791835	1
chr4:82927114;A|G;Family=12320	-1.02495013668304	0.049482680253765	0.327038700127877	1
chr4:82931083;C|T;Family=13916	-0.500901239485504	0.48130109056008	0.813748174461458	1
chr4:83459557;C|T;Family=14608	0.153364815451646	0.775798968096763	0.936235683724942	1
chr4:83462178;C|T;Family=13054	0.260224025208318	0.55383918079518	0.842770793658269	1
chr4:84649853;GAAA|G;Family=12867	1.1322191010229	0.113963834389071	0.485392691701082	1
chr4:849961;G|A;Family=11798	0.0189968986208318	0.985485331930572	0.995002149800234	1
chr4:8606838;G|A;Family=12529	0.179906100865255	0.338932113651221	0.733492678754832	1
chr4:8618435;C|T;Family=12656	0.443952729475213	0.522825380124514	0.826814280667192	1
chr4:87812148;T|C;Family=11310	0.0628596135754685	0.802153314492582	0.943221763906086	1
chr4:88707192;T|G;Family=13568	0.288448782664351	0.343329010280592	0.736910865976754	1
chr4:95156901;A|G;Family=11368	-0.170248002518978	0.448919761405236	0.805819614172225	1
chr4:95167823;A|G;Family=13344	0.346351594068803	0.655194624160314	0.882482743784306	1
chr4:95169196;T|C;Family=13654	0.99567960027897	0.248804523888805	0.663320048541172	1
chr4:98471525;A|G;Family=13089	-0.149535198470168	0.799314673648108	0.943221763906086	1
chr4:98874417;GCAC|G;Family=12860	0.275494448156076	0.612539822623817	0.86838160654449	1
chr5:103277917;C|A;Family=11490	-0.455133124135609	0.0479834074051611	0.322813102865546	1
chr5:103549489;T|C;Family=13651	2.50561793745347	0.000280017179152091	0.00875987075447457	1
chr5:1038589;G|A;Family=14036	0.526450995729571	0.476591424083864	0.809924946134371	1
chr5:10651985;A|G;Family=12572	-0.405689121443076	0.675433693574963	0.88902201371488	1
chr5:10655067;C|T;Family=11954	0.377188290412839	0.587100255853575	0.857386096371894	1
chr5:107878371;G|A;Family=12645	-1.6019670336729	0.00021821887051004	0.00718590912188324	0.819193639894689
chr5:107880810;T|C;Family=12071	-0.7964230917309	0.0359400504891872	0.284639134043057	1
chr5:109194136;G|C;Family=14596	0.685322289144792	0.290515788961496	0.692882002389742	1
chr5:109195086;A|G;Family=13894	-0.103933920167339	0.87508792343474	0.964213388527529	1
chr5:109196078;A|G;Family=12969	-0.932806158102943	0.384512535096874	0.761720346571855	1
chr5:11017999;C|T;Family=12467	-0.229659727059143	0.522700878820354	0.826814280667192	1
chr5:111473367;G|A;Family=11933	-0.37868104205226	0.254253888218545	0.668116847678705	1
chr5:112164264;A|G;Family=12758	0.695578862888128	0.368363229085866	0.754918788645455	1
chr5:113018686;G|C;Family=13160	0.270385631520106	0.318681380510623	0.712313534862024	1
chr5:113532927;C|T;Family=11788	0.935432040193619	0.00485413504123494	0.081109820193982	1
chr5:115126066;G|C;Family=14291	0.224943051163949	0.462962509157942	0.809686167728805	1
chr5:115206875;G|A;Family=12206	0.478230975722442	0.227924470095849	0.639913489050836	1
chr5:115522383;T|C;Family=11957	0.00570784341931477	0.991010792522261	0.996852763967997	1
chr5:115805085;TC|T;Family=14481	1.95235808779672	0.0276434983101083	0.241896719478197	1
chr5:123193715;A|G;Family=13843	0.00167316918508897	0.997780904037251	0.999011434477853	1
chr5:124637274;C|A;Family=13876	-1.10701153396152	0.0157576090741779	0.176579296908847	1
chr5:126543387;C|T;Family=14129	-0.364245660848985	0.047215127286181	0.321097079406383	1
chr5:127051416;G|A;Family=11524	0.284900756139379	0.641985788091962	0.877326046049227	1
chr5:128259231;A|G;Family=13947	0.167838677523599	0.88697524131096	0.969112611274448	1
chr5:131200111;T|G;Family=13486	0.581295961118927	0.388150424646233	0.76368799482283	1
chr5:132483133;G|A;Family=13575	-0.386639835552783	0.199113385162101	0.603773544344529	1
chr5:132861482;T|C;Family=14463	-0.149654237996077	0.551979106918862	0.841644828340133	1
chr5:134579061;G|T;Family=22231	0.140447271504189	0.679234264765299	0.889742660028169	1
chr5:134602714;C|T;Family=13064	-0.219463245992723	0.219647688124489	0.630877904528947	1
chr5:134603713;C|G;Family=12175	0.823315525200426	0.00364854163054608	0.0649847228713765	1
chr5:134606769;C|T;Family=11300	-1.11012459610629	0.12606846285218	0.500699036182139	1
chr5:134751145;T|C;Family=14206	0.515030422589017	0.0630680844387117	0.369356613077884	1
chr5:134751653;A|C;Family=12705	-0.141153827026886	0.720478792946732	0.913379159834388	1
chr5:134900029;ACT|A;Family=14032	-0.040330062195229	0.800462942738157	0.943221763906086	1
chr5:135446401;G|A;Family=13053	-0.22257485556561	0.360810110802324	0.749574519065814	1
chr5:135826564;C|T;Family=13620	0.0436740678885476	0.892670531628336	0.971055544529607	1
chr5:135872456;C|T;Family=12162	-0.221453414714912	0.742521794655049	0.921914653120386	1
chr5:135947137;G|A;Family=14686	0.545744335485004	0.278440750130359	0.688733766851005	1
chr5:136247596;C|T;Family=14339	-0.537282266119825	0.430678148687008	0.795984390031093	1
chr5:136977317;C|T;Family=11388	0.0192000655953528	0.977949831565011	0.992759239506504	1
chr5:136978143;T|C;Family=12997	0.368652285065861	0.677757709240447	0.889305292026787	1
chr5:137620150;C|T;Family=13812	-0.414814047458166	0.478601739326932	0.811504484838889	1
chr5:138160986;G|T;Family=12837	-2.4754219769457	0.00755942216600831	0.11014563589429	1
chr5:138468105;A|G;Family=11721	1.21582014574049	0.160324948744266	0.557340026547587	1
chr5:138506911;AG|A;Family=14015	0.904783374314128	0.0788588294718787	0.411733026199489	1
chr5:139412675;C|A;Family=11254	1.17933657757857	0.144445832995405	0.531617310847794	1
chr5:139448778;C|T;Family=11696	-0.496712156250948	0.510845495946145	0.820393445871867	1
chr5:139473349;C|T;Family=13750	-0.116007108456948	0.844409552466938	0.955885728616966	1
chr5:139844466;A|G;Family=13985	-0.40312586142254	0.630623429679745	0.872277212607871	1
chr5:140566826;G|A;Family=12456	0.490776553482574	0.39868363335358	0.769682566608355	1
chr5:140668697;C|T;Family=13589	-0.433694648246613	0.578646506559847	0.853668616085736	1
chr5:141011417;G|A;Family=12494	-0.695034475564434	0.403043070653511	0.773529492450553	1
chr5:141098268;T|G;Family=14118	1.39016764109426	0.0152487985218208	0.171903872825571	1
chr5:141124503;C|T;Family=13577	0.370704773406854	0.34874148806921	0.739346242691842	1
chr5:141218712;C|T;Family=13612	0.0483866332943527	0.922051504857289	0.978669215825744	1
chr5:141511592;C|T;Family=12261	0.459301874153779	0.360508672897553	0.749574519065814	1
chr5:141574181;C|T;Family=11265	-0.332410585496536	0.700509650255771	0.902441052525794	1
chr5:141944620;C|T;Family=13064	-0.459728140498708	0.35630509718372	0.746369250858138	1
chr5:144485013;G|A;Family=11918	-0.743041723827796	0.463313993826574	0.809686167728805	1
chr5:146063236;G|A;Family=12628	-0.506944922716191	0.303889370881914	0.702158166196486	1
chr5:146510584;G|A;Family=14540	-0.824555908976829	0.472960409567861	0.809718887791835	1
chr5:14708976;T|TCTGC;Family=11700	-0.90707754270704	0.21543573853775	0.627421072514129	1
chr5:149042833;G|A;Family=12497	0.834568066293478	0.289989705160032	0.692882002389742	1
chr5:149369334;G|A;Family=13586	-0.473540358477973	0.611582292740974	0.867843553397652	1
chr5:149632765;G|A;Family=12908	-0.361265371672887	0.441267731494792	0.800637536989584	1
chr5:149852282;CCT|C;Family=12053	0.180476347824079	0.709076134809292	0.906940991507353	1
chr5:150114767;G|A;Family=14044	-0.368557978790897	0.642590120374169	0.877344941480088	1
chr5:150132781;C|T;Family=14058	-1.29589187317918	0.0949831716117103	0.444043370149889	1
chr5:150296819;C|G;Family=12802	-0.908226974893935	0.137651134713736	0.517220581682794	1
chr5:150405353;G|T;Family=12790	-0.588089456475517	0.339170666979224	0.733492678754832	1
chr5:150651253;G|A;Family=12972	-1.09182171350047	0.0541560091661055	0.340860101674875	1
chr5:150653430;C|A;Family=11118	-0.437639165603015	0.306992282950773	0.704006225391913	1
chr5:150715573;G|A;Family=11250	0.284872229517211	0.1918985484584	0.595653432249086	1
chr5:151181061;G|A;Family=12681	-0.611437396026758	0.259676761517606	0.673812603302396	1
chr5:151315542;G|A;Family=13503	0.111975841503098	0.640622457552058	0.876739593747877	1
chr5:151794181;A|G;Family=14642	-0.126451541151346	0.769004795998902	0.93538446288281	1
chr5:153991515;CA|C;Family=11676	-0.0193961407952225	0.957299969986534	0.988260803233648	1
chr5:153992232;T|C;Family=11519	-0.336031799488945	0.386208323001341	0.762041814185051	1
chr5:154417976;C|T;Family=14214	0.650151737464006	0.197301897050919	0.601290637991685	1
chr5:154968991;A|T;Family=11634	-0.129217442667984	0.523206481333452	0.826814280667192	1
chr5:157086815;CCCA|C;Family=14307	-0.0561369876831526	0.925030934670493	0.979842827655335	1
chr5:157502848;G|A;Family=14455	-0.0733661601504818	0.903810690789947	0.973970932216617	1
chr5:157759964;G|A;Family=11055	-0.385700560239023	0.439862979355176	0.800637536989584	1
chr5:158698174;C|T;Family=14456	0.409181445257178	0.499447058120988	0.817794113883691	1
chr5:160259707;C|A;Family=14681	-0.03004744583625	0.971630808709172	0.991255500378442	1
chr5:161289036;T|A;Family=11931	-0.0710671064962232	0.903491741264925	0.973970932216617	1
chr5:161897364;A|G;Family=14046	-0.332244735774547	0.594755581117179	0.861317357231886	1
chr5:162153429;T|A;Family=14317	0.111890477718133	0.42627804625947	0.794609103942565	1
chr5:162159552;G|A;Family=11827	-0.672271607025564	0.138191860263144	0.517220581682794	1
chr5:169598511;C|T;Family=11336	0.337182592083557	0.633029935617504	0.873339774190635	1
chr5:170047567;T|TA;Family=12916	0.274077964829566	0.191130994885393	0.595653432249086	1
chr5:171028985;T|G;Family=14333	-0.629053363561567	0.00135107897740956	0.0305968475062821	1
chr5:172044771;G|A;Family=14563	0.277485074098863	0.485254491624127	0.813748174461458	1
chr5:172044784;C|T;Family=11298	-0.688299870159224	0.0968621590136518	0.448618747113947	1
chr5:172334322;C|G;Family=13151	0.146295026034818	0.632545921060591	0.873327468797888	1
chr5:172690788;T|A;Family=11159	-0.416197839614588	0.186742687635988	0.590442227666465	1
chr5:172950895;A|C;Family=11895	-0.578489551902153	0.392839527224069	0.764896050414499	1
chr5:173958259;G|A;Family=13290	0.784812944124218	0.0178493832759347	0.190511025773916	1
chr5:175709168;A|G;Family=11079	0.623596454588044	0.238265926753307	0.653360327999937	1
chr5:175883914;C|T;Family=11707	-0.350821897535517	0.455958545602659	0.809339260781398	1
chr5:176378052;G|A;Family=13582	-0.231074977951247	0.774222940596405	0.936235683724942	1
chr5:176508338;GT|G;Family=13975	-0.489367348878626	0.0908638952090649	0.435819460322955	1
chr5:176508958;G|A;Family=11671	0.860336556087496	0.0411431733832327	0.302557715542191	1
chr5:176526703;G|A;Family=13629	-0.472441209546953	0.523557200937034	0.826814280667192	1
chr5:177307387;G|C;Family=12817	-0.519721387174239	0.621191249668272	0.871068824935597	1
chr5:177490390;G|A;Family=14124	0.129232550359688	0.884801775413064	0.968715752417649	1
chr5:177524227;G|A;Family=11781	0.504710235480235	0.0644719681827583	0.375236850477635	1
chr5:178123185;G|A;Family=12858	-0.0226756443552772	0.952004253324354	0.988260803233648	1
chr5:178123307;G|A;Family=12563	-0.00992734845029245	0.962264372065177	0.98832844124013	1
chr5:178619898;T|C;Family=12618	-0.0259114858581176	0.969129876626602	0.990501921278591	1
chr5:178620162;A|G;Family=14288	0.587028545491558	0.402048506855279	0.772697773618005	1
chr5:178979903;C|G;Family=12739	0.514320300046871	0.00733596626336346	0.10799693079477	1
chr5:179917699;TA|T;Family=12795	0.697113114288045	0.101705293552278	0.461084183449952	1
chr5:180241066;T|C;Family=11563	-0.0930407464623693	0.554391108062531	0.843029098454106	1
chr5:180791412;T|C;Family=14263	0.580179477764926	0.0932079833610622	0.440129269858399	1
chr5:180950161;G|A;Family=14696	-0.0699176050910643	0.938819253875795	0.985273974306327	1
chr5:188554;TGAC|T;Family=13874	0.433312108217413	6.18789845017167e-05	0.00255267810790599	0.232293707819445
chr5:24492863;GA|G;Family=12329	1.23018477862203	0.101253974419002	0.460736266629012	1
chr5:2754211;C|T;Family=12498	-1.72774009863056	0.00614809472051111	0.0953716842181765	1
chr5:31328224;T|C;Family=13914	0.428813424168328	0.30795082168546	0.704441163356236	1
chr5:32787669;G|A;Family=12888	0.236187037149761	0.330355219777724	0.725235962014958	1
chr5:33947127;G|A;Family=13885	0.324439376363966	0.500526578394663	0.818013398038122	1
chr5:35060331;G|A;Family=14513	0.859656183165922	0.00937653879905826	0.127257446121505	1
chr5:35876241;G|A;Family=14310	-0.860380808946687	0.298394343395695	0.697015266963841	1
chr5:36100376;T|C;Family=12415	0.182982646409475	0.830879133314942	0.951531502887216	1
chr5:36103518;G|GT;Family=11348	0.27142558096051	0.402198041995093	0.772697773618005	1
chr5:36194589;A|G;Family=12858	-0.0783802879312234	0.891523215986426	0.971055544529607	1
chr5:38947440;A|T;Family=14188	0.0975597621438955	0.727928550701312	0.916355146252602	1
chr5:40760134;C|T;Family=14336	-0.562507894982765	0.259724783425298	0.673812603302396	1
chr5:40981661;C|T;Family=13148	0.70640048544393	0.426938183450988	0.7951511754796	1
chr5:41310859;C|T;Family=11055	1.20308030165795	0.0378352600348521	0.291052389694333	1
chr5:42721448;G|C;Family=11931	-0.753928252599775	0.327148733646226	0.724027227824696	1
chr5:43380844;A|G;Family=11348	-0.654388884174551	0.220526208521025	0.631950676937349	1
chr5:43444768;T|C;Family=12605	0.380354502092606	0.31175689084335	0.706724256175082	1
chr5:52952473;A|G;Family=12415	-0.0983959878036815	0.833049589084716	0.952146983035351	1
chr5:52954074;C|A;Family=14285	0.337805692626825	0.483351504385333	0.813748174461458	1
chr5:53045071;C|T;Family=12430	-0.856800967365629	0.000355401177000036	0.0107594840198237	1
chr5:5319376;CAG|C;Family=14124	0.650390090650003	0.22377784396614	0.635686455638183	1
chr5:53486850;G|A;Family=11325	0.234597734542313	0.166587311834174	0.566924427440708	1
chr5:53573684;G|A;Family=12313	-0.810972281993888	0.126683045391572	0.502082121695616	1
chr5:55350930;A|G;Family=22349	-0.0121868489931277	0.953992912019885	0.988260803233648	1
chr5:55936960;T|C;Family=14472	0.346730303354243	0.173253555742359	0.574045761921286	1
chr5:56894370;G|GA;Family=13298	-0.242037533982858	0.605916463064478	0.865785276229396	1
chr5:56895756;A|G;Family=12233	-1.1979918668359	0.261310372349931	0.675591692700854	1
chr5:58454338;G|A;Family=11654	0.130006970561965	0.670652792695623	0.888053115971559	1
chr5:58970567;A|G;Family=13645	0.239319543088119	0.404809513510381	0.775334139652026	1
chr5:58973604;T|TATC;Family=14653	0.0998763353947973	0.602190878123916	0.86470484154836	1
chr5:64721648;A|C;Family=13736	-0.220656037024875	0.310677050094587	0.705916026714741	1
chr5:6491759;G|A;Family=11694	-0.331080166489337	0.386298767286668	0.762041814185051	1
chr5:6493758;C|T;Family=14303	-0.0575139605775495	0.814863326601465	0.947133608107786	1
chr5:6494271;A|G;Family=13042	-0.148024589671782	0.601773533208205	0.86470484154836	1
chr5:65297209;C|T;Family=12792	0.573880022963554	0.0794309951877898	0.41356998049232	1
chr5:65591350;T|A;Family=11834	0.0592404930048816	0.839707772533746	0.953497573530454	1
chr5:66180575;CTCT|C;Family=12237	0.660740714357285	0.284191043154204	0.689769118615253	1
chr5:662515;C|T;Family=14264	0.547697780034647	0.560865602880047	0.848433116695054	1
chr5:663304;C|T;Family=13287	-0.558260865855275	0.531756500486617	0.826897190900013	1
chr5:72205719;G|A;Family=12834	-0.724032776362934	0.00564157097560065	0.0901210954995951	1
chr5:72366272;T|G;Family=13547	0.464662607456807	0.520932938102756	0.825837098664588	1
chr5:74779164;CAAGAAT|C;Family=11060	2.35301693736075	1.95925836393092e-08	3.19785039052029e-06	7.35505589819666e-05
chr5:74779462;ATATC|A;Family=11075	0.408506109230152	0.61122321842244	0.867843553397652	1
chr5:76327253;G|C;Family=11350	-6.8976514537851	8.56237646312164e-25	1.98304070292799e-21	3.21431612425586e-21
chr5:76617391;G|A;Family=14336	0.330675131737832	0.200710756831504	0.605782748822497	1
chr5:76834865;T|C;Family=13823	0.0217610505485191	0.939311363189635	0.985273974306327	1
chr5:78485842;C|T;Family=12582	-0.735070211692992	0.0359331368665814	0.284639134043057	1
chr5:79373237;A|C;Family=12055	0.585583754676231	0.114152514918577	0.485392691701082	1
chr5:80113607;C|T;Family=14534	-0.0273573515192588	0.920250016728767	0.977940401548745	1
chr5:80113608;A|G;Family=14534	-0.368151906171957	0.170474765430882	0.569868450069039	1
chr5:80142876;A|C;Family=11245	-0.483303278019743	0.00732786968741837	0.10799693079477	1
chr5:82273768;G|T;Family=14424	0.0665638460042367	0.91172808582003	0.975941612252179	1
chr5:9041297;G|GT;Family=11455	0.651705310208655	0.15908886589625	0.554712187495576	1
chr5:90848652;A|G;Family=12832	-0.391023764861904	0.579090386177797	0.853668616085736	1
chr5:91369300;A|G;Family=11590	-0.491274795022026	0.0326210066168497	0.267963367264013	1
chr5:94705821;CATT|C;Family=12396	-0.201655235725434	0.681863309937933	0.890004227263073	1
chr5:96774034;T|G;Family=14328	-0.489557703940555	0.255393627176063	0.668116847678705	1
chr5:98855389;T|C;Family=12952	0.117649262434557	0.683979414603826	0.891857840369143	1
chr5:98858989;C|CA;Family=14559	0.118959318986669	0.596584007577862	0.861320618095964	1
chr6:100655708;CT|C;Family=13234	-0.122215350921667	0.612848545885626	0.868487534425862	1
chr6:101745058;T|C;Family=11572	0.62825896113777	0.265065296869848	0.678721578826949	1
chr6:104728706;C|T;Family=14506	0.0105503940542741	0.966806000943063	0.989577879060322	1
chr6:104729279;G|A;Family=11115	-1.03292380197196	0.0392352146504605	0.298155861938925	1
chr6:105079279;G|C;Family=11413	1.00453071114926	0.0569981507733488	0.352505861619689	1
chr6:105081775;A|G;Family=12007	-0.787600323175802	0.219196076286529	0.630877904528947	1
chr6:106185755;T|C;Family=13333	-0.14913328148632	0.599054199568482	0.862950677352294	1
chr6:110612870;A|G;Family=11004	0.125581372594594	0.771779767617524	0.935807896523316	1
chr6:113935667;C|G;Family=14185	0.469799351784665	0.449510909075517	0.805819614172225	1
chr6:115936149;G|A;Family=14571	0.0586600893549636	0.811791346966525	0.945830141686014	1
chr6:115939250;C|T;Family=14292	0.0644933335844998	0.818657772264899	0.948846040010131	1
chr6:115940637;AAAAC|A;Family=14568	0.832611679928369	1.63559455809291e-05	0.000877145995868685	0.061400219710808
chr6:116119997;A|G;Family=13165	-0.0489669974422801	0.864367542763668	0.959770074203215	1
chr6:116439914;C|T;Family=12626	0.0114809610387122	0.981032268143079	0.993470497601597	1
chr6:116523303;G|A;Family=12285	-0.436060078496594	0.0277662884766381	0.242257035537897	1
chr6:118908858;T|C;Family=13579	1.04531960396783	0.0372582705541686	0.289580844017286	1
chr6:121449531;T|C;Family=12795	0.0357297342668426	0.948790709193982	0.987731647896342	1
chr6:122445018;T|C;Family=14189	0.276798898570481	0.585105003662974	0.856492945985413	1
chr6:122781941;G|A;Family=11031	-0.437501397664584	0.383655460743719	0.761227589657464	1
chr6:123218361;T|C;Family=12853	-0.186937077861349	0.452928320857285	0.808170215898092	1
chr6:125931978;C|T;Family=13776	-0.87358808206432	0.0242953835730054	0.224642536780942	1
chr6:125979905;G|A;Family=13867	-0.317896348863016	0.747874416706246	0.924438775210816	1
chr6:128005227;C|T;Family=13629	-0.861938449966082	0.234124120801602	0.648176422426847	1
chr6:130882353;T|C;Family=11189	-1.16313058008998	0.0845389184448325	0.42501502566086	1
chr6:132682546;G|A;Family=13951	2.32729321662865	0.00299038702696713	0.0562577836885056	1
chr6:13360189;A|G;Family=13028	-0.0221803691830687	0.916805142407187	0.977196622543038	1
chr6:13363690;G|A;Family=12821	-0.225890682802417	0.566529425567446	0.850356322979689	1
chr6:133988725;C|CT;Family=14482	-0.678049934773064	0.254239475367673	0.668116847678705	1
chr6:133989378;A|G;Family=14554	0.202609426541513	0.471956058741469	0.809718887791835	1
chr6:135283717;TCTTA|T;Family=13335	-0.524211403333426	0.661565477659058	0.885073700332183	1
chr6:13613509;T|C;Family=13317	2.07324803482016	0.0252262366721899	0.230715907734733	1
chr6:13786805;CAAAA|C;Family=14453	0.5235095249259	0.0821389459796929	0.419434264327781	1
chr6:138337102;C|T;Family=14416	1.36514141961227	0.0822332494792878	0.419434264327781	1
chr6:138382950;A|G;Family=13880	2.03868044065614	0.0656702924005099	0.377528756005382	1
chr6:139178259;G|T;Family=12011	-0.0344922391447432	0.855457780204299	0.957480174981198	1
chr6:139179044;A|G;Family=13992	-1.19656097213454	0.0757071731598098	0.402085241768441	1
chr6:145793967;T|G;Family=11471	0.738387968005947	0.0607401518153192	0.360602903715211	1
chr6:145799581;G|A;Family=13518	-0.970377504857604	0.00353493644693095	0.0641070116994144	1
chr6:145935370;A|T;Family=12689	-0.43979653033965	0.585216943647465	0.856492945985413	1
chr6:147386774;C|T;Family=14271	0.334616303313424	0.451599081844103	0.806519007251552	1
chr6:147569681;A|G;Family=12738	-0.367058179440758	0.182427189456675	0.585653962823114	1
chr6:149594921;T|TA;Family=13773	-1.61605425408533	0.0148795480328952	0.169266131259056	1
chr6:149683103;T|G;Family=14692	-0.0397895611694995	0.961194067351658	0.988260803233648	1
chr6:149802392;CTCTT|C;Family=11355	1.04659902941936	0.0607233628752239	0.360602903715211	1
chr6:149918854;G|T;Family=13982	-0.391627136879603	0.516583990742642	0.823275472555138	1
chr6:149918900;C|A;Family=12891	0.0198865893507967	0.909005998520891	0.975926125564735	1
chr6:150401114;T|A;Family=14256	-0.934320252354522	0.200357807624002	0.605782748822497	1
chr6:150842843;A|G;Family=14595	0.531634603149516	0.222158960318613	0.634691580697162	1
chr6:151423542;T|C;Family=12749	0.223024036429714	0.168835452961585	0.568165080611451	1
chr6:151436379;G|A;Family=13493	0.170939257288081	0.850218313489252	0.956418902783917	1
chr6:151619649;G|A;Family=14168	0.028235440812562	0.953401715438659	0.988260803233648	1
chr6:151619677;C|T;Family=14315	0.480312304557202	0.234476180515625	0.648176422426847	1
chr6:152435311;A|T;Family=12931	-0.413977057503553	0.534863198715137	0.828830742341758	1
chr6:153007752;C|T;Family=13529	1.16550640034134	0.0435895596504588	0.310014530243763	1
chr6:154402214;C|T;Family=13940	0.0828011155526325	0.66904653004381	0.886957838211221	1
chr6:15523068;G|A;Family=11918	0.887102256768013	0.315879767263275	0.710067452878045	1
chr6:156936541;G|C;Family=12522	-0.40717057122378	0.654111891108026	0.882262846466264	1
chr6:157673793;C|T;Family=14241	-0.631652413942696	0.00230370074493933	0.0450421489401158	1
chr6:158111188;G|A;Family=11615	0.968996263190517	0.106923703798272	0.470564576856639	1
chr6:158117740;A|T;Family=12723	1.28341885868457	3.97509800134267e-06	0.000271318507218916	0.0149225178970404
chr6:158506980;G|A;Family=14040	-0.126719543817441	0.81084129562196	0.945016523987842	1
chr6:158977496;G|C;Family=11360	-0.458025683402854	0.0274284015371834	0.240904147775255	1
chr6:159908666;C|T;Family=13166	-0.314794670267264	0.501852711324261	0.818272898848224	1
chr6:160108261;G|A;Family=13057	0.139587456245827	0.624183379632377	0.871068824935597	1
chr6:160109275;G|A;Family=14005	-0.321512607381952	0.289984012082923	0.692882002389742	1
chr6:160216821;A|G;Family=11432	0.42858839479501	0.579051682053192	0.853668616085736	1
chr6:160711605;C|G;Family=13863	0.231045293391714	0.456978009667812	0.809339260781398	1
chr6:161154268;T|C;Family=12552	0.0735010605897058	0.943242250564222	0.985273974306327	1
chr6:161349561;A|AT;Family=12030	-0.180774955219748	0.454659278240008	0.809339260781398	1
chr6:16300875;A|G;Family=11798	-0.177109029283222	0.798516896063159	0.943221763906086	1
chr6:163573752;A|G;Family=13012	-0.41295682443549	0.424629268022074	0.793403318252843	1
chr6:163576481;A|G;Family=12101	0.372921947175745	0.35303172659061	0.743664633721861	1
chr6:167040897;A|T;Family=11024	0.409940955847354	0.414329245611199	0.784363080193868	1
chr6:167042285;T|C;Family=11184	1.78614935049483	0.014532690985406	0.16632842060736	1
chr6:167050007;A|G;Family=11800	-0.138208493532231	0.749991921759597	0.925532437306221	1
chr6:167357627;G|C;Family=14524	-0.134751972653131	0.823441990058711	0.950328024958306	1
chr6:168055897;A|G;Family=14418	0.315136235220639	0.486545717041751	0.813748174461458	1
chr6:168307277;C|T;Family=12255	-0.374137121983696	0.0588504264741794	0.356329840296886	1
chr6:169217039;A|G;Family=12908	0.138265402091189	0.557990519578153	0.846116396698126	1
chr6:170581376;A|T;Family=13581	-1.54826476749334	0.167313351400796	0.566924427440708	1
chr6:18225949;G|C;Family=12643	-0.0256902659892197	0.957774384554694	0.988260803233648	1
chr6:18468711;C|T;Family=12575	0.0428217954465513	0.808064955854089	0.943344485735137	1
chr6:25986227;T|C;Family=14633	1.55573199981979	0.045428204970328	0.314644799739135	1
chr6:26253077;C|T;Family=12894	-0.234501353638146	0.328841383000112	0.724027227824696	1
chr6:26270346;A|C;Family=11524	-0.457529699917689	0.0807255468784932	0.414544656979455	1
chr6:26270657;G|A;Family=13277	-0.162612071633718	0.508667909047985	0.82004374781491	1
chr6:26285173;C|G;Family=22140	0.00577488673171109	0.989038438741788	0.996142012363416	1
chr6:27810585;T|C;Family=11018	0.0342135067334848	0.899222096375813	0.972538101352579	1
chr6:27854874;A|G;Family=11868	0.0604250888659099	0.725538720735518	0.914905057991647	1
chr6:28367141;C|T;Family=14307	-2.00917985318925	0.0170355988761259	0.183769075232691	1
chr6:28534462;G|C;Family=14026	-0.313790126379322	0.731910246147827	0.917635978884878	1
chr6:2889864;C|T;Family=13703	-0.0931438726703718	0.92941417625747	0.980593469279562	1
chr6:29310806;C|T;Family=12686	0.34492008070963	0.0691404352374318	0.388041475412685	1
chr6:29463903;T|G;Family=12832	0.538457323903726	0.13574603336738	0.516478956538303	1
chr6:30676626;G|C;Family=14577	0.280616307618478	0.374019015420216	0.756921571080755	1
chr6:30724523;G|T;Family=14076	-0.308955768091242	0.336123737743343	0.731907489262476	1
chr6:30893309;C|T;Family=14181	1.97840152797894	0.0307267634390505	0.259387170492539	1
chr6:30899025;C|T;Family=13073	-1.64460977212902	0.0773008538547008	0.406424937493763	1
chr6:31510632;G|A;Family=11341	-0.563102484736658	0.00550319760315027	0.0886652523700692	1
chr6:31557662;C|CTG;Family=11808	-1.25556550302441	0.102535204771876	0.461531365364056	1
chr6:31558799;G|A;Family=14662	-0.550539033248808	0.00259225759808282	0.0496496684857291	1
chr6:31661476;G|A;Family=14603	0.083613129786797	0.84713468494369	0.956418902783917	1
chr6:31673158;C|T;Family=11905	0.777775226214805	0.0632192774695586	0.369522221676124	1
chr6:31689640;C|T;Family=11575	-0.400948851451718	0.312318968183731	0.707144394789943	1
chr6:31859316;A|C;Family=14186	0.043722355484606	0.817954790352409	0.948846040010131	1
chr6:31935940;C|G;Family=11721	0.782111932899506	0.298460326964255	0.697015266963841	1
chr6:31945211;T|A;Family=11818	0.112558147551437	0.487999971095019	0.813748174461458	1
chr6:31964099;C|T;Family=12532	0.19462842595765	0.46350974279414	0.809686167728805	1
chr6:32069105;C|T;Family=12788	-0.621431784046417	0.408542237600144	0.779302621926292	1
chr6:3267148;C|T;Family=11328	-0.262209368101562	0.565357324580395	0.850011135636227	1
chr6:33440873;CTT|C;Family=13073	0.153890396033267	0.69947779294373	0.901421089842349	1
chr6:34019696;C|T;Family=14554	-0.00593103029227363	0.982484593324263	0.993885541716681	1
chr6:34036305;G|A;Family=13531	0.280468466806796	0.430718766375778	0.795984390031093	1
chr6:34281276;T|C;Family=11216	0.346846087501455	0.234203202802788	0.648176422426847	1
chr6:34287657;A|G;Family=13741	-0.669371657585977	0.121069516837679	0.492990875296253	1
chr6:34537880;C|T;Family=14359	-0.123461784081849	0.829077862011151	0.951076648623274	1
chr6:349000;C|T;Family=12100	0.502008335392508	0.445690362270663	0.804398444036672	1
chr6:35090681;GTTA|G;Family=11496	0.283566334640701	0.133158193469091	0.513219567025632	1
chr6:35248773;C|T;Family=11718	2.1012175285412	0.0520634856307874	0.335242410047986	1
chr6:35291567;C|T;Family=13195	1.38278691850818	0.0513072751615627	0.332777451888678	1
chr6:35575305;G|A;Family=11453	0.138324780908719	0.80683711928232	0.943221763906086	1
chr6:35795046;A|C;Family=12624	0.105135982839538	0.749720458116635	0.925501677004225	1
chr6:36138971;C|T;Family=13153	-0.420557249443074	0.463464561139195	0.809686167728805	1
chr6:36142734;C|T;Family=14433	1.4649847384323	0.00099194206619983	0.0243382386700272	1
chr6:36490070;G|A;Family=14594	0.0847890439963989	0.705849800933771	0.905281910729544	1
chr6:36741419;G|A;Family=12613	-0.100775972678005	0.776489251698862	0.936235683724942	1
chr6:36925904;C|T;Family=11201	-0.572901437387666	0.435256221113443	0.798607944310784	1
chr6:37392924;G|GA;Family=13581	-0.530609526115001	0.66670373425464	0.886781769508532	1
chr6:37630704;C|T;Family=12467	-0.472608432222411	0.675297937477613	0.88902201371488	1
chr6:38152744;G|C;Family=14632	-0.268791316416092	0.720179722941503	0.913363067541352	1
chr6:38170191;A|G;Family=14384	-0.112320358512936	0.900155837579663	0.973011349797571	1
chr6:38170360;T|A;Family=13531	0.0977074644243706	0.755744432820388	0.929027759618907	1
chr6:38173519;G|A;Family=12361	-0.325494000510548	0.635436754040859	0.874424330890537	1
chr6:39861263;G|T;Family=11280	-0.246945026623951	0.698901107915581	0.901240777613056	1
chr6:411271;C|T;Family=12316	0.0652392730568724	0.673460898781359	0.888812346031087	1
chr6:4116006;T|A;Family=13293	-0.177569187512411	0.854335448007674	0.957258119022861	1
chr6:41908977;G|A;Family=14130	0.269861669738491	0.723842035297631	0.913379159834388	1
chr6:43007441;CT|C;Family=14550	-0.571463435295641	0.330852275388876	0.725768073223135	1
chr6:43132030;G|A;Family=13808	0.353744737178521	0.434160006888188	0.796986144673964	1
chr6:43141734;G|A;Family=11726	1.43993275102089	0.0643200423656154	0.374933911553603	1
chr6:43450471;G|A;Family=14486	1.01201562278087	0.125041568755869	0.49883745920248	1
chr6:44003235;C|G;Family=14525	0.489239349915435	0.645776009471251	0.878094512984591	1
chr6:44155232;T|TG;Family=14303	-0.348791928970421	0.394764755361889	0.766429707512419	1
chr6:44447702;G|A;Family=14188	0.491921982434921	0.218985634541502	0.630877904528947	1
chr6:46160238;A|AT;Family=14640	1.36771697860304	0.126990325379866	0.502082121695616	1
chr6:47019974;C|A;Family=14131	-0.856367350243629	0.104998420354929	0.468128349183375	1
chr6:49728384;A|G;Family=13589	-0.96394664140128	0.357536118670788	0.746991967815561	1
chr6:5104495;G|A;Family=12170	0.78809972702947	0.052444901044249	0.337028858631116	1
chr6:52189690;C|T;Family=11897	-0.15357967403154	0.73564321947352	0.918391967377317	1
chr6:52190217;T|C;Family=12001	0.648446739826742	0.285903236165512	0.689769118615253	1
chr6:52452690;A|G;Family=14163	0.251741046306077	0.696529824236073	0.899436173004824	1
chr6:52497823;C|T;Family=11788	-0.721780281776762	0.167460290229386	0.566924427440708	1
chr6:52502624;A|G;Family=13496	0.0873087533377567	0.880867761425908	0.967459794146536	1
chr6:52750221;G|A;Family=11845	-0.166699653910869	0.801260953283607	0.943221763906086	1
chr6:53268293;CTTTT|C;Family=14401	-0.423654620231077	0.353210986128417	0.743664633721861	1
chr6:55499251;C|A;Family=13300	0.317823220808113	0.490959342176551	0.814115803503004	1
chr6:57026903;A|T;Family=14618	0.543779546825721	0.17460153593081	0.57597026879109	1
chr6:57105244;G|T;Family=12585	-0.291471707654302	0.252410220577141	0.66696626806587	1
chr6:57168724;G|A;Family=14682	-0.37334927979228	0.557616965279631	0.846116396698126	1
chr6:57184477;C|T;Family=13692	0.617723921183159	0.0427243634818942	0.307255288335309	1
chr6:57185120;G|A;Family=13349	-0.210919684279911	0.473781363378934	0.809718887791835	1
chr6:57188047;G|A;Family=12180	-0.142278722086336	0.374229809007327	0.756921571080755	1
chr6:63277102;T|C;Family=14214	1.00520050791569	0.0257547157964603	0.23409976537509	1
chr6:63277177;G|A;Family=12956	-0.100787306244456	0.84515650228888	0.956213836525755	1
chr6:63703543;CCG|C;Family=14133	1.24986083819412	0.215151774410375	0.627080559888625	1
chr6:63703547;C|A;Family=14133	-0.314666675835094	0.768942753454452	0.93538446288281	1
chr6:63713212;C|T;Family=13931	0.367973436359011	0.0262013021038919	0.235874551793789	1
chr6:63713346;C|T;Family=14110	-0.67824223036631	0.133703555642757	0.51404101214252	1
chr6:69699046;T|C;Family=14152	0.379271594632527	0.0974673239962481	0.448618747113947	1
chr6:7417611;C|G;Family=11190	0.203018799124387	0.520073394174557	0.825564101818556	1
chr6:75085289;T|C;Family=12211	0.590822398513072	0.389048016533703	0.763858367666203	1
chr6:75717110;G|T;Family=14452	-0.322069464424679	0.442333312770865	0.801297125485511	1
chr6:75915105;G|C;Family=14613	-0.362215605975979	0.268789610268288	0.682154075333405	1
chr6:7882227;C|T;Family=11940	-0.649779739862494	0.258801967372538	0.673746591897716	1
chr6:79488659;T|C;Family=14643	1.56972867608899	0.0107967011523356	0.138798241066329	1
chr6:79700984;C|T;Family=14467	0.53161561758644	0.486489288517273	0.813748174461458	1
chr6:83656787;CA|C;Family=12661	0.244548703400633	0.281692603019967	0.689624430634953	1
chr6:83665562;G|T;Family=11543	0.56164049904274	0.52545741302553	0.826814280667192	1
chr6:84732935;T|C;Family=13424	-0.290319347162634	0.618923305775841	0.871068824935597	1
chr6:87169739;C|G;Family=14492	0.865673894035749	0.125686114543016	0.500688418915985	1
chr6:88141988;A|G;Family=12396	0.397303531766965	0.392530284402601	0.764896050414499	1
chr6:88142066;A|C;Family=12541	-0.83727273822668	0.28372823432617	0.689769118615253	1
chr6:88612681;T|C;Family=13925	-0.743236770590988	0.360514845613887	0.749574519065814	1
chr6:89634132;A|T;Family=12708	-0.0538405367468089	0.900444008967064	0.973011349797571	1
chr6:96795444;T|C;Family=11031	1.55471130430792	0.0137420822389292	0.161211802265438	1
chr6:98837882;C|T;Family=14413	-0.401498303633697	0.529228369972206	0.826814280667192	1
chr6:98873421;T|C;Family=14344	1.65830829718732	0.0238101617221898	0.223164925660109	1
chr6:99280481;C|T;Family=14658	1.01853916484148	3.39298151640975e-07	2.96215177037261e-05	0.00127372526126022
chr6:99433895;T|A;Family=14526	-0.0900344671787607	0.835930408722966	0.953497573530454	1
chr7:100034499;A|G;Family=11800	-0.431728837631968	0.470278179313601	0.809718887791835	1
chr7:100037293;C|T;Family=12360	1.05684155117669	5.48932165467574e-05	0.00234169471496054	0.206069134916527
chr7:100070882;A|T;Family=11456	0.557401175730697	0.270724470912978	0.682154075333405	1
chr7:100201111;G|T;Family=14227	-0.0255802894488755	0.973702065551091	0.991442929259117	1
chr7:100367651;T|C;Family=13082	-0.056299497877455	0.926573015953271	0.979842827655335	1
chr7:100565841;C|T;Family=13497	0.0890928808622305	0.661504003871836	0.885073700332183	1
chr7:100566755;G|A;Family=11348	0.330186630232954	0.0520167144588544	0.335242410047986	1
chr7:100627396;G|C;Family=11634	0.502299879603357	0.592620309192111	0.860617655979569	1
chr7:100681069;C|T;Family=14129	0.289612819627119	0.577057080382303	0.853290909915781	1
chr7:100865327;T|C;Family=14370	-0.390805426916048	0.0443721325496534	0.312703861596328	1
chr7:100893782;C|T;Family=14533	-0.752816668061095	0.0469457950047074	0.320226022715215	1
chr7:101092639;G|A;Family=13589	-0.324471568872508	0.785000515550366	0.939672278363993	1
chr7:101557594;G|A;Family=12860	0.121269405770486	0.835675851645626	0.953497573530454	1
chr7:102256679;G|T;Family=12585	-0.16147764207301	0.22420981262247	0.635686455638183	1
chr7:102457125;G|C;Family=13447	-0.639122517115433	0.0497657516904664	0.328158585056639	1
chr7:103336877;T|A;Family=12975	-0.590613812830742	0.23588091901413	0.650144618193131	1
chr7:103374495;G|C;Family=11336	-0.50107550245783	0.456601306103103	0.809339260781398	1
chr7:105107653;TC|T;Family=12952	1.38333890868016	0.112660423423917	0.48334540518101	1
chr7:105116390;C|A;Family=14261	-2.71206807479251	0.000192920516316108	0.0065245371013574	0.724223618250671
chr7:105116659;A|G;Family=13631	0.671759460864912	0.0203920047290233	0.200630311402053	1
chr7:107196482;C|T;Family=11984	-0.506690362831713	0.0909155131716607	0.435819460322955	1
chr7:107620052;T|G;Family=14412	1.16395293189278	0.247120561009853	0.663308377630739	1
chr7:107621378;G|C;Family=13215	0.033755404880655	0.916262108222994	0.977196622543038	1
chr7:107623206;C|T;Family=12056	-1.03286028523314	0.315342482593281	0.709946197172027	1
chr7:107765695;G|T;Family=12086	-0.334018307821301	0.622661226250018	0.871068824935597	1
chr7:11028794;G|C;Family=12852	-0.0129344747117488	0.927833812914086	0.980047308294733	1
chr7:112287394;G|A;Family=13838	-0.735306436034338	0.28859052316977	0.692691063925395	1
chr7:112287729;G|C;Family=14041	-0.679322048109696	0.301077401318492	0.699841835634439	1
chr7:112491008;G|A;Family=14564	0.404566216520732	0.214502042818264	0.626646434816936	1
chr7:112764605;A|C;Family=12758	-0.587373545719416	0.427127617728558	0.7951511754796	1
chr7:11374483;C|G;Family=12405	-0.13162165888005	0.718991848937216	0.912721398899751	1
chr7:114693111;A|C;Family=14115	0.523730132228573	0.308122639912344	0.704441163356236	1
chr7:115937292;T|C;Family=13863	-0.107982843523806	0.857473795039384	0.958534132248509	1
chr7:117363392;C|G;Family=13211	0.113805940582759	0.768529760173481	0.93538446288281	1
chr7:120749567;T|C;Family=12686	0.411138741673042	0.0615916663314031	0.362975063434988	1
chr7:12235662;G|C;Family=12180	-0.0866874754935129	0.854734583675376	0.957258119022861	1
chr7:12236724;T|G;Family=14007	-0.161915980789796	0.440473503342135	0.800637536989584	1
chr7:12237057;T|A;Family=11931	-0.120289106808534	0.799024775220614	0.943221763906086	1
chr7:12237561;A|G;Family=14202	1.57449480579293	7.77244434002426e-08	9.72591868415036e-06	0.000291777560524511
chr7:12331049;T|C;Family=14042	2.22974510949673	0.00333405363013441	0.0613531241545322	1
chr7:12344427;G|A;Family=11651	0.421895393751216	0.0608385212317988	0.360602903715211	1
chr7:123538093;G|A;Family=13165	-0.118902710618027	0.77868954462892	0.937223645571325	1
chr7:123638660;T|C;Family=13053	-0.639839523454072	0.0528610561502783	0.337990663363893	1
chr7:124031121;C|T;Family=13694	-0.178775706188059	0.43279139012082	0.795984390031093	1
chr7:128257537;C|T;Family=14245	-0.354602273822393	0.616594736558846	0.870117291839626	1
chr7:128299202;C|T;Family=11187	-0.424873784801234	0.282816241478394	0.689769118615253	1
chr7:128302575;G|A;Family=11252	-0.35033055976139	0.165926215602034	0.565233224473716	1
chr7:128307112;GCAAA|G;Family=11194	0.10610892905472	0.668511753603072	0.886957838211221	1
chr7:129487405;G|C;Family=11731	-0.240788480710257	0.381888381563457	0.760930217815533	1
chr7:131493457;G|A;Family=14685	-0.390584087954233	0.439594110126445	0.800637536989584	1
chr7:131495943;A|G;Family=14517	-0.850651916067195	0.352973270412078	0.743664633721861	1
chr7:134291115;G|C;Family=12219	0.733654017239507	0.0859043043745314	0.427841070944409	1
chr7:134442682;G|A;Family=14444	-0.322277293018869	0.217561075971549	0.629702605394908	1
chr7:134969307;C|T;Family=14233	-1.38045145398024	0.0891031451779075	0.43292139140021	1
chr7:135676391;TAATA|T;Family=11568	0.649823570347929	0.192806791149206	0.59620814989631	1
chr7:137388263;C|A;Family=14351	0.389460480550065	0.407124740216588	0.777388746069721	1
chr7:137390098;T|C;Family=Hou-etal:rs3735025	0.103202489896782	0.591126982476548	0.860446177672338	1
chr7:138588097;A|T;Family=11954	-0.0812503912045896	0.789179621095053	0.940560568471891	1
chr7:139565026;G|A;Family=11156	-0.348557727460645	0.511522955225463	0.820393445871867	1
chr7:139565092;G|T;Family=11156	0.134108617791353	0.457490120239245	0.809339260781398	1
chr7:139571713;G|C;Family=12867	-0.435696683753783	0.39567812153025	0.766843401251709	1
chr7:140024674;A|C;Family=13006	-0.294846719371472	0.515806597178816	0.822923062392383	1
chr7:140090201;T|C;Family=12303	-0.441043206702707	0.294832400908333	0.697015266963841	1
chr7:140297460;G|A;Family=13349	0.204069307999762	0.471909082106344	0.809718887791835	1
chr7:141473065;G|C;Family=12875	0.447215452497696	0.0361918179569235	0.285428749181283	1
chr7:14148804;T|G;Family=11055	-0.0936229689988241	0.830505197061568	0.951393503133698	1
chr7:141593741;G|GC;Family=14174	-0.41822771513782	0.297405421568783	0.697015266963841	1
chr7:141621769;G|A;Family=13843	-0.454705728005273	0.611607434759883	0.867843553397652	1
chr7:141654249;A|G;Family=14639	0.376626403171487	0.732295083566744	0.917635978884878	1
chr7:141929166;T|G;Family=11152	-0.401363916037331	0.568583176100277	0.850356322979689	1
chr7:142867025;C|T;Family=12681	-0.152197042598758	0.676241236216385	0.88902201371488	1
chr7:144453610;C|T;Family=13063	-0.406927885786211	0.60943663259042	0.86659349265387	1
chr7:148800933;A|G;Family=11106	0.312111262621066	0.546938438129342	0.838367445886222	1
chr7:150627483;G|C;Family=13035	0.763767466564129	0.188458268342616	0.59301956358607	1
chr7:151013039;C|T;Family=13092	-0.726802940661029	0.198885378018803	0.603773544344529	1
chr7:151987279;C|T;Family=13556	-2.18276357161506	3.08597610244647e-14	1.93079238143067e-11	1.1584754288584e-10
chr7:152103925;A|G;Family=13066	0.558122603435022	0.00923723852740828	0.127257446121505	1
chr7:152230230;G|A;Family=11241	0.0788632289472296	0.88701942790064	0.969112611274448	1
chr7:155802541;CATG|C;Family=14042	0.339893689593053	0.595735458215748	0.861317357231886	1
chr7:156682823;G|A;Family=11435	-1.31653181227867	0.122407670934237	0.494637671353201	1
chr7:157005028;C|T;Family=11062	-0.0897313149626747	0.757130810433921	0.929236703374651	1
chr7:157414907;G|A;Family=12661	-0.286146083687541	0.3699724853536	0.75619458815248	1
chr7:159028719;C|T;Family=14554	-0.775770951787059	0.254916601633486	0.668116847678705	1
chr7:16088825;A|C;Family=11382	0.361858460532616	0.678990151514464	0.889742660028169	1
chr7:17794399;T|C;Family=12540	-0.418372333856557	0.296591858949263	0.697015266963841	1
chr7:17882719;G|A;Family=13514	0.200622213392329	0.568057672106434	0.850356322979689	1
chr7:18998693;C|G;Family=12302	-0.374976067842275	0.0748389764864502	0.399638005306023	1
chr7:19000716;C|A;Family=12302	0.0719992130701766	0.744005151851443	0.922694198893398	1
chr7:19695939;C|G;Family=12055	-0.306088304125028	0.24932866521487	0.663521208722832	1
chr7:19721031;C|T;Family=13314	-1.44762861691095	0.00505987400812125	0.0833103816951192	1
chr7:20134737;T|C;Family=11729	0.463611899508185	0.566641514901953	0.850356322979689	1
chr7:20139350;T|C;Family=11905	0.414712654284889	0.12600397332057	0.500699036182139	1
chr7:20413493;G|A;Family=11181	0.292019215383432	0.459016353500256	0.809368808378051	1
chr7:20659230;C|A;Family=11679	0.59955054557142	0.214023097051529	0.626492640166019	1
chr7:22119418;T|A;Family=11931	-0.118441548422227	0.639939519680485	0.876619823950593	1
chr7:22192927;G|C;Family=14637	1.38577694139265	1.28912004579639e-06	9.48893461160719e-05	0.00483935665191966
chr7:2252218;G|A;Family=11569	0.831318967560356	0.361885682310611	0.750390937870909	1
chr7:22937168;G|C;Family=13322	-0.0605182795005172	0.82192033858697	0.949965810054029	1
chr7:22937598;CAA|C;Family=14695	-0.172140232000216	0.776254972028998	0.936235683724942	1
chr7:22939304;G|C;Family=13417	-0.478919271032293	0.397692563238068	0.76900801891653	1
chr7:23174064;G|A;Family=11986	1.13571657427017	0.123414212826613	0.496035283673558	1
chr7:2442801;C|T;Family=14539	-0.966652553374187	0.123981311583045	0.496639976928662	1
chr7:24688192;G|T;Family=13592	-0.728012835422771	0.333385856035291	0.727634013695629	1
chr7:24798063;T|C;Family=14669	-0.203696304954454	0.527334926417964	0.826814280667192	1
chr7:26373688;C|T;Family=14004	-1.13403279850419	0.0768729100273697	0.405215605450307	1
chr7:2662074;C|T;Family=11277	1.43772034755602	0.0216922656952688	0.208757797790271	1
chr7:26668101;G|A;Family=11499	0.198679292356559	0.660771138758319	0.884957136959946	1
chr7:2713256;C|A;Family=12113	-0.390489955383582	0.116757885625656	0.490926640330167	1
chr7:2713592;C|T;Family=13764	-0.450775468848247	0.275747023758352	0.687810184178639	1
chr7:2713712;A|G;Family=11561	0.397099010339855	0.0904820051079043	0.435819460322955	1
chr7:27195268;T|C;Family=14482	0.437221277333724	0.57488115487161	0.85266845333387	1
chr7:27247414;C|T;Family=14169	0.342378630171236	0.475104237511714	0.809718887791835	1
chr7:28823143;C|G;Family=13555	-0.646241713647429	0.000893643681892283	0.0225150226968029	1
chr7:29916016;G|T;Family=12173	-0.10091240934633	0.846378614728587	0.956418902783917	1
chr7:30010714;A|G;Family=12938	0.155294874694273	0.77666293801155	0.936235683724942	1
chr7:30081082;G|A;Family=14265	-0.101695111883859	0.803721160041132	0.943221763906086	1
chr7:30161165;A|C;Family=12426	-0.569685963590477	0.312229582545644	0.707144394789943	1
chr7:30162556;C|G;Family=14186	-0.0397286345475982	0.857415160280814	0.958534132248509	1
chr7:30923911;C|G;Family=13506	-1.26612646824922	0.0147005126046596	0.167737763884171	1
chr7:31652930;A|AT;Family=11274	0.618875349958585	0.441072914512846	0.800637536989584	1
chr7:31751585;T|C;Family=13718	-0.213431996738277	0.330208337020533	0.725235962014958	1
chr7:32485421;T|C;Family=14600	0.39416875743745	0.018970234145818	0.197269415466484	1
chr7:32587182;T|G;Family=12515	-2.0496417667183	0.000196851877318684	0.00659805310227088	0.738981947454338
chr7:36453260;A|G;Family=14525	-0.277053588845634	0.387170909661305	0.762560123225887	1
chr7:37741364;G|A;Family=14186	-0.78161827580846	0.186127176641042	0.589638330051031	1
chr7:41687963;C|A;Family=13823	-1.27033482487641	0.0081256054414332	0.114607379797855	1
chr7:41963579;T|C;Family=13631	0.202554896870078	0.303944331398319	0.702158166196486	1
chr7:41963952;G|C;Family=11117	0.0153188118523519	0.966517580723974	0.989577879060322	1
chr7:42917159;T|C;Family=13018	1.39934914631487	0.0482831449199906	0.323526341384871	1
chr7:42921313;G|A;Family=12197	0.710287325731684	0.281472167153459	0.689624430634953	1
chr7:43631800;C|T;Family=13512	-0.313240892411539	0.651737895791795	0.881659379665184	1
chr7:44060113;G|A;Family=13028	-0.242715593816017	0.614241144026479	0.869079875222345	1
chr7:44379847;G|A;Family=14297	1.75849290335901	0.0574593752372773	0.353610646952031	1
chr7:44384444;G|A;Family=13881	0.197136481385391	0.642886922434612	0.877344941480088	1
chr7:44708801;C|G;Family=14147	-1.24392214713206	0.0492891055411989	0.326333866316862	1
chr7:44767810;G|A;Family=13649	-0.0372788307208726	0.971891080063445	0.991255500378442	1
chr7:44835049;G|A;Family=13628	0.204841646620774	0.44630648301918	0.804729206884848	1
chr7:44876364;T|C;Family=13211	1.37019311681353	0.183153370366099	0.585653962823114	1
chr7:44962744;G|T;Family=14350	-1.01752215529585	0.299204284219898	0.698081344289308	1
chr7:4769211;C|T;Family=13709	-0.557643446279569	0.198896824452915	0.603773544344529	1
chr7:50669862;G|A;Family=12676	-2.04025008735215	0.0191895066583845	0.197362761631713	1
chr7:51064958;C|G;Family=14541	0.557209629570523	0.486324639877652	0.813748174461458	1
chr7:54550490;G|T;Family=12817	-0.0431766070877274	0.886787753826014	0.969112611274448	1
chr7:6164890;C|T;Family=14328	-0.310813604639727	0.586506054682332	0.857386096371894	1
chr7:6330019;A|T;Family=13498	-0.0480142841232238	0.947231182594757	0.986780470981843	1
chr7:64520411;T|C;Family=13570	0.736059899661376	0.075187517499446	0.400928893029716	1
chr7:64831687;C|T;Family=14598	-1.70090241328607	0.0295201264733395	0.253679375598334	1
chr7:64972029;T|TTAAA;Family=11722	-1.34107041637298	5.05069795850019e-05	0.00220468838793136	0.189603201362097
chr7:65954605;G|A;Family=11404	-0.0796332134479818	0.896311857297757	0.972191480004559	1
chr7:70292499;A|C;Family=14508	0.0378195542959987	0.952939684817436	0.988260803233648	1
chr7:7247184;AG|A;Family=13064	0.549904511517015	0.441056721184353	0.800637536989584	1
chr7:72946318;AG|A;Family=13941	0.456629711081	0.371630374408888	0.756562052890978	1
chr7:73340787;G|T;Family=13560	-0.0511116235794075	0.892750439459094	0.971055544529607	1
chr7:73441259;G|A;Family=13066	0.85074883194805	0.218894858373855	0.630877904528947	1
chr7:74404154;G|A;Family=11411	-0.293881777623391	0.398024129130212	0.76900801891653	1
chr7:75537252;G|A;Family=14361	-0.632154430603816	0.273575801167139	0.685442915658311	1
chr7:7607184;A|G;Family=11282	-0.530091907855773	0.303848592275065	0.702158166196486	1
chr7:76268794;G|C;Family=14551	0.474698288121198	0.0720102265293064	0.393510379205573	1
chr7:7868502;A|G;Family=13383	-0.0973862961846391	0.755794027138024	0.929027759618907	1
chr7:80674022;A|C;Family=13517	0.533729044572892	0.668759572057039	0.886957838211221	1
chr7:8086554;C|A;Family=14214	-0.797860587405799	0.22104434628707	0.632952308132465	1
chr7:8094168;G|A;Family=13741	0.216161117773382	0.637843643903908	0.875375166643153	1
chr7:8127875;T|C;Family=13072	-0.147849378369573	0.338157144602079	0.733162074714205	1
chr7:83366086;G|T;Family=12575	-1.19045100138187	0.0691126194567463	0.388041475412685	1
chr7:83958398;C|A;Family=14025	1.33211591976452	0.0434153115234446	0.310014530243763	1
chr7:83960121;C|T;Family=13160	-0.142443662420589	0.836438163994655	0.953497573530454	1
chr7:84996009;C|T;Family=14158	0.260783930098734	0.536543679447177	0.829565474730108	1
chr7:85050554;G|A;Family=14303	-0.743044761040621	0.111934139474436	0.481329621520081	1
chr7:87830053;A|C;Family=13129	-0.0477162185460868	0.925943989339338	0.979842827655335	1
chr7:88199020;A|G;Family=12669	0.14376688280407	0.526939760777589	0.826814280667192	1
chr7:88278420;A|G;Family=13287	1.30620127443383	0.073798949383888	0.396913212583719	1
chr7:896411;G|A;Family=14027	0.254448424004106	0.177268657381254	0.581097254520601	1
chr7:90233483;G|A;Family=13206	-0.206822769894701	0.445075971809764	0.804398444036672	1
chr7:90899326;T|TG;Family=14046	0.391559519087151	0.509347903987286	0.82004374781491	1
chr7:91271032;C|T;Family=11977	0.97989185702796	0.155367739878527	0.549331706531156	1
chr7:92108825;A|T;Family=13807	0.891422438053063	0.193453962387552	0.596244806898909	1
chr7:92577109;G|C;Family=11056	0.13756105061908	0.847278171946817	0.956418902783917	1
chr7:92615043;T|C;Family=13772	-0.357928036239881	0.422403813436858	0.791664461129289	1
chr7:93099533;A|G;Family=13889	0.359406547958027	0.763598247660726	0.932551629362403	1
chr7:93100516;G|A;Family=11977	-1.30544295655127	0.182299579161918	0.585653962823114	1
chr7:95294332;C|T;Family=14202	0.0116888061409295	0.982658531995151	0.993885541716681	1
chr7:95585430;A|G;Family=11979	-0.222978487819792	0.719026877831642	0.912721398899751	1
chr7:98292716;C|T;Family=13502	0.148874122973544	0.296320234344541	0.697015266963841	1
chr7:98293310;T|C;Family=11432	0.415245952251897	0.531109408074172	0.826897190900013	1
chr7:99030080;C|T;Family=11266	0.297259158334515	0.568652601163233	0.850356322979689	1
chr7:99391002;T|G;Family=11135	-0.0536999764035171	0.884247075408913	0.968715752417649	1
chr7:99411780;C|G;Family=14506	0.418113327807663	0.279553684290153	0.689624430634953	1
chr7:99480615;A|G;Family=12517	0.176861737260507	0.592440606323057	0.860617655979569	1
chr7:99672808;C|G;Family=12707	-0.56135813745642	0.0209775334227733	0.20561269051982	1
chr8:100141022;G|C;Family=12180	-0.510514566911569	0.470021474962219	0.809718887791835	1
chr8:100918132;C|T;Family=13962	-0.450430017012381	0.192238740275312	0.595653432249086	1
chr8:101669616;T|G;Family=11897	-1.00465714945287	0.0715962520887051	0.392554181255658	1
chr8:103068849;CT|C;Family=12418	0.0777357318318671	0.711094280572375	0.90835459516697	1
chr8:103068853;T|C;Family=12418	-0.120739538014199	0.600015752978262	0.863474224225625	1
chr8:103398998;G|C;Family=11117	-0.788541858312634	0.216713693560582	0.628704177454732	1
chr8:106707384;T|C;Family=14629	0.160839490799185	0.893249570784087	0.971055544529607	1
chr8:107900711;G|A;Family=13977	-0.422056825084166	0.440390460289855	0.800637536989584	1
chr8:109243244;G|A;Family=13306	-8.70959530748272e-05	0.999916313663798	0.999916313663798	1
chr8:11315026;C|A;Family=12534	0.553236281636111	0.0820796658458618	0.419434264327781	1
chr8:11325724;T|C;Family=12620	-0.260605415517217	0.761029935636318	0.931486942095187	1
chr8:116643060;C|T;Family=13787	-0.602949040981287	0.145403631492143	0.532531934264884	1
chr8:116658921;C|T;Family=14492	-0.756761619890351	0.412733861939766	0.781817952503992	1
chr8:117819709;G|A;Family=14364	-0.201683134598916	0.305864457697611	0.702491050616117	1
chr8:118194453;C|T;Family=14240	0.230812315375547	0.529045249577583	0.826814280667192	1
chr8:11844416;A|G;Family=12550	0.218243675618292	0.744753825659355	0.923012829820145	1
chr8:119834135;A|G;Family=11685	-0.0927751488125023	0.829721903101019	0.951076648623274	1
chr8:123100926;T|A;Family=13581	0.440518317917869	0.498625414811178	0.817794113883691	1
chr8:126552907;T|C;Family=11542	0.590674039737333	0.559540166589766	0.847664965850679	1
chr8:130053371;A|C;Family=13602	-0.338349950795996	0.643886344115783	0.877686759553613	1
chr8:13007100;A|T;Family=12796	-0.456407428830901	0.457905048431729	0.809368808378051	1
chr8:132127162;C|T;Family=13520	0.207739540978781	0.606566123241776	0.865785276229396	1
chr8:132128104;G|A;Family=12056	-0.786549610353209	0.263824475964996	0.677889858160571	1
chr8:132846315;G|T;Family=12720	-0.286867616135987	0.549941736428437	0.839907623198482	1
chr8:133459207;G|A;Family=12656	0.46672094535581	0.545077450975992	0.837021402364971	1
chr8:140521925;G|A;Family=12001	-0.302799373219355	0.646290660462554	0.878094512984591	1
chr8:140527463;G|C;Family=14699	0.454860315080483	0.471804764709406	0.809718887791835	1
chr8:140529731;G|A;Family=14154	-0.414961328526468	0.637106022349047	0.875061871510993	1
chr8:140532572;T|C;Family=12412	-0.64327484082664	0.332510833241533	0.726873723336275	1
chr8:141195681;A|G;Family=12738	0.94560733052329	0.136180253817523	0.516478956538303	1
chr8:141448037;C|T;Family=12622	1.54529544783934	0.017990705317795	0.191323251453264	1
chr8:142544658;G|T;Family=11625	-1.72402066834896	0.129479379882199	0.506318325081016	1
chr8:143297985;T|C;Family=11356	0.104974875818407	0.790922016765956	0.941350196657506	1
chr8:143318080;T|C;Family=14100	-0.416089427796331	0.722771800309432	0.913379159834388	1
chr8:143324603;G|A;Family=14111	0.345623439469986	0.621014562378596	0.871068824935597	1
chr8:143653484;TC|T;Family=11327	0.662078261544971	0.34707287209159	0.737910392916758	1
chr8:143694347;C|T;Family=11277	0.933561005946246	0.0921324647647678	0.437804142692327	1
chr8:144115745;G|A;Family=11568	0.374917832656545	0.759414583883399	0.930525409326707	1
chr8:144502068;T|C;Family=12802	0.0856797332178817	0.904179195198431	0.973970932216617	1
chr8:144527295;G|C;Family=11078	-0.94476767264513	0.253318362375777	0.668116847678705	1
chr8:17247873;C|G;Family=13277	0.886277403525202	0.170390522377908	0.569868450069039	1
chr8:17297014;G|C;Family=14549	-0.21806801894513	0.51956032208342	0.825403914135065	1
chr8:17566779;G|A;Family=13230	-0.434535208770723	0.115914761875478	0.490027045135748	1
chr8:1782214;G|A;Family=12770	-0.0466981298139825	0.931557857235864	0.981153437610728	1
chr8:18071404;T|A;Family=13252	-0.262716426602402	0.749014291578522	0.925501677004225	1
chr8:18529285;A|G;Family=14691	-0.63841933333681	0.331897717605612	0.72649797777928	1
chr8:18531048;A|G;Family=14448	0.458778027429984	0.15311968408427	0.544844828485638	1
chr8:1860162;C|T;Family=22017	0.79781869790861	0.315607333471896	0.709946197172027	1
chr8:1958160;T|C;Family=13626	0.800595612901755	0.246626396712908	0.663308377630739	1
chr8:2004228;T|C;Family=14557	0.0992503385228545	0.733474917243988	0.917635978884878	1
chr8:2005051;A|G;Family=11424	0.0636354700767977	0.864807310915773	0.959770074203215	1
chr8:2006315;T|A;Family=11546	0.535130510813193	0.310836225934861	0.705916026714741	1
chr8:21691253;C|A;Family=11610	0.0213469871320713	0.957262351389801	0.988260803233648	1
chr8:21909212;G|A;Family=12469	0.0743501540958144	0.86480511228661	0.959770074203215	1
chr8:21909628;G|A;Family=13982	0.604722555081078	0.576825330687219	0.853290909915781	1
chr8:22048473;C|T;Family=12373	0.955369293473377	0.338324590608496	0.733162074714205	1
chr8:22209648;G|A;Family=11989	0.422133296243341	0.46979641958637	0.809718887791835	1
chr8:22250658;C|G;Family=11818	-0.250594381452059	0.128988939759656	0.504926464919447	1
chr8:22620003;GT|G;Family=14507	0.139651660456867	0.539905949793544	0.832642971960065	1
chr8:22620016;C|T;Family=12113	-0.119319576883252	0.679632013979861	0.889898353847366	1
chr8:22621222;C|T;Family=11818	-0.317960937105235	0.46942090903599	0.809718887791835	1
chr8:23020670;C|T;Family=14354	-0.731491075910149	0.219640301228341	0.630877904528947	1
chr8:23136670;T|C;Family=12775	-0.231709697773469	0.643408735695104	0.877354302142906	1
chr8:23566433;G|A;Family=11031	-0.57957613458809	0.35830202246561	0.747674148046638	1
chr8:24357347;C|T;Family=12605	0.737629543595258	0.158687577157622	0.554712187495576	1
chr8:246847;T|C;Family=11552	0.137521641490152	0.544262280276037	0.836332623887124	1
chr8:25412256;ATTAT|A;Family=13585	0.258427185722483	0.313940752258393	0.709532561094527	1
chr8:26410533;C|G;Family=11458	0.442537122703972	0.3760010366303	0.758617714753443	1
chr8:26505153;A|G;Family=11017	0.657497256451521	0.127420280996951	0.502796268263958	1
chr8:27236813;G|A;Family=11444	0.989722470500904	0.168203702064103	0.567838756788346	1
chr8:27735798;CCAA|C;Family=11156	-0.0326564245198452	0.875613204186925	0.964213388527529	1
chr8:28812448;G|T;Family=11843	0.899745367698951	0.00492913941501485	0.0818760591325918	1
chr8:29051336;GTAT|G;Family=13584	-0.717406380665455	0.403296554242456	0.773620472471221	1
chr8:29067835;T|C;Family=13808	0.559381078294705	0.217832924622554	0.630003697251978	1
chr8:30831849;A|G;Family=14163	0.303457440275715	0.682012215737162	0.890004227263073	1
chr8:33548607;G|T;Family=14283	0.539780190015901	0.310322770808367	0.705916026714741	1
chr8:37745694;C|T;Family=14270	-0.224290619130399	0.820903935935525	0.949661376305229	1
chr8:37845026;G|A;Family=13072	-0.361906059748189	0.565390997784672	0.850011135636227	1
chr8:37859423;G|A;Family=14619	-0.28113574614209	0.609893449012127	0.86659349265387	1
chr8:38274890;T|C;Family=11310	0.0569124432405128	0.786189870329279	0.94022197299016	1
chr8:38424684;C|T;Family=12703	-0.30322667218176	0.6663179301789	0.886781769508532	1
chr8:38989521;T|C;Family=14234	-0.291010200275608	0.223902360868347	0.635686455638183	1
chr8:38991018;T|C;Family=13233	0.00149920067912599	0.997828029222003	0.999011434477853	1
chr8:39637652;G|A;Family=13838	0.494868738470502	0.490708800649545	0.814115803503004	1
chr8:39645438;G|C;Family=12892	-0.391106795262466	0.494958948746876	0.816473205155122	1
chr8:40154289;G|A;Family=12974	0.412861138003177	0.410679524386435	0.781527144743529	1
chr8:40531284;A|C;Family=14660	0.157347886791828	0.470492816212548	0.809718887791835	1
chr8:42272348;G|C;Family=13772	0.950388751224804	6.94992233083245e-08	9.45949786576272e-06	0.00026090008429945
chr8:42554909;T|C;Family=12113	0.859299817129663	0.254762573430132	0.668116847678705	1
chr8:472182;A|T;Family=14491	-0.271108734986409	0.530360521490289	0.826897190900013	1
chr8:491999;C|T;Family=14474	-0.013759087632414	0.942379706905131	0.985273974306327	1
chr8:492350;T|C;Family=12796	-0.74045679412734	9.09333582184309e-05	0.00362060700196362	0.34136382675199
chr8:53228434;CAG|C;Family=11172	0.308035663246165	0.503156097318942	0.818391676488436	1
chr8:55527291;G|A;Family=13069	-0.104951265240348	0.862016379068835	0.959770074203215	1
chr8:55538529;T|C;Family=12984	-0.250954819610581	0.356330269070005	0.746369250858138	1
chr8:56164546;A|C;Family=12314	-0.293914127166255	0.563402305321305	0.850011135636227	1
chr8:56217465;TAGAAGC|T;Family=11948	1.8301427150757	0.00609846324970515	0.0949943196655317	1
chr8:56964164;G|C;Family=13870	-0.488520325053449	0.260904073662572	0.675471650020202	1
chr8:58448913;C|T;Family=11018	0.027985870294263	0.882537470424821	0.96816062652682	1
chr8:61606588;A|G;Family=13853	0.528733572526031	0.341913538225101	0.735020940277764	1
chr8:61659074;C|G;Family=22315	-0.538843891692409	0.401861944130955	0.772697773618005	1
chr8:61665222;C|T;Family=14053	-0.597075051222307	0.470775877834835	0.809718887791835	1
chr8:63186531;G|C;Family=12674	-0.504066497301476	0.262885262611457	0.676775251671507	1
chr8:63187741;G|A;Family=12860	-0.0359607919579863	0.857676118865941	0.958534132248509	1
chr8:65602541;C|T;Family=13335	0.371818087027445	0.253750085365127	0.668116847678705	1
chr8:65718492;G|A;Family=12597	-0.567311910443784	0.00580009234623355	0.0918715049272605	1
chr8:66514029;T|G;Family=14254	-0.239980310741555	0.28080060089367	0.689624430634953	1
chr8:66632325;T|C;Family=11922	-0.0581770280451377	0.951445851701372	0.988260803233648	1
chr8:68233907;C|T;Family=12919	1.02328263615394	0.0862609249334081	0.427850220658958	1
chr8:68234749;G|A;Family=14669	0.413978413481399	0.0451978816711729	0.31378049136935	1
chr8:6924777;A|G;Family=12532	-0.139884518484307	0.762546457090981	0.932282772207989	1
chr8:69672964;C|T;Family=11195	0.596041425624105	0.446309592097564	0.804729206884848	1
chr8:73420884;C|G;Family=13882	-0.720181315267812	0.0126689876385733	0.153379506244782	1
chr8:73653867;C|T;Family=11018	-0.067531790751383	0.810340083350017	0.944725674812412	1
chr8:73668999;C|T;Family=11679	0.360570364395402	0.0597949833574248	0.358166250817143	1
chr8:74234772;CAAG|C;Family=12206	-0.164844531218881	0.784879184040861	0.939672278363993	1
chr8:74365934;T|G;Family=14110	0.0701087763387301	0.721440045404324	0.913379159834388	1
chr8:76865498;C|CG;Family=13613	0.338366376018249	0.328604978177246	0.724027227824696	1
chr8:76865499;C|T;Family=13613	-0.779230594907804	0.00518843567402242	0.0846842935664354	1
chr8:76866525;C|T;Family=12638	0.0311054444038219	0.91121052023684	0.975941612252179	1
chr8:76981153;T|C;Family=14692	0.741926097082381	0.0166724245424216	0.182473124583821	1
chr8:76982966;A|G;Family=13748	-0.0785641224804061	0.903308550610742	0.973970932216617	1
chr8:78717932;G|A;Family=12541	-0.523383837371486	0.483596706172155	0.813748174461458	1
chr8:78738606;G|C;Family=12643	0.361641025401537	0.11952059400384	0.491435169649961	1
chr8:78740044;A|T;Family=22024	0.659551365562839	0.167681047990711	0.566924427440708	1
chr8:80526198;G|C;Family=14253	-0.0680204071068795	0.92990088912854	0.980593469279562	1
chr8:80971856;T|A;Family=11073	-0.511044357668841	0.332484239015284	0.726873723336275	1
chr8:81480433;T|C;Family=13763	0.0348527244417672	0.895560352441347	0.971938006089857	1
chr8:81701852;G|C;Family=13947	1.03768336617755	0.000656662141073183	0.0173599273069629	1
chr8:85124850;G|A;Family=14385	-0.234589914030223	0.743632765370527	0.922537145142419	1
chr8:85480675;G|A;Family=13630	-0.618684201164539	0.561177258591854	0.848433116695054	1
chr8:88038481;C|A;Family=11838	0.187720711760304	0.53177818197113	0.826897190900013	1
chr8:89926047;G|T;Family=14285	0.318469111131616	0.580591160698624	0.854622568224752	1
chr8:90956239;CTGTT|C;Family=12483	0.260529086146389	0.513777170118933	0.821569481794429	1
chr8:90957147;A|G;Family=11537	-0.026701145128957	0.975483950953269	0.991584040657721	1
chr8:90993992;A|G;Family=14522	0.515050829167288	0.0555248490362312	0.345672111578792	1
chr8:9139918;A|C;Family=13948	0.753234162219477	0.279818740806741	0.689624430634953	1
chr8:91955087;C|G;Family=14152	-0.255996291841477	0.533072279050833	0.827838800179662	1
chr8:91956796;T|A;Family=12032	-0.940429115895028	0.332650254845957	0.726873723336275	1
chr8:93702337;TATG|T;Family=14271	1.22732858716002	0.0680302957235598	0.386728016473091	1
chr8:94127863;G|A;Family=22308	0.358417617344916	0.410290661899014	0.781446547320599	1
chr8:94790581;A|G;Family=13375	-0.669003744377425	0.227543295517871	0.639369409711142	1
chr8:94790790;AAT|A;Family=12499	0.130628297992522	0.785413534623301	0.939672278363993	1
chr8:95047123;T|A;Family=14095	-0.0100328732321119	0.965121850178819	0.989577879060322	1
chr8:96610564;T|C;Family=11030	0.310977916542889	0.28431692734267	0.689769118615253	1
chr8:97275271;G|A;Family=13082	-0.183490183049055	0.800941494324362	0.943221763906086	1
chr8:9780855;T|A;Family=13412	0.216047458073608	0.646045198732476	0.878094512984591	1
chr8:98432386;T|G;Family=14371	-0.122459409687633	0.564563835549034	0.850011135636227	1
chr8:99511216;G|A;Family=12922	-1.08335858185754	0.20931785201339	0.619699697522291	1
chr9:101362333;G|A;Family=12111	-0.430943290560939	0.376063228308301	0.758617714753443	1
chr9:105637531;T|C;Family=12377	0.424059310593264	0.145267817301792	0.532531934264884	1
chr9:107012058;A|G;Family=11063	-0.554737474040037	0.105232628170063	0.468269600887956	1
chr9:107331575;TC|T;Family=13575	0.559073144426064	0.15488121388491	0.549031234111379	1
chr9:108868801;AG|A;Family=14371	-0.253583421556613	0.305522559805334	0.702491050616117	1
chr9:109073266;A|G;Family=14440	-0.152010013215219	0.807542554393756	0.943221763906086	1
chr9:109172479;C|T;Family=11000	-0.245480196851967	0.477169452978222	0.810173960310054	1
chr9:109174247;C|G;Family=13592	-0.203786103466735	0.390712710366652	0.763858367666203	1
chr9:110169350;T|G;Family=14314	-0.690683290586807	4.41774129569408e-06	0.00029614644328635	0.0165842008240356
chr9:111361377;A|G;Family=13929	0.163865861967069	0.771094422736819	0.935807896523316	1
chr9:111544251;T|G;Family=13096	-0.0410909488997957	0.957095071650999	0.988260803233648	1
chr9:111578926;C|T;Family=11526	-1.19147429986508	0.003903425227535	0.067840084741511	1
chr9:112219628;A|C;Family=14509	1.89473747294966	0.0462894196701996	0.317800417978949	1
chr9:112223846;A|G;Family=14081	-0.241090295875553	0.805744718920831	0.943221763906086	1
chr9:112661862;T|TA;Family=12221	0.226660838846402	0.367831368840638	0.754556807993309	1
chr9:113291674;A|G;Family=12899	0.853987889143914	0.0376074617262755	0.290610917665779	1
chr9:113315864;C|T;Family=11455	-0.346360405074445	0.245012200363367	0.662185601270035	1
chr9:113408274;A|G;Family=11775	0.16242077294783	0.839600350133214	0.953497573530454	1
chr9:113408563;G|C;Family=14240	-3.51057927131495	2.02376205920505e-05	0.00104071270825421	0.0759720277025574
chr9:120602066;A|G;Family=13946	-0.618344002524742	0.345461665867539	0.737910392916758	1
chr9:121783329;C|T;Family=14202	0.115119106268948	0.764770363011459	0.933034755523243	1
chr9:122240838;G|A;Family=14116	0.42582353656637	0.47394523703153	0.809718887791835	1
chr9:122324182;T|G;Family=13660	-0.498192687693774	0.489343666758598	0.813774723322838	1
chr9:123089820;C|A;Family=12637	0.134147369583286	0.815326283729849	0.947133608107786	1
chr9:123123170;G|A;Family=13259	-0.194015187983457	0.485618102668137	0.813748174461458	1
chr9:124482337;C|G;Family=13133	0.397469163168034	0.614287840783861	0.869079875222345	1
chr9:124517762;A|G;Family=14042	0.247787889173929	0.540220853377717	0.832642971960065	1
chr9:124812407;C|T;Family=11376	-0.0444522349463649	0.90552276564064	0.975102928109236	1
chr9:124814304;G|C;Family=12066	0.732525522922837	0.207886364269956	0.618387806235671	1
chr9:124945512;G|A;Family=12494	0.285257189213881	0.692995861251439	0.896144148514606	1
chr9:124947542;G|A;Family=11671	-1.48805605032336	0.0204157642396335	0.200630311402053	1
chr9:125341338;A|G;Family=11922	0.195853076593411	0.390542621728085	0.763858367666203	1
chr9:125437495;T|C;Family=13001	-0.253444788089908	0.609263650709053	0.86659349265387	1
chr9:125438213;G|A;Family=14291	-0.178198197611072	0.680385265962292	0.890004227263073	1
chr9:126503518;G|A;Family=14246	-0.13094616770898	0.843932498880056	0.955693092246072	1
chr9:126696795;G|A;Family=14415	0.232854848236168	0.228243933513599	0.639913489050836	1
chr9:126882867;TG|T;Family=13581	-0.203391293774214	0.785479917289881	0.939672278363993	1
chr9:126990082;C|T;Family=11462	-0.0440669735392385	0.872517777642392	0.963230581851112	1
chr9:127872724;G|A;Family=13601	-0.103790466278208	0.771190334272541	0.935807896523316	1
chr9:128163787;G|A;Family=12457	-0.384987158470757	0.671908368260442	0.888418887050675	1
chr9:128635951;G|A;Family=11009	-0.381181344879248	0.691316754649112	0.895487697191909	1
chr9:128809363;G|A;Family=14641	-0.493376448412593	0.0852278737081287	0.426276644979608	1
chr9:129176594;G|A;Family=13649	-0.0778750483621383	0.859254906683082	0.959261518223548	1
chr9:129810352;G|T;Family=13912	0.146509733165127	0.791860197800069	0.941568228496765	1
chr9:129827484;T|C;Family=14085	-0.254805901258681	0.61949018422943	0.871068824935597	1
chr9:130234947;G|A;Family=14563	-0.0264671535875628	0.960308943247342	0.988260803233648	1
chr9:131123084;TG|T;Family=11009	0.0442523593640089	0.860082615840829	0.95950969981173	1
chr9:131523662;G|A;Family=13332	0.33782797995454	0.436984034432339	0.800637536989584	1
chr9:132262526;G|A;Family=14005	-0.231421926389329	0.362781290640881	0.750390937870909	1
chr9:132638219;A|G;Family=14550	-0.0765501872028071	0.726494132647709	0.915494788170358	1
chr9:133161106;T|C;Family=11004	0.331654867811677	0.26558153039332	0.678721578826949	1
chr9:133329726;C|T;Family=14410	-0.0907942598087051	0.861649387636797	0.959770074203215	1
chr9:133361896;C|T;Family=14053	0.112874337178667	0.549365498545446	0.839706059258796	1
chr9:133363549;C|G;Family=11038	0.222786085807583	0.271272284332548	0.682653501770483	1
chr9:133430005;G|A;Family=12062	1.17272472215199	0.10384092943638	0.464623181292216	1
chr9:133449924;G|A;Family=14554	-0.884755302013625	0.293502270399551	0.696318904697375	1
chr9:133763665;C|T;Family=13772	-0.0840957885244879	0.732722408561677	0.917635978884878	1
chr9:135566816;A|G;Family=14065	0.785854069898296	0.0699176463164468	0.388041475412685	1
chr9:135694297;CT|C;Family=13390	0.0433947419958557	0.861130728182755	0.959770074203215	1
chr9:136196867;T|A;Family=11857	0.0890955200577783	0.661062435187146	0.885031519861821	1
chr9:136367682;G|A;Family=13443	-0.474572596245834	0.646672758283352	0.878295779520877	1
chr9:136840556;G|A;Family=13094	0.946462857872615	0.35000708012626	0.740240326081116	1
chr9:137007274;A|G;Family=12944	-1.31149078287415	0.0366735934419553	0.287416847142172	1
chr9:137010114;C|T;Family=14317	-1.16585716973379	0.242649554332334	0.659599150589126	1
chr9:137011936;C|T;Family=12225	0.48684369775626	0.285300158966061	0.689769118615253	1
chr9:137013102;G|A;Family=14275	-0.17507455145714	0.786997003795191	0.940560568471891	1
chr9:137078580;C|T;Family=14361	-0.0615200962962968	0.906965730405386	0.975852494107715	1
chr9:137087244;G|C;Family=13043	0.708098791183543	0.48555411441916	0.813748174461458	1
chr9:137161981;C|A;Family=14008	-0.656030134065785	0.376075537335151	0.758617714753443	1
chr9:137164953;C|T;Family=13780	0.099199423426235	0.855004388141623	0.957258119022861	1
chr9:137273442;GT|G;Family=13636	0.226020881176695	0.836765308854272	0.953497573530454	1
chr9:137301028;T|C;Family=14119	-0.012476042903095	0.940888351306173	0.985273974306327	1
chr9:137522810;C|T;Family=13251	-0.502167011995768	0.467956159893056	0.809718887791835	1
chr9:14085340;GAA|G;Family=14147	0.341358510303115	0.136370775715841	0.516478956538303	1
chr9:14611924;C|T;Family=12247	-0.890192710928591	0.382351533213481	0.760930217815533	1
chr9:14616772;T|C;Family=14687	0.0286703632611774	0.963091096399627	0.988906995591959	1
chr9:16416120;C|T;Family=12682	-0.0220581485963914	0.958877006848457	0.988260803233648	1
chr9:17300732;C|T;Family=13684	-0.185708078977545	0.843512719934211	0.955505959756496	1
chr9:18909049;G|T;Family=11964	-0.407804830497146	0.422150453057808	0.791664461129289	1
chr9:19054207;T|TA;Family=11499	0.410862385960811	0.389730496309299	0.763858367666203	1
chr9:20865950;T|G;Family=11235	0.762820303837986	0.0652203600002365	0.375517226136331	1
chr9:21409905;C|T;Family=14149	-0.412432467476779	0.135708519871238	0.516478956538303	1
chr9:21480945;T|G;Family=12233	0.261554537200421	0.676865324349547	0.88902201371488	1
chr9:21862263;GA|G;Family=22252	1.56232049845792	0.0144848189193585	0.166287493037529	1
chr9:22003750;T|TG;Family=14696	0.913816626321834	0.0699655032430422	0.388041475412685	1
chr9:27327950;A|G;Family=11964	-0.391415692889049	0.245856391267733	0.663035124151631	1
chr9:27948743;A|G;Family=11300	-0.307285780990152	0.548071398122814	0.838828498413998	1
chr9:3218573;C|G;Family=11571	-0.0364534248517178	0.886699091657484	0.969112611274448	1
chr9:3221259;A|G;Family=13311	-0.319074820657839	0.450050170245243	0.805819614172225	1
chr9:33104557;G|A;Family=13136	-0.171247144478992	0.624328478730257	0.871068824935597	1
chr9:33112948;C|T;Family=11928	0.421247399215356	0.0903055126507442	0.435819460322955	1
chr9:33281041;G|A;Family=13509	-0.0616832273105537	0.77966267301556	0.937526376526818	1
chr9:34400074;G|T;Family=13890	0.426867451689286	0.320360769101109	0.71472150416	1
chr9:34723228;G|C;Family=13203	1.19073888241728	0.0684798110080279	0.387742398980598	1
chr9:34978932;A|G;Family=11792	-0.205766907493706	0.384160279076595	0.761424333502396	1
chr9:36337040;A|C;Family=14084	0.153476362669085	0.502305983089196	0.818272898848224	1
chr9:36835610;G|A;Family=12185	-0.0588360443421987	0.871070195235154	0.963230581851112	1
chr9:36838268;C|T;Family=13932	0.199959139596877	0.475624860988395	0.809718887791835	1
chr9:36838887;C|T;Family=13812	-0.773318402939263	0.00705208491334848	0.105510364678631	1
chr9:37436817;C|T;Family=11627	-0.358896414456143	0.324789621783334	0.72029462533709	1
chr9:37503112;TGAA|T;Family=13267	0.0550249040210587	0.926980123336476	0.979842827655335	1
chr9:37515815;G|C;Family=14635	-0.74289360814214	0.111869316315595	0.481329621520081	1
chr9:4605416;T|A;Family=13415	0.367527558739302	0.547149771556005	0.838367445886222	1
chr9:4707719;C|T;Family=11092	-0.929390035086888	0.0229450649582195	0.218065250261154	1
chr9:5234229;C|T;Family=14175	0.265295764688917	0.793038337499639	0.941811426438989	1
chr9:5235143;T|C;Family=13383	1.28515445704709	0.0100853891277892	0.132439638197147	1
chr9:5786983;C|A;Family=12498	0.301020112833293	0.195623578664119	0.598985523748446	1
chr9:5909470;C|A;Family=11164	-0.336927786557476	0.145730990682807	0.533210661816041	1
chr9:6011694;C|A;Family=11615	-0.216204217126907	0.377116310477802	0.758825351389295	1
chr9:6014079;C|T;Family=12396	0.0626443877633441	0.915740754333504	0.977196622543038	1
chr9:69431314;C|T;Family=12382	-0.325735877074378	0.2734517313314	0.685442915658311	1
chr9:70532688;A|G;Family=13732	-0.646593992818271	0.0260728991139682	0.235710119864356	1
chr9:70534620;CTGTCTA|C;Family=13252	2.21918337523642	0.00105985340361368	0.025404395065155	1
chr9:72353171;T|C;Family=12624	1.06204855444367	0.0746725483732788	0.399527828944482	1
chr9:74691212;A|G;Family=14268	0.411058419735948	0.444181973624313	0.803594760956951	1
chr9:77317670;A|T;Family=13623	0.0354149733783473	0.905749576536203	0.975102928109236	1
chr9:77419858;G|A;Family=22231	0.257699606908544	0.21059966800219	0.62109915784439	1
chr9:77719646;C|T;Family=14446	-0.695840060579802	0.176852988425483	0.58033751621439	1
chr9:78273599;T|A;Family=11316	-0.883933357853717	0.0533006054106086	0.337990663363893	1
chr9:78329763;T|C;Family=11685	0.901347897037351	0.230295542415322	0.643381305984481	1
chr9:79722581;C|T;Family=11199	-0.554894648593046	0.00360841989935181	0.0648134368524722	1
chr9:8315243;G|A;Family=12923	0.648006142293133	0.456794965898838	0.809339260781398	1
chr9:8316672;C|CCTGA;Family=12536	-0.577394197924816	0.117334522981187	0.491364054220678	1
chr9:83247078;C|T;Family=13298	-0.385911366915072	0.368410021523301	0.754918788645455	1
chr9:84876701;T|C;Family=14125	-0.151113544984438	0.561032870894477	0.848433116695054	1
chr9:86022196;G|A;Family=14394	-0.466043205778802	0.0490377388779515	0.325369278461042	1
chr9:87650018;G|A;Family=13884	0.285214283503059	0.488450109674196	0.813748174461458	1
chr9:88992903;G|A;Family=12940	0.728389749528985	0.305054814251406	0.702491050616117	1
chr9:89002362;G|A;Family=14179	-0.482476001724244	0.0842348455908327	0.42445316825233	1
chr9:89007807;T|C;Family=14011	-1.29891360669859	0.165087468151198	0.563911151446403	1
chr9:89377705;G|A;Family=14613	1.096967582127	0.0401682417060702	0.300195471726885	1
chr9:93034580;G|A;Family=12479	1.67448581141092	0.0936306913245862	0.441499210276068	1
chr9:93952040;GATC|G;Family=14109	0.615400445245543	0.323216477628426	0.717961335513083	1
chr9:94295032;C|T;Family=12493	0.257997285719184	0.382332078543997	0.760930217815533	1
chr9:95099215;G|A;Family=13300	1.23866229053897	0.0703932458060837	0.388041475412685	1
chr9:95467382;A|T;Family=13578	-0.0105699085854884	0.961935262390983	0.988260803233648	1
chr9:95467387;G|A;Family=13991	0.345484803627081	0.138851222256874	0.518730039592999	1
chr9:96320998;C|T;Family=12497	-0.771420055219508	0.130482143982791	0.508650019222636	1
chr9:96756012;G|C;Family=14095	0.546189992779509	0.371390589162874	0.756484140921014	1
chr9:96758618;A|G;Family=13159	0.239617600606836	0.804214935968312	0.943221763906086	1
chr9:97673220;A|G;Family=13070	-0.0182801578308537	0.852649973402596	0.956750263634233	1
chr9:97855594;C|G;Family=12619	-0.398831681300559	0.577663703936592	0.853423669648944	1
chr9:98849178;C|T;Family=11445	0.91145488241904	0.314329398894999	0.709946197172027	1
CLIP2_wgs	-0.541499491383236	0.122809607251687	0.495728242605195	1
CLSTN2_wgs	2.56843187339534	1.48949970885702e-06	0.000105501545416024	0.00559158190704927
CMTR1_wgs	-0.392739634476222	0.195746481257074	0.598985523748446	1
CNGB1_wgs	0.549882086025036	0.120163048464983	0.491921574632002	1
CNKSR3_wgs	-0.330990693598404	0.102756421083736	0.461973179339337	1
CNNM2_wgs	-0.216689428410728	0.298292220657668	0.697015266963841	1
CNTF_wgs	0.284492544655108	0.307414487341697	0.704308714117966	1
CNTLN_wgs	0.0412497358528825	0.971156138344369	0.991255500378442	1
COCH_ssc	-0.682075647336293	0.00207692835291897	0.0412528520468667	1
COG6_wgs	-0.275215243301616	0.376825658393186	0.758825351389295	1
CPD_wgs	-1.89590770225892	7.5452252416489e-09	1.4162387778575e-06	2.832477555715e-05
CPEB4_wgs	1.20235075903122	0.000614466762001201	0.0164864556790078	1
CRTC1_wgs	0.544718014129255	0.00100776208959798	0.0245514428513781	1
CSK_wgs	0.070865174623864	0.573798662215578	0.852168794911441	1
CTD-2132N18.3_wgs	0.311996144841344	0.676720556075735	0.88902201371488	1
CUL3_wgs	-0.908159973012412	0.0952744260783266	0.444496608176328	1
CUX1_wgs	-0.61840093472367	1.56885168537616e-05	0.000853546264768421	0.0588946922690211
DACT2_wgs	0.180271124382019	0.347136322293818	0.737910392916758	1
DCAF4_wgs	0.55038986025405	0.615062440015896	0.869079875222345	1
DCTN5_ssc	-0.535658864262414	0.0483737687028459	0.323526341384871	1
DFFA_wgs	2.00065698119199	0.0300467592313522	0.256353486714764	1
DHRS7B_wgs	0.816647067763339	0.0152433655811413	0.171903872825571	1
DIDO1.1_wgs	-2.21188139198928	0.0072071588833725	0.107363787492779	1
DIDO1_wgs	0.905113804846348	3.26479520071046e-05	0.00157128733121373	0.122560411834671
DNAJC10.1_wgs	-1.67248426152667	0.000117279673398492	0.00435908805879149	0.440267893937941
DNAJC8_wgs	0.115608594938294	0.889662366493853	0.970869919714513	1
DPY19L3_wgs	-0.0599818039596999	0.831755754717336	0.952146983035351	1
DSE_wgs	0.0835274809058437	0.86675180717974	0.961203647964996	1
DSTYK_wgs	-0.907394298266576	0.324337794502929	0.720026067749259	1
DTX3L_wgs	2.94785985578714	2.01605147151762e-05	0.00104071270825421	0.0756825722407714
ECE2_wgs	0.668053121929648	0.000290874247347546	0.00899446601197283	1
EIF4E3_wgs	0.939567357611618	4.04041684216385e-05	0.00187255862043001	0.151677248254831
EIF5A2_wgs	-1.9221258792201	0.0711458302580874	0.39104164976407	1
ELOVL6.1_wgs	2.01914392214903	0.000516762840058627	0.0143698348265192	1
ELOVL6_wgs	-0.0349787429951367	0.965097980198254	0.989577879060322	1
EMILIN2_wgs	1.3143304770591	2.25635492679025e-05	0.00114464275610413	0.0847035639517059
ENPP5_wgs	-2.96838350210869	0.000231564460239562	0.00753034080063768	0.869292983739317
EPB41L1_wgs	-0.518780976496913	0.141687346857567	0.525614519519497	1
EPB41L5_wgs	-1.64045462184037	0.00299721809741639	0.0562577836885056	1
EPM2AIP1_wgs	1.07445016661384	0.248377954985188	0.663320048541172	1
EPX_wgs	-0.0782569418982329	0.887294717325067	0.969131326400437	1
ERICH1_wgs	-0.0912460808793732	0.847068331476217	0.956418902783917	1
ETF1_wgs	-0.333911006650586	0.498300955163072	0.817794113883691	1
ETV3_wgs	0.547858224353629	0.665325901444305	0.886781769508532	1
F2RL1_wgs	5.86518989220026	4.68562704908116e-21	4.39746098556267e-18	1.75898439422507e-17
F2RL3_wgs	0.400358719256334	0.37585886029955	0.758617714753443	1
FAM101B_wgs	0.648562093291843	0.157945670929699	0.554712187495576	1
FAM127A_ssc	-0.0608566724972115	0.739605074035917	0.920582708199878	1
FAM57A_wgs	-0.0937315601598835	0.800057592357563	0.943221763906086	1
FAM83F_wgs	-0.594868298400096	0.246267432713214	0.663308377630739	1
FANCC_wgs	1.00455157289848	0.131896410754723	0.51143812893103	1
FANCM_wgs	0.517128907750139	0.0580675906497253	0.355528065569506	1
FARP2_wgs	0.446973602217348	0.0133480927841348	0.157080690632106	1
FAXC_wgs	1.2880320007024	1.47189002867327e-09	3.45342197977467e-07	5.52547516763947e-06
FBRSL1_wgs	-0.695519346270226	0.0110596599061255	0.140263389485118	1
FBXO31_wgs	-0.0489698570490155	0.829125043331122	0.951076648623274	1
FBXO44_wgs	1.24344138594091	0.0230163361956626	0.218190217369993	1
FGD4_wgs	1.34710209450717	0.000508117555928393	0.0142348754101133	1
FIGN_wgs	0.0299163221396835	0.876104094921629	0.964213388527529	1
FKTN_wgs	-0.179315973996728	0.534181333730171	0.82864327554672	1
FLI1_wgs	0.314299928430957	0.15540497398404	0.549331706531156	1
FLJ14816_wgs	0.0249983687391833	0.965536777823896	0.989577879060322	1
FOSL2_wgs	-0.479770446781559	0.222040659302819	0.634691580697162	1
FRAS1.1_wgs	1.65910347830861	0.0101939319729489	0.133338050963241	1
FRAS1_wgs	-1.13770760267635	0.0279982361711696	0.243299487468913	1
FRK.1_wgs	0.151310615576648	0.528890325734755	0.826814280667192	1
FST_wgs	0.313466493625084	0.0745407966075591	0.399527828944482	1
FTO_wgs	-0.122888989315458	0.733833584133625	0.917635978884878	1
FXYD3_wgs	-0.155234050937689	0.573171023890075	0.851876228315364	1
GALNT11_wgs	-1.35630863797014	8.6316295823843e-08	1.04526249846034e-05	0.000324031374522707
GDPD4_ssc	-1.06708716284188	0.0650189643328963	0.375517226136331	1
GET4_wgs	-0.289028516638714	0.569471442720015	0.850356322979689	1
GFOD1_wgs	-0.853659697449207	0.00040307030290597	0.0114630751296137	1
GJA1_wgs	1.70099218723847	0.0167555766515694	0.182850101017417	1
GJA3_wgs	-0.754057848186602	3.18199729561313e-05	0.00155132699321191	0.119452178477317
GLCCI1_wgs	-0.53256406701073	0.30212991805494	0.701283693315318	1
GLYAT_wgs	0.795679370351969	0.168701002311254	0.568165080611451	1
GMPS_wgs	-0.0625096532368516	0.774470927441231	0.936235683724942	1
GNB1L_wgs	0.471257301788611	0.581630109542623	0.854622568224752	1
GNB4_wgs	-1.19591315072172	0.000207856304363066	0.00690524395202612	0.780292566578952
GPR132_wgs	-0.40916929285048	0.012246566176133	0.150733145656404	1
GRAMD2_ssc	0.332679935631099	0.0106970400509092	0.13847133914177	1
GRIK2_wgs	-0.919191119518255	0.0609009698869057	0.360602903715211	1
GRK4_wgs	-0.318066993573933	0.564737246289146	0.850011135636227	1
GRM6_wgs	0.678738382544875	0.000614838517597519	0.0164864556790078	1
GSG1L_wgs	-0.300046187307518	0.0328196207539577	0.268511423675107	1
GSKIP_wgs	0.125558939417198	0.822245751083873	0.950049415071979	1
GSPT1_wgs	-0.175649471375928	0.67186316414435	0.888418887050675	1
GSTA2_wgs	-0.0877607444441361	0.901279740446076	0.973081433889723	1
GTF2H1_wgs	-1.41142510944158	0.187119506956942	0.590442227666465	1
GTPBP2_wgs	-0.806769905080136	0.206411321054921	0.617211036331461	1
GTPBP6_ssc	0.559784219669789	0.147246297319543	0.535622674551902	1
GUCY1A2_wgs	-0.0619319899043019	0.924369769602476	0.979842827655335	1
GXYLT1.1_wgs	0.426487853121539	0.181192200657604	0.585268825732081	1
GXYLT1_wgs	0.668723952540546	0.0728228093592086	0.395053217246343	1
GYPA_wgs	2.49163424913734	7.25233298489107e-09	1.4162387778575e-06	2.72252580252811e-05
HAP1_wgs	0.766383564079943	0.0143406029886298	0.165526107918332	1
HDGFRP3_wgs	0.371629826233039	0.496554766541869	0.816768759264525	1
HECA_wgs	-0.264371365025738	0.173782576511749	0.574056034883735	1
HELLS_wgs	0.299578224458306	0.412009607468768	0.781548290266678	1
HERC3_wgs	0.81429428528153	0.010769280247354	0.138798241066329	1
HHAT_wgs	1.00700452420121	0.293626219002649	0.696318904697375	1
HIST1H2BJ_wgs	1.54943126270586	0.13402087727944	0.51404101214252	1
HIST1H2BN_wgs	0.386664021167535	0.0232093045357135	0.21946531291453	1
HK2_wgs	0.408234611400228	0.442371373365262	0.801297125485511	1
HLF_wgs	-1.20677574807127	0.0806571668741675	0.414544656979455	1
HNRNPUL1_wgs	-1.53352604218528	0.149918137503791	0.541849754569893	1
HOXC11_wgs	0.993647274636084	9.16243114508642e-05	0.00362060700196362	0.343957665186544
HS3ST1_wgs	2.32324686934516	0.00929462888544919	0.127257446121505	1
HSF2BP_wgs	-1.62346847011067	0.00037772288096449	0.0111968311002371	1
ICMT_wgs	0.251846063791618	0.581834122173965	0.854622568224752	1
ICOSLG_wgs	0.164213416489535	0.649102575303228	0.879686306024663	1
IDE_wgs	0.284302451397968	0.369851477576948	0.75619458815248	1
IFNLR1_wgs	-0.597753310192116	0.123083257257795	0.49585739404614	1
IGF1_wgs	-0.0647584139966729	0.787302667062815	0.940560568471891	1
IGF1R_wgs	-3.40416888899236	1.18520834401223e-07	1.34826427982483e-05	0.000444927212342193
IGFBP4_wgs	-1.13423059552137	0.0159217367139932	0.176934279813912	1
IKBKAP_wgs	0.318867853778673	0.224330410705327	0.635686455638183	1
IKBKB_wgs	0.92563092989736	7.30755029587424e-08	9.45949786576272e-06	0.000274325438107119
IKZF4_wgs	-0.151966452008224	0.571840979261453	0.851523616083893	1
IL10_wgs	-1.22456607312343	0.0867980908129783	0.429868117298048	1
IL17A_wgs	-0.774977298948718	0.13312207366308	0.513219567025632	1
IL17RA_wgs	0.451626548066696	0.311146942040856	0.706194450073381	1
IL20RB_wgs	-0.649416776564736	0.0184266998097591	0.193764232733434	1
INHBA_wgs	-1.34154077166077	0.0109071606591814	0.138798241066329	1
INO80C_wgs	0.838845832354284	0.345171815302943	0.737910392916758	1
INPP4A_wgs	0.00420390625394523	0.980753522429773	0.993470497601597	1
INPP5F_wgs	0.736077547403056	0.152690741481444	0.544844828485638	1
INSL4_wgs	-0.0591450712422562	0.913549276359775	0.976878136862429	1
IP6K1_wgs	0.350960857629783	0.0349290736853815	0.280778892109041	1
IPO5_wgs	2.04256160556038	0.000392770915989927	0.0113243121658508	1
IRGQ_wgs	-0.422250803059929	0.327778641507184	0.724027227824696	1
IRS1_wgs	-0.94772087603208	0.0597689850602898	0.358166250817143	1
ITGA9_wgs	0.153170484150482	0.80166475157018	0.943221763906086	1
ITGAV_wgs	-0.170068697677638	0.847767502342006	0.956418902783917	1
ITGB6_wgs	0.671935079224052	0.500043478159325	0.817838732744197	1
ITGB8_wgs	1.35339113873227	0.000720743933969976	0.0189207883085545	1
KBTBD11_wgs	0.933897782149833	0.00187343607280087	0.0378111775123359	1
KCNC4_ssc	-1.15737492664983	0.174775470649382	0.5760378549761	1
KCNJ12_wgs	0.213456767010034	0.2732919360187	0.685442915658311	1
KCNK3_wgs	0.351258942241737	0.0783705483278273	0.410325018720591	1
KCNMA1.1_wgs	0.555239738701279	0.0402148657853781	0.300195471726885	1
KCNMA1_wgs	0.31576293009296	0.544057939013381	0.836332623887124	1
KCNS1_wgs	-1.65063650434902	0.0189672111535563	0.197269415466484	1
KCTD20_wgs	-0.411229223341218	0.0665507124807331	0.380260844220201	1
KDSR_wgs	2.68810998889772	4.91611947071731e-06	0.000318191594708151	0.0184551124930728
KIAA0226_ssc	-0.142318496561353	0.821150992937339	0.949661376305229	1
KIAA0247_wgs	-0.265169496670546	0.283156719170301	0.689769118615253	1
KIAA0319L_wgs	0.447652069865903	0.586149759195876	0.857386096371894	1
KIAA0930_wgs	0.982204421131516	0.111280780466257	0.480599381229523	1
KIAA1377_wgs	-1.55814587986579	0.038926733805094	0.297426262300869	1
KIAA1456_wgs	-1.23514907847424	0.0691922647135451	0.388041475412685	1
KIAA1751.1_ssc	0.303774454354009	0.00307273958976024	0.0573883801988057	1
KIAA1751.2_ssc	-0.103549172697181	0.286938746259665	0.691369654543554	1
KIAA1751.3_ssc	-0.679647391551121	3.56657918892516e-08	5.35557531009002e-06	0.00013388938275225
KIAA1751_ssc	0.219611692027478	0.0339986224884887	0.276133318705848	1
KIAA1755_wgs	0.407733804148775	0.0558739097460225	0.347006308881873	1
KIT_wgs	-0.0162271922198033	0.891038187567265	0.971055544529607	1
KLHL3_wgs	-0.740157059778965	0.12316687225633	0.49585739404614	1
KNCN_ssc	-0.504796018619536	0.248723121440219	0.663320048541172	1
KNDC1_wgs	-0.23900310252113	0.335125239205698	0.730260471774462	1
L1TD1_wgs	-2.17787569598628	0.0434540692296093	0.310014530243763	1
LAMB3_wgs	1.74459859727223	0.0937558670089449	0.441499210276068	1
LAPTM5_wgs	-0.513792566772761	0.675933381956002	0.88902201371488	1
LASP1_wgs	0.0551010006314582	0.843503370307215	0.955505959756496	1
LENG8.1_wgs	-0.0781679701378026	0.735093682396469	0.918011205494459	1
LENG8_wgs	0.040248428538508	0.71499976700675	0.911374935923924	1
LGSN_wgs	-0.311699025471893	0.496228147548912	0.816768759264525	1
LHFPL2_wgs	0.628982609738079	0.0646566648491003	0.375517226136331	1
LHX3_wgs	0.189662687676927	0.356642061426917	0.746369250858138	1
LILRA6_wgs	0.0495607321344109	0.939817178849517	0.985273974306327	1
LIN7C_wgs	-1.50066399397846	0.120075395840541	0.491921574632002	1
LMBRD2_wgs	-1.410273195052	5.652870059249e-05	0.00238436788791244	0.212208742024207
LMX1B_wgs	0.142242946508768	0.495892921872646	0.816768759264525	1
LONP2_wgs	0.419977308157185	0.0311191204478338	0.260180797686343	1
LPGAT1_wgs	0.262988394818298	0.329360756691084	0.724027227824696	1
LRP2BP_wgs	3.26153622278774	4.52450547855193e-07	3.66627089036728e-05	0.0016984993566484
LRRC15_wgs	-0.00447209504550087	0.981930988588068	0.993885541716681	1
LRRC8C_wgs	-0.173842423517644	0.870101106275882	0.962812536122854	1
LSMEM2_wgs	0.477827883849377	0.171852688233671	0.571066211765504	1
LTN1_wgs	0.260010382265298	0.328829372338551	0.724027227824696	1
LYRM2_wgs	0.808276429388306	0.0569504937558067	0.352505861619689	1
LYRM7_wgs	-0.104782679286142	0.872911678065392	0.963230581851112	1
MAK_ssc	1.03203880690788	0.0498269561753554	0.328158585056639	1
MAP1B_wgs	-0.963532422261733	0.14185537345128	0.525614519519497	1
MAP2K3_wgs	-0.519177195032765	0.2628905929037	0.676775251671507	1
MAP4_wgs	0.0804685559227084	0.826946007897611	0.950812957774445	1
MAPKAP1.1_wgs	0.177961337427048	0.703094245651472	0.904290419334284	1
MAPKAP1_wgs	-6.9619884736096	7.49763388721231e-14	4.02087394465643e-11	2.8146117612595e-10
MARVELD2_wgs	0.378795582163303	0.65342258310964	0.881917110053641	1
MAST3_wgs	4.13886479953351	2.51383301039214e-12	1.04854768011245e-09	9.43692912101209e-09
MAVS_wgs	-0.518517477832933	0.217348711122379	0.629573349964051	1
MCF2L_wgs	-0.673229603587085	0.2970436622894	0.697015266963841	1
MED13_wgs	-1.2758819750101	0.000413095298285651	0.011659847742589	1
MEGF9_wgs	-0.695613807949529	0.346965237324079	0.737910392916758	1
MFN2_wgs	0.288720873526077	0.20762516894461	0.618171706853169	1
MGAT1_wgs	0.224925608304625	0.493738044380611	0.815438899518175	1
MGAT3_wgs	-0.0214920763495175	0.922097233983926	0.978669215825744	1
MICB_wgs	-0.148936721575278	0.4512899141163	0.806350470058348	1
MINK1_ssc	-1.21127226174764	0.0755544043467025	0.402085241768441	1
MKX_wgs	2.94067276915699	8.9751494332266e-09	1.60441480820632e-06	3.36927109723327e-05
MLXIP_wgs	-0.594311373942766	0.0141324519395354	0.164761567021788	1
MPV17L_wgs	-1.00658775385865	0.13592744439686	0.516478956538303	1
MRPL54_ssc	-0.151320326959845	0.425887457615449	0.794609103942565	1
MSL2_wgs	-0.854170509476502	0.107796429562784	0.473295668513089	1
MTMR6_wgs	-0.0709161552608663	0.756706270448843	0.929236290240418	1
MTR_wgs	-1.83306766083248	0.0261202476994066	0.235710119864356	1
MUC2_ssc	0.243312291384682	0.3808359809068	0.760930217815533	1
MUC2_wgs	0.289048511635698	0.316560588670727	0.710746680544203	1
MYCBP2_wgs	1.46574125442927	0.0727571331538052	0.395053217246343	1
MYO9B_wgs	-0.28300552454576	0.501246644446101	0.818272898848224	1
MYRF_wgs	0.146679753524301	0.465773885204318	0.809718887791835	1
MYT1_wgs	-0.143799675474209	0.569194368769572	0.850356322979689	1
NFAM1_wgs	-0.40361867982978	0.516685405791131	0.823275472555138	1
NHLRC2_wgs	0.252293157444699	0.547023040749045	0.838367445886222	1
NINJ2_wgs	-1.1739364986076	0.266232153126427	0.679425902676144	1
NIPA1_wgs	-0.900396386231356	0.0881176251690486	0.431845384966852	1
NME9_wgs	0.362257881993722	0.304794525131067	0.702491050616117	1
NR2F2_wgs	-0.284031575959996	0.488763812960892	0.813748174461458	1
NRXN1_wgs	-0.0958558310852982	0.722982524836354	0.913379159834388	1
NT5DC3_wgs	0.0643317062147592	0.910565179443412	0.975941612252179	1
NTN1_wgs	0.0516577169804208	0.757944268975275	0.929236703374651	1
NUDT14_ssc	-0.407879131624754	0.157350784689596	0.554122744582311	1
NUDT3_wgs	-0.810628438928626	0.0574265238456212	0.353610646952031	1
NUPL1_wgs	0.891981030072942	0.0444799025416538	0.312703861596328	1
NXN_wgs	-0.294877045878596	0.227252788887369	0.639369409711142	1
OLFML2A_wgs	0.312614211000867	0.456578841574122	0.809339260781398	1
OR2H1_wgs	-0.490000352466923	0.182397354155089	0.585653962823114	1
ORMDL1_wgs	-0.206819849684805	0.706733725561807	0.905796656114382	1
OSCAR.1_wgs	0.0300335205832864	0.870224543171243	0.962812536122854	1
OSCAR_wgs	0.0847142853649763	0.644257432032102	0.877873829346103	1
OTUB2_wgs	-0.849157886184387	0.117801717847259	0.491364054220678	1
OXR1_wgs	-0.408129748700271	0.74241743402723	0.921914653120386	1
P2RX3_ssc	0.456112324338524	0.0535664043772778	0.339103342381621	1
P2RX7_wgs	-0.725091677333808	0.117232556934699	0.491364054220678	1
PABPN1L_wgs	0.700315643212765	0.269824869988902	0.682154075333405	1
PAEP_wgs	0.772063566871393	0.241410772330612	0.657997605402982	1
PALM2-AKAP2_wgs	0.271506464896107	0.0405235687456092	0.300893775464666	1
PAQR9_wgs	0.458966147416789	0.298300783990923	0.697015266963841	1
PARK7_wgs	-0.268399310817313	0.132014796732597	0.51143812893103	1
PARVB_wgs	-0.453380809270084	0.391939012147759	0.764729236799733	1
PAX5.1_wgs	0.265206409636419	0.306994723219649	0.704006225391913	1
PAX5_wgs	-0.169814650085075	0.385630256772716	0.762041814185051	1
PCBP3_wgs	-0.234413357982267	0.742639827127344	0.921914653120386	1
PCDH10_wgs	-1.88466729660104	4.1070652765117e-05	0.00188023451805182	0.154179230480249
PCDH17_wgs	0.586676020625599	0.0573838397449931	0.353610646952031	1
PCDH7_wgs	-0.810680702044681	0.0925624088983163	0.438736468439747	1
PCDHA6_ssc	-0.991756457370348	0.256051562671117	0.668905752447719	1
PCMT1_ssc	1.74475838424545	0.00198186655999884	0.0395740801395514	1
PDCD1_wgs	0.0803983375179221	0.851367047850346	0.956418902783917	1
PDE7A_wgs	0.901589137733086	2.7785160287282e-05	0.00139073988957942	0.104305491718457
PDE9A_ssc	-0.207568481431252	0.518119468172044	0.824876285757329	1
PEX2.1_wgs	-0.13603112830017	0.681498456891027	0.890004227263073	1
PEX2_wgs	-0.778726053542587	0.246611057374734	0.663308377630739	1
PGR.1_wgs	2.21473629421249	6.21294439607339e-11	2.12030847844177e-08	2.33233932628595e-07
PGR_wgs	0.508866013516602	0.0940548814760418	0.44190491246691	1
PHF12_wgs	-1.44315583800694	0.023683409204497	0.223164925660109	1
PHF17_wgs	0.303999273453398	0.373391254583922	0.756921571080755	1
PHF21B_wgs	1.49117874328791	0.0025843118115609	0.0496496684857291	1
PIRT_wgs	0.138747175457677	0.412700960509792	0.781817952503992	1
PKD1L2_wgs	0.140411022661547	0.316984928333427	0.710878395269653	1
PKP2_wgs	1.4453081956367	0.00704789230179275	0.105510364678631	1
PLA2R1_wgs	0.549202172749174	0.256356779105737	0.669237377442932	1
PLEKHA5_wgs	1.71516662445524	1.05268351175141e-07	1.23492934472337e-05	0.000395177390311478
PLEKHA6_wgs	1.47735544851732	0.24896588928996	0.663320048541172	1
PLEKHG3_wgs	-0.969635545661074	0.169479716722649	0.568165080611451	1
PLEKHG4B_wgs	0.122702238322643	0.220076364369814	0.631625895905415	1
PLIN4_wgs	-1.2387574670507	0.000113022105043754	0.00428570689226519	0.424284982334253
PLK5_wgs	-0.678095349863752	0.000779460622759886	0.0201799667437283	1
POLR3D_ssc	0.443288299286801	0.00856245835824952	0.119492448612895	1
POLR3D_wgs	0.331449651999491	0.0438412628528758	0.311115502362374	1
PPA2.1_ssc	1.43113163384433	0.181758404274384	0.585653962823114	1
PPA2_ssc	1.78217561425739	0.0894583774243908	0.433324837227307	1
PPARGC1A_wgs	-0.491077724621215	0.0446199437831871	0.312703861596328	1
PPHLN1_wgs	-0.230811894156311	0.644933594302409	0.878094512984591	1
PPP1R3B_wgs	-0.477189789117389	0.365321604284942	0.752285958576891	1
PPP1R9A_wgs	1.77750206151613	0.000292308165546267	0.00899446601197283	1
PPP2R2B_wgs	-0.869812422341881	0.365009249081555	0.752285958576891	1
PRDM5_wgs	1.33550527994573	1.38206669605207e-11	5.18827837697946e-09	5.18827837697946e-08
PRKAR1A.1_wgs	-0.230527689677188	0.315636708332476	0.709946197172027	1
PRKAR1A_wgs	1.00934698149627	1.00549172589105e-05	0.000599145387142065	0.0377461593899501
PRSS23_wgs	0.217554989185252	0.169429318149872	0.568165080611451	1
PSAPL1_wgs	-0.546823092603187	0.0130004636834646	0.154932510056273	1
PTGDR2_wgs	0.332103902826769	0.282237519951324	0.689769118615253	1
PTPLAD1.1_wgs	1.50554061873795	4.87458214463961e-06	0.000318191594708151	0.0182991813709771
PTPLAD1_wgs	-0.648215458174344	0.000836660817637269	0.0212266095905742	1
PTPN21_wgs	0.186358492757779	0.466419550940516	0.809718887791835	1
QSOX1_wgs	0.216463587317003	0.789917250199827	0.940711457093976	1
RAB6B_wgs	-0.349011615470682	0.282898147885742	0.689769118615253	1
RABGAP1L_wgs	-1.92405044002332	0.0274658964432097	0.240904147775255	1
RAD18_wgs	0.666956174992649	0.0334015268590422	0.272282943317465	1
RAET1G_wgs	-0.594219211645677	0.00164746544562197	0.0348195807922353	1
RANBP10.1_wgs	-0.0333142232271117	0.919716556954645	0.977940401548745	1
RANBP10_wgs	0.842846997120017	0.127507204951329	0.502796268263958	1
RANBP6_wgs	-1.75148227785534	1.53518169779088e-07	1.60085335930749e-05	0.000576307209350696
RAP1A_wgs	-0.567501323850335	0.240025435047024	0.65674597898435	1
RBFOX2_wgs	2.78285613139866	7.60035218124591e-11	2.37764350736643e-08	2.85317220883971e-07
RBM28.1_wgs	1.7496628598414	3.17327636448967e-08	4.96353311345592e-06	0.000119124794722942
RBM28_wgs	-0.261949185896835	0.548190705774364	0.838828498413998	1
RBM4_wgs	-0.385244401052792	0.186475686851446	0.590244290421862	1
RFX7_wgs	0.0486832669444859	0.824041296814191	0.950328024958306	1
RIMS3_wgs	-0.253135668412833	0.709716493355842	0.907141884936271	1
RNF130_wgs	1.00441573092989	0.0285776706602015	0.247761144707613	1
RNF150_wgs	0.467025229881973	0.0914987769704128	0.436450328776277	1
RNF219_wgs	0.363306860657777	0.0183729560697197	0.193741789566651	1
RNF44_wgs	0.183818698240053	0.50590810707908	0.819222889348239	1
RUNX1T1_wgs	-1.06883090141058	0.016300331700809	0.179906784977802	1
RYR3_wgs	-1.7559069369907	0.024146661004424	0.224642536780942	1
SAMD5_wgs	0.346685492085802	0.186057231881964	0.589638330051031	1
SAR1B_wgs	0.47551389106501	0.0871585755478252	0.430160138154125	1
SBF1_wgs	0.454204395689126	0.000916097422154623	0.0227750312766123	1
SCAI_wgs	-0.678509553797203	0.362702714363841	0.750390937870909	1
SCARB2.1_wgs	-2.35566496079889	0.000245017665792623	0.00786150698620092	0.919796317385508
SCARB2_wgs	0.221570382497639	0.514442341277336	0.821569481794429	1
SCN1A_wgs	1.82661738308881	6.63149417003407e-10	1.65964194095386e-07	2.48946291143079e-06
SCN9A_wgs	-0.53741551833701	0.553282858529832	0.842770793658269	1
SCUBE1_wgs	-0.265944995256637	0.301723139971683	0.700908828869863	1
SERAC1_wgs	0.880560619879898	0.1450784242327	0.532531934264884	1
SF3B3_wgs	0.669415192174283	5.24450069817727e-07	4.10163658769947e-05	0.00196878556209575
SFXN2_wgs	0.699307473109778	0.101821733638788	0.461084183449952	1
SH2B3_wgs	-0.564181828716985	0.0142146986556325	0.164856018574819	1
SH3PXD2A_wgs	0.590149973648997	0.00011592457113457	0.00435180840039176	0.435180840039176
SH3RF3_wgs	-0.113159555804147	0.830026966946024	0.951135907788576	1
SHISA6_wgs	-0.967638172000273	0.0063694396668842	0.0983986687633057	1
SHISA9_wgs	0.823436213367529	9.30674626088241e-05	0.00363932556909923	0.349375254633526
SIRPB1_wgs	1.33759819022201	0.0351870831810015	0.281047468641446	1
SLC26A3_wgs	1.31450372942242	0.0353798888049112	0.281987478924918	1
SLC2A13_wgs	-0.916280083962818	0.248270771543725	0.663320048541172	1
SLC34A2_wgs	-0.149568433571671	0.851616749508419	0.956418902783917	1
SLC36A2_wgs	0.0540808724461391	0.832166765454124	0.952146983035351	1
SLC39A9_ssc	0.169095100874653	0.432892288001058	0.795984390031093	1
SLC4A4_wgs	0.81038650075773	0.208550576795022	0.619382013677619	1
SLC6A1_asc	0.617189093063514	0.20900967011189	0.619612037723051	1
SLCO2A1_wgs	-0.704705810365933	0.0295306039255386	0.253679375598334	1
SMAD9_wgs	0.0365155793849312	0.922797655645829	0.979135782728786	1
SMIM14_wgs	-1.60949028571034	1.10422061222919e-06	8.45968199654774e-05	0.00414524417830839
SMYD5_wgs	0.356333941782127	0.0859329162205872	0.427841070944409	1
SNX13_wgs	2.34377499212967	1.87511150484562e-07	1.80491502286935e-05	0.000703916858919047
SNX29.1_wgs	0.360515921657401	0.347479917358003	0.738222755949035	1
SNX29.2_wgs	0.324893673909039	0.0201459975787822	0.200211542415764	1
SNX29_wgs	0.41597244040696	0.025259519999727	0.230715907734733	1
SORCS2_wgs	0.25440764071372	0.500201846132306	0.817838732744197	1
SORD_ssc	0.102309476908699	0.459357599597938	0.809368808378051	1
SOX21_wgs	-0.0457460456510195	0.838924727772025	0.953497573530454	1
SP7_wgs	0.180824236598162	0.763622480865512	0.932551629362403	1
SPATS2_wgs	-0.910686061521175	0.167601441655805	0.566924427440708	1
SPOCK1_wgs	0.870928542364078	0.185124903842569	0.588980532802567	1
SPRED3_wgs	-0.686128725676469	0.455010738972389	0.809339260781398	1
SPRR3_wgs	-1.08780680003796	0.134262720263923	0.514308420276294	1
SPRR4_wgs	0.424963532028147	0.429301561443315	0.795984390031093	1
SRRM4_wgs	-0.0679293847841701	0.729772652123396	0.917163219307408	1
STAU2_wgs	-1.15329365543211	4.42692251003023e-07	3.66627089036728e-05	0.00166186671026535
STK24_wgs	0.970676641640905	0.443690521562092	0.803092679818752	1
STON1_ssc	0.567357209674858	0.313569234680112	0.709532561094527	1
STON1_wgs	0.01382104164988	0.975735601009488	0.991584040657721	1
SURF4_wgs	-0.267430659315488	0.161406905070463	0.558453015331354	1
SYNGR3_wgs	0.399370119396749	0.0400068944513108	0.300195471726885	1
SYNJ1_wgs	-2.04348259089765	0.0369671172896326	0.288512595229274	1
SYT3_wgs	-0.0419667780701712	0.832880559072222	0.952146983035351	1
TACR2_wgs	0.113605429624688	0.627156477258654	0.871785867787724	1
TDRP_wgs	0.112474158316236	0.506215233490121	0.819222889348239	1
TEKT1_wgs	0.250042626458701	0.276318731133072	0.688217240005084	1
TFEC_wgs	2.75339497496855	1.26271422945704e-05	0.000729266033443344	0.0474022921738174
THRB_wgs	1.96151760247563	0.00765182435404835	0.110907137548639	1
TIMP3_wgs	-0.114695257104759	0.578214615131646	0.853565735432244	1
TIRAP_ssc	0.55534188968561	0.507865081984581	0.82004374781491	1
TLK1.1_wgs	0.432337635749695	0.149077764272534	0.539670132188131	1
TLK1_wgs	-3.33541282215199	0.000129052728807485	0.00465830715330096	0.4844639439433
TLL2_wgs	-1.41990808697971	1.6320533497013e-07	1.65587250669694e-05	0.000612672827477869
TMEM106B_wgs	0.637196891193735	0.0108992533831673	0.138798241066329	1
TMEM178B_wgs	-0.733081812663365	0.00137832456734444	0.0306969784663664	1
TMEM196_wgs	-0.182533500456979	0.689350535155222	0.893584913319303	1
TMEM55A_wgs	0.720244889697097	0.0099996948095473	0.132179064489579	1
TMEM63B_wgs	-0.510189045117964	0.212603099951363	0.624012538872099	1
TMEM86A_wgs	1.33416544221305	0.00192719753225142	0.0386882328132184	1
TMEM95_wgs	-1.25297047339615	3.81830108392996e-05	0.00179173778363413	0.143339022690731
TMEM98_wgs	-0.685658161313343	0.370261635388346	0.75619458815248	1
TMTC2_wgs	0.0768642874344362	0.794745205700958	0.942547978544569	1
TNRC6B_wgs	0.691583807580138	0.00358674320982956	0.0647338173543278	1
TOLLIP_wgs	-0.331921605296963	0.10573008210122	0.468269600887956	1
TPGS1_wgs	0.0607546596496408	0.915366817218465	0.977196622543038	1
TPGS2_wgs	0.37906917748033	0.0475296055983267	0.322651246683758	1
TRAF3_wgs	-0.221075068340092	0.62373789360402	0.871068824935597	1
TRAK1_wgs	-0.649437141032692	0.184135889706786	0.587854710883682	1
TRAM2_wgs	0.000944593703424923	0.998374692933279	0.999011434477853	1
TRIM2_wgs	-0.563213441218074	0.248446174978032	0.663320048541172	1
TRIM24_wgs	0.563457246803962	0.0703815407494734	0.388041475412685	1
TRIM36_wgs	3.28855130776542	6.79359860880386e-13	3.18789614718121e-10	2.55031691774497e-09
TRPM3_wgs	-1.06199825871971	0.000989150362099368	0.0243382386700272	1
TSPAN14_wgs	0.397448663706756	0.0730564251899061	0.395528211907948	1
TSSC1_wgs	-0.554400150751961	0.297105011959757	0.697015266963841	1
TTC39C_wgs	-0.933113038569781	0.0320864490862633	0.264730834878753	1
TTL_wgs	0.448860195298746	0.00977678962395016	0.130149178185493	1
U2SURP_wgs	-1.19120902760332	1.29635643335699e-07	1.43133001494769e-05	0.000486652205082215
UBAP2L_wgs	0.793603167585021	0.421519300003347	0.791562135647939	1
UBE2I.1_wgs	0.122443110250875	0.313823207441398	0.709532561094527	1
UBE2QL1_wgs	0.108096985029188	0.651098344679246	0.881659379665184	1
UBE2V2_wgs	0.973595684674797	7.89782711475832e-05	0.00318800462245191	0.296484429888027
UQCRB_wgs	1.7835894079261	0.0594260743304327	0.358082637297663	1
USP15.1_wgs	2.92212046969586	1.05649478046244e-24	1.98304070292799e-21	3.96608140585598e-21
USP15_wgs	-0.57550509637247	0.0059846720508873	0.0936962560743524	1
USP40_wgs	-0.137900832071396	0.740604534586531	0.921238470431526	1
USP46_wgs	1.11876504899747	0.0698670586337212	0.388041475412685	1
UTP6_wgs	1.10673437798434	0.130175842041127	0.507983483391257	1
VAV2_wgs	-0.367951006495635	0.173209499742987	0.574045761921286	1
VKORC1L1_wgs	1.38199444542189	0.0126179268533755	0.153379506244782	1
VNN1_wgs	4.53376958726234	7.98211114937887e-06	0.000491226971389644	0.0299648452547683
WDFY2_wgs	0.81363005283438	0.00123062404642991	0.0286941780763843	1
WDR52_wgs	-0.508146256231457	0.374428171949111	0.756921571080755	1
WSCD1_wgs	1.10346446176531	7.29788817407572e-08	9.45949786576272e-06	0.000273962722054802
XKR7_wgs	0.372886410848269	0.0977544313103911	0.448618747113947	1
XPO4_wgs	-2.65148455795726	1.69361777352349e-10	4.89064701677476e-08	6.35784112180718e-07
YIPF4_wgs	0.949352902403179	0.0401363211527947	0.300195471726885	1
YPEL5_wgs	-0.569617902922175	0.00458030307342227	0.077452512331654	1
ZBTB39_wgs	-0.032424893804523	0.862953206256654	0.959770074203215	1
ZC3H7B_wgs	0.313255257889714	0.172613689584517	0.572937038638619	1
ZKSCAN1_wgs	-0.487535451712417	0.0469404975715299	0.320226022715215	1
ZNF169_wgs	5.02921498595845	4.62840117360877e-19	3.47500360114547e-16	1.73750180057273e-15
ZNF208_wgs	-0.118762101968045	0.58275914931451	0.855440646043301	1
ZNF234_wgs	0.77223081607202	0.00168731056831496	0.0353863903544936	1
ZNF280D_wgs	-0.173298861081748	0.523625672340056	0.826814280667192	1
ZNF414_wgs	-1.37990606975687	0.205038527131095	0.613807520614139	1
ZNF544_wgs	-0.502680594596716	0.263030125782826	0.676775251671507	1
ZNF592_wgs	-0.165551656660148	0.118478574181583	0.491385849185218	1
ZNF626_wgs	-0.105210672578692	0.703661461411975	0.904290419334284	1
ZNF629_wgs	0.570984007019005	0.123237865915037	0.49585739404614	1
ZNF691_wgs	-0.517600728895631	0.486112896091218	0.813748174461458	1
ZNF771_wgs	-0.21944808588639	0.621001553068273	0.871068824935597	1
ZNF781_wgs	-1.31469254708734	0.0296442628236916	0.254074343927256	1
chr12:111816200;C|T;Family=14519	-0.390032918811866	0.749354992126305	0.925501677004225	1
chr15:64424311;G|C;Family=14304	-2.17994319827581	0.0659287748626559	0.378435200052615	1
chr15:89896555;C|A;Family=12029	-0.442451125544699	0.647436501237945	0.878769390411124	1
chr16:10528610;T|G;Family=12729	-0.463664673097809	0.687350060856021	0.892152907752213	1
chr17:30469229;G|A;Family=13875	-0.88790655621285	0.317665971741559	0.711951079353919	1
chr18:63124075;C|T;Family=12449	0.176367184316134	0.835691561807131	0.953497573530454	1
chr2:36549633;T|A;Family=11845	-0.88871639019586	0.137612167428372	0.517220581682794	1
chr4:121817385;A|G;Family=12517	-0.487700049436391	0.608128808149393	0.865785276229396	1
chr4:127724380;A|C;Family=11215	0.139432515487627	0.89375374207101	0.971100303251685	1
chr5:76627438;G|A;Family=12324	1.79710556559026	0.189467652875839	0.595440118518664	1
chr6:83553760;AC|A;Family=14233	-0.520367133697853	0.453180505881398	0.808189842792764	1
chr8:43024687;G|C;Family=13654	0.760684976284525	0.244819599610127	0.662185601270035	1
CRIM1_wgs	1.65835456709756	0.0551751251353478	0.344637969647414	1
ERO1LB_wgs	0.0635636616822419	0.960998478166107	0.988260803233648	1
FNBP1L_wgs	1.60269022409873	0.157712037031117	0.554712187495576	1
REEP1_wgs	-0.663291660296346	0.665565607779107	0.886781769508532	1
ROR1_wgs	1.28289821150257	0.282601476854531	0.689769118615253	1
PRKG2_wgs	-0.720212111945702	0.557770983046366	0.846116396698126	1
