Element	logFC	pval	fdr	bonferroni
9-Sep_wgs	-0.772136159786483	0.137089425842242	0.671312840305193	1
ABCB5_wgs	0.921001162461499	0.329401245282964	0.819658421180037	1
ABHD2_ssc	0.45928065061292	0.328513723863439	0.819658421180037	1
AC010536.1_wgs	0.062354468274569	0.844345209026914	0.978327924408756	1
AC010547.9_wgs	-0.443959266993545	0.482930862092539	0.894999917945034	1
ADAM28_wgs	-3.54230319516945	0.00127229611369914	0.0598717542349951	1
ADARB1_wgs	-0.267015605371036	0.776166730872175	0.960984229126855	1
AGFG2_wgs	-0.233225927301816	0.469994053011184	0.891086653910142	1
AGO4_wgs	-2.10875632189007	0.0753525220282355	0.551342519417427	1
AGTR1_wgs	-3.96190202981057	0.000122505175195721	0.010461372170202	0.449839003318687
AKAP10_wgs	-1.417705794554	0.261049322817906	0.776380993958328	1
AKAP9_wgs	1.86866486720109	0.0521325589747818	0.479776332219044	1
AKR1B1_ssc	-0.0928162399391414	0.887327065147805	0.989151482459848	1
AKR1C1_wgs	-0.267299938124539	0.277279438018885	0.786703019840393	1
AL117190.3_wgs	0.224465867187409	0.481928053422777	0.89466117905381	1
ALDH3A2_ssc	1.27520387120795	0.0415873803553653	0.430207826350702	1
ALG14_wgs	-1.82018831595905	0.182151102992433	0.720778275725543	1
ALX4.1_wgs	0.323345176321873	0.31989887086153	0.817445131387293	1
ALX4_wgs	-0.0779673186487714	0.915542221645437	0.994450336299019	1
AMPD2_wgs	-0.577167353426928	0.656857081377865	0.944172813369795	1
AMZ1.1_wgs	-0.462126605797727	0.388674986682277	0.848715068786487	1
AMZ1_wgs	0.898167514158372	0.00101190963361913	0.0523342559809783	1
ANGPTL4_wgs	-0.0942272832511755	0.718981177484705	0.951635014512506	1
ANO8_wgs	0.264306513974831	0.5462427583012	0.915891967343381	1
AP3S2_wgs	-0.465607985040638	0.111460836660032	0.61449519194641	1
AP4S1_wgs	3.43523942425363	0.000153624208424551	0.0122388228549362	0.56410809333495
APOBEC3C_wgs	-0.18378892856828	0.594453845126106	0.927306478133066	1
ARFGAP2_wgs	0.314755328048194	0.50389901134575	0.907463055253356	1
ARHGEF12_wgs	0.326216923517111	0.548323330416445	0.916451192211736	1
ARL3_wgs	-0.15375563785782	0.725232881219484	0.951820428209889	1
ARL5B_wgs	-0.807632299310258	0.000648591749401921	0.0372129516219352	1
ARRDC3_wgs	2.7997851003879	0.000628467189713608	0.0366306590575931	1
ASIC2_wgs	-0.0105763827465439	0.988995577759461	0.998517835991355	1
ASPH_wgs	-0.775821143078658	0.450992256286145	0.879243767911242	1
ATP2B2_wgs	0.658860954276739	0.212482091867438	0.74399324395962	1
ATP6V1A_wgs	0.633530946758256	0.0487164931409124	0.458981522811008	1
ATP8B4_wgs	1.20962565035502	0.182157472732381	0.720778275725543	1
ATP9A_wgs	2.05170547182091	0.00218194775589019	0.0920932432141237	1
ATXN7L3_wgs	0.794168626258347	0.0389804725309238	0.420459639763188	1
BAG2_wgs	-1.43892720311991	0.0351031661614377	0.410505815747768	1
BAIAP2L1_wgs	1.52168780688033	0.0487480375534567	0.458981522811008	1
BARX1_wgs	0.239241407482437	0.761486443989662	0.960649585891211	1
BAZ1B_wgs	0.0417233603159739	0.96555598221667	0.995500056197723	1
BCAS1_wgs	-0.833875183711414	0.468933411906831	0.890803667109096	1
BCL2_wgs	0.756602196213568	0.428699100295102	0.870220990956183	1
BEND7_wgs	0.159354024770376	0.709965938660659	0.948343007188773	1
BMP3_wgs	-1.90897333349573	0.0321786907589804	0.399189704280324	1
BRD1_wgs	-0.0382641414301422	0.938642921129425	0.994450336299019	1
BRI3_ssc	-0.0209698285456116	0.942379012356032	0.994450336299019	1
BRI3_wgs	-0.140108182578393	0.597899017664291	0.927306478133066	1
BTBD6_wgs	-0.488441067757513	0.687445666763777	0.945469909197862	1
C10orf54_wgs	-0.00336326049217339	0.988176181889368	0.998517835991355	1
C10orf71_wgs	-0.0165305689617475	0.943770184724357	0.994450336299019	1
C11orf45_wgs	0.870652932987618	0.0132225229206017	0.256894731028832	1
C11orf68_wgs	0.761480359111431	0.000293559209523235	0.0203386682522513	1
C16orf54_wgs	-0.866612869986223	0.191114233864706	0.732538065502298	1
C17orf102_wgs	1.24521659842863	0.0105442975247358	0.227756826534294	1
C19orf44.1_ssc	1.10377625624568	0.00325671175885122	0.113129316846061	1
C19orf44_ssc	-1.20155770083663	0.0357009809776261	0.410952984795746	1
C1orf116_ssc	-0.548459957621067	0.514320623780312	0.911757599787938	1
C1orf116_wgs	-0.574098622862354	0.498014870804976	0.903959765494747	1
C1orf233_wgs	0.0362630578452058	0.863529817060213	0.98114395146469	1
C21orf33_wgs	2.32262329255721	0.0129933985171095	0.25514309815415	1
C21orf49_wgs	-0.553659886334504	0.489894681155333	0.898548086514677	1
C22orf34_wgs	-0.941684819685761	0.201028167978711	0.74196557967373	1
C2CD4A_wgs	-0.812157235246214	0.200265292322157	0.74196557967373	1
C2orf68_wgs	1.0529851609475	0.0687294725063668	0.537706745560476	1
C2orf88_wgs	-0.375217027644871	0.207359752383014	0.74196557967373	1
C3orf52_wgs	0.59346941368644	0.364656621663158	0.837851309102946	1
C4orf22_wgs	0.655471572578144	0.167554187641863	0.711810529432476	1
C4orf32_wgs	3.41320998550392	0.00110970261008959	0.0546062818403016	1
C5orf28_wgs	0.412145367389094	0.301930343322078	0.805381573484831	1
C9orf139_wgs	-0.120245547903267	0.91467646796222	0.994450336299019	1
CACNA2D3_ssc	-2.1479982583424	0.100182759236772	0.598318433096028	1
CACNG8_wgs	2.20507412246152	0.000482729717418133	0.0305617848682653	1
CARF_wgs	-1.71352021029088	0.0516946109501314	0.478142598007261	1
CCDC148_wgs	-0.872697626441314	0.358281705389624	0.834192728827137	1
CCDC25_wgs	-0.294915958462215	0.325884357947697	0.819658421180037	1
CCDC90B_wgs	0.727114371429595	0.305767876118267	0.805753381131891	1
CCNT1_wgs	1.64241492541324	0.101170110594721	0.599124874033591	1
CD7_wgs	-0.584362996407089	0.45363589240659	0.880571543590602	1
CD96_wgs	0.06517327507171	0.818868415071656	0.969214356177691	1
CDC27_wgs	-0.879076627887818	0.146485527797659	0.682607687909903	1
CDC42EP4_wgs	0.204293476507759	0.528582180364777	0.913208766660489	1
CDH5_wgs	0.104246561094638	0.682423568245218	0.945469909197862	1
CDS2_wgs	0.458003486619023	0.587858226387366	0.927306478133066	1
CDYL2.1_wgs	-0.421438658018927	0.0152856225742391	0.280564177778716	1
CDYL2_wgs	-0.607343304630777	0.221950188238659	0.749415042374362	1
CELF6_asc	0.230693861421231	0.648663500037363	0.941942739149472	1
CENPN.1_wgs	-1.41009500494886	0.283036747087629	0.791839078405854	1
chr10:100555917;A|AC;Family=14036	0.29140924764971	0.742305763039064	0.955010510252421	1
chr10:100993505;A|C;Family=11818	-0.137397637928758	0.877205765707974	0.985832735233263	1
chr10:101785050;A|C;Family=14039	0.321620227711591	0.350801462262579	0.827700558132501	1
chr10:101786330;T|C;Family=13626	0.0787528880647607	0.948521912676591	0.994490996964741	1
chr10:102673925;T|A;Family=14458	-0.431463099192084	0.325440096295173	0.819658421180037	1
chr10:102674395;C|T;Family=14490	0.46525914798355	0.542158948774993	0.913855600356234	1
chr10:102738597;C|T;Family=12788	0.205837473560421	0.755691522760927	0.957285062236887	1
chr10:103077203;A|G;Family=14217	1.48733617536909	0.0802111545768534	0.559594821307933	1
chr10:103599336;G|A;Family=13239	1.09164943512476	0.0010687828485618	0.054507925276652	1
chr10:1040478;C|T;Family=14490	0.275812350741844	0.641086402867493	0.941942739149472	1
chr10:105264286;A|T;Family=14167	-0.0782107212724245	0.952241379446631	0.994490996964741	1
chr10:110292906;G|A;Family=22087	0.683226620962013	0.096771830834724	0.594224352550345	1
chr10:11288488;C|T;Family=14011	0.521831449249811	0.501575797042528	0.904650401854304	1
chr10:11335913;G|A;Family=14080	1.0031993094013	0.340986611210906	0.825380907294955	1
chr10:113912877;C|T;Family=12613	-0.750336003523772	0.249863241336717	0.765219201157986	1
chr10:113916527;A|G;Family=11753	0.185828535688936	0.744178564495367	0.955820254951813	1
chr10:11454999;C|A;Family=14368	0.253463863896849	0.821058965375341	0.969214356177691	1
chr10:114863518;G|A;Family=14358	-1.06847094339601	0.186443460840376	0.729095195107411	1
chr10:116672228;T|C;Family=12837	0.104763786405527	0.890269078517852	0.990326584767511	1
chr10:116674330;TG|T;Family=13177	-0.528306068806803	0.649106576949039	0.941942739149472	1
chr10:117277554;T|C;Family=13557	-0.0763401293451231	0.937955454887046	0.994450336299019	1
chr10:118685229;C|T;Family=13462	0.315956195403589	0.651148387218221	0.941942739149472	1
chr10:119575344;T|C;Family=14361	1.21050135609749	0.0281856187128248	0.377964154651389	1
chr10:119828703;T|C;Family=13964	-1.17980090476095	0.177552537228966	0.717241932568497	1
chr10:120906250;C|G;Family=13043	0.104507422947352	0.798899841759876	0.965036179884676	1
chr10:122441654;G|A;Family=14234	-0.524981439666054	0.625003986382999	0.936932915828866	1
chr10:122457129;G|A;Family=14433	-0.911941864729202	0.378189276533167	0.842235997232932	1
chr10:124007668;T|C;Family=14417	-0.233897562190726	0.770322334887492	0.960984229126855	1
chr10:126504992;A|AG;Family=14563	-1.42759685682523	0.125938743302601	0.646779112457554	1
chr10:128083596;G|A;Family=13867	-2.43875680316955	0.0656364093194513	0.527788695830335	1
chr10:12830453;G|A;Family=14412	-0.334507635629947	0.74058544656967	0.954919483272623	1
chr10:12831770;A|G;Family=11905	-0.0531874949846925	0.948403730796882	0.994490996964741	1
chr10:130067553;C|T;Family=13964	0.368019837934771	0.375389563744975	0.842235997232932	1
chr10:132417688;A|G;Family=14265	-0.743091928512339	0.571156592996973	0.926363520090496	1
chr10:133226372;C|T;Family=11587	0.694154324526864	0.558816885636817	0.920994436291918	1
chr10:13441561;C|A;Family=14096	0.0941908504818764	0.815100357978117	0.968610847466953	1
chr10:18679337;G|A;Family=11412	0.166171960637075	0.427405319594294	0.870220990956183	1
chr10:21742762;G|A;Family=13888	-0.221391926060979	0.753902994589548	0.957285062236887	1
chr10:22536841;C|T;Family=14137	1.45270178458033	0.15083603355836	0.683866227083353	1
chr10:27673518;TCTAA|T;Family=11679	0.608446706691247	0.540411978038067	0.913855600356234	1
chr10:27674431;CA|C;Family=13528	3.07390849020856	0.00418330738467723	0.129292142327179	1
chr10:28610739;AATTC|A;Family=14204	-0.695201470305493	0.278584606304349	0.786828643595645	1
chr10:32876908;T|A;Family=13188	1.20420589084623	0.203985229235907	0.74196557967373	1
chr10:38058596;C|T;Family=14206	0.233590003052398	0.589061217243203	0.927306478133066	1
chr10:38064613;C|T;Family=14603	0.0352648327523493	0.969588516528784	0.995500056197723	1
chr10:42589230;T|C;Family=14258	0.184308001031664	0.88358632045679	0.986719394156308	1
chr10:44936816;G|A;Family=14225	1.26705394098253	0.231061653703716	0.750044584209939	1
chr10:45454685;A|T;Family=14293	0.186419375159623	0.752525720678648	0.957285062236887	1
chr10:45455701;G|T;Family=14012	-0.701760349063556	0.395629039424848	0.851660455533044	1
chr10:46311665;G|A;Family=14070	-0.397019001794647	0.60373490106867	0.927312924067881	1
chr10:49327099;G|A;Family=13533	-0.123289400764027	0.596089009168932	0.927306478133066	1
chr10:4982907;G|A;Family=13868	-0.889179102132239	0.00141179234875139	0.0640012531433965	1
chr10:50306955;T|C;Family=13928	5.47786608979421	4.86239271800514e-06	0.000714188242420594	0.0178547060605149
chr10:51908110;C|A;Family=14132	-0.12595049885994	0.892755576191339	0.990847555552967	1
chr10:52296787;C|T;Family=13237	-0.865648613600255	0.434684491847552	0.874768966591993	1
chr10:53821903;G|A;Family=14423	0.963040377681026	0.401330955385273	0.85194450506384	1
chr10:53938946;C|T;Family=14400	0.878365997030125	0.0178419593645924	0.301141713519081	1
chr10:58396347;T|C;Family=13801	-0.757130500617519	0.263395671873234	0.776380993958328	1
chr10:61414817;G|A;Family=12716	-0.0061279965438771	0.993469544984004	0.998517835991355	1
chr10:62195207;A|G;Family=13988	-0.431662391492831	0.581509703905265	0.927306478133066	1
chr10:68343012;T|C;Family=14209	-2.00930554035285	0.0857411645742371	0.56830605833321	1
chr10:68911219;AAC|A;Family=13929	-0.309121306596064	0.682937148509667	0.945469909197862	1
chr10:69404819;A|G;Family=14139	0.0365710942226254	0.943514393893705	0.994450336299019	1
chr10:70425648;A|G;Family=14221	0.605278476815795	0.447299872020547	0.877487843305796	1
chr10:71747722;G|A;Family=14065	-0.0237691081822685	0.918333704258448	0.994450336299019	1
chr10:71750800;C|T;Family=14356	0.833892641812096	0.376157772671682	0.842235997232932	1
chr10:71750965;C|T;Family=14293	-1.00566787547466	0.22723252990642	0.749415042374362	1
chr10:71816558;A|G;Family=14004	-0.410729354107935	0.632954249886515	0.941582911078405	1
chr10:72335546;C|A;Family=13237	-0.899054904918755	0.248239119968438	0.76342885136022	1
chr10:73136826;C|T;Family=13928	-0.473347803469455	0.693439075759305	0.945469909197862	1
chr10:74101002;A|G;Family=14402	0.472509112862233	0.590442340169469	0.927306478133066	1
chr10:76875350;G|T;Family=14594	-1.25921497874771	0.221755334590116	0.749415042374362	1
chr10:76876859;C|T;Family=14658	-0.107321503685944	0.732670804927319	0.951889294499884	1
chr10:77001472;G|T;Family=13008	-0.214649114621745	0.799849357503464	0.965036179884676	1
chr10:80090866;G|A;Family=12568	-1.36329972283576	0.180310833701973	0.720778275725543	1
chr10:80529499;G|C;Family=13505	-0.830153091608014	0.0400302297505904	0.424086520874864	1
chr10:812367;A|G;Family=12318	0.319031347370144	0.721122972541731	0.951635014512506	1
chr10:87552910;C|G;Family=14175	0.980687167535635	0.180585060635035	0.720778275725543	1
chr10:87751614;GA|G;Family=12661	0.593999719634245	0.584178826020813	0.927306478133066	1
chr10:91282878;A|G;Family=14301	-0.943045473020613	0.198663204966977	0.74196557967373	1
chr10:92051693;C|G;Family=11568	-0.460695124744301	0.420462407872324	0.868719830376249	1
chr10:92558801;G|A;Family=12412	-1.03020830290941	0.16606601346552	0.70919588817855	1
chr10:92901375;T|C;Family=11954	0.451414630884458	0.534408395678697	0.913208766660489	1
chr10:93306532;T|TCTAA;Family=11718	-1.73182360627715	0.107303267319723	0.6080518481451	1
chr10:93665442;C|T;Family=14017	0.800006668240827	0.509211015194775	0.911041351988275	1
chr10:94325123;C|T;Family=22349	0.26903041673983	0.601496148708933	0.927312924067881	1
chr10:94535820;C|G;Family=14160	-0.489487564689307	0.306354927910213	0.805753381131891	1
chr10:95210747;G|A;Family=14484	-1.07047323689183	0.232732698180192	0.750044584209939	1
chr10:96364842;C|T;Family=13026	1.4099324422788	0.0355212325126627	0.410952984795746	1
chr10:96989266;T|C;Family=12689	0.683031042628522	0.393064867273183	0.851660455533044	1
chr10:98247936;T|C;Family=13916	-0.56710146179518	0.659451741477139	0.944172813369795	1
chr11:101033498;C|A;Family=13863	-0.702875943557192	0.341776822993947	0.826058711914868	1
chr11:101034122;G|A;Family=14161	-0.0124244950297568	0.968949366449026	0.995500056197723	1
chr11:101998918;C|T;Family=13001	0.0524840287033557	0.951352100085417	0.994490996964741	1
chr11:102081375;G|C;Family=13956	-0.183024455493386	0.835142672992501	0.975229691942293	1
chr11:102712136;ATTT|A;Family=13154	-0.198531288274746	0.700795270525885	0.945469909197862	1
chr11:102715386;A|G;Family=12653	-0.633369865416783	0.206303334351824	0.74196557967373	1
chr11:102722552;G|A;Family=12534	-1.21832664772876	0.137704341537702	0.671312840305193	1
chr11:104890491;T|C;Family=11722	0.257652657876524	0.773247649991797	0.960984229126855	1
chr11:106674176;C|T;Family=14015	0.500252724113775	0.606492492600767	0.92755546278534	1
chr11:106676736;C|G;Family=14043	0.0827680913475399	0.91676832836538	0.994450336299019	1
chr11:107336571;G|A;Family=14522	2.3891305869692	0.056799259253049	0.498624262897071	1
chr11:107665691;A|G;Family=11471	-0.281085206060322	0.803424424636438	0.965371232743783	1
chr11:107707617;C|T;Family=14296	0.712383883105252	0.321072198593539	0.818367963791311	1
chr11:108147607;T|A;Family=11028	1.29392210899792	0.0247453238631612	0.359149522630546	1
chr11:108506922;C|T;Family=12351	0.260780336383471	0.668189125658676	0.944172813369795	1
chr11:110168323;CCTTT|C;Family=14485	1.56648949070817	0.00892948238287376	0.208847511528105	1
chr11:110464436;A|G;Family=11300	0.836132844168412	0.16986593427219	0.715377164631145	1
chr11:110578017;A|AGGTT;Family=11749	-0.194760182197175	0.613254494669276	0.93167997700686	1
chr11:111755330;G|A;Family=11484	-0.016822013819773	0.94257019931571	0.994450336299019	1
chr11:111759888;C|G;Family=11355	2.21879161123241	0.0249147579972556	0.360185005377647	1
chr11:112020819;G|C;Family=12864	0.447247758639802	0.379750885657784	0.842235997232932	1
chr11:112082999;G|A;Family=13010	0.349088499075417	0.63471272466588	0.941942739149472	1
chr11:113733596;C|A;Family=14454	1.38560530147805	0.0824731748350034	0.560816231732374	1
chr11:114313231;C|T;Family=12653	0.573346615267378	0.396477626020527	0.851660455533044	1
chr11:116776461;G|A;Family=13748	-0.20999644618858	0.724758535210783	0.951820428209889	1
chr11:116777302;T|A;Family=13853	-0.193589154218488	0.765871504731304	0.960854186791555	1
chr11:117204647;T|C;Family=13694	-0.282096277365451	0.798213278048488	0.965036179884676	1
chr11:118000915;T|C;Family=14243	1.67346400130711	0.088525006286359	0.578287426017872	1
chr11:118396788;C|T;Family=12655	0.11204754029893	0.839678491794543	0.97586857522233	1
chr11:118448406;C|G;Family=12695	0.666905387974918	0.192169553876096	0.734664338581199	1
chr11:118544742;G|A;Family=14525	0.414406477197826	0.651626016167637	0.941942739149472	1
chr11:119356346;G|A;Family=22106	1.5893957866181	0.125819779680108	0.646779112457554	1
chr11:119418127;G|A;Family=13900	1.00430227241497	0.19956793414594	0.74196557967373	1
chr11:120112232;T|G;Family=14653	-0.740233448338892	0.340342678345765	0.825380907294955	1
chr11:120487883;G|A;Family=12857	1.26808136267228	0.0811137611101013	0.559594821307933	1
chr11:12263478;C|T;Family=12899	0.926628492500895	0.296577104948067	0.80341906726551	1
chr11:12263717;A|G;Family=11989	0.339019533163313	0.793634592753885	0.964975571057042	1
chr11:124188074;C|T;Family=13948	0.134565680810172	0.904862255128746	0.993609084556958	1
chr11:124767889;G|A;Family=12019	0.634585473386739	0.59009495661692	0.927306478133066	1
chr11:125101218;G|A;Family=12647	0.37537601905007	0.150073716394642	0.683866227083353	1
chr11:125583699;A|C;Family=13195	-0.0875123872174517	0.871326169052661	0.984767526242342	1
chr11:125777019;T|C;Family=11452	1.15757126714377	0.169086789207167	0.715307246507739	1
chr11:125943602;G|A;Family=11824	0.91039237877429	0.316084808806676	0.816081072775908	1
chr11:126291555;C|T;Family=14661	-0.519136449288406	0.668214858001193	0.944172813369795	1
chr11:1275105;C|G;Family=14076	-0.271882752602971	0.290137566695254	0.79889773593665	1
chr11:128812544;T|TA;Family=12029	-0.0735265691963487	0.843308085757098	0.978327924408756	1
chr11:128901589;G|C;Family=14230	0.608005496691436	0.211614069377587	0.74399324395962	1
chr11:128902526;G|A;Family=14209	0.371015335689722	0.651130226715392	0.941942739149472	1
chr11:128917908;A|G;Family=14187	-2.50893711033801	0.0190474474315587	0.312242084681623	1
chr11:129452030;GTTTTT|G;Family=13512	1.7856062455023	0.0153576796659918	0.280564177778716	1
chr11:129859531;C|CT;Family=11691	-0.0613622381887779	0.815000652039552	0.968610847466953	1
chr11:129902006;A|G;Family=14174	-1.35167044426525	0.1813486699765	0.720778275725543	1
chr11:130228414;G|T;Family=11167	-2.78082433005541	0.0151435637775417	0.279432995935342	1
chr11:132416102;T|C;Family=13572	-0.0977947808741945	0.91623042470267	0.994450336299019	1
chr11:134245909;C|G;Family=11305	1.24736551740851	0.000871125648021631	0.0470407849931681	1
chr11:13729935;A|T;Family=12351	0.845306848740027	0.392802299461246	0.851660455533044	1
chr11:15246372;A|C;Family=12243	-0.431681081316789	0.622698137668134	0.935840807343535	1
chr11:1555259;G|C;Family=11350	-0.760097334452399	0.426730348812669	0.870220990956183	1
chr11:17088319;G|A;Family=12440	-2.02062631211997	0.0648959651304535	0.527630990763609	1
chr11:17373816;C|T;Family=14188	-0.316869830673798	0.768940269903666	0.960984229126855	1
chr11:17427056;A|G;Family=13692	-0.0943317632763218	0.730335394707643	0.951889294499884	1
chr11:17429244;G|A;Family=13057	-1.63831951453755	0.0696412900471236	0.540640205186127	1
chr11:18020918;G|A;Family=12285	1.32029911048446	0.179957527069284	0.720778275725543	1
chr11:18279726;G|A;Family=11108	-0.430458586655505	0.621020193753667	0.935840807343535	1
chr11:18366513;A|G;Family=12790	1.28875775078944	0.256012171379599	0.772630910995089	1
chr11:18366682;A|G;Family=13336	-0.748603418093591	0.318899381907038	0.816507055200222	1
chr11:18703455;A|T;Family=12624	-2.08244275290864	0.0473699177391216	0.457489198836458	1
chr11:18703822;A|C;Family=14648	0.539458116046649	0.597660112308698	0.927306478133066	1
chr11:18728563;G|A;Family=11060	-0.280860123787924	0.557502973949852	0.920067829368026	1
chr11:18728740;C|A;Family=13115	0.783756459184663	0.422623202896873	0.868719830376249	1
chr11:22281573;G|C;Family=12243	-1.62258625442946	0.132861417816695	0.663432190203122	1
chr11:27495352;T|C;Family=11181	1.18668209511434	0.282319837101465	0.791839078405854	1
chr11:27657333;T|G;Family=14055	-0.692766243804933	0.415370007214552	0.864107602412024	1
chr11:27657533;A|AT;Family=14509	-2.53753717464608	0.00719885330057253	0.182180015331211	1
chr11:294999;C|T;Family=13546	0.408118751518627	0.724880664727876	0.951820428209889	1
chr11:31663622;A|T;Family=12810	-1.51551688943146	0.023474347010289	0.353269681236808	1
chr11:33704138;C|T;Family=12032	-1.1967826467816	0.256551787774114	0.773446769052994	1
chr11:33710221;C|T;Family=14174	3.15120619131826	0.0021016788337447	0.0897367985757041	1
chr11:35190037;C|T;Family=14068	0.814536946539638	0.524505640254579	0.911757599787938	1
chr11:35254980;C|G;Family=11552	-0.780091909539187	0.258460587085477	0.77479903377739	1
chr11:35813130;C|CA;Family=13266	-1.0996193554495	0.29110162600306	0.79889773593665	1
chr11:35813437;T|C;Family=14631	0.833320656364831	0.53075405767384	0.913208766660489	1
chr11:35816752;C|G;Family=11895	-1.15994814740807	0.261309246835958	0.776380993958328	1
chr11:381974;G|T;Family=14292	0.621910523239087	0.243540185282703	0.759795718231167	1
chr11:4138349;A|G;Family=14472	0.48012752128657	0.647706284627542	0.941942739149472	1
chr11:43494116;C|CA;Family=13781	-1.94306847582778	0.0737972376255264	0.548549507208366	1
chr11:44261939;C|T;Family=11359	0.593360710054882	0.500181578131861	0.904434323173208	1
chr11:44263819;C|G;Family=11942	-1.43969275831355	0.0713452868944257	0.542976642051296	1
chr11:44263856;G|A;Family=14521	-0.0294190611153287	0.926929708148459	0.994450336299019	1
chr11:44933723;G|C;Family=11578	1.37054517695239	0.176536308189562	0.716958229977648	1
chr11:45228552;G|A;Family=11575	1.17119413191959	0.00493862052042132	0.145076916407897	1
chr11:45231207;T|G;Family=14285	0.223331091080256	0.75119327896666	0.956774790275954	1
chr11:4600333;G|A;Family=14070	-0.454242601474103	0.664513287546707	0.944172813369795	1
chr11:46672547;G|C;Family=11033	0.309593928973095	0.782093750057691	0.962738266916474	1
chr11:46743981;T|C;Family=12052	0.688782557386996	0.349232793151294	0.827700558132501	1
chr11:47165115;T|G;Family=12852	-0.498937537924902	0.241265835147963	0.755402202581065	1
chr11:47166582;C|A;Family=13215	-0.0718917129731844	0.905927518930397	0.993609084556958	1
chr11:48170486;G|T;Family=13962	-0.33683710935399	0.474530204921526	0.892197369958257	1
chr11:498026;C|T;Family=13893	-1.08108020087748	0.205081433321864	0.74196557967373	1
chr11:5004713;A|G;Family=12595	0.0198015804610183	0.984673218369919	0.998517835991355	1
chr11:55639482;C|T;Family=12324	-1.06067448064318	0.0834145512205879	0.560985773043954	1
chr11:56033816;G|A;Family=12231	1.13873426977367	0.276760534794332	0.786703019840393	1
chr11:56702320;A|G;Family=11234	0.112517707789503	0.67851040107372	0.945469909197862	1
chr11:57370014;C|T;Family=12836	0.454594076847966	0.268106650952801	0.777273250633651	1
chr11:57501029;G|A;Family=12691	0.410590884593107	0.536161812438322	0.913208766660489	1
chr11:57737902;C|CT;Family=11642	0.590731291344974	0.562970618001568	0.922601710401907	1
chr11:58527350;TA|T;Family=14696	-0.234614138151679	0.743388067116805	0.955784657721606	1
chr11:58625337;G|A;Family=12449	0.0290273020520429	0.956509135476198	0.99454911051999	1
chr11:58709471;G|A;Family=14100	0.25061425736538	0.726262140150336	0.951889294499884	1
chr11:59367652;G|A;Family=12923	-0.840591055859127	0.409558951939018	0.860847436473998	1
chr11:59517618;T|C;Family=12894	1.0502476196392	0.399206525098834	0.851660455533044	1
chr11:59518549;T|C;Family=12728	-0.0300174474171666	0.972366616489156	0.997076071251296	1
chr11:59793434;A|G;Family=13795	-0.399279008777393	0.738712749060153	0.954574236517586	1
chr11:59835969;A|G;Family=11404	0.645360009264676	0.560603450590014	0.921502094212153	1
chr11:60071017;T|C;Family=12066	-0.594441584089018	0.449561354891815	0.879014534165466	1
chr11:60095790;G|A;Family=14257	-0.453071245043706	0.188535790508138	0.730277872094813	1
chr11:6019567;G|A;Family=12832	-0.252301245144792	0.801459288603434	0.965036179884676	1
chr11:6021602;G|A;Family=11094	-0.924128547853698	0.42895626173473	0.870220990956183	1
chr11:60308270;C|T;Family=12449	1.01057840263917	0.323053131734891	0.819491897259177	1
chr11:60404647;C|T;Family=12451	-0.288897997562643	0.79010605526878	0.964104241095156	1
chr11:60852177;T|C;Family=13924	0.514961886092034	0.278775616916649	0.786828643595645	1
chr11:61282803;C|G;Family=11074	-1.02474414357573	0.00230034147901181	0.0921176607013021	1
chr11:61743803;C|T;Family=12457	-0.0952639608918971	0.929394449463289	0.994450336299019	1
chr11:61786465;G|T;Family=13237	0.385928543340766	0.420547917053434	0.868719830376249	1
chr11:61789183;T|TA;Family=11518	-1.72127574382972	0.017788225625603	0.301141713519081	1
chr11:618678;T|G;Family=12641	-1.29856641185256	0.0386585208841521	0.420459639763188	1
chr11:62751389;G|C;Family=13070	-0.0330309986385393	0.951095519975986	0.994490996964741	1
chr11:62790431;GTTTT|G;Family=13920	1.20459490990997	0.141760904751747	0.677950429224548	1
chr11:62885204;C|T;Family=13102	0.686699057171205	0.590327700511291	0.927306478133066	1
chr11:62981062;G|A;Family=14039	-0.313058145208291	0.651818219002944	0.941942739149472	1
chr11:63409814;C|G;Family=11942	-0.0061986812992586	0.995879899192662	0.998517835991355	1
chr11:63409852;C|T;Family=11241	0.152677078446353	0.902668570979692	0.992724443772069	1
chr11:63409912;T|C;Family=14433	-0.212401610016458	0.85905809122736	0.97967019138905	1
chr11:63762350;T|C;Family=12083	1.3501959441167	0.0347992012397944	0.410505815747768	1
chr11:6394244;C|T;Family=14240	0.927783689875209	0.461103107568905	0.882319234493495	1
chr11:64267590;G|A;Family=11377	-0.806928043340415	0.419664405174096	0.868662737203653	1
chr11:64606383;G|A;Family=11407	-0.230572735080649	0.755533516307575	0.957285062236887	1
chr11:64765438;T|C;Family=12673	-0.23907898190065	0.756575669572872	0.957285062236887	1
chr11:64949800;G|T;Family=14275	0.0151936176198396	0.988112361162979	0.998517835991355	1
chr11:65121232;G|C;Family=11723	-0.896626280564647	0.528955880286298	0.913208766660489	1
chr11:65281124;G|A;Family=14101	0.227893056628466	0.854111302561286	0.979267946988329	1
chr11:65321589;G|A;Family=12955	-0.710565326892032	0.587115910065518	0.927306478133066	1
chr11:65352130;C|G;Family=13866	1.09309450761206	0.241134805477909	0.755402202581065	1
chr11:65411530;G|A;Family=13374	-0.52148513361822	0.225601202987133	0.749415042374362	1
chr11:6547555;G|A;Family=12687	0.431036094213943	0.665529237157886	0.944172813369795	1
chr11:65853562;C|T;Family=14169	-0.275439268106932	0.776743244021925	0.960984229126855	1
chr11:65865967;G|A;Family=14284	-0.525213143027332	0.31084291304218	0.809514309709848	1
chr11:65916856;A|C;Family=14481	-1.89776181518814	0.0475126577958417	0.457489198836458	1
chr11:65916912;CTGTG|C;Family=11252	1.1245356521022	5.03942321247731e-07	0.000102804233534537	0.00185047620362167
chr11:66624490;C|G;Family=14637	0.146416296219572	0.733189118350647	0.951889294499884	1
chr11:66640573;G|GTC;Family=14658	0.743893467527799	0.231141155009265	0.750044584209939	1
chr11:6680814;T|G;Family=14594	0.556351722049556	0.340843621532798	0.825380907294955	1
chr11:6681539;T|G;Family=11740	1.13188156195476	0.296386516165004	0.80341906726551	1
chr11:67432652;G|T;Family=12939	0.459015849179399	0.522349644587731	0.911757599787938	1
chr11:68029139;C|T;Family=13264	-0.663672305949346	0.535331949561917	0.913208766660489	1
chr11:68156383;GTTAA|G;Family=13907	-0.0421161124742753	0.963176715787284	0.995490630309458	1
chr11:68158808;G|A;Family=11729	-0.476316650965079	0.672996607102778	0.944975964713957	1
chr11:68166240;G|A;Family=12859	0.211104151620315	0.8652006502453	0.98114395146469	1
chr11:68171572;C|G;Family=11519	0.0652032320726455	0.915813134632473	0.994450336299019	1
chr11:68413826;C|T;Family=13277	-0.898066716511648	0.382977181457691	0.842965285880744	1
chr11:68614239;TTG|T;Family=14154	-1.22655275119233	0.127194064613821	0.650881390235383	1
chr11:68911444;G|A;Family=13752	-1.04630527940925	0.263086729651868	0.776380993958328	1
chr11:69772347;G|C;Family=12540	-0.294194168139955	0.770700097066547	0.960984229126855	1
chr11:72002499;T|G;Family=12956	-0.154546968364351	0.837906315998002	0.975797445666305	1
chr11:72093661;G|A;Family=11417	-0.583611849554499	0.51448146846659	0.911757599787938	1
chr11:72685573;G|C;Family=13886	-0.76967933681202	0.215676662895007	0.747136515236289	1
chr11:727113;CCT|C;Family=12906	-0.447391965080508	0.275352886699368	0.786703019840393	1
chr11:73864332;C|T;Family=12340	-0.793313885992803	0.548144156786232	0.916451192211736	1
chr11:74837928;T|C;Family=11207	-1.44603783301391	0.16538971285734	0.70919588817855	1
chr11:75081895;A|G;Family=13611	0.0675761714150758	0.796280829080017	0.965036179884676	1
chr11:76403845;C|T;Family=13853	0.963723586877334	0.472445459739875	0.892197369958257	1
chr11:77217266;A|AATCT;Family=12952	-1.4177281539677	0.181906463875514	0.720778275725543	1
chr11:77660108;G|A;Family=13093	0.995673798698268	0.0772576376957342	0.556681012092297	1
chr11:77664650;A|G;Family=11003	-0.364355468454145	0.566126111561613	0.92403277858687	1
chr11:801461;C|T;Family=14686	-1.28693876327966	0.0146457593876336	0.276774140756424	1
chr11:8102656;T|C;Family=11071	0.637490100443238	0.162178133388956	0.704218055768186	1
chr11:8105153;C|T;Family=12655	1.12395969728663	0.329804628105729	0.819658421180037	1
chr11:82977622;C|T;Family=14525	-1.74714228834408	0.0280542376830316	0.377964154651389	1
chr11:831871;G|A;Family=12281	-0.656941014826779	0.344964680716423	0.827348182979837	1
chr11:83261214;G|A;Family=14697	0.149853131266365	0.839497097597961	0.97586857522233	1
chr11:86808954;G|T;Family=11827	0.345994014495511	0.15294805532323	0.684790353316655	1
chr11:86946390;A|G;Family=12463	-0.0397758708455209	0.966267474089333	0.995500056197723	1
chr11:92981626;G|A;Family=12646	-0.0555488052631264	0.953552070802345	0.99454911051999	1
chr11:93147909;C|A;Family=13051	0.893266417082237	0.283805156968609	0.791839078405854	1
chr11:94377370;T|C;Family=11276	0.157014366982261	0.917091876438116	0.994450336299019	1
chr11:94871680;G|A;Family=12238	0.286579369844832	0.779764127057659	0.962128318063079	1
chr12:100207757;A|G;Family=13561	0.248720875729689	0.436379497756745	0.87657850971705	1
chr12:101396195;C|G;Family=11397	-0.952763299728025	0.321188465454255	0.818367963791311	1
chr12:102396966;G|T;Family=11470	0.163244681018068	0.560630631391598	0.921502094212153	1
chr12:10324400;C|A;Family=13561	-0.461254154057996	0.516756125947283	0.911757599787938	1
chr12:103772774;G|A;Family=11158	-0.855265478822325	0.43304234496507	0.874388547630448	1
chr12:103775848;A|G;Family=14257	0.728309149030214	0.376594003123286	0.842235997232932	1
chr12:103777193;G|A;Family=13146	-0.427856485945893	0.689973195168657	0.945469909197862	1
chr12:104350238;AAAAAC|A;Family=13621	1.65968265892803	0.165800351823263	0.70919588817855	1
chr12:105007091;AT|A;Family=12738	-0.136236848503775	0.88962594181501	0.990004974466563	1
chr12:105008304;C|T;Family=13738	-0.0370507419607889	0.926639667157793	0.994450336299019	1
chr12:106715462;C|A;Family=13874	-0.313801869380516	0.668471117090688	0.944172813369795	1
chr12:108780125;G|A;Family=14652	0.180412538415632	0.877529505000524	0.985832735233263	1
chr12:108784717;T|C;Family=13160	-1.49311497831473	0.0800617368839076	0.559594821307933	1
chr12:109072323;C|T;Family=13375	1.34336634550637	0.165009227743107	0.70919588817855	1
chr12:111449380;T|C;Family=13617	0.321242894330621	0.702560399411989	0.945469909197862	1
chr12:111449493;T|A;Family=12795	0.289218875023264	0.538080568610438	0.913855600356234	1
chr12:111816200;C|T;Family=14519	0.270612053833721	0.840737316965509	0.976131626958799	1
chr12:111816750;A|T;Family=13187	0.00807061604630093	0.993409549602051	0.998517835991355	1
chr12:111816778;T|C;Family=14260	-0.776807222091818	0.460325687603563	0.882319234493495	1
chr12:112053609;C|T;Family=11033	-0.709144437683348	0.52248990189981	0.911757599787938	1
chr12:112508927;G|T;Family=13160	-0.713280952040628	0.534989404095984	0.913208766660489	1
chr12:112970080;G|A;Family=12296	-0.637914459839127	0.187818892448752	0.729688306060486	1
chr12:116717020;TA|T;Family=14416	-0.718255550287985	0.273448057500611	0.784613137845149	1
chr12:116859326;T|A;Family=13567	1.5715339279697	0.0794998256553896	0.559594821307933	1
chr12:117209070;C|T;Family=14507	-2.66257511221787	0.0111813464346172	0.234616594902368	1
chr12:117215112;C|T;Family=14284	1.37357174508631	0.0438525432110111	0.44194010782339	1
chr12:119159576;C|T;Family=14522	0.0251050022447899	0.954456124357987	0.99454911051999	1
chr12:120460320;C|T;Family=14095	0.315993141334308	0.654534446829775	0.944010404068709	1
chr12:120696586;A|C;Family=22349	1.4659659550323	0.138689536675005	0.671319593410364	1
chr12:120762897;A|C;Family=11196	-0.930713593012273	0.379366460008104	0.842235997232932	1
chr12:120764969;C|T;Family=13996	-0.014425111922553	0.985536489187135	0.998517835991355	1
chr12:12094817;G|A;Family=14108	-0.0215818261139587	0.983728791889787	0.998517835991355	1
chr12:121004021;A|G;Family=11205	-0.677081006887384	0.498689277140479	0.904289889214735	1
chr12:121020607;A|G;Family=13532	-0.646756999616313	0.483138649051599	0.894999917945034	1
chr12:121165437;C|T;Family=14257	-0.861313204323287	1.31679603183875e-05	0.00161175834297063	0.048352750289119
chr12:121185462;G|C;Family=14696	-0.00895087002523078	0.991504013835157	0.998517835991355	1
chr12:121649034;C|T;Family=11215	-0.845085183039778	0.35137604211835	0.827715473109646	1
chr12:121649978;T|G;Family=12719	-0.123341412894988	0.87817507542157	0.985832735233263	1
chr12:122142004;G|A;Family=12867	-0.447922688573893	0.547883608259785	0.916451192211736	1
chr12:122143154;C|T;Family=11118	0.308582772669394	0.386974741191321	0.846319981926462	1
chr12:122145614;C|T;Family=13152	0.0634119427873639	0.809783410278419	0.967437766635053	1
chr12:122473224;T|C;Family=14484	0.239756698384626	0.433622425172943	0.874388547630448	1
chr12:122985855;C|T;Family=12068	-0.521152298031551	0.644574695736459	0.941942739149472	1
chr12:123291583;A|G;Family=14363	-0.190240155490866	0.690194645961392	0.945469909197862	1
chr12:123295534;G|A;Family=13041	-0.188601595088592	0.809314578376254	0.967437766635053	1
chr12:124014248;G|A;Family=12728	-0.800073532148742	0.302511142780836	0.805381573484831	1
chr12:125028457;C|T;Family=12512	-0.172001520332358	0.790619784348279	0.964104241095156	1
chr12:125029809;T|G;Family=13097	2.05251434157153	0.0353749778377449	0.410952984795746	1
chr12:125143296;G|A;Family=12532	-1.023116221096	0.119332537936267	0.630487883887728	1
chr12:125657481;T|C;Family=11233	-0.084463591276647	0.893518399574625	0.990847555552967	1
chr12:125658027;G|C;Family=11233	1.57330843789418	0.0661019131920432	0.527788695830335	1
chr12:125658842;A|G;Family=14613	1.37929525958401	0.163475529928858	0.705384425262945	1
chr12:130456610;C|A;Family=11345	-1.9647982611962	0.0602989477876862	0.512541056195333	1
chr12:131944583;C|T;Family=14524	1.91692101371074	0.128579418826402	0.653168138573649	1
chr12:132196741;C|T;Family=11673	0.435238869960479	0.714652557290225	0.949350993466557	1
chr12:132511604;C|T;Family=11470	0.170514005429529	0.667293893834642	0.944172813369795	1
chr12:132584068;T|C;Family=11142	-0.200732001690756	0.819091093717372	0.969214356177691	1
chr12:132775108;C|T;Family=11345	1.4036084955009	0.181965221351745	0.720778275725543	1
chr12:133018678;A|G;Family=13167	-0.230567193914092	0.694844292556184	0.945469909197862	1
chr12:133107244;CAG|C;Family=12206	-0.73844600862301	0.55518951644186	0.91927167916113	1
chr12:13551970;G|GA;Family=11121	-0.08598346912429	0.883078846536566	0.986719394156308	1
chr12:13558545;G|A;Family=11057	-0.204051034842706	0.762421456172862	0.960649585891211	1
chr12:14981780;C|T;Family=14124	-0.0626587139318549	0.88258615905306	0.986719394156308	1
chr12:15596275;G|A;Family=11654	-0.62580155519515	0.579575988611677	0.927306478133066	1
chr12:16594312;C|T;Family=11003	-0.28833771563286	0.429101993545596	0.870220990956183	1
chr12:190601;C|T;Family=13580	-0.170430420399478	0.861888466393707	0.980742004523611	1
chr12:19372221;G|A;Family=12297	0.0103126197712371	0.990356297345358	0.998517835991355	1
chr12:19373120;C|A;Family=13835	-0.217412771358416	0.518294945134413	0.911757599787938	1
chr12:1950195;G|GTC;Family=12950	-0.0593544750958239	0.946121555351753	0.994450336299019	1
chr12:20711418;A|G;Family=13533	-0.683295338871947	0.355351074644221	0.833217510933741	1
chr12:20737256;G|T;Family=12906	-1.52314711093513	0.202633964364333	0.74196557967373	1
chr12:21924680;C|A;Family=13118	-2.06855129521049	0.00222834735308992	0.0921176607013021	1
chr12:26079613;T|C;Family=14576	1.76984621953881	0.0669895328332645	0.530141302939111	1
chr12:26121198;T|C;Family=11356	0.0721215598208202	0.935420998008836	0.994450336299019	1
chr12:26338385;G|A;Family=11168	-0.101908980372787	0.776577173990668	0.960984229126855	1
chr12:26964790;G|C;Family=14554	-0.300882379257815	0.74830929628429	0.956459981112518	1
chr12:26964838;T|C;Family=14545	1.62271911873533	0.06847618050631	0.537274647049509	1
chr12:30719113;G|A;Family=14474	0.711304406067165	0.315277066718267	0.815854396750864	1
chr12:30996424;G|A;Family=11578	1.65278330317734	0.0207143425581263	0.327858042557929	1
chr12:31667984;G|A;Family=12603	-1.80110187695271	0.0634665296753966	0.521690159662499	1
chr12:31992971;TTAAG|T;Family=11333	0.00741801367075063	0.991723786214474	0.998517835991355	1
chr12:32643133;A|G;Family=14608	1.07030305444515	0.108192196682092	0.609327831620619	1
chr12:32645051;C|G;Family=13462	0.429877137286322	0.200289970825287	0.74196557967373	1
chr12:32791196;A|C;Family=11098	-0.190475106537162	0.730476546884756	0.951889294499884	1
chr12:3283454;C|T;Family=13623	-1.26137431005134	0.278520068233082	0.786828643595645	1
chr12:3593554;A|G;Family=13174	-0.537602055117283	0.131443624805858	0.660274952513146	1
chr12:39553047;A|G;Family=12314	0.983424495634877	0.439542701365875	0.876768606361833	1
chr12:39951106;T|C;Family=13895	-0.0902893321192782	0.886189816707746	0.988483902475955	1
chr12:41072332;G|C;Family=12879	0.644681933627882	0.344552988974915	0.827348182979837	1
chr12:42084882;A|G;Family=13211	-0.327648898414011	0.755727904363763	0.957285062236887	1
chr12:42085385;C|T;Family=14452	-1.18869237702297	0.125690043972166	0.646779112457554	1
chr12:42442154;G|A;Family=12799	0.065905430249407	0.949522372790507	0.994490996964741	1
chr12:42445266;T|G;Family=14061	-0.796262754450048	0.29230098948265	0.799446775975853	1
chr12:4500258;C|T;Family=14402	-0.581415891190258	0.631015430705332	0.941582911078405	1
chr12:45920025;T|G;Family=12341	0.137825895136023	0.830393205394841	0.973524937136148	1
chr12:47075765;T|C;Family=12845	-0.348417229567106	0.691231305294787	0.945469909197862	1
chr12:47744519;T|G;Family=12300	0.95454914349285	0.48332920405365	0.894999917945034	1
chr12:47780985;C|T;Family=13645	0.123425305294432	0.869118959071743	0.982907064866752	1
chr12:47788073;A|C;Family=11918	0.0804750085018089	0.918110062824073	0.994450336299019	1
chr12:48134794;G|A;Family=13471	-0.208707570270845	0.41898867671334	0.867753198472298	1
chr12:48338099;G|A;Family=13447	0.39103637147887	0.594565108968155	0.927306478133066	1
chr12:48692215;T|C;Family=12529	0.0494465363634063	0.963190395441284	0.995490630309458	1
chr12:48827626;C|A;Family=12457	-0.0324826767494641	0.966171980827169	0.995500056197723	1
chr12:48914552;C|A;Family=14412	-1.09970947898321	0.251395626949613	0.766835991803081	1
chr12:48966507;G|A;Family=12346	-0.924423954340704	0.358484783793361	0.834192728827137	1
chr12:49020756;A|G;Family=12804	-0.193438060908393	0.864980015681614	0.98114395146469	1
chr12:49463191;G|C;Family=13116	1.43037312037623	0.115194561322182	0.622050631139785	1
chr12:49867275;G|A;Family=11208	-0.0884412244243767	0.753822642924986	0.957285062236887	1
chr12:49957401;C|T;Family=14675	-0.0157335318254947	0.986711265903694	0.998517835991355	1
chr12:50477022;T|A;Family=12641	-0.676329571778717	0.439691824944626	0.876768606361833	1
chr12:50746032;A|T;Family=13364	1.04937705036803	0.249303014780428	0.764140793216804	1
chr12:51196813;T|G;Family=11194	0.0335752919306504	0.968802091177826	0.995500056197723	1
chr12:51352434;C|T;Family=13815	-0.398422424891718	0.673174253390404	0.944975964713957	1
chr12:51507933;C|T;Family=14017	-0.430119550094328	0.49496565946071	0.901097620991437	1
chr12:51513413;C|G;Family=14598	-1.6116651218913	0.0916091805138682	0.580982574865154	1
chr12:51722551;T|C;Family=13210	-0.772405677582655	0.28531446880143	0.793208648023706	1
chr12:53025344;G|A;Family=13335	0.484322679153152	0.597784615415083	0.927306478133066	1
chr12:53064322;A|G;Family=13617	-1.08379346065978	0.236906927451465	0.753832094975546	1
chr12:53327895;G|A;Family=12585	0.779187665127574	0.440138958504583	0.876768606361833	1
chr12:53977028;G|A;Family=12498	-0.46586630417242	0.31139168233993	0.810368715487046	1
chr12:54532250;G|C;Family=13764	-0.998384743470791	0.238686475041485	0.755402202581065	1
chr12:55367547;A|C;Family=11575	1.67094365297209	0.218000292450304	0.749415042374362	1
chr12:55367558;A|C;Family=11575	-0.755258493203742	0.54247708545017	0.913855600356234	1
chr12:55555603;C|A;Family=14077	0.172062293566124	0.813765541884785	0.968610847466953	1
chr12:55751470;G|A;Family=14668	1.87894310808093	0.14238790924987	0.677950429224548	1
chr12:55757313;A|C;Family=11573	-0.100900760228097	0.939360913669633	0.994450336299019	1
chr12:55821637;C|T;Family=11843	-1.14567031913614	0.347780145224785	0.827525017275195	1
chr12:56037956;A|C;Family=11198	-0.797159737376141	0.244368348490058	0.760900441797381	1
chr12:56712871;A|G;Family=11198	0.824329168681979	0.513000971795428	0.911757599787938	1
chr12:57001546;T|C;Family=11933	-0.160582253009839	0.555007170391352	0.91927167916113	1
chr12:57028607;G|A;Family=12325	0.173100440376924	0.851284073340819	0.97926323081958	1
chr12:57028838;C|T;Family=13187	-0.616456155799049	0.64925963033111	0.941942739149472	1
chr12:57235470;C|A;Family=11671	-0.36270930579209	0.727884309522255	0.951889294499884	1
chr12:57823411;G|T;Family=14158	-0.0741873387069639	0.896570458966772	0.991250445562078	1
chr12:59779592;C|A;Family=14475	1.08075922508286	0.424229924972566	0.868922162695796	1
chr12:6122766;C|T;Family=14609	-0.535683640214191	0.333360902281301	0.820107899861428	1
chr12:61709191;T|A;Family=11552	0.512981584073509	0.500739373369045	0.904434323173208	1
chr12:62335564;A|G;Family=13929	0.102315638659332	0.767217994464281	0.960854186791555	1
chr12:62405485;C|G;Family=11556	1.30347886823622	4.70821900855709e-05	0.0049395943426919	0.172885801994216
chr12:62405921;T|G;Family=11653	0.116415020635648	0.532555659910354	0.913208766660489	1
chr12:62414589;G|A;Family=12550	0.230317324128328	0.790408449912664	0.964104241095156	1
chr12:62501626;A|G;Family=11905	0.977885249729554	0.248148919264409	0.76342885136022	1
chr12:62561094;C|A;Family=12220	0.194108771391402	0.483117644139802	0.894999917945034	1
chr12:62645630;T|A;Family=13616	0.0208087726452672	0.981557969401687	0.998517835991355	1
chr12:63146591;C|G;Family=14570	-0.383439238093852	0.638992838408973	0.941942739149472	1
chr12:6329869;G|T;Family=14152	2.02029990810349	0.0257846284877018	0.365309003564236	1
chr12:64714808;G|C;Family=12929	-0.283150815849843	0.701698965603876	0.945469909197862	1
chr12:64715064;G|C;Family=11931	0.0182120079699789	0.960601640140732	0.995458477833526	1
chr12:65466681;C|T;Family=11216	-1.83339604595518	5.3435049815802e-06	0.000754667318937019	0.0196213502923625
chr12:66345813;C|T;Family=11781	0.557109836536919	0.376362100040396	0.842235997232932	1
chr12:67311074;C|T;Family=13314	0.189439808070772	0.467820620709655	0.88914975116245	1
chr12:67659038;C|T;Family=13010	-1.2305274685975	0.21953169676071	0.749415042374362	1
chr12:68661243;G|GA;Family=14188	-1.13678434374467	0.0773168072350412	0.556681012092297	1
chr12:68667799;A|C;Family=14619	0.382624644703091	0.707320819244262	0.946857137385887	1
chr12:68765817;A|T;Family=12108	-0.336764452799089	0.621874800882132	0.935840807343535	1
chr12:68773240;T|C;Family=13694	1.11981534515206	0.370062744108285	0.841210297161793	1
chr12:68777610;C|A;Family=13565	-0.296705035983755	0.729135784913567	0.951889294499884	1
chr12:68839652;G|A;Family=11947	1.98398537084696	0.110935283060084	0.61449519194641	1
chr12:68851407;C|T;Family=14123	0.963853095699646	0.277659889355433	0.786703019840393	1
chr12:69353396;A|T;Family=14551	0.0407815310805645	0.965485748240316	0.995500056197723	1
chr12:69575266;T|G;Family=11424	0.197475609082593	0.836819007866651	0.97549187202741	1
chr12:69683587;A|T;Family=13012	0.939436547123901	0.0850063977083087	0.56547734127701	1
chr12:6976750;A|G;Family=11892	-1.80773527642185	0.00453212573284619	0.134209400733961	1
chr12:6977262;C|G;Family=14036	0.543494649468356	0.469297107458628	0.891033598028997	1
chr12:6981145;C|T;Family=12669	1.83560654774792	0.00224580324366561	0.0921176607013021	1
chr12:70432230;C|T;Family=14346	-0.375746237045099	0.686271809433415	0.945469909197862	1
chr12:70433211;A|C;Family=11644	-0.0884515488132024	0.936319267645659	0.994450336299019	1
chr12:71786240;A|G;Family=13216	0.259996021973212	0.77053997416953	0.960984229126855	1
chr12:71791230;A|G;Family=12290	1.07127947831772	0.230825421455372	0.750044584209939	1
chr12:74540835;C|T;Family=11678	1.05018782789838	0.184266547316153	0.723664985823439	1
chr12:75277651;G|C;Family=13057	0.818827134327365	0.380978755828949	0.842235997232932	1
chr12:75432182;T|C;Family=11981	-1.22386826004659	0.208362187601785	0.74196557967373	1
chr12:75500348;A|C;Family=11167	0.456333033171944	0.172223443516963	0.715389688455078	1
chr12:76044822;T|C;Family=11042	0.929173358627044	0.139960701879422	0.673572342465582	1
chr12:76047956;A|AT;Family=11520	-0.596205703855384	0.500710892411866	0.904434323173208	1
chr12:79451261;G|A;Family=13537	-0.102657600028718	0.932048079379335	0.994450336299019	1
chr12:79592274;C|T;Family=14561	0.00224517662160895	0.993082532558712	0.998517835991355	1
chr12:79774887;C|G;Family=12645	-1.21761712072692	0.208740812266271	0.74196557967373	1
chr12:80679096;C|T;Family=11086	1.14689868822944	0.257740422278499	0.774612976687764	1
chr12:83132643;A|G;Family=14022	-0.351802233622159	0.399504995002901	0.851660455533044	1
chr12:85958506;T|C;Family=12201	-2.28733567108395	0.0204769417955655	0.325503594256782	1
chr12:85960376;A|G;Family=13874	-0.768048118892375	0.36348991661258	0.837806825259366	1
chr12:85968103;G|T;Family=11056	-0.970675256849124	0.364960767600198	0.837851309102946	1
chr12:88093626;TTTTA|T;Family=12238	1.65263530514987	0.101485749359721	0.599124874033591	1
chr12:89421060;G|A;Family=13903	-0.386254534996795	0.768432060483506	0.960984229126855	1
chr12:916707;C|CA;Family=11201	1.0629186068717	0.0565378438757207	0.498624262897071	1
chr12:926902;AAGAG|A;Family=14501	1.57856679545658	0.0654007155995684	0.527788695830335	1
chr12:927165;G|A;Family=13965	0.0526370971005579	0.793959697079474	0.964988942043863	1
chr12:92775906;A|G;Family=13998	-0.096782283240258	0.93953632433637	0.994450336299019	1
chr12:93512803;G|A;Family=11946	-0.118552784203099	0.856944282685957	0.979669802622302	1
chr12:95934176;A|G;Family=14386	1.00084121385809	0.196960953357872	0.739509837147348	1
chr12:9716586;T|C;Family=11417	-0.0538390957416996	0.960992542753363	0.995458477833526	1
chr12:9754370;A|G;Family=12494	0.68091243242041	0.18739608190194	0.729688306060486	1
chr13:101719060;A|C;Family=13578	-0.533927270052747	0.660446002129042	0.944172813369795	1
chr13:101722669;G|A;Family=12972	2.35604573496687	0.0380623051223785	0.419882520707689	1
chr13:108307449;CT|C;Family=14603	0.775806033532352	0.332479005165586	0.819921361294849	1
chr13:110687748;G|A;Family=13687	-0.351437726771272	0.0877499448328084	0.576418286869124	1
chr13:112910075;T|C;Family=11305	0.895307701183338	0.370415380333982	0.841210297161793	1
chr13:112917269;C|T;Family=12869	0.00353876399227526	0.997140011077417	0.998517835991355	1
chr13:112956885;A|G;Family=14165	-1.98193541137811	0.0425694722791472	0.437045772862891	1
chr13:113090030;C|T;Family=11099	1.87849689873626	0.0376935236369819	0.419882520707689	1
chr13:113816042;G|T;Family=14358	-0.377299477171777	0.440941767698976	0.876768606361833	1
chr13:113816271;A|C;Family=12964	0.730620509625656	0.370322300137195	0.841210297161793	1
chr13:113816283;G|T;Family=12964	0.0565966277851913	0.82201698966206	0.969214356177691	1
chr13:20138542;C|T;Family=14370	-0.0114769308511173	0.983336266440758	0.998517835991355	1
chr13:20141428;G|A;Family=14484	-0.157801916383885	0.879926327035344	0.986694290511333	1
chr13:20780589;G|C;Family=11089	2.48891874686635	0.00435721521955295	0.132228878398334	1
chr13:21154518;C|G;Family=13869	-0.127981769917703	0.838892937778509	0.97586857522233	1
chr13:21158043;T|C;Family=14097	-0.470218357183724	0.60406658888082	0.927312924067881	1
chr13:21492794;T|C;Family=13070	0.0489136165447444	0.932969581741147	0.994450336299019	1
chr13:25249228;G|A;Family=14315	0.906154535544737	0.13749990115303	0.671312840305193	1
chr13:25335555;G|A;Family=13218	0.0464751979512578	0.956630571447877	0.99454911051999	1
chr13:25341928;C|T;Family=11497	0.414810125421361	0.60027437323592	0.927306478133066	1
chr13:29509496;G|A;Family=14577	1.44977484129353	0.194950160744201	0.737260229269344	1
chr13:30459362;G|C;Family=11509	1.00579658308019	0.0320971004624357	0.399189704280324	1
chr13:32515608;G|A;Family=12134	1.20591559700441	0.259951614974488	0.776380993958328	1
chr13:32517549;A|T;Family=11114	0.103664965591102	0.792520321373288	0.964259317456167	1
chr13:32776757;A|G;Family=14687	0.335125905996504	0.665962170021699	0.944172813369795	1
chr13:36847210;G|A;Family=13034	-0.191147442791802	0.807904113481111	0.967437766635053	1
chr13:39789275;A|G;Family=11194	-1.14258697317084	0.14349249800728	0.681437958446688	1
chr13:41129088;C|A;Family=13524	0.716643965515524	0.333089853586974	0.820107899861428	1
chr13:41252566;G|C;Family=13876	-0.169165830887223	0.850821262413636	0.97926323081958	1
chr13:42166660;A|T;Family=12680	0.380669728926095	0.0212050020427968	0.331339436175106	1
chr13:42233480;C|T;Family=14586	-0.0920128802706374	0.889710352870277	0.990004974466563	1
chr13:42235436;T|TA;Family=13163	0.25043126961869	0.720065650489797	0.951635014512506	1
chr13:44022567;G|A;Family=11360	-1.48450855936915	0.188184865424641	0.729688306060486	1
chr13:44434270;C|T;Family=13608	-1.16154589403408	0.098923219719022	0.597688957203122	1
chr13:45782571;C|T;Family=13162	-0.914329696590572	0.241025334310096	0.755402202581065	1
chr13:48263554;C|G;Family=12184	1.57393094617203	0.0949150832703645	0.586747787489526	1
chr13:48267396;G|T;Family=14084	1.33671578310339	0.257759882301628	0.774612976687764	1
chr13:49699807;G|A;Family=13621	-0.0443810404588933	0.956061470211039	0.99454911051999	1
chr13:50955833;A|G;Family=14633	-0.336420741864517	0.577583598044654	0.927306478133066	1
chr13:51374698;G|A;Family=14687	0.856604698879312	0.365449735524695	0.838183278480126	1
chr13:51760323;C|G;Family=13649	-0.786904791748466	0.120662297374054	0.632056998512878	1
chr13:57726742;T|G;Family=12837	0.498234076022728	0.169311033921851	0.715377164631145	1
chr13:67224268;A|T;Family=11152	0.14293343328205	0.596682691656017	0.927306478133066	1
chr13:71440244;T|TGTAA;Family=14023	-2.1039135178683	0.0779284030335763	0.559594821307933	1
chr13:72756094;T|TAAC;Family=14237	-0.613238082943111	0.524301754520783	0.911757599787938	1
chr13:73077466;A|C;Family=13324	-1.23218832103201	0.23184409663629	0.750044584209939	1
chr13:76880244;ATT|A;Family=11083	0.428485977086455	0.747645626073461	0.956459981112518	1
chr13:77001351;C|T;Family=14432	1.32257567062702	0.134118899399337	0.665781468064843	1
chr13:77045036;G|A;Family=11010	-0.402264917523662	0.775944381051787	0.960984229126855	1
chr13:78600311;T|TA;Family=13534	-0.842016848750699	0.0669154819190569	0.530141302939111	1
chr13:78614347;A|C;Family=11544	0.955006774921615	0.0480998009135637	0.457814106927494	1
chr13:87683876;A|C;Family=13580	-0.695584830314242	0.559168458909234	0.921089939777212	1
chr13:94436896;G|T;Family=14007	-2.07928754688421	0.032581810862089	0.401477884179835	1
chr13:94711191;C|T;Family=12014	-1.30054842247523	0.0159716909970654	0.284699268646719	1
chr13:95207885;T|C;Family=13023	0.76280618792982	0.513418498205839	0.911757599787938	1
chr13:95793362;G|A;Family=13932	0.236893604178882	0.749477686230503	0.956459981112518	1
chr13:97464506;A|G;Family=11433	0.824136500458942	0.455616857640549	0.881467387384665	1
chr13:98024108;C|T;Family=14291	0.979785367402865	0.102929740682585	0.601843961443396	1
chr13:98400083;C|T;Family=22161	0.625487649662168	0.212022461816629	0.74399324395962	1
chr13:98404385;C|A;Family=12686	-0.745309991553413	0.226274688979116	0.749415042374362	1
chr13:98452189;C|T;Family=11115	-0.723268597180824	0.608707566152002	0.928614118367325	1
chr13:98856517;C|T;Family=12375	0.179820100790704	0.805534959532675	0.966639440733287	1
chr13:99892578;C|T;Family=12308	-1.04551645853771	0.347461624352756	0.827525017275195	1
chr14:100132753;GAGA|G;Family=14566	2.17010110623614	0.0741540818704582	0.548574184714986	1
chr14:100139286;A|G;Family=14195	0.639916274724668	0.280588457972611	0.78891333665806	1
chr14:100292534;C|T;Family=12851	0.814286940926214	0.561882100460244	0.922435483971948	1
chr14:101562759;G|A;Family=14305	0.504855569859772	0.48628959090304	0.898360625374558	1
chr14:101927185;C|T;Family=14537	0.244692447120387	0.357052359093736	0.83417339114675	1
chr14:102047898;A|C;Family=13094	0.144133532368515	0.893551992565023	0.990847555552967	1
chr14:102086072;G|C;Family=11812	-1.52995734002336	0.127628250802301	0.650904079091735	1
chr14:102195033;T|C;Family=14215	1.31432386192129	0.279644214737608	0.787464383831669	1
chr14:102210028;T|G;Family=13106	0.514467053803987	0.375019695148914	0.842235997232932	1
chr14:102213013;C|T;Family=14115	-0.416143358814092	0.623384154347028	0.935840807343535	1
chr14:102213969;G|C;Family=13375	0.300022754757104	0.771039824710732	0.960984229126855	1
chr14:102229211;T|C;Family=13206	0.626565047652051	0.285626619531856	0.793208648023706	1
chr14:102506416;G|C;Family=12749	1.49418095551872	0.135009086737606	0.667908050639819	1
chr14:102906678;T|C;Family=13968	1.89326346095989	0.0693881564522837	0.5398163357898	1
chr14:102907234;C|T;Family=11333	0.338410781969257	0.342417633952533	0.826665057116175	1
chr14:102910062;C|G;Family=12048	0.324647048880764	0.668641348640779	0.944172813369795	1
chr14:102911499;C|T;Family=14450	0.103047511174087	0.901691463469404	0.992634587892546	1
chr14:102932637;G|A;Family=13552	-0.867704264235937	0.0767871208814806	0.555043913143301	1
chr14:103342934;A|G;Family=12858	-0.885949318719342	0.37903217212321	0.842235997232932	1
chr14:103704906;G|A;Family=14133	2.87162835084487	0.00329652421092824	0.113129316846061	1
chr14:103705880;C|T;Family=13267	-0.28651366912719	0.773018728803188	0.960984229126855	1
chr14:103734576;C|T;Family=14066	-0.334089614489023	0.625272530765738	0.936932915828866	1
chr14:104112623;G|T;Family=12536	0.153098480114073	0.808225689231469	0.967437766635053	1
chr14:104721982;C|G;Family=12301	-0.64436635185975	0.479110536661389	0.893496135409152	1
chr14:104747250;G|GT;Family=13316	0.355402752652566	0.79938222446616	0.965036179884676	1
chr14:105049685;G|A;Family=11792	-0.181049981532744	0.505405945308307	0.90751614472346	1
chr14:105173014;TGGA|T;Family=14535	-1.48709233701462	0.0403066981986186	0.424086520874864	1
chr14:105470468;G|A;Family=14042	-0.102678083333473	0.719437082508557	0.951635014512506	1
chr14:19782641;G|A;Family=11730	0.250177116188811	0.679999537870669	0.945469909197862	1
chr14:19880987;T|G;Family=22364	1.83417352526339	0.0436189786407452	0.441236610382415	1
chr14:20031416;G|T;Family=11498	-1.40671787341407	0.195884025300642	0.737497602441517	1
chr14:20700952;C|T;Family=13309	1.54700214949713	0.140649101532806	0.675999346634116	1
chr14:20994001;G|A;Family=11494	0.133386799745023	0.827632732171969	0.972667029015379	1
chr14:20996199;G|A;Family=13621	1.19390913312367	0.139020359614317	0.671358768120023	1
chr14:22774371;G|A;Family=12300	1.06837958398612	0.188039958202419	0.729688306060486	1
chr14:22887622;G|A;Family=13750	0.504105621371038	0.708741083953878	0.94705140475933	1
chr14:22900579;T|C;Family=13250	-0.0763547476799273	0.923026287720299	0.994450336299019	1
chr14:22901745;A|C;Family=12955	-1.08117630039322	0.302888232495014	0.805381573484831	1
chr14:22972415;T|C;Family=12775	-0.153347773091319	0.849254955669582	0.9788483786814	1
chr14:23043475;C|T;Family=14348	0.216996384585994	0.728450783292372	0.951889294499884	1
chr14:23300858;C|T;Family=13508	-0.690396416109452	0.3776609837735	0.842235997232932	1
chr14:23530131;G|A;Family=11328	-1.38829519523066	0.0218429500363644	0.337005514846764	1
chr14:24075435;C|T;Family=14339	0.992315287224092	0.161073582032202	0.70412165859791	1
chr14:24119799;G|A;Family=12501	2.1099474599042	0.0383062757181579	0.419882520707689	1
chr14:24123924;G|A;Family=14349	-0.283235633299494	0.764640177610659	0.960854186791555	1
chr14:24187426;C|T;Family=11028	0.719068271330699	0.309767595037734	0.808433979373531	1
chr14:30619431;CAT|C;Family=13412	0.834784111621883	0.0107441056502874	0.228257537007308	1
chr14:30889794;G|A;Family=14587	-0.175200213687621	0.730027895941959	0.951889294499884	1
chr14:31073045;A|G;Family=11645	0.706288025431545	0.323154756871266	0.819491897259177	1
chr14:31446717;C|T;Family=12014	1.44936561259588	0.147048876247404	0.682633974185169	1
chr14:33680780;A|C;Family=11800	-0.784804524699705	0.20352341101093	0.74196557967373	1
chr14:33803547;G|A;Family=12697	0.605101540126303	0.603411657073518	0.927312924067881	1
chr14:35050255;C|T;Family=14675	0.424761280307055	0.655624679573497	0.944172813369795	1
chr14:35099374;T|C;Family=13600	0.811015636732003	0.519421282163956	0.911757599787938	1
chr14:35871556;G|A;Family=14376	-0.170742818407802	0.854769083485458	0.979267946988329	1
chr14:36677286;A|G;Family=11303	-1.20346475858529	0.226938863596247	0.749415042374362	1
chr14:39182369;T|A;Family=14270	-0.160332325183431	0.580706376153415	0.927306478133066	1
chr14:45200776;A|C;Family=14568	0.447446949377652	0.470271143698137	0.891086653910142	1
chr14:49783018;G|A;Family=12692	0.438911519969092	0.691628146538502	0.945469909197862	1
chr14:49786048;G|A;Family=12681	0.327132723853542	0.735842772651215	0.953091591243479	1
chr14:50330962;C|T;Family=13023	0.813623407051658	0.505922357730804	0.907989686015401	1
chr14:52005391;C|T;Family=13718	1.47585435044149	0.223952070286368	0.749415042374362	1
chr14:52009877;C|T;Family=11089	1.17451989573171	0.123124233311871	0.639479752080892	1
chr14:52707428;C|G;Family=13903	-0.228730885923549	0.647493938091059	0.941942739149472	1
chr14:52771440;T|G;Family=14081	0.408723204453316	0.315001253183955	0.815854396750864	1
chr14:53040793;G|A;Family=14412	0.400548401862919	0.231431553965684	0.750044584209939	1
chr14:54424277;A|G;Family=11721	-1.59082237298606	0.163335562037756	0.705384425262945	1
chr14:54789343;G|A;Family=12225	-0.25032014522409	0.799092544194611	0.965036179884676	1
chr14:54790002;G|C;Family=11107	-1.73048534453983	0.0719343926771122	0.542976642051296	1
chr14:54792246;G|A;Family=14110	-0.67219057859454	0.421764202890439	0.868719830376249	1
chr14:55046970;C|T;Family=14640	0.389321700225785	0.70833327588212	0.94705140475933	1
chr14:55066791;A|G;Family=14210	3.24760075607805	0.000417573372064017	0.0273808825396262	1
chr14:55069842;TC|T;Family=12396	-0.0844219865482642	0.916201663459169	0.994450336299019	1
chr14:55368655;T|A;Family=13047	-0.689922276587911	0.356364808234333	0.833967382820275	1
chr14:56609267;A|G;Family=12161	0.45237254587388	0.302658525505623	0.805381573484831	1
chr14:57206134;G|A;Family=12132	-0.051566710133963	0.795383652830874	0.965036179884676	1
chr14:59369246;C|CA;Family=14606	-0.503870887440026	0.563309649978506	0.922601710401907	1
chr14:60644825;T|G;Family=13007	0.728684027914922	0.233260207282131	0.750044584209939	1
chr14:60710671;G|A;Family=13305	0.941963105988217	0.355774969762398	0.833217510933741	1
chr14:61550781;A|G;Family=13005	-0.132909222177928	0.813159882614707	0.968610847466953	1
chr14:62081161;C|T;Family=13012	1.16311694878366	0.27708238025982	0.786703019840393	1
chr14:63373754;G|A;Family=11897	0.0498095015410996	0.950315040478498	0.994490996964741	1
chr14:64471001;G|C;Family=12346	-0.148789424277693	0.834681189510098	0.975166824015616	1
chr14:64481638;C|G;Family=13630	0.691416040750708	0.270271850639563	0.781336333494298	1
chr14:64587318;G|A;Family=11804	0.276375435952332	0.729680289390581	0.951889294499884	1
chr14:64744664;G|A;Family=11520	0.0555262170361325	0.955284635547438	0.99454911051999	1
chr14:64947292;C|T;Family=12073	-2.90193004256925	0.00667698427876838	0.175127759083125	1
chr14:67333928;G|A;Family=13884	0.265619632206008	0.803355587874669	0.965371232743783	1
chr14:67471834;G|A;Family=12481	-2.66046491309304	0.0086782381485536	0.204272374881339	1
chr14:67471937;C|T;Family=11505	-0.255290494715218	0.819197169754008	0.969214356177691	1
chr14:67588167;C|T;Family=12780	0.339510662039795	0.7138351255579	0.949350993466557	1
chr14:67762324;C|T;Family=12451	0.41774926837073	0.632206148859965	0.941582911078405	1
chr14:67783324;C|T;Family=11933	-0.848159645193927	0.429836130283755	0.870220990956183	1
chr14:69349262;G|T;Family=12507	-0.728997436548932	0.466478559179718	0.888899465131253	1
chr14:69458622;C|T;Family=11117	-0.516871245491409	0.0321033750899186	0.399189704280324	1
chr14:69528683;G|A;Family=11775	0.989311879097865	0.101940717276417	0.599881913203529	1
chr14:69714507;C|T;Family=13961	-0.250701986811692	0.438066045027701	0.876768606361833	1
chr14:69714839;G|C;Family=13709	0.0474139482380847	0.944271771121595	0.994450336299019	1
chr14:70051018;G|A;Family=13618	0.335441571983914	0.505411360555413	0.90751614472346	1
chr14:70672191;A|G;Family=13271	0.200622595731317	0.806039210018966	0.966639440733287	1
chr14:70672279;A|G;Family=14165	1.08596511005783	0.248866372899123	0.763811939865664	1
chr14:71741218;T|C;Family=14463	-0.214349625527841	0.796446291262083	0.965036179884676	1
chr14:72951816;C|T;Family=14216	0.22445669826926	0.816323413665287	0.968610847466953	1
chr14:72970085;C|T;Family=11051	-0.626949106259193	0.443560534262607	0.876768606361833	1
chr14:73219147;C|T;Family=12304	0.745998800778866	0.550038492041926	0.918064246717252	1
chr14:73219800;A|G;Family=14084	-1.48857998277678	0.0535907129813141	0.489515169321854	1
chr14:73264024;T|C;Family=14378	-0.920993461059382	0.241919063399399	0.75562295316759	1
chr14:74199900;A|G;Family=14234	-2.6209036413179	0.00830532796747899	0.199283029456372	1
chr14:74675817;G|A;Family=11462	-1.30049349354013	0.23795278671985	0.755402202581065	1
chr14:74905829;C|T;Family=14342	-0.247706583703912	0.800605500591484	0.965036179884676	1
chr14:75014738;C|G;Family=11382	-0.865534316464886	0.279544775505569	0.787464383831669	1
chr14:76501674;T|C;Family=13568	1.27818937684263	0.0620893006252885	0.518163436127408	1
chr14:76780525;A|G;Family=12674	-0.868643873157652	0.438789289406832	0.876768606361833	1
chr14:76788186;G|C;Family=11924	-0.484898434875284	0.611160379209943	0.92950812933936	1
chr14:77131926;A|G;Family=11366	-0.371583156300348	0.683236481952417	0.945469909197862	1
chr14:77275778;G|A;Family=11110	0.00196595229557929	0.996977074335955	0.998517835991355	1
chr14:77331556;C|T;Family=13621	-0.172482467569462	0.847386537225919	0.9788483786814	1
chr14:77672418;A|G;Family=12015	1.43102800607673	0.0879259205728056	0.576418286869124	1
chr14:81260740;T|C;Family=11033	1.21337741249539	0.189640253420492	0.732538065502298	1
chr14:81472756;T|C;Family=12426	0.36603494510355	0.260999062092661	0.776380993958328	1
chr14:85639167;T|A;Family=13705	0.620025913499005	0.383698147002427	0.842965285880744	1
chr14:85640939;T|C;Family=12407	0.381999872044748	0.561059301846973	0.921794074443886	1
chr14:85645691;A|C;Family=14344	-0.300044352104394	0.712405133234153	0.949243093573931	1
chr14:87941540;C|T;Family=11107	-0.0913689869351325	0.929220036565998	0.994450336299019	1
chr14:88465931;AATT|A;Family=11366	-0.231781128392123	0.674148294698455	0.94519760906175	1
chr14:88467813;C|G;Family=14590	0.268414454275272	0.340260078555845	0.825380907294955	1
chr14:90043800;G|A;Family=13335	-0.290757007999861	0.731364489543791	0.951889294499884	1
chr14:90533760;G|C;Family=14268	2.05023201299891	0.00319927508424178	0.112959020282075	1
chr14:90538579;G|A;Family=14394	-1.42026584542792	0.21480411792075	0.745520530250467	1
chr14:92045541;A|C;Family=12892	-2.41291569026648	0.0292721752444485	0.382517535578701	1
chr14:92047191;C|T;Family=14135	-0.0703497704628165	0.950053093747007	0.994490996964741	1
chr14:92053999;A|G;Family=11164	-0.485356507720621	0.691190163516791	0.945469909197862	1
chr14:92054370;G|C;Family=12099	1.84149048433645	0.00724354091458519	0.182180015331211	1
chr14:93227678;G|C;Family=14006	0.79820922350076	0.463557419629092	0.88563328653412	1
chr14:93720913;C|A;Family=14227	-0.0932453304982643	0.87577443204484	0.985832735233263	1
chr14:94039397;GACAA|G;Family=14096	0.606988878983064	0.532653317165842	0.913208766660489	1
chr14:94569714;G|A;Family=11310	-0.586794833692844	0.200227657232307	0.74196557967373	1
chr14:95185595;A|G;Family=11201	-2.16016423123837	0.0240699825566624	0.356893769407175	1
chr14:96243117;G|GA;Family=14404	-0.100557180792445	0.915232124178192	0.994450336299019	1
chr14:96385707;G|A;Family=11526	-0.981678502984022	0.276575020609584	0.786703019840393	1
chr14:99501572;T|C;Family=14618	1.79164483627066	0.0379891674706012	0.419882520707689	1
chr14:99508667;G|C;Family=14525	-0.137429197424478	0.886495807649633	0.988524933400988	1
chr14:99940981;T|G;Family=11575	-0.665509824300507	0.583017242697003	0.927306478133066	1
chr15:100567287;C|T;Family=14290	-1.04217829324037	0.227847833850971	0.750044584209939	1
chr15:100915213;C|G;Family=14525	-0.863648969391371	0.292091723048593	0.799446775975853	1
chr15:101029230;C|T;Family=13822	0.247449599715588	0.784793599101768	0.963316914580686	1
chr15:101068817;G|A;Family=12550	0.0669469269577348	0.91683437933503	0.994450336299019	1
chr15:101069279;G|T;Family=14260	0.335374455610356	0.740375991944437	0.954919483272623	1
chr15:101177327;C|T;Family=14043	0.908080366366587	0.182155929659858	0.720778275725543	1
chr15:101270931;G|C;Family=12796	0.505916910548774	0.52517292503556	0.911789588997909	1
chr15:101271238;C|T;Family=14047	0.518375344404993	0.572201551842304	0.926498219915827	1
chr15:101346652;G|A;Family=13532	-0.183126881095318	0.867218952559183	0.98193894350827	1
chr15:22827571;A|G;Family=13624	-0.376872151141028	0.664422648125551	0.944172813369795	1
chr15:23441288;T|A;Family=14697	-1.05053665143774	0.34269986163547	0.826802819924735	1
chr15:23567590;T|G;Family=12925	-1.35218660527705	0.0190401410620533	0.312242084681623	1
chr15:24982024;C|T;Family=14272	0.259964872532786	0.789931102358414	0.964104241095156	1
chr15:25334715;T|C;Family=12162	0.193173686271148	0.850711986058567	0.97926323081958	1
chr15:25677943;G|A;Family=14245	0.662228611489618	0.577452156569827	0.927306478133066	1
chr15:25679685;C|T;Family=12132	-0.374073229689675	0.722010540361734	0.951635014512506	1
chr15:25680190;T|C;Family=14465	0.455164273532111	0.520399725832528	0.911757599787938	1
chr15:26583387;C|T;Family=12573	0.550080785185231	0.659991290429434	0.944172813369795	1
chr15:27535641;C|CA;Family=13634	0.841667026014066	0.377961371697448	0.842235997232932	1
chr15:28260857;G|A;Family=14243	-2.09678772299471	0.0627639430574342	0.519490735827144	1
chr15:28269371;A|C;Family=11469	-0.716241517967859	0.321232703540069	0.818367963791311	1
chr15:29121091;G|A;Family=12246	-0.583112806591576	0.491381792555114	0.900433475287425	1
chr15:32638104;T|C;Family=14070	-0.213870415085592	0.475465640572358	0.892492129880219	1
chr15:32768823;G|A;Family=13673	-0.24304704414048	0.791360155126333	0.964159520093033	1
chr15:32770748;C|A;Family=11380	1.22915224964572	0.227090285466152	0.749415042374362	1
chr15:34228531;C|G;Family=11484	-0.44930146382657	0.435936933440389	0.876168812037826	1
chr15:34904362;T|G;Family=13050	2.52352881576117	0.00678984396994545	0.176824872749218	1
chr15:34980804;A|G;Family=14620	0.0758805059780812	0.941138448664571	0.994450336299019	1
chr15:40091406;A|G;Family=14446	-0.461048751175248	0.640164471929381	0.941942739149472	1
chr15:40272478;G|A;Family=11368	0.610988222372134	0.429554835147914	0.870220990956183	1
chr15:40324948;T|G;Family=11014	-0.885862845162906	0.0338982450348377	0.406778940418053	1
chr15:40375689;C|G;Family=13585	-0.73701179371676	0.360334234430566	0.834669666464571	1
chr15:40663005;G|T;Family=12716	-0.278373947491835	0.849256099626043	0.9788483786814	1
chr15:40736463;C|A;Family=11578	-0.795696269693891	0.315773448953065	0.815988813902643	1
chr15:40765303;A|C;Family=11220	0.105905491371072	0.885630072485429	0.988159716246276	1
chr15:40767256;C|T;Family=13544	0.174851705758209	0.855455290124209	0.979370760717881	1
chr15:40814773;C|T;Family=13948	-0.00680910261372496	0.994748929003469	0.998517835991355	1
chr15:41280038;A|G;Family=12656	-0.950228654008384	0.225901628319309	0.749415042374362	1
chr15:41898395;T|G;Family=11257	0.537437212282678	0.412641745061941	0.86372327423505	1
chr15:42239720;C|T;Family=14118	0.840021789378906	0.478268278651696	0.893496135409152	1
chr15:42352520;C|T;Family=12510	0.117724541783584	0.8778219624634	0.985832735233263	1
chr15:42355683;T|C;Family=12858	1.26102296900587	0.204182222098673	0.74196557967373	1
chr15:42567837;C|T;Family=13888	-0.966961604537579	0.347221277381275	0.827525017275195	1
chr15:42569418;C|T;Family=14385	0.852683310868665	0.238760295392524	0.755402202581065	1
chr15:42718825;G|A;Family=11339	-0.0552714103808471	0.961031799797513	0.995458477833526	1
chr15:42728672;CT|C;Family=12622	-1.08099886188913	0.219872060708308	0.749415042374362	1
chr15:45691267;A|G;Family=12826	1.52192064852254	0.179506200002837	0.720778275725543	1
chr15:48460268;G|A;Family=11018	-0.828832741547034	0.0887689033682032	0.578287426017872	1
chr15:48989689;A|G;Family=11364	0.333729943543608	0.704917174606062	0.945498149302863	1
chr15:49859538;T|C;Family=12759	0.469225484256044	0.58910743521605	0.927306478133066	1
chr15:50499413;T|C;Family=11030	0.413578148496473	0.402640357039815	0.851946248264857	1
chr15:50501626;A|G;Family=12161	-0.821570690139127	0.413239512161556	0.864050518860865	1
chr15:50561366;T|C;Family=13998	-0.381358272033395	0.661255116046728	0.944172813369795	1
chr15:51208400;C|T;Family=11551	-1.34577534970585	0.106810736275674	0.6080518481451	1
chr15:52121290;C|T;Family=12108	-0.130353230205572	0.869126899488799	0.982907064866752	1
chr15:52229152;C|T;Family=11329	0.660096289652281	0.306734114855517	0.805753381131891	1
chr15:52383145;G|C;Family=14068	0.961902371897368	0.228610286073735	0.750044584209939	1
chr15:53514080;G|A;Family=14209	-0.0107876363370511	0.989236065782961	0.998517835991355	1
chr15:55359693;G|A;Family=12563	0.820294062180229	0.414166931424206	0.864107602412024	1
chr15:55539177;C|T;Family=11079	0.52940347605961	0.567286498928598	0.924241731079299	1
chr15:55613938;G|A;Family=12021	0.274356161445384	0.60649161448624	0.92755546278534	1
chr15:56088533;TTTTG|T;Family=11181	0.25170519426416	0.767064774121922	0.960854186791555	1
chr15:56093321;G|A;Family=13684	-0.449112989051234	0.168421069779915	0.713937719659626	1
chr15:56396701;G|C;Family=12906	0.00862091300637656	0.984581968416352	0.998517835991355	1
chr15:56397396;T|G;Family=12906	1.40925533287122	0.270702456219518	0.781336333494298	1
chr15:56398111;T|A;Family=12906	1.7751288362738	0.0377434597967958	0.419882520707689	1
chr15:56653398;A|C;Family=12572	1.5018495408665	0.000146349145836789	0.011942090300282	0.53739406351269
chr15:57547895;A|G;Family=12648	1.55204389651145	0.0946512474316545	0.586747787489526	1
chr15:58590855;AACC|A;Family=14608	0.865615016948164	0.373753391461526	0.842235997232932	1
chr15:59132694;T|C;Family=13169	0.347177464591995	0.762474378800658	0.960649585891211	1
chr15:59134897;T|G;Family=14109	-1.01228869190275	0.0042988998261216	0.131546334679321	1
chr15:59137358;A|G;Family=11246	1.35512948566325	0.23863990588254	0.755402202581065	1
chr15:60422471;T|A;Family=13916	0.817761637627663	0.340596928541098	0.825380907294955	1
chr15:60423023;T|C;Family=12246	0.633415580635991	0.584590404119331	0.927306478133066	1
chr15:60451608;A|G;Family=12802	-0.77384535925013	0.131337237326486	0.660274952513146	1
chr15:62069453;C|T;Family=14228	-0.300690945446074	0.6439748910669	0.941942739149472	1
chr15:63322397;C|T;Family=11546	0.232629571328765	0.720955247316418	0.951635014512506	1
chr15:63599874;T|G;Family=13258	0.296782965391804	0.733141713891104	0.951889294499884	1
chr15:63600869;A|G;Family=13082	-0.465042177849809	0.662282068184343	0.944172813369795	1
chr15:63601973;A|C;Family=14038	0.379305841120582	0.604922376193155	0.92755546278534	1
chr15:64168554;G|T;Family=14004	1.04916252416073	0.307827103580338	0.806810224373305	1
chr15:64503001;T|C;Family=13026	-1.5270159772294	0.149983080679158	0.683866227083353	1
chr15:64866999;C|T;Family=11998	-0.852611455745461	0.45946038683841	0.882319234493495	1
chr15:65577405;C|CG;Family=14244	0.0984945783580638	0.883943934057723	0.986719394156308	1
chr15:65577406;A|C;Family=14244	-0.265669302434204	0.547336051771636	0.916451192211736	1
chr15:65896118;C|G;Family=12161	-0.562314277750962	0.6321376174284	0.941582911078405	1
chr15:65906121;G|A;Family=12056	0.854139065932193	0.414724175931058	0.864107602412024	1
chr15:66337167;T|C;Family=12238	0.40626625629399	0.528429625737546	0.913208766660489	1
chr15:66553131;C|T;Family=14675	1.46345849594832	0.129062437917045	0.653261836206219	1
chr15:66781212;G|A;Family=14671	1.75525381687922	0.187985417322495	0.729688306060486	1
chr15:67373445;T|C;Family=14523	0.115170382000332	0.893705638341892	0.990847555552967	1
chr15:67373521;GT|G;Family=12548	-0.225295301292485	0.745191549800705	0.955820254951813	1
chr15:67501603;C|A;Family=12532	0.0205021736235585	0.984919197930063	0.998517835991355	1
chr15:67530050;T|C;Family=14596	-0.637423007641837	0.0803982188393653	0.559594821307933	1
chr15:68292697;TA|T;Family=11195	1.46165636717355	0.0285120018623188	0.377964154651389	1
chr15:68779354;T|TG;Family=14207	0.895264999468037	0.474246824248955	0.892197369958257	1
chr15:69270974;G|A;Family=14464	-0.350897791603875	0.703333242869234	0.945498149302863	1
chr15:70049346;C|T;Family=13977	0.00789017749411481	0.993165996680347	0.998517835991355	1
chr15:71959179;C|T;Family=11445	-0.267712511094547	0.7564807992495	0.957285062236887	1
chr15:72141795;AAGATT|A;Family=13776	1.63282767060244	0.118640927117312	0.628642834595625	1
chr15:72208624;C|T;Family=12795	-0.101373707882699	0.88016272555256	0.986694290511333	1
chr15:72593154;T|A;Family=13763	0.433099163663627	0.219895590761886	0.749415042374362	1
chr15:72756402;A|C;Family=14428	0.587269034141789	0.473848028526295	0.892197369958257	1
chr15:72774997;T|C;Family=12704	0.417081943425403	0.679503636103528	0.945469909197862	1
chr15:73739396;G|A;Family=13166	-0.0311807469888117	0.966734161918033	0.995500056197723	1
chr15:73946452;T|A;Family=14240	0.298985458222865	0.713650131555488	0.949350993466557	1
chr15:73981283;G|A;Family=14342	-0.31300379993462	0.762655094619961	0.960649585891211	1
chr15:73981895;G|A;Family=14458	0.8357045163665	0.332149164138316	0.819658421180037	1
chr15:74630849;G|C;Family=11731	0.350107290515415	0.766709312142369	0.960854186791555	1
chr15:74803022;T|C;Family=12492	0.0692799505516905	0.844506266153573	0.978327924408756	1
chr15:74845146;GA|G;Family=14257	-0.747867206858886	0.363901368802398	0.837806825259366	1
chr15:74901292;G|A;Family=14290	-2.42880883470958	0.0472156664606303	0.457489198836458	1
chr15:75355796;C|T;Family=13122	0.381707190615106	0.700946943462186	0.945469909197862	1
chr15:75370263;G|A;Family=11504	-0.484703588866067	0.679410434031243	0.945469909197862	1
chr15:75463370;A|G;Family=14482	-0.230274195359929	0.694457614377877	0.945469909197862	1
chr15:76728599;C|T;Family=14558	-0.121199813105111	0.859484440719165	0.97967019138905	1
chr15:77007986;G|A;Family=12279	1.20052548020668	0.225644602362753	0.749415042374362	1
chr15:77107216;T|C;Family=12618	1.26534002200713	0.275369689462996	0.786703019840393	1
chr15:78163484;A|G;Family=14436	-0.167441163603836	0.640658992995268	0.941942739149472	1
chr15:78478334;C|T;Family=13364	0.302261359403741	0.788453773920684	0.964082144314357	1
chr15:78490631;A|G;Family=13557	-1.83772934835855	0.0797438298084346	0.559594821307933	1
chr15:78536282;C|G;Family=11303	-0.935715498147558	0.35918497153421	0.834326316172269	1
chr15:78594137;CTTACT|C;Family=22349	1.3919982536422	7.12760603021278e-05	0.00688751824814245	0.261725693429413
chr15:78925354;A|G;Family=11963	0.00150479690498885	0.996536166131701	0.998517835991355	1
chr15:79295340;G|A;Family=11989	-0.616221543375204	0.543987488988309	0.914616327639684	1
chr15:79845082;C|T;Family=22249	0.425811118975584	0.665060092674134	0.944172813369795	1
chr15:81303649;C|T;Family=14369	0.580195536633953	0.083839346337474	0.561784817064242	1
chr15:82043046;G|A;Family=14351	1.32780504409269	0.107829540145693	0.609327831620619	1
chr15:82687129;TGAA|T;Family=13394	0.427545200442218	0.644166860760168	0.941942739149472	1
chr15:82842933;T|C;Family=13673	1.32707342187888	0.0942261691217636	0.586747787489526	1
chr15:83017414;C|T;Family=12588	0.0898877648920689	0.948177869171672	0.994490996964741	1
chr15:83138377;T|C;Family=13881	-0.227022196634941	0.85414745748823	0.979267946988329	1
chr15:83138723;C|T;Family=13191	-1.84246001095981	0.0632771145510275	0.521690159662499	1
chr15:83139026;G|C;Family=11235	0.663822337929176	0.203138357167925	0.74196557967373	1
chr15:84802623;C|T;Family=11729	-0.243298218629085	0.0813870186413568	0.559594821307933	1
chr15:84804014;A|G;Family=13466	0.178465282676221	0.859879364609724	0.97967019138905	1
chr15:84806138;A|G;Family=11203	-0.195604839436918	0.590686386903699	0.927306478133066	1
chr15:86909044;C|A;Family=13724	1.41479029468186	0.232771132884523	0.750044584209939	1
chr15:86910332;A|T;Family=14254	-1.21191807352712	0.228667056325235	0.750044584209939	1
chr15:87861035;T|G;Family=14410	-1.84906014220458	0.0703309110840999	0.541261089449023	1
chr15:87874420;G|A;Family=11458	-0.346562644558881	0.785323084858659	0.963316914580686	1
chr15:88480591;A|T;Family=14635	-0.531440899677462	0.510103763531561	0.911041351988275	1
chr15:89195431;G|A;Family=14575	0.556265070715184	0.223020851310467	0.749415042374362	1
chr15:89202100;G|A;Family=14536	0.640604738605248	0.0191910674252497	0.312305979219393	1
chr15:89326709;ACTCCTC|A;Family=14565	3.47646437867738	0.00312710648909831	0.111482864349213	1
chr15:89681678;C|T;Family=13484	0.828121555295871	0.458878083544859	0.882319234493495	1
chr15:89682026;G|C;Family=11411	-0.613967476142384	0.61603083965794	0.934484238979367	1
chr15:89833427;A|T;Family=11456	-0.868086635141573	0.00326643063541461	0.113129316846061	1
chr15:89834264;A|T;Family=13666	0.220187169514807	0.794982860183853	0.965036179884676	1
chr15:89896555;C|A;Family=12029	2.19662395468823	0.0309660651231294	0.397553731328228	1
chr15:90273069;G|T;Family=14633	-0.285661055051877	0.688134175666713	0.945469909197862	1
chr15:90365138;GA|G;Family=13589	-0.457880448847329	0.39026541664424	0.849973078242971	1
chr15:90500172;T|G;Family=11047	-1.89219294655847	0.0907739947409563	0.578684216473596	1
chr15:90883330;G|A;Family=Hou-etal:rs4702	1.54513649150195	0.0596028756889417	0.509360951860701	1
chr15:91300272;G|A;Family=14344	-0.226464924742318	0.809346107833111	0.967437766635053	1
chr15:92618243;G|A;Family=11089	0.306116735119965	0.737132031073041	0.954088409622914	1
chr15:92901779;A|C;Family=12687	-0.292495206841255	0.778662449824128	0.962128318063079	1
chr15:93045173;G|A;Family=11627	0.977263614641844	0.252051859165522	0.767157291900576	1
chr15:93045216;C|T;Family=13333	-0.389732615733303	0.639537263308481	0.941942739149472	1
chr15:94481478;G|C;Family=13732	-0.746169947164635	0.423003688881065	0.868719830376249	1
chr15:94481988;A|G;Family=12483	1.29803561724482	0.228453531240418	0.750044584209939	1
chr15:96338680;G|GT;Family=12493	-0.623020870676425	0.331522173577558	0.819658421180037	1
chr15:98961301;G|A;Family=13914	1.58895592458612	0.033453950918346	0.406764595272074	1
chr15:98961330;T|C;Family=14452	0.262159094654044	0.598343337586021	0.927306478133066	1
chr15:99713046;T|C;Family=11045	-0.710079655973303	0.462409374787922	0.884357929281901	1
chr15:99713868;T|C;Family=13628	-1.30751872931912	0.278404121680308	0.786828643595645	1
chr15:99715933;A|G;Family=13251	1.34092185002132	0.0149106257480876	0.278586750981571	1
chr16:10528610;T|G;Family=12729	-1.58023535848501	0.215179082234702	0.746116704405878	1
chr16:10532068;C|T;Family=13234	0.456620030711887	0.522424256391909	0.911757599787938	1
chr16:10940794;C|T;Family=13850	0.976806048483468	0.25847734650798	0.77479903377739	1
chr16:11372558;G|C;Family=14393	0.576637316003148	0.396494926982739	0.851660455533044	1
chr16:11549237;CA|C;Family=11417	-0.383119636352092	0.587604828306592	0.927306478133066	1
chr16:11871306;C|T;Family=13015	0.0333585158258065	0.951718382202927	0.994490996964741	1
chr16:1213915;A|G;Family=14061	-0.869101493874938	0.225230395723608	0.749415042374362	1
chr16:12569002;G|T;Family=14493	-0.678833213437426	0.241996893498117	0.75562295316759	1
chr16:12569318;T|TGC;Family=12285	-0.119568412912541	0.810798792983965	0.967583089969815	1
chr16:12569804;A|G;Family=14265	-1.26239434772633	0.166912416037642	0.711023656253158	1
chr16:12573936;CTT|C;Family=11839	0.686307725619859	0.110338294478833	0.61449519194641	1
chr16:1321063;C|T;Family=14016	-0.451087339291529	0.596788782215765	0.927306478133066	1
chr16:1321177;C|T;Family=11685	-0.518755164122758	0.377900985432572	0.842235997232932	1
chr16:13237326;G|A;Family=14058	-1.99298837786352	0.00763573505447213	0.187103417421329	1
chr16:1324951;G|A;Family=14321	-1.4685251506516	1.68467454593623e-06	0.000294577377746564	0.00618612493267784
chr16:13948562;T|C;Family=12821	-1.00062502598745	0.194956340582934	0.737260229269344	1
chr16:13949970;A|AT;Family=11479	-0.574068209689545	0.53101829625405	0.913208766660489	1
chr16:189971;T|C;Family=14122	0.810782970039311	0.193362274368757	0.735543675109232	1
chr16:19267192;C|T;Family=14257	-0.0867541106893158	0.943179615313382	0.994450336299019	1
chr16:1938368;C|T;Family=13263	0.390331966098512	0.56481300000233	0.923005489990456	1
chr16:1984949;A|T;Family=12864	0.195222585149386	0.725031052743667	0.951820428209889	1
chr16:19856813;C|A;Family=11298	0.802733671001703	0.453068846586321	0.880571543590602	1
chr16:1993957;C|T;Family=12014	0.51193404510409	0.0930536581811694	0.585207034413117	1
chr16:20032346;T|C;Family=12325	-3.25523247455492	0.000432735994204661	0.0278773082582371	1
chr16:2081694;C|T;Family=14601	0.237153526840332	0.836119894873935	0.975229691942293	1
chr16:2086268;C|T;Family=12621	1.36814419120517	0.0914796039279441	0.580982574865154	1
chr16:21179846;G|A;Family=14379	-0.290451820538664	0.65023544812123	0.941942739149472	1
chr16:21251033;C|T;Family=12631	0.896644895997563	0.194530630736721	0.737168705949679	1
chr16:23063202;T|C;Family=13364	0.882302625557984	0.324507789606425	0.819658421180037	1
chr16:23464668;G|A;Family=14519	1.28588013700902	0.113663829581565	0.616504552767365	1
chr16:23667172;T|C;Family=12647	-0.377440217159427	0.454439666684302	0.881141012046277	1
chr16:24215158;A|G;Family=13136	0.953630027779825	0.240340984515257	0.755402202581065	1
chr16:25239158;G|T;Family=11352	-0.623740215746379	0.559602704394066	0.921089939777212	1
chr16:2707660;C|A;Family=14036	1.0332869863191	0.252638824707946	0.767157291900576	1
chr16:2707663;G|A;Family=14036	1.73681248995896	0.0382794290441974	0.419882520707689	1
chr16:27449743;C|T;Family=14061	0.227116113093772	0.618703358584509	0.93531442269342	1
chr16:27788100;C|A;Family=11993	0.0813273384608207	0.869144673099767	0.982907064866752	1
chr16:28484111;A|G;Family=13368	1.8088591793921	0.0806156437788945	0.559594821307933	1
chr16:28873529;G|A;Family=13076	-0.510442165532513	0.687143060296009	0.945469909197862	1
chr16:29743897;C|T;Family=11301	-1.10654532008659	0.116951219106932	0.625147502984884	1
chr16:29992683;G|C;Family=11003	1.29019093518912	0.200242594347641	0.74196557967373	1
chr16:30095091;C|T;Family=11055	-0.220856303770262	0.703246049947676	0.945498149302863	1
chr16:30532838;G|A;Family=22030	-0.850595456754332	0.347957142340115	0.827525017275195	1
chr16:30780397;T|G;Family=12829	-0.781083226580401	0.304448884740322	0.805381573484831	1
chr16:30990077;T|A;Family=11540	0.00554037300683487	0.984602263904858	0.998517835991355	1
chr16:31193345;A|G;Family=14416	0.688301847206415	0.225758398439287	0.749415042374362	1
chr16:31332096;C|T;Family=11484	1.07091013243108	0.0788652496083236	0.559594821307933	1
chr16:3140739;C|G;Family=12536	0.356698367369716	0.725054992823718	0.951820428209889	1
chr16:3535329;G|T;Family=14149	-0.097481099237468	0.896000362352564	0.991250445562078	1
chr16:3656675;G|A;Family=13424	-0.163745894526048	0.873470559234269	0.985832735233263	1
chr16:3704332;A|T;Family=12073	-0.363300495099973	0.16056937428562	0.70300634392763	1
chr16:4190888;C|T;Family=11235	-1.59794726882073	0.0415914429069987	0.430207826350702	1
chr16:46657240;T|A;Family=12719	-0.46416773964121	0.670145695377212	0.944530874927258	1
chr16:46929467;AG|A;Family=12779	0.689086102599408	0.413644775857969	0.864050518860865	1
chr16:48352917;C|G;Family=12788	0.317522629795762	0.28400110736942	0.791839078405854	1
chr16:48538924;C|T;Family=14617	-0.696088615064154	0.264702415745682	0.777215269367954	1
chr16:49279058;G|T;Family=13283	-0.38052102088326	0.711958738966759	0.949243093573931	1
chr16:49490000;C|T;Family=14598	-0.271310652928436	0.551990442495267	0.918315545916195	1
chr16:50707935;A|G;Family=13504	-0.198379527544875	0.528694351034643	0.913208766660489	1
chr16:53491584;A|AAGAT;Family=14637	-0.628834590417774	0.453599156501754	0.880571543590602	1
chr16:53934071;C|T;Family=13882	-0.197291707151396	0.504507948272342	0.90751614472346	1
chr16:54115899;A|G;Family=14641	-0.741956039984137	0.283785534145055	0.791839078405854	1
chr16:54118659;A|G;Family=11587	0.955831726517532	0.196224171455709	0.737497602441517	1
chr16:56847265;ATC|A;Family=13856	-0.184989304625706	0.828986993425324	0.973158644455815	1
chr16:56944000;G|A;Family=12020	-0.863587890171486	0.000118843075625188	0.0103902803260878	0.436391773695689
chr16:57082663;G|A;Family=14247	-0.0816811200724801	0.938553792752669	0.994450336299019	1
chr16:57148331;G|GTACA;Family=11056	-1.53443964822619	0.152378558647146	0.68406127561097	1
chr16:57167173;C|A;Family=14042	-2.75995336116238	0.0104559237834818	0.227184332147605	1
chr16:57252813;A|G;Family=12975	1.68684303551167	0.221507547471807	0.749415042374362	1
chr16:57252942;G|GA;Family=14423	-1.13032790691443	0.112951127161498	0.614645607383283	1
chr16:57883767;A|G;Family=13129	-1.33821907199503	0.0707530835881076	0.541261089449023	1
chr16:583935;G|A;Family=14161	0.153834481025685	0.851169570839781	0.97926323081958	1
chr16:58512675;T|C;Family=12318	0.991224155201603	0.31195787936167	0.811267233014201	1
chr16:58520791;C|T;Family=13143	-0.137872330447978	0.776255464806427	0.960984229126855	1
chr16:59123;A|G;Family=13681	0.127832942857283	0.832352438811159	0.974009557208743	1
chr16:61653156;G|T;Family=12469	0.667071414610997	0.5670476180781	0.924241731079299	1
chr16:62660;C|T;Family=14680	-0.872363956252656	0.520186965385348	0.911757599787938	1
chr16:66400812;C|T;Family=12086	0.214441432943512	0.82243282120612	0.969214356177691	1
chr16:66404214;G|A;Family=14152	0.511685208639768	0.0570178792077666	0.498624262897071	1
chr16:66612716;C|T;Family=12662	-1.91412030215977	0.14523458611954	0.681437958446688	1
chr16:66616749;C|T;Family=11775	0.447961296209563	0.568984685873858	0.925414903724858	1
chr16:66854047;G|C;Family=13259	-1.95983647009331	0.0365385424575649	0.415385535307053	1
chr16:66911921;C|T;Family=13351	-1.62642662176772	0.0346318200619695	0.410505815747768	1
chr16:66942147;A|G;Family=13938	-0.193457532848125	0.82596554450202	0.971293031435214	1
chr16:67198680;C|G;Family=11276	-0.792775348482089	0.451678370746856	0.879243767911242	1
chr16:67270740;A|G;Family=14244	1.7870929982383	0.111346314218809	0.61449519194641	1
chr16:67647175;G|A;Family=11150	-2.25256681992231	0.0380965046081897	0.419882520707689	1
chr16:67683136;C|G;Family=14645	-0.48437659296731	0.632485104709611	0.941582911078405	1
chr16:67724986;C|G;Family=14645	-1.06448257721837	0.161421325293443	0.704218055768186	1
chr16:67725007;C|G;Family=14645	0.917608784995227	0.292390256028205	0.799446775975853	1
chr16:67951940;A|G;Family=14151	1.01244210392717	0.402145616204289	0.85194450506384	1
chr16:68300417;G|GTTGA;Family=13929	-1.06323119898068	0.00238293492871174	0.0921176607013021	1
chr16:68687595;C|G;Family=14402	-2.40801879361892	0.0412908346485301	0.430207826350702	1
chr16:69340788;T|C;Family=13143	-0.632082477922832	0.276063398080962	0.786703019840393	1
chr16:69356055;A|C;Family=14454	0.852334697564964	0.302559652380733	0.805381573484831	1
chr16:70483943;C|T;Family=14265	0.259894759873435	0.757281261887056	0.957553992303467	1
chr16:70572436;C|T;Family=11753	0.95545402343422	1.53167744622499e-06	0.000293210024756303	0.00562431958253817
chr16:70573035;A|T;Family=14597	-0.335685458251362	0.678771424011798	0.945469909197862	1
chr16:70662896;C|T;Family=14417	-0.844632320240386	0.279558124500127	0.787464383831669	1
chr16:70687915;C|T;Family=11168	0.211615034979521	0.866994134714426	0.98193894350827	1
chr16:70785746;C|A;Family=11003	0.016472710144451	0.966767615440583	0.995500056197723	1
chr16:71282674;A|T;Family=11256	0.434271986900141	0.632573991389033	0.941582911078405	1
chr16:71456106;G|A;Family=12518	-0.278846887485914	0.644510954885327	0.941942739149472	1
chr16:71641521;GA|G;Family=14192	0.516551921541036	0.619342121771371	0.935509778339973	1
chr16:71765565;C|T;Family=11207	0.349841930635775	0.60647849265347	0.92755546278534	1
chr16:718549;C|T;Family=11397	-0.341915336906007	0.693344491472599	0.945469909197862	1
chr16:71855434;G|A;Family=11307	0.0175515785238731	0.98688744659076	0.998517835991355	1
chr16:72027420;C|T;Family=11368	0.690603848384143	0.442011567747658	0.876768606361833	1
chr16:72086073;A|C;Family=13391	-0.295023906844477	0.624456713568373	0.936932915828866	1
chr16:729185;T|G;Family=14467	0.230258150779215	0.80094663280928	0.965036179884676	1
chr16:74448548;G|A;Family=14679	2.58952137472982	0.0270161749125973	0.371548293179989	1
chr16:74622513;T|C;Family=11707	1.10116524278971	0.0926631969240291	0.585207034413117	1
chr16:74672149;T|G;Family=11883	0.189473218454228	0.873895140629115	0.985832735233263	1
chr16:75108224;G|GT;Family=14633	-0.459658775576067	0.488678618026973	0.898548086514677	1
chr16:75114636;C|T;Family=12664	1.28780972866693	0.305764830349065	0.805753381131891	1
chr16:75234913;C|T;Family=12154	1.07903917478927	0.0726284764762584	0.545381933784909	1
chr16:75235814;T|G;Family=14219	1.66067752453283	0.0796786465454691	0.559594821307933	1
chr16:75568310;G|C;Family=13773	-0.0609868204298077	0.96109274127779	0.995458477833526	1
chr16:77741983;G|C;Family=12739	-1.43972235349844	0.142440778107056	0.677950429224548	1
chr16:785736;G|C;Family=14131	-1.13387067152726	0.351432739064302	0.827715473109646	1
chr16:80599464;G|A;Family=12738	-0.168023440352303	0.716430333299227	0.950433160630137	1
chr16:80604158;G|A;Family=14321	0.190280246093762	0.256070756721412	0.772630910995089	1
chr16:80604272;C|T;Family=12154	-0.177892082937791	0.71420743012347	0.949350993466557	1
chr16:80968023;GAA|G;Family=14363	-0.463146991656551	0.662678858058248	0.944172813369795	1
chr16:81022785;C|T;Family=12180	-0.0869778308238625	0.916613596581313	0.994450336299019	1
chr16:81171803;A|G;Family=12937	-0.428161648939594	0.670328828992493	0.944530874927258	1
chr16:81173810;G|A;Family=14666	-0.938776792212931	0.103719935372404	0.601852394440639	1
chr16:81174389;G|A;Family=12180	-0.0536502021998347	0.941858471762631	0.994450336299019	1
chr16:81267919;C|A;Family=12083	0.0206390127346985	0.969745016617444	0.995500056197723	1
chr16:81959671;G|A;Family=22280	1.63728119244348	0.0510872078943115	0.473717745929071	1
chr16:81991522;G|A;Family=14521	0.886078833972178	0.309704973033133	0.808433979373531	1
chr16:83344870;G|A;Family=11492	-0.353123481985855	0.720348741854618	0.951635014512506	1
chr16:83670854;A|G;Family=11642	1.49034977464125	0.116341750830735	0.623659721241548	1
chr16:84054426;C|G;Family=11121	0.505431153972449	0.676043778260878	0.945469909197862	1
chr16:84122855;T|C;Family=14363	-0.426273073885496	0.597713047590713	0.927306478133066	1
chr16:84159689;G|C;Family=12057	0.260411221663829	0.659716551872375	0.944172813369795	1
chr16:84329819;A|C;Family=13874	-1.28323857559983	0.265512031864453	0.777273250633651	1
chr16:84779105;G|A;Family=14402	0.620231462733658	0.375728220689403	0.842235997232932	1
chr16:84907429;G|A;Family=13631	0.0499106474319848	0.934749065788374	0.994450336299019	1
chr16:8648242;C|T;Family=13947	-0.370193780819522	0.693772097449341	0.945469909197862	1
chr16:87330135;C|G;Family=11561	0.51673877481548	0.284457583898289	0.792377799122361	1
chr16:87409016;G|A;Family=11417	-0.217549231631131	0.798110668795712	0.965036179884676	1
chr16:87831950;G|A;Family=11078	0.697073961039943	0.428647589360106	0.870220990956183	1
chr16:88863449;C|T;Family=13714	-0.270355746032503	0.675685545514022	0.945469909197862	1
chr16:8898628;C|A;Family=14675	0.521803396375522	0.539935751600748	0.913855600356234	1
chr16:8902160;G|C;Family=13855	1.146552995306	0.334359590165309	0.820107899861428	1
chr16:89145960;G|A;Family=11404	1.85155901537266	0.178658593729022	0.719429094374272	1
chr16:8915256;T|C;Family=12211	-0.461353823379818	0.0830668103051012	0.560816231732374	1
chr16:89280322;C|A;Family=13875	-1.19717897613861	0.297466206765078	0.803939996492926	1
chr16:89284363;CTTTG|C;Family=12507	0.839943317729558	0.507027008648693	0.909083581913087	1
chr16:89285006;G|A;Family=13038	0.692420869066752	0.57087963033559	0.92632346557326	1
chr16:89529318;A|T;Family=11809	-1.5934743131517	0.103750698714849	0.601852394440639	1
chr16:89537204;G|A;Family=13882	-0.0187519272463751	0.976649223789788	0.998517835991355	1
chr16:89935278;G|A;Family=13371	-0.0284519214392863	0.978425543079739	0.998517835991355	1
chr16:90062141;G|A;Family=11726	0.187037534813691	0.853388436444078	0.97926323081958	1
chr16:9753839;G|T;Family=14468	-0.484856046398955	0.607672109642216	0.927805399836264	1
chr17:1002576;A|C;Family=11172	-0.648972377493744	0.459312211059636	0.882319234493495	1
chr17:10711013;A|G;Family=11027	0.572997639548408	0.50539421182719	0.90751614472346	1
chr17:10824130;G|C;Family=13539	-0.22237372013994	0.475898581237873	0.892492129880219	1
chr17:11561421;T|A;Family=11305	-1.17422257645451	0.101722880967237	0.599560865026794	1
chr17:12766872;A|G;Family=13456	1.71726552991891	0.115872808823998	0.623659721241548	1
chr17:12984718;A|G;Family=11216	0.329021301080299	0.663033070451826	0.944172813369795	1
chr17:1495860;C|T;Family=13565	-1.46460991707894	0.165672441972451	0.70919588817855	1
chr17:15976942;GCT|G;Family=13006	-0.245196791674016	0.859552252808333	0.97967019138905	1
chr17:16443567;G|T;Family=13998	0.354273271034069	0.647930062832096	0.941942739149472	1
chr17:1705283;C|T;Family=14119	-2.87515697686344	0.0253211661651557	0.362010007736198	1
chr17:17186364;G|A;Family=11345	-0.498193450263685	0.494595195589128	0.900869820537341	1
chr17:17202707;G|A;Family=11013	0.443688661270196	0.457205652613687	0.881883284437375	1
chr17:17213402;T|C;Family=12923	0.210829032705837	0.843650499999607	0.978327924408756	1
chr17:17246958;A|G;Family=13578	0.659255131810724	0.467334702156206	0.88914975116245	1
chr17:17347119;G|C;Family=13991	-0.403669411638771	0.529058244841171	0.913208766660489	1
chr17:17347268;C|T;Family=13147	-0.993030795999015	0.235767609087398	0.753250145676993	1
chr17:17810691;C|T;Family=14023	-0.417952629445255	0.5231050451745	0.911757599787938	1
chr17:17844299;C|T;Family=12787	-0.0780797832998043	0.944008373604192	0.994450336299019	1
chr17:18209382;C|T;Family=11277	-1.41977984922942	0.103405400970268	0.601852394440639	1
chr17:19675582;C|G;Family=12796	1.24492950766531	0.0712703456269884	0.542976642051296	1
chr17:19675745;C|T;Family=11167	0.0986603307379833	0.898508613504375	0.991681283074261	1
chr17:19774141;T|C;Family=11412	1.02795333490242	0.326307283426518	0.819658421180037	1
chr17:19904509;T|C;Family=13239	-1.55715903256857	0.145942851194081	0.681871627328097	1
chr17:2060730;G|A;Family=14418	-0.0933290787186364	0.871736097261415	0.984927676659666	1
chr17:21314581;G|A;Family=14524	0.465464631512798	0.371961882231176	0.842235997232932	1
chr17:21418873;T|G;Family=14414	-0.203164549649354	0.534445109282267	0.913208766660489	1
chr17:21528779;A|G;Family=11963	0.0328851012081224	0.96868048725581	0.995500056197723	1
chr17:2384552;A|T;Family=11266	-0.305678513435736	0.643466293497133	0.941942739149472	1
chr17:2385999;G|A;Family=12647	-0.210787821979209	0.818705286701516	0.969214356177691	1
chr17:2685270;C|T;Family=11872	0.503697053491433	0.640029660597137	0.941942739149472	1
chr17:2689537;C|A;Family=11396	0.661083835985604	0.416266251148986	0.864880883565238	1
chr17:27307982;C|T;Family=14662	-0.138387237162861	0.849400502312839	0.9788483786814	1
chr17:28328570;G|A;Family=11203	-0.270969440895764	0.766410599522442	0.960854186791555	1
chr17:28396592;G|T;Family=22196	1.23509228936503	0.0901116637950592	0.578287426017872	1
chr17:28493652;G|T;Family=14242	-0.679449204925647	0.429393698872421	0.870220990956183	1
chr17:28592000;G|T;Family=12662	0.0652244149613919	0.796046847194716	0.965036179884676	1
chr17:28907331;C|T;Family=13289	0.42785038833463	0.721970224075613	0.951635014512506	1
chr17:28912324;T|A;Family=14692	0.0629055043086376	0.93585814551064	0.994450336299019	1
chr17:29561734;C|G;Family=14668	1.99881564295442	0.0664047868936859	0.527788695830335	1
chr17:29613847;T|TC;Family=11458	-1.09043425505624	0.226125090755959	0.749415042374362	1
chr17:30316398;C|A;Family=11568	-1.65815242133358	0.002408304854936	0.0921176607013021	1
chr17:30469801;G|C;Family=13211	0.371298854499506	0.226168633600477	0.749415042374362	1
chr17:30522508;T|G;Family=12784	-0.908956329336241	0.444934403702336	0.876972158021995	1
chr17:30522509;G|A;Family=12784	-0.707077629611491	0.539087346038898	0.913855600356234	1
chr17:30784103;C|CT;Family=14319	0.612660442289897	0.259117653360865	0.776084847586538	1
chr17:31357330;C|T;Family=12061	0.663401011791004	0.148405238327024	0.683866227083353	1
chr17:31861451;C|CA;Family=13507	-0.341114767764293	0.652989678149544	0.943075696825272	1
chr17:31862034;G|A;Family=13001	-0.458405796584135	0.606945080127172	0.92755546278534	1
chr17:32324631;T|C;Family=12331	-1.19707192016686	0.0936078549636376	0.586343383871005	1
chr17:32942652;G|C;Family=13706	-1.35718960498465	0.173078717007495	0.716958229977648	1
chr17:32944107;A|G;Family=11678	1.71584051000799	0.0799102676714476	0.559594821307933	1
chr17:33013379;T|TG;Family=11156	-2.07808166223567	0.00232449510295817	0.0921176607013021	1
chr17:34272198;T|A;Family=13981	1.60687297766657	0.0300493480848153	0.387162126903305	1
chr17:35188649;T|A;Family=22004	-0.00197446696213621	0.994183462554774	0.998517835991355	1
chr17:3610294;C|T;Family=11346	-1.16605521217586	0.0628142392993606	0.519490735827144	1
chr17:36504501;C|G;Family=12368	-0.235981823290878	0.421600107363174	0.868719830376249	1
chr17:36510788;C|T;Family=11714	0.0346006304091128	0.963680479234385	0.995490630309458	1
chr17:36547463;C|T;Family=13302	-1.07925196811139	0.439333678456949	0.876768606361833	1
chr17:36608546;G|C;Family=14359	-10.1203453006613	2.60997935157707e-15	3.19461472633033e-12	9.58384417899098e-12
chr17:36943831;A|T;Family=13894	0.0925445073371423	0.931752237406335	0.994450336299019	1
chr17:37087183;C|T;Family=12512	0.782893571325525	0.532736788375906	0.913208766660489	1
chr17:37516990;C|T;Family=13881	-0.57410089358655	0.478430810016601	0.893496135409152	1
chr17:37610970;G|A;Family=14691	1.20930438901016	0.145886758728473	0.681871627328097	1
chr17:37687135;C|G;Family=12189	-0.93578257756933	0.402771973580553	0.851946248264857	1
chr17:3812829;G|A;Family=13593	-0.190120909114977	0.852851876928958	0.97926323081958	1
chr17:38403853;C|T;Family=14017	0.689686208508168	0.219075572517285	0.749415042374362	1
chr17:38920410;G|C;Family=11115	0.0817326695869132	0.833112388347169	0.97426391401618	1
chr17:3897556;C|T;Family=12029	-0.0747553030259343	0.880905102480644	0.986719394156308	1
chr17:39065232;G|A;Family=13802	-0.045615123924835	0.96345271723021	0.995490630309458	1
chr17:39532426;C|CA;Family=14127	-0.303326800934603	0.781936455308419	0.962738266916474	1
chr17:40457313;C|T;Family=11456	-0.117353833731637	0.875795860980308	0.985832735233263	1
chr17:40629233;C|T;Family=12378	-0.401389292273911	0.601322735666424	0.927312924067881	1
chr17:40641579;T|TTG;Family=14632	-1.99293171558718	0.0459172422496139	0.452032475980114	1
chr17:40643454;T|C;Family=11714	1.23023202163624	0.200788003176935	0.74196557967373	1
chr17:41117259;GC|G;Family=13893	-0.628162726377808	0.38383386655572	0.842965285880744	1
chr17:41723692;T|C;Family=14360	0.712553967613452	0.0674655764865263	0.532760423351666	1
chr17:4174000;A|G;Family=14350	-0.784252074521806	0.375697626168127	0.842235997232932	1
chr17:42125692;G|A;Family=13681	-1.42764747947561	0.17426703988913	0.716958229977648	1
chr17:42544022;C|T;Family=12070	-0.572719541910567	0.183068650329108	0.721335723303904	1
chr17:42582715;T|C;Family=11118	-1.55892152222983	0.152201093349475	0.68406127561097	1
chr17:42613932;G|A;Family=13992	0.764027161662579	0.370664014381204	0.841210297161793	1
chr17:43049164;C|G;Family=22105	-0.0633714140075278	0.935149678536052	0.994450336299019	1
chr17:43049165;C|A;Family=22105	-0.397197690159502	0.576065071028757	0.927306478133066	1
chr17:43076586;T|C;Family=13973	-0.439854525282759	0.370905213429766	0.841237766345956	1
chr17:44192213;ACT|A;Family=12796	0.952652916169674	0.0110035796622252	0.232213474251097	1
chr17:442839;C|A;Family=13251	1.3108452425783	0.125598151726291	0.646779112457554	1
chr17:44399519;C|T;Family=12250	-1.03611349563585	0.318553032658512	0.816507055200222	1
chr17:44775654;G|A;Family=13956	0.113677019241679	0.901268645635649	0.992634587892546	1
chr17:44781583;G|A;Family=14185	-0.788488537172062	0.461004353334331	0.882319234493495	1
chr17:44903598;T|C;Family=12223	1.8365418936612	0.0362743681705854	0.413662981125434	1
chr17:45024340;G|T;Family=13631	0.347722597145008	0.722818794826307	0.951635014512506	1
chr17:45098660;C|T;Family=11349	-0.00269962467806736	0.994196080725921	0.998517835991355	1
chr17:45150929;TAAAC|T;Family=14028	-0.651078495602616	0.515306148638219	0.911757599787938	1
chr17:46764427;G|C;Family=14351	0.539147134309178	0.428154014898347	0.870220990956183	1
chr17:47120685;AG|A;Family=12786	-0.549685531306523	0.432642442733169	0.874332993789871	1
chr17:47311174;C|T;Family=11106	-0.116798854316521	0.753816770992475	0.957285062236887	1
chr17:47441140;T|C;Family=13287	-0.882013176502279	0.301932243279837	0.805381573484831	1
chr17:47828659;T|C;Family=14065	-1.06813958190864	0.117914696320691	0.626603132980577	1
chr17:47948532;C|A;Family=13872	-1.3898700000886	0.1540910094089	0.685734803119009	1
chr17:48726725;G|A;Family=12184	-0.100320124838205	0.901994389369778	0.992634587892546	1
chr17:4886482;T|C;Family=14522	-0.253112980161953	0.832477547396573	0.974009557208743	1
chr17:48933294;C|T;Family=13852	0.588302546433433	0.479925337523256	0.893845066892595	1
chr17:49173339;A|G;Family=11843	1.703487711225	0.112111924149708	0.61449519194641	1
chr17:49711223;C|T;Family=11654	0.13675292194998	0.859649657220762	0.97967019138905	1
chr17:49718010;C|G;Family=11359	0.547919913712122	0.414917087355243	0.864107602412024	1
chr17:49830597;C|G;Family=14058	1.39296545097348	0.142532061917579	0.677950429224548	1
chr17:50184292;C|T;Family=13195	1.60552254875945	0.0356892085645017	0.410952984795746	1
chr17:50550045;G|A;Family=13842	-1.34092203767456	0.141179153560931	0.67765993709247	1
chr17:5444498;C|A;Family=11414	0.4649401786467	0.531146314856619	0.913208766660489	1
chr17:55162413;G|A;Family=14405	0.498688652694655	0.625650975620983	0.936932915828866	1
chr17:55163759;C|T;Family=13111	-0.150123328012441	0.890844917540983	0.99036710178943	1
chr17:55323951;CATT|C;Family=12605	0.560577561365119	0.584253260490963	0.927306478133066	1
chr17:56595478;T|C;Family=11924	-0.0986429384372141	0.874995197684428	0.985832735233263	1
chr17:57862980;G|T;Family=13748	-0.600347530366531	0.587968672677716	0.927306478133066	1
chr17:58599593;T|C;Family=11107	0.834547297859968	0.284625903333985	0.792377799122361	1
chr17:59015731;C|T;Family=13784	-1.7622041523975	0.154208416055374	0.685734803119009	1
chr17:59119468;AT|A;Family=14247	0.470079562853458	0.368296535463251	0.84051266514671	1
chr17:59399446;A|G;Family=13398	0.194508019174771	0.838972921515548	0.97586857522233	1
chr17:59400046;T|C;Family=11986	-0.745645129094269	0.424572189187969	0.869024012652297	1
chr17:6121900;C|T;Family=14502	-0.356851415441156	0.522284924452881	0.911757599787938	1
chr17:61484112;C|T;Family=14216	0.226335579259823	0.750685638770773	0.956459981112518	1
chr17:61944501;A|T;Family=11414	0.568777970533828	0.212861377916862	0.74399324395962	1
chr17:61945064;A|T;Family=13010	-0.42744961163597	0.692172537807206	0.945469909197862	1
chr17:61945223;G|A;Family=14229	-0.297517759703674	0.541682338617777	0.913855600356234	1
chr17:62692794;G|A;Family=13985	0.0300760813197849	0.980310975786276	0.998517835991355	1
chr17:63697720;G|A;Family=12794	-0.709054017833139	0.51646602626598	0.911757599787938	1
chr17:63831128;C|T;Family=11768	0.571782986380138	0.595482301332055	0.927306478133066	1
chr17:63833991;G|A;Family=11678	0.81023124143459	0.491667687998694	0.900433475287425	1
chr17:63928961;C|T;Family=12902	0.699479826872262	0.486775122964118	0.898360625374558	1
chr17:6454236;C|T;Family=13154	-0.471141360494443	0.637987191533968	0.941942739149472	1
chr17:64594082;T|C;Family=13139	2.1414743160099	0.0486264806908564	0.458981522811008	1
chr17:6685348;G|A;Family=12891	-0.466542837717373	0.647785637776259	0.941942739149472	1
chr17:6685661;C|T;Family=14472	-0.766970517898319	0.288497192274604	0.797111881137957	1
chr17:67032752;G|A;Family=12430	-0.944353693495285	0.329947959415907	0.819658421180037	1
chr17:67338372;T|A;Family=12766	0.14860266483883	0.603871317326668	0.927312924067881	1
chr17:67347395;G|A;Family=11365	-0.673046181258355	0.542398499852143	0.913855600356234	1
chr17:6773804;G|T;Family=13951	1.05444289256192	0.38899440652714	0.848715068786487	1
chr17:6774202;G|T;Family=11359	1.22328676485164	0.274385662093196	0.785915874575832	1
chr17:6787629;C|T;Family=11216	-0.646468519887276	0.304394763107335	0.805381573484831	1
chr17:6798690;A|C;Family=12623	0.474276569898074	0.246900778292195	0.763028641464394	1
chr17:6812943;G|T;Family=12588	-0.227453783229862	0.836105502776193	0.975229691942293	1
chr17:68267884;T|C;Family=13628	0.96561715088376	0.448094689262467	0.877487843305796	1
chr17:68531332;ATGTCC|A;Family=12798	1.731193164925	0.0476609108293617	0.457489198836458	1
chr17:68531339;T|A;Family=12798	-0.609989933364112	0.230279531692632	0.750044584209939	1
chr17:68906046;G|A;Family=13882	-0.0122112857403783	0.992020751999788	0.998517835991355	1
chr17:70178963;C|T;Family=13584	0.861297422155018	0.175117107337665	0.716958229977648	1
chr17:72124442;G|A;Family=11954	-2.69332446092513	0.0237359905559106	0.355749213556342	1
chr17:7221992;C|T;Family=14452	-0.114405123750179	0.877860632540532	0.985832735233263	1
chr17:73283762;C|A;Family=13383	-0.326597644065774	0.317459429070237	0.81623039371706	1
chr17:73334918;GC|G;Family=13531	1.64663095610595	0.0910793149766385	0.57962434071788	1
chr17:73337763;C|T;Family=14609	2.18071281157549	0.00964960192330227	0.2147475046204	1
chr17:7357133;C|A;Family=14236	-0.420076827364082	0.585561292519202	0.927306478133066	1
chr17:742897;C|CT;Family=11258	-0.659212520429461	0.101095452581804	0.599124874033591	1
chr17:7444181;A|T;Family=14658	0.781496845327137	0.14941244174927	0.683866227083353	1
chr17:75165697;C|T;Family=11474	-0.491735109945994	0.480758218575296	0.893845066892595	1
chr17:7577693;C|T;Family=12655	-0.363312580861416	0.700996268991647	0.945469909197862	1
chr17:7577700;C|T;Family=12655	-0.696583508987243	0.378262224872166	0.842235997232932	1
chr17:75777838;A|ATAAAT;Family=12932	-2.70322957988938	0.017941676922172	0.301141713519081	1
chr17:7586403;C|T;Family=13784	1.05048660454824	0.386613015165198	0.846319981926462	1
chr17:76543242;C|T;Family=14432	-0.0635604965625456	0.945374685142943	0.994450336299019	1
chr17:76714842;T|G;Family=11350	1.69451655625094	0.0239061142734477	0.356842486228049	1
chr17:76947974;C|T;Family=14048	-0.389541646346304	0.704999266819136	0.945498149302863	1
chr17:77483029;G|A;Family=14215	-0.579592896129161	0.241468915338044	0.755402202581065	1
chr17:78111987;G|A;Family=11918	-0.162408068294955	0.895580941202339	0.991250445562078	1
chr17:78424093;G|A;Family=11587	-0.562772803339895	0.47029573400813	0.891086653910142	1
chr17:7908710;C|T;Family=12630	0.756565542566566	0.33413120292463	0.820107899861428	1
chr17:79835251;G|A;Family=13234	0.931307621015628	0.444589762382134	0.876768606361833	1
chr17:79933683;G|A;Family=11220	-0.3820601644845	0.531261714065985	0.913208766660489	1
chr17:800033;T|C;Family=11348	1.21431242235338	9.28060079430842e-05	0.00872694573183059	0.340783661167005
chr17:80210139;T|C;Family=14224	-0.391302861029214	0.542334584469569	0.913855600356234	1
chr17:80212028;T|C;Family=14157	-0.697382414015934	0.191416814614341	0.732932787553557	1
chr17:80394450;G|A;Family=14658	-0.784221767317359	0.37052419437691	0.841210297161793	1
chr17:80398303;G|T;Family=11045	0.0459146470210001	0.924048480408474	0.994450336299019	1
chr17:80730645;A|G;Family=14484	-0.227329070319187	0.82607520075495	0.971293031435214	1
chr17:81106117;C|T;Family=11599	-0.976918222053338	0.00452841181328524	0.134209400733961	1
chr17:81312831;C|T;Family=13709	-0.889009796900263	0.36399100490287	0.837806825259366	1
chr17:81511373;C|T;Family=11510	-0.938282069839552	0.407606169775853	0.858216660216131	1
chr17:81540218;G|A;Family=12997	1.90553380212149	0.0402285954218452	0.424086520874864	1
chr17:81558391;C|T;Family=22196	-0.291481147776534	0.722565586621156	0.951635014512506	1
chr17:81562756;T|C;Family=11382	-0.515438641087831	0.321597214529102	0.818367963791311	1
chr17:81843605;C|T;Family=14687	0.164470452349221	0.865189369849607	0.98114395146469	1
chr17:81843632;G|A;Family=14569	-0.311064393229001	0.538931499768873	0.913855600356234	1
chr17:8204924;G|A;Family=11499	-0.0980364407015371	0.884070481147672	0.986719394156308	1
chr17:82058007;G|T;Family=11345	1.24888424487265	0.253787217345	0.769534815929679	1
chr17:82314871;A|G;Family=14364	0.851361302623854	0.460267744031972	0.882319234493495	1
chr17:82324717;C|T;Family=12675	0.774600582077409	0.363507645878163	0.837806825259366	1
chr17:8369111;C|T;Family=11201	-0.609214574729803	0.623072575564904	0.935840807343535	1
chr17:8468015;T|C;Family=11572	0.827842860263063	0.193209338624069	0.735543675109232	1
chr17:9240239;C|T;Family=14544	0.549092189820907	0.647122382754528	0.941942739149472	1
chr17:9241327;C|T;Family=13034	-0.33575611572852	0.328068945718326	0.819658421180037	1
chr17:9241513;C|T;Family=12053	-0.370233155702125	0.685597314120461	0.945469909197862	1
chr17:9612389;C|T;Family=14160	-1.00042427726079	0.399649659714144	0.851660455533044	1
chr18:10485563;C|T;Family=13748	0.656953504607799	0.524906199877914	0.911757599787938	1
chr18:10714782;G|T;Family=13373	0.273677437013102	0.660311660183001	0.944172813369795	1
chr18:21529536;G|A;Family=11225	-1.04189692467109	0.198139687518981	0.741660481722425	1
chr18:24020189;A|G;Family=14315	1.69122367557197	0.110014163477531	0.614178487684874	1
chr18:24132833;C|T;Family=12792	0.2255651728476	0.817604052484911	0.969214356177691	1
chr18:26914607;A|G;Family=11924	0.507296700699558	0.0146979731610846	0.276774140756424	1
chr18:2915670;A|G;Family=14524	0.464109740261457	0.524460448471348	0.911757599787938	1
chr18:3066874;G|A;Family=11563	0.251525839908934	0.786912551308706	0.963502130178582	1
chr18:31414171;T|TA;Family=12694	-1.24253502660733	0.146746261385276	0.682633974185169	1
chr18:31624157;A|G;Family=14189	0.274582131557459	0.569511996432539	0.925616241843662	1
chr18:32129815;AT|A;Family=14201	0.125561458444995	0.905937694743108	0.993609084556958	1
chr18:3498616;C|G;Family=11524	-0.451187279300734	0.6366065520541	0.941942739149472	1
chr18:35140698;C|T;Family=11834	1.17383101160445	0.0224961628165796	0.344306844912886	1
chr18:35334598;A|G;Family=14157	0.32161018171072	0.533361668081681	0.913208766660489	1
chr18:36796092;T|C;Family=13567	2.56755303822449	0.0166118804578276	0.293263581928572	1
chr18:36796660;C|T;Family=13083	0.00870367949020895	0.989013278437061	0.998517835991355	1
chr18:45848704;C|T;Family=12923	-0.168511654574567	0.516647111112731	0.911757599787938	1
chr18:45899442;C|T;Family=11456	-1.37251181962912	0.0101776564247825	0.222454490427388	1
chr18:46668357;C|G;Family=12115	-0.815455577334652	0.171436054222945	0.715377164631145	1
chr18:47115270;C|T;Family=11521	-0.209510143404559	0.840065513692207	0.97586857522233	1
chr18:47206668;A|T;Family=13948	0.366294595090658	0.229903156240934	0.750044584209939	1
chr18:47816216;T|C;Family=13865	-1.30557150757365	0.212371676784985	0.74399324395962	1
chr18:49591399;A|G;Family=11310	-0.074881487974405	0.821408256132377	0.969214356177691	1
chr18:50282491;C|A;Family=13300	0.464120474538655	0.566196555506661	0.92403277858687	1
chr18:50949666;T|C;Family=11201	0.399956937826746	0.209850262899689	0.743076340759554	1
chr18:50952338;T|C;Family=12341	-0.0647440748706573	0.933356855825907	0.994450336299019	1
chr18:51078306;A|G;Family=11277	0.506677083933202	0.304869386477101	0.805381573484831	1
chr18:5398077;G|A;Family=12462	-1.69439917367877	0.0556094392125898	0.498505903047416	1
chr18:5398115;A|G;Family=13884	-0.358864009382436	0.671502832948404	0.944975964713957	1
chr18:54154498;C|A;Family=12210	-0.381900510662532	0.121509779811517	0.633783965153254	1
chr18:54296322;C|T;Family=12210	0.382773601134077	0.689722647405353	0.945469909197862	1
chr18:54297523;G|T;Family=14202	-1.07068355502387	0.16954067395398	0.715377164631145	1
chr18:55261466;C|T;Family=12358	0.259808072281396	0.828406407943232	0.972788081217636	1
chr18:56614458;C|T;Family=11014	-1.70061225290779	0.0342429631033574	0.409577070083154	1
chr18:57028033;C|T;Family=14007	-0.999200130447199	0.401664272889203	0.85194450506384	1
chr18:57028951;G|A;Family=14484	-0.0739683745717831	0.939012071017031	0.994450336299019	1
chr18:57033380;A|G;Family=13207	-0.0293955506245088	0.981042877490761	0.998517835991355	1
chr18:57034521;T|C;Family=11156	-2.7012864657623	0.0164632251591402	0.292043298475184	1
chr18:57035806;A|T;Family=11715	-1.09297390987371	0.396382102600615	0.851660455533044	1
chr18:57149865;C|T;Family=11590	0.0758817100750687	0.943976765784712	0.994450336299019	1
chr18:57487405;G|A;Family=14044	0.0876058434268471	0.858056692505704	0.97967019138905	1
chr18:57487406;G|A;Family=14044	-0.132473130987148	0.877825270283334	0.985832735233263	1
chr18:57606629;T|C;Family=11064	0.579693743840081	0.567456877202273	0.924241731079299	1
chr18:58748284;C|T;Family=13484	0.0687420061142387	0.933621772635197	0.994450336299019	1
chr18:58751043;T|A;Family=11488	-0.225146090412943	0.710963460676036	0.948985033661361	1
chr18:5884848;GT|G;Family=14568	0.821561187390484	0.117145234464181	0.625147502984884	1
chr18:5884859;C|T;Family=14568	-0.321762642943417	0.744605295800018	0.955820254951813	1
chr18:5884860;T|A;Family=14568	-1.85447283437432	0.0831930476826112	0.560816231732374	1
chr18:5889282;A|G;Family=14526	0.381950292087771	0.667488424360113	0.944172813369795	1
chr18:61813756;G|A;Family=13973	2.31433730138802	0.0196437251424139	0.316367362819929	1
chr18:62385817;C|T;Family=13602	-0.349033540309528	0.661930370769326	0.944172813369795	1
chr18:63124075;C|T;Family=12449	0.887077046435545	0.330574466732976	0.819658421180037	1
chr18:63328839;A|G;Family=13891	0.591852118450015	0.383581843800126	0.842965285880744	1
chr18:63805290;G|T;Family=14641	1.74427199767115	0.0142618522336395	0.271344670476291	1
chr18:66501913;C|T;Family=13881	-1.01500999881783	0.250075605119391	0.765231351665337	1
chr18:68675115;T|C;Family=13776	0.443765852617403	0.660087961658716	0.944172813369795	1
chr18:69862004;G|A;Family=12938	0.0361805001207129	0.906238399136964	0.993642102607027	1
chr18:70329846;A|G;Family=12892	0.52108974848929	0.471635471632333	0.892197369958257	1
chr18:74506010;C|T;Family=11353	0.698563990903168	0.491703196041359	0.900433475287425	1
chr18:74521168;T|G;Family=13944	-0.327841222947582	0.657744889948825	0.944172813369795	1
chr18:74522851;G|A;Family=14231	-0.268507535364635	0.648807848778557	0.941942739149472	1
chr18:74920754;T|A;Family=14474	-1.04935485212541	0.38072273666664	0.842235997232932	1
chr18:75417385;C|T;Family=11711	-1.62675831283119	0.108164904609089	0.609327831620619	1
chr18:77013595;G|A;Family=14128	-0.0467901569536482	0.95747561058252	0.994864301657899	1
chr18:79756556;G|C;Family=14041	1.65827711710669	0.176492886971418	0.716958229977648	1
chr18:80158760;G|T;Family=12858	-0.199153810771363	0.805686686371339	0.966639440733287	1
chr18:8809860;A|G;Family=12643	-0.631548287293198	0.489832624445393	0.898548086514677	1
chr18:911279;T|G;Family=13898	0.183909463740195	0.899436994439407	0.992109535470562	1
chr18:9400089;A|G;Family=14590	3.00157448131225	3.85361565486899e-06	0.000589603195194956	0.0141504766846789
chr19:10114668;A|G;Family=14455	-0.936251750148507	0.334559386058453	0.820107899861428	1
chr19:10118718;TG|T;Family=12803	-0.532358178230345	0.56758308921128	0.924241731079299	1
chr19:10143955;C|T;Family=13576	-0.939012343652278	0.40696218576519	0.857844515573926	1
chr19:10154316;G|A;Family=14481	0.113248642482116	0.877623647169265	0.985832735233263	1
chr19:10285641;C|T;Family=13913	-1.12498436595089	0.350065490963478	0.827700558132501	1
chr19:10350591;C|G;Family=13355	-0.0143249423088587	0.988151773148546	0.998517835991355	1
chr19:10690815;G|A;Family=14299	0.985309612792771	0.194513691345261	0.737168705949679	1
chr19:10713003;C|T;Family=14008	-0.476642319718843	0.116162802538095	0.623659721241548	1
chr19:11059881;C|T;Family=13551	0.940745489141824	0.346453188273005	0.827525017275195	1
chr19:11377614;A|T;Family=12210	0.333022490861608	0.616532996929914	0.934727153066327	1
chr19:11378471;G|A;Family=14264	-0.505675002587779	0.672088270077089	0.944975964713957	1
chr19:11466260;T|A;Family=11544	0.232959508148958	0.726426595707373	0.951889294499884	1
chr19:11553400;G|C;Family=11883	0.0619914823494766	0.923035763956368	0.994450336299019	1
chr19:11869154;T|C;Family=11453	-1.79274685929571	0.133207959028185	0.663690129649249	1
chr19:12078532;C|T;Family=13517	1.2454282269997	0.144820228936442	0.681437958446688	1
chr19:12080709;CTG|C;Family=14468	0.266256622314091	0.738494686618057	0.954574236517586	1
chr19:1230053;G|A;Family=11296	0.138301693213541	0.906852883554039	0.994019041316547	1
chr19:12348291;C|T;Family=22161	0.32132754489786	0.769664484088625	0.960984229126855	1
chr19:1258219;G|A;Family=13333	0.349106442028954	0.651183239228475	0.941942739149472	1
chr19:12679459;T|C;Family=14028	-0.0331100093543297	0.969317952612308	0.995500056197723	1
chr19:12700352;G|A;Family=12803	1.7646496786983	0.0300002483588958	0.387162126903305	1
chr19:12924715;G|T;Family=14149	-0.277170913740527	0.737850800612939	0.954574236517586	1
chr19:12948759;C|T;Family=14264	0.546674302312229	0.592805956001016	0.927306478133066	1
chr19:13884982;G|A;Family=12916	-1.12112412250901	0.154536739809163	0.686165548463416	1
chr19:1388885;C|T;Family=11444	-0.258120734234421	0.520513177762617	0.911757599787938	1
chr19:1394448;T|TCCTC;Family=13298	-1.55217760672935	0.065657270720925	0.527788695830335	1
chr19:1472499;C|T;Family=12154	-0.198544631738986	0.824232106897807	0.97068001812981	1
chr19:14793055;G|A;Family=12529	0.500778697702903	0.346809692220987	0.827525017275195	1
chr19:1535410;T|C;Family=11993	-0.439501767998849	0.171291083026921	0.715377164631145	1
chr19:1574146;G|A;Family=13573	0.994213887799941	0.303262322614166	0.805381573484831	1
chr19:16242202;C|T;Family=14107	-0.935047675118138	0.27641253026003	0.786703019840393	1
chr19:16327507;TAAA|T;Family=11348	0.154784151749187	0.74224499120907	0.955010510252421	1
chr19:16550303;G|A;Family=13963	0.485007724338984	0.596411169339365	0.927306478133066	1
chr19:16744472;G|A;Family=11494	-0.865484949299952	0.236646107494273	0.753655253008646	1
chr19:16890067;C|A;Family=11047	-0.627818275822248	0.611181568333533	0.92950812933936	1
chr19:16891891;C|T;Family=12833	-1.90260341847982	0.00641653866484558	0.170735724473282	1
chr19:17213067;G|A;Family=14261	-0.822085371489595	0.205574096867587	0.74196557967373	1
chr19:17219683;C|T;Family=11092	-0.279595754939004	0.801522618573307	0.965036179884676	1
chr19:17323501;G|A;Family=14150	0.523459532197225	0.235903504228906	0.753250145676993	1
chr19:17604526;G|T;Family=11062	0.349558070059936	0.556351802087401	0.919565168703497	1
chr19:17721451;C|T;Family=11622	-0.71826457343103	0.423240679886468	0.868719830376249	1
chr19:17829854;G|A;Family=14116	-0.00472346548552583	0.996394512204232	0.998517835991355	1
chr19:17998453;C|T;Family=13042	-0.670415261429082	0.337341234155705	0.82212312956806	1
chr19:18150377;G|A;Family=14100	-0.0845135318931605	0.792950577333792	0.964463239473231	1
chr19:18208337;G|A;Family=11883	1.05431182632413	0.117300280380334	0.625147502984884	1
chr19:18367064;G|A;Family=13681	-0.242447295511561	0.650800269485922	0.941942739149472	1
chr19:1853494;G|A;Family=12011	-0.489019255982996	0.677485883676554	0.945469909197862	1
chr19:18777792;CTGTT|C;Family=12360	0.57490711513792	0.00128809057313851	0.0598717542349951	1
chr19:18779780;C|T;Family=14080	-0.927318977581242	0.323982805896405	0.819658421180037	1
chr19:1918203;C|T;Family=13076	0.149107943670394	0.877019020106138	0.985832735233263	1
chr19:19279297;C|T;Family=13913	0.587157529668035	0.540682844700755	0.913855600356234	1
chr19:2038196;C|T;Family=14458	-0.245193914676922	0.81672756691917	0.96867688169483	1
chr19:20621313;G|C;Family=12804	-0.235936326024656	0.701121010911844	0.945469909197862	1
chr19:2099397;A|T;Family=13808	-0.65185448221204	0.523722425459318	0.911757599787938	1
chr19:21122952;C|T;Family=13618	0.618267518344592	0.595257431584543	0.927306478133066	1
chr19:21291272;ATAT|A;Family=12299	0.345364434120525	0.251270029647303	0.766835991803081	1
chr19:21397466;GTC|G;Family=11201	-0.783041588769264	0.143765582329048	0.681437958446688	1
chr19:21407616;A|G;Family=13409	-3.05319069583418	0.0117536110964582	0.237731079164654	1
chr19:22391242;ACT|A;Family=11453	0.709535150255505	0.400210416135802	0.851660455533044	1
chr19:23359291;C|T;Family=11399	-0.460417257245482	0.680724424081289	0.945469909197862	1
chr19:2755615;T|A;Family=13001	-0.555617365779823	0.335457133283213	0.820107899861428	1
chr19:2834546;A|G;Family=14147	0.772698680110324	0.500253805492357	0.904434323173208	1
chr19:2881957;T|A;Family=12375	0.347432245112122	0.597443988384949	0.927306478133066	1
chr19:3123668;A|G;Family=11031	2.05528207102222	0.12464599979918	0.643741366051462	1
chr19:31275868;C|T;Family=11472	-0.302955607109982	0.354502880815852	0.831779283294446	1
chr19:3146448;C|G;Family=12206	-0.38312437583357	0.602733582463103	0.927312924067881	1
chr19:3207844;C|T;Family=13654	-0.623653711362428	0.578267095979065	0.927306478133066	1
chr19:32412068;G|T;Family=14303	-0.277590112797912	0.577843446100512	0.927306478133066	1
chr19:32597322;TGTTAA|T;Family=14561	1.91756671744149	0.0324788853425582	0.401477884179835	1
chr19:32597979;T|G;Family=13466	0.229723520174919	0.84947194720148	0.9788483786814	1
chr19:3295674;TC|T;Family=14532	0.614303036154471	0.555768825636631	0.91927167916113	1
chr19:32976941;C|T;Family=11452	-1.36413645988347	0.156152792074291	0.690835003008187	1
chr19:33382215;T|G;Family=12189	-0.000184091390613335	0.999772743397213	0.999772743397213	1
chr19:33387249;G|A;Family=14058	-0.362839063678296	0.727568377230521	0.951889294499884	1
chr19:34353858;A|G;Family=22019	0.0480054291811669	0.969370324203405	0.995500056197723	1
chr19:34505830;G|T;Family=12976	0.260870092998703	0.701345436886722	0.945469909197862	1
chr19:3466720;C|T;Family=12184	0.248172514088392	0.641072582102393	0.941942739149472	1
chr19:3468506;G|A;Family=12163	0.276670843855776	0.763911408042399	0.960854186791555	1
chr19:34685912;T|C;Family=14545	-1.51658039854134	0.110818613991848	0.61449519194641	1
chr19:34743021;A|G;Family=11346	-0.720813151223081	0.431112403547551	0.872200961887938	1
chr19:35066529;CT|C;Family=13381	-0.181307521336647	0.839966285166094	0.97586857522233	1
chr19:35121615;C|T;Family=11888	-0.54169704011544	0.122359612771103	0.637311344816296	1
chr19:36103510;A|ATATC;Family=12552	-2.21466382730739	0.0285116770895395	0.377964154651389	1
chr19:36511520;G|A;Family=13265	0.0900015730594611	0.917441474113215	0.994450336299019	1
chr19:36632666;C|T;Family=14469	0.815226176539385	0.377394541233784	0.842235997232932	1
chr19:36979879;G|A;Family=13805	-0.164776621288327	0.646782864996538	0.941942739149472	1
chr19:37470333;G|A;Family=11193	0.964609838085513	0.396786023991232	0.851660455533044	1
chr19:37668818;A|G;Family=14058	-0.9314383211384	0.44739249643295	0.877487843305796	1
chr19:38211798;C|T;Family=13159	-0.685243358779746	0.498522654970437	0.904289889214735	1
chr19:38330214;C|A;Family=12111	2.27370309983786	0.0127244126389901	0.251204533389095	1
chr19:38365061;G|A;Family=13293	-0.0553307105215521	0.945652390118033	0.994450336299019	1
chr19:38396241;C|T;Family=11508	0.132772797749687	0.901671127412843	0.992634587892546	1
chr19:39178674;C|T;Family=13266	-0.309095025207481	0.759305760657119	0.959123066093203	1
chr19:39179269;A|G;Family=12694	-1.45693045152246	0.123535341460013	0.640708720114644	1
chr19:39201012;G|T;Family=13266	-0.442894477170167	0.139135082390887	0.671358768120023	1
chr19:39328516;A|G;Family=11895	0.534477823845817	0.579287175495403	0.927306478133066	1
chr19:39398321;G|A;Family=22017	-0.443955597892631	0.588698756449308	0.927306478133066	1
chr19:39520183;C|T;Family=22288	1.37367292459064	0.0650592788259766	0.527630990763609	1
chr19:40030601;C|T;Family=12121	0.483762009727004	0.487043320873527	0.898360625374558	1
chr19:40234708;G|A;Family=12764	-0.92968194137287	0.268342326905505	0.777273250633651	1
chr19:4038153;C|T;Family=13602	0.0336839662053115	0.966231796790441	0.995500056197723	1
chr19:40394770;C|T;Family=12853	-0.00655728122312475	0.993589914388217	0.998517835991355	1
chr19:4047049;C|T;Family=11250	-0.358748996020197	0.359678256672304	0.834326316172269	1
chr19:40557132;C|T;Family=11678	-0.949776521845229	0.40946139572752	0.860847436473998	1
chr19:40605167;C|G;Family=13152	-2.11367191308517	0.0568079771056689	0.498624262897071	1
chr19:40691570;C|A;Family=13346	-2.62216378506308	0.0328050144822352	0.402876298256748	1
chr19:40765253;C|T;Family=11724	-1.30473830730686	0.0387064772409724	0.420459639763188	1
chr19:40898180;G|A;Family=14363	0.0969288288278262	0.938412057642664	0.994450336299019	1
chr19:41294573;C|T;Family=12462	-0.332867484690618	0.738322283050311	0.954574236517586	1
chr19:41424943;G|A;Family=13040	-2.09526302375792	0.0115743741586091	0.237731079164654	1
chr19:42042637;C|T;Family=14452	1.08812518528777	0.307510187711585	0.806555292340672	1
chr19:42042700;C|T;Family=13628	0.0768494436733361	0.940024919288465	0.994450336299019	1
chr19:42059505;C|A;Family=11301	-0.909475902854687	0.379656977878442	0.842235997232932	1
chr19:43496094;G|A;Family=11154	0.0761564267731462	0.942089300677006	0.994450336299019	1
chr19:43496423;G|A;Family=14153	1.96547066758647	0.121220148312287	0.633172666575701	1
chr19:4360558;G|A;Family=11935	0.718090800536218	0.400549457163825	0.851660455533044	1
chr19:4361009;C|T;Family=11083	2.51558479787403	0.0150218346117514	0.278586750981571	1
chr19:44133777;G|A;Family=14357	-0.647103232382043	0.329960361168831	0.819658421180037	1
chr19:44158856;C|T;Family=12938	-0.534477954156858	0.142173097649405	0.677950429224548	1
chr19:44428981;G|A;Family=13722	0.0432725143209337	0.955882550849286	0.99454911051999	1
chr19:44662215;A|G;Family=12498	1.01260701999317	0.297199310443132	0.803939996492926	1
chr19:44662421;A|G;Family=13118	0.157614950542706	0.396320347118589	0.851660455533044	1
chr19:44819769;C|T;Family=12390	-1.01271664489717	0.315623725857923	0.815988813902643	1
chr19:44903002;C|T;Family=11723	0.0580388463977832	0.935512474097031	0.994450336299019	1
chr19:4502335;G|A;Family=14427	0.0583422586970939	0.923123568187044	0.994450336299019	1
chr19:45350309;C|T;Family=13572	0.0271531997919031	0.98079613161031	0.998517835991355	1
chr19:45485605;G|A;Family=14221	0.382412467224559	0.707822124761509	0.946857137385887	1
chr19:45526843;G|A;Family=12231	-0.892849214241761	0.366008810461694	0.838941543080738	1
chr19:45553149;A|G;Family=14503	1.06162753905197	0.217693776008943	0.749415042374362	1
chr19:45553435;G|A;Family=13466	-0.520799075302506	0.621385953267991	0.935840807343535	1
chr19:45626789;A|G;Family=14125	-0.77563217011712	0.341941514736002	0.826058711914868	1
chr19:45873286;A|T;Family=14453	0.523714921649344	0.521510368715834	0.911757599787938	1
chr19:4675897;G|A;Family=11545	-0.10312777879102	0.881554424007822	0.986719394156308	1
chr19:4676194;C|G;Family=11963	-1.59530009796583	0.136252305258095	0.67066818352242	1
chr19:47065223;A|G;Family=11172	-0.405850624743495	0.372501522603672	0.842235997232932	1
chr19:47065629;T|C;Family=11264	-1.38601503287315	0.0426095824305324	0.437045772862891	1
chr19:47342993;T|C;Family=12036	0.366754478529281	0.646459720701201	0.941942739149472	1
chr19:4797792;T|A;Family=11947	0.496672685449222	0.404038890579517	0.85413402775359	1
chr19:4798670;G|A;Family=12301	-1.90683812145625	0.0463225045277096	0.453589964335333	1
chr19:4801249;G|A;Family=12695	-0.54101986702803	0.638365634989484	0.941942739149472	1
chr19:48382990;A|G;Family=14338	0.463393279599933	0.539984830355871	0.913855600356234	1
chr19:48481022;C|A;Family=12341	1.61890093492562	0.144457863222249	0.681437958446688	1
chr19:49068615;T|TATC;Family=14095	-2.28222127318247	0.0158343093734977	0.283627239119432	1
chr19:49150245;C|T;Family=12415	1.48525673415629	0.137508768913682	0.671312840305193	1
chr19:49521773;G|A;Family=14470	1.90427473904843	0.0558128879826073	0.498505903047416	1
chr19:49865263;C|G;Family=14103	1.99012930021255	0.0572342399014021	0.499013215182471	1
chr19:50048609;C|T;Family=11390	0.980501471763727	0.132604352124581	0.66338308038346	1
chr19:50292334;G|A;Family=13968	0.883254043379083	0.176075471849606	0.716958229977648	1
chr19:50430640;G|A;Family=11928	-0.281658551650205	0.775994909134934	0.960984229126855	1
chr19:50480191;C|T;Family=11325	-0.0640423342402093	0.933092197370767	0.994450336299019	1
chr19:50624899;C|T;Family=14498	-0.845692522970028	0.0624450408698187	0.519490735827144	1
chr19:50820232;C|T;Family=14232	-0.333745472272692	0.599988817731344	0.927306478133066	1
chr19:50977229;G|A;Family=22349	0.543511190120019	0.681776870066633	0.945469909197862	1
chr19:519440;G|A;Family=13808	-1.41689331069934	0.0135886548525852	0.261243668160696	1
chr19:51993635;C|T;Family=12447	-1.1413421845626	0.283301990955417	0.791839078405854	1
chr19:52291570;A|G;Family=13301	0.854348953127014	0.412374067152538	0.86372327423505	1
chr19:52294516;G|A;Family=12707	-0.00125178840811661	0.998435000543061	0.99925138239142	1
chr19:52321837;T|G;Family=14113	0.167039739700769	0.883481600656919	0.986719394156308	1
chr19:52839554;G|C;Family=12308	0.0854598569992007	0.916971914089748	0.994450336299019	1
chr19:52839774;A|G;Family=12382	-0.139066532746713	0.900500639632682	0.992634587892546	1
chr19:53050896;G|A;Family=12550	-2.0291241207974	0.0754002672852007	0.551342519417427	1
chr19:53875413;T|C;Family=12804	1.50421839159771	0.0272400642876585	0.373229537553291	1
chr19:53987427;G|A;Family=12377	1.72653556627056	0.0179602492539975	0.301141713519081	1
chr19:54095620;G|C;Family=13015	-0.147511741502671	0.626106728635489	0.936932915828866	1
chr19:54459074;C|T;Family=11420	0.669189393443053	0.0117502080727604	0.237731079164654	1
chr19:54459097;T|C;Family=14153	-0.359078238469214	0.205048082085643	0.74196557967373	1
chr19:54994369;A|G;Family=13738	1.19852268142849	0.0750894517952951	0.551342519417427	1
chr19:5559309;G|A;Family=12864	0.935053861116181	0.343371634335163	0.827336378791809	1
chr19:55702673;C|T;Family=14188	-0.513902388837196	0.49324395929155	0.900433475287425	1
chr19:5587029;G|A;Family=11569	-1.08019732567502	0.194408537634557	0.737168705949679	1
chr19:5612196;G|A;Family=14482	-0.644197303535678	0.362113870651758	0.836804363142389	1
chr19:5657345;T|C;Family=11303	0.145572183999879	0.640026451350928	0.941942739149472	1
chr19:57218288;C|T;Family=14385	0.0603092076040336	0.912108409160872	0.994450336299019	1
chr19:57219010;A|G;Family=13546	-0.039199653565615	0.96223940860258	0.995490630309458	1
chr19:57220445;A|C;Family=13644	1.7643563773024	0.0742487390531993	0.548574184714986	1
chr19:57542734;C|T;Family=13996	0.0773220254500673	0.790817531094393	0.964104241095156	1
chr19:57862221;T|C;Family=12565	0.194891398088786	0.776422530965868	0.960984229126855	1
chr19:58340391;G|C;Family=12134	-0.266990936520694	0.764194289397931	0.960854186791555	1
chr19:58498453;C|A;Family=12867	-0.119078885642775	0.904155749873379	0.993609084556958	1
chr19:58555781;G|C;Family=13601	0.239261977038844	0.44749480740424	0.877487843305796	1
chr19:6212463;T|C;Family=11625	0.648963150049635	0.517505862037796	0.911757599787938	1
chr19:643682;C|T;Family=12770	0.886586237778206	0.501598098631635	0.904650401854304	1
chr19:7112336;C|CA;Family=13028	0.16813492465277	0.846446568406851	0.9788483786814	1
chr19:7643024;G|T;Family=14452	0.575621771314222	0.594899891696182	0.927306478133066	1
chr19:831970;C|G;Family=13093	-0.971768660800664	0.402307127391258	0.85194450506384	1
chr19:8374252;C|G;Family=12662	-0.229295608951221	0.372727070962327	0.842235997232932	1
chr19:8580323;G|C;Family=11892	-0.43386460486424	0.672138841663013	0.944975964713957	1
chr19:9412868;C|T;Family=12409	0.223164718865509	0.772094648720621	0.960984229126855	1
chr19:9647926;A|G;Family=11723	1.93418660218318	0.0433231401265223	0.440671940566731	1
chr19:9810940;T|C;Family=14623	0.681858562841462	0.319309403939956	0.816507055200222	1
chr19:9848601;G|A;Family=11324	1.07113580716933	0.354174941625691	0.8315411672951	1
chr2:100280585;C|T;Family=11810	0.596739021769713	0.530462436308966	0.913208766660489	1
chr2:10057444;C|T;Family=13984	-0.502630881643064	0.584276588551601	0.927306478133066	1
chr2:101397685;C|T;Family=12641	0.698710661982902	0.623154758587417	0.935840807343535	1
chr2:102344264;C|T;Family=12679	-0.889799008348455	0.359292201362962	0.834326316172269	1
chr2:102533057;A|G;Family=13634	2.05186009597592	0.0317723469183153	0.399189704280324	1
chr2:102716264;C|A;Family=11615	-0.788784514995173	0.0269114106697882	0.371548293179989	1
chr2:102717597;C|A;Family=12681	-0.022333459155635	0.972200954039002	0.997076071251296	1
chr2:105266592;G|A;Family=22027	0.653557422596797	0.433448891728787	0.874388547630448	1
chr2:106093641;G|A;Family=12289	0.18038665096748	0.866700840183913	0.98193894350827	1
chr2:106093764;TA|T;Family=14157	0.570896583220765	0.412508937990272	0.86372327423505	1
chr2:106805473;G|A;Family=11051	0.203377053256858	0.754139899807297	0.957285062236887	1
chr2:108785373;A|G;Family=11077	-0.474400960956737	0.692222400435495	0.945469909197862	1
chr2:108894943;A|C;Family=12313	-2.07009496068482	0.059610652364598	0.509360951860701	1
chr2:109502878;TTTC|T;Family=13542	-0.191300670574501	0.786108989201315	0.963316914580686	1
chr2:112215489;A|AAAAT;Family=13858	-0.500320986328986	0.612293914295892	0.93060565119806	1
chr2:112333897;G|A;Family=12597	0.471269110883773	0.454812359376279	0.881141012046277	1
chr2:112533293;G|T;Family=14026	0.015773613894155	0.956910452122205	0.99455849991303	1
chr2:112536119;A|G;Family=13619	1.84418632627672	0.00578136245813379	0.16205467897914	1
chr2:112573587;G|A;Family=11276	-1.19860208453026	0.212936052331067	0.74399324395962	1
chr2:112588364;TAC|T;Family=13064	0.390560396574555	0.705050885349768	0.945498149302863	1
chr2:113027836;C|A;Family=11545	-0.512782821716304	0.572248900536246	0.926498219915827	1
chr2:113206331;G|A;Family=14375	-1.42580150408278	0.112121944064296	0.61449519194641	1
chr2:113216257;C|T;Family=11933	-0.845681694164295	0.290997707112511	0.79889773593665	1
chr2:113742122;T|C;Family=12766	1.04082861822473	0.294345097274104	0.802778890453702	1
chr2:113959963;A|G;Family=13736	-2.15018064052686	0.0718131735286541	0.542976642051296	1
chr2:120104264;G|A;Family=12637	1.00678738100765	0.223332036263095	0.749415042374362	1
chr2:120984534;A|T;Family=13071	0.711240199551812	0.304443499549244	0.805381573484831	1
chr2:120989430;G|A;Family=13097	0.344056448960409	0.51430383871273	0.911757599787938	1
chr2:121221318;C|T;Family=11266	-1.11585270302521	0.151027861471978	0.683866227083353	1
chr2:127048247;C|T;Family=13988	-0.831137039119348	0.471887724005543	0.892197369958257	1
chr2:127701340;G|C;Family=14613	1.27008967729601	0.0149830746257617	0.278586750981571	1
chr2:128172585;T|C;Family=22026	-0.42939824779664	0.263050972337998	0.776380993958328	1
chr2:128190451;CTT|C;Family=14623	-0.355748678911049	0.683366970067963	0.945469909197862	1
chr2:128190905;G|A;Family=12722	-0.119931340055868	0.912351719392829	0.994450336299019	1
chr2:131049416;G|A;Family=11883	0.552931827312156	0.422224769419968	0.868719830376249	1
chr2:131147540;T|C;Family=13916	0.264905121820386	0.769080977134268	0.960984229126855	1
chr2:134956020;T|C;Family=12052	0.350873437833087	0.118257017831323	0.627514117740779	1
chr2:135224442;A|G;Family=14570	-0.126921547180831	0.623077019648009	0.935840807343535	1
chr2:135839883;C|T;Family=11031	-0.598716367035346	0.484564018963522	0.89638240686854	1
chr2:143049382;C|T;Family=14411	0.978243828460137	0.206735272763598	0.74196557967373	1
chr2:143050341;C|T;Family=13592	-0.876839401847142	0.39266659541537	0.851660455533044	1
chr2:143053230;A|G;Family=12989	0.0625560950497647	0.893119847157153	0.990847555552967	1
chr2:143939613;TTTC|T;Family=13881	-0.286018405942486	0.7488007497571	0.956459981112518	1
chr2:144388926;T|C;Family=12001	-0.535529918015121	0.368672849740555	0.840848884625664	1
chr2:144462320;T|C;Family=13211	0.557564723639363	0.661376484935567	0.944172813369795	1
chr2:147928575;A|ATAAC;Family=11307	-0.882853737863155	0.124174442823305	0.642209231052363	1
chr2:148471094;A|T;Family=14363	1.18102743052639	0.230135950302652	0.750044584209939	1
chr2:151482061;CTT|C;Family=14617	-0.462075523494788	0.195450555451312	0.737497602441517	1
chr2:152654408;T|C;Family=11336	0.660105604282525	0.267727027258351	0.777273250633651	1
chr2:152656191;C|CT;Family=12499	-1.02563769156195	0.0901629426930866	0.578287426017872	1
chr2:154857794;T|A;Family=14449	-0.60998374413817	0.30376285020943	0.805381573484831	1
chr2:157312188;A|G;Family=13988	0.13638398423503	0.883537104307118	0.986719394156308	1
chr2:158338688;G|A;Family=13148	0.495895133926271	0.575822020661536	0.927306478133066	1
chr2:158625346;G|C;Family=12162	0.342143335309585	0.759190630345216	0.959123066093203	1
chr2:159771089;G|A;Family=13924	0.369861117718219	0.753806793042509	0.957285062236887	1
chr2:159946682;A|C;Family=13918	0.144620317256923	0.849561487706324	0.9788483786814	1
chr2:160101510;T|C;Family=12788	0.19281588202654	0.85320888344799	0.97926323081958	1
chr2:161983203;AG|A;Family=14644	-0.0510941792426661	0.965004525357323	0.995500056197723	1
chr2:162008566;G|T;Family=13579	0.286018197633891	0.52094966598501	0.911757599787938	1
chr2:162008659;T|C;Family=13409	1.2016810660108	0.119849027083052	0.631751817476925	1
chr2:163606073;T|C;Family=12091	-0.853722045638263	0.33189730174875	0.819658421180037	1
chr2:163607844;T|C;Family=11285	-0.139680855721287	0.686894583088392	0.945469909197862	1
chr2:165094381;C|T;Family=14595	-0.821590610491923	0.535970655035784	0.913208766660489	1
chr2:165344801;C|T;Family=14280	1.32585828734311	0.139406740251357	0.671786811290003	1
chr2:165344869;C|A;Family=11892	-0.973550068565681	0.218711472018104	0.749415042374362	1
chr2:165354309;G|T;Family=11114	0.0746284574620596	0.936525419105347	0.994450336299019	1
chr2:165374868;T|C;Family=13544	0.459779707482211	0.702665409096123	0.945469909197862	1
chr2:165989378;A|G;Family=13752	0.682217799874258	0.0210321778862303	0.330043406830076	1
chr2:165989790;AAAAAT|A;Family=14514	0.71511265532926	0.497447741992675	0.903823903313757	1
chr2:165991496;T|C;Family=12340	-0.216924233864915	0.816408108091019	0.968610847466953	1
chr2:165991561;G|A;Family=12499	0.463077561701108	0.693522860427369	0.945469909197862	1
chr2:165998144;A|C;Family=13891	-0.949778821004713	0.226697755165697	0.749415042374362	1
chr2:166198309;C|T;Family=12449	-1.97287354484366	0.0662703796638727	0.527788695830335	1
chr2:168774857;TG|T;Family=12748	0.449144033560537	0.360668817510203	0.834669666464571	1
chr2:168923786;G|A;Family=11251	0.715131493442716	0.494123596263442	0.90081720244608	1
chr2:170847738;G|A;Family=12630	0.319396945596179	0.683919834115387	0.945469909197862	1
chr2:170991658;G|GATCT;Family=12626	-0.13328844630723	0.832629629650938	0.974009557208743	1
chr2:170992470;C|A;Family=13403	0.862322622306212	0.398926909571384	0.851660455533044	1
chr2:171319581;C|T;Family=11187	0.573342527681346	0.331125715381216	0.819658421180037	1
chr2:171555749;G|A;Family=12396	0.540676296732585	0.301538257535248	0.805381573484831	1
chr2:172081770;G|T;Family=11480	0.050850300132517	0.943181382747261	0.994450336299019	1
chr2:172100315;A|G;Family=13051	-1.70188888193672	0.0657129015605516	0.527788695830335	1
chr2:172504612;A|C;Family=11172	0.215408024996854	0.756606577162762	0.957285062236887	1
chr2:172600469;C|T;Family=13508	0.923289837991162	0.0807394103146934	0.559594821307933	1
chr2:172603764;C|T;Family=13556	0.444569218780965	0.562800975115516	0.922601710401907	1
chr2:175925325;G|C;Family=14093	-1.66862728566413	0.0815313805554859	0.559594821307933	1
chr2:176124206;G|A;Family=13709	-1.27540035834228	0.109208857543994	0.612603670947204	1
chr2:177615973;G|C;Family=13531	1.3697225201599	0.0177814127599423	0.301141713519081	1
chr2:177629027;A|T;Family=12925	-0.515111833180556	0.338855935322342	0.824626306319104	1
chr2:178136552;C|T;Family=22105	0.0846178820017561	0.946854894098467	0.994450336299019	1
chr2:178137904;G|C;Family=14468	1.23077083478846	0.266526789705583	0.777273250633651	1
chr2:178402055;T|G;Family=12867	1.54270927172598	0.226173110288204	0.749415042374362	1
chr2:178402563;A|G;Family=11198	0.627876168933834	0.525502834830864	0.911931195415374	1
chr2:178873393;A|G;Family=14017	1.86970749277522	0.00109803846934567	0.0546062818403016	1
chr2:178874946;T|A;Family=14226	0.593812082607051	0.301228611543085	0.805381573484831	1
chr2:178875519;C|T;Family=14406	1.55164065337724	0.127587560549127	0.650904079091735	1
chr2:182142011;G|C;Family=11552	2.0763024074964	0.0824059204213426	0.560816231732374	1
chr2:182142017;C|T;Family=12316	-0.0174211074310949	0.988046543527376	0.998517835991355	1
chr2:182780190;C|T;Family=13787	-0.0723822819043619	0.947295614941142	0.994450336299019	1
chr2:182782843;T|C;Family=13947	-0.933853968054083	0.205522804539765	0.74196557967373	1
chr2:182788544;T|C;Family=11030	0.384538588028203	0.673248720284386	0.944975964713957	1
chr2:182791335;T|C;Family=13981	-0.320860734047089	0.501253402414337	0.904650401854304	1
chr2:185761040;GA|G;Family=12598	1.69909060748037	0.132114621176123	0.661834773477115	1
chr2:186679617;A|G;Family=13214	1.09611588135563	0.359458894263756	0.834326316172269	1
chr2:189034022;C|T;Family=14085	3.7180597367325	0.000166450068162356	0.0127334302144202	0.611204650292171
chr2:189458825;G|A;Family=12184	0.753664671298446	0.509885666776902	0.911041351988275	1
chr2:189775364;T|G;Family=12833	1.74669933843152	0.0983209746058302	0.59646706722127	1
chr2:189854023;A|C;Family=12227	-0.36120783163915	0.749697084770337	0.956459981112518	1
chr2:189864171;T|C;Family=11441	-1.26693461728448	0.208176785567572	0.74196557967373	1
chr2:190202057;T|C;Family=14031	-0.488801811673409	0.128605818134191	0.653168138573649	1
chr2:190204763;A|G;Family=14470	0.734370031795736	0.361333968396035	0.835527916845239	1
chr2:191692786;C|G;Family=12420	-0.230856826740355	0.696569316537692	0.945469909197862	1
chr2:196135862;A|C;Family=14564	-1.31857235662372	0.0946068752013606	0.586747787489526	1
chr2:197392121;C|T;Family=12686	-0.946596876388667	0.0755243157045114	0.551342519417427	1
chr2:197551264;G|A;Family=13154	-0.32107365266192	0.735835020844902	0.953091591243479	1
chr2:197708200;T|C;Family=12648	0.75133886776628	0.0370050893443177	0.419275422709254	1
chr2:199933186;G|A;Family=12843	2.00579955559272	0.0507726750532931	0.471993070368841	1
chr2:200489752;G|C;Family=12314	-0.255371446277969	0.761064228648253	0.960649585891211	1
chr2:201163531;C|T;Family=12401	0.157751879293457	0.883124248561002	0.986719394156308	1
chr2:201623884;G|A;Family=13574	-0.267471455281677	0.750250838572568	0.956459981112518	1
chr2:201889137;A|C;Family=11164	-0.186939350579013	0.780153069132139	0.962284873984956	1
chr2:202962073;T|C;Family=13741	-0.868752153104067	0.327696886802345	0.819658421180037	1
chr2:203402659;C|T;Family=13471	1.56841993788735	0.152237930636547	0.68406127561097	1
chr2:203431051;G|GA;Family=12388	-0.514647315525624	0.383283457862912	0.842965285880744	1
chr2:20618580;G|A;Family=13624	0.999985348481034	0.322034809736036	0.818914003705488	1
chr2:206619891;G|A;Family=14540	-0.883048497208034	0.225623254560345	0.749415042374362	1
chr2:207601814;G|C;Family=12478	0.796613907815421	0.306099710702344	0.805753381131891	1
chr2:207763431;C|T;Family=14598	0.194363851897744	0.679512053843184	0.945469909197862	1
chr2:208285776;C|T;Family=11679	0.913949818092586	0.350961266070889	0.827700558132501	1
chr2:21024411;A|G;Family=14214	1.03547534333313	0.277121900858402	0.786703019840393	1
chr2:210678792;A|G;Family=14058	-0.5993585354544	0.397871238920185	0.851660455533044	1
chr2:211382007;C|G;Family=13929	-0.400505657292716	0.681534567099255	0.945469909197862	1
chr2:213930055;G|A;Family=12430	0.0555333952865644	0.950523178588729	0.994490996964741	1
chr2:215346766;G|A;Family=14303	0.674852788446979	0.551966758408159	0.918315545916195	1
chr2:215346790;G|A;Family=11657	0.00251406405749129	0.990789619457922	0.998517835991355	1
chr2:216501655;C|T;Family=13869	1.30639189854639	0.220929791615363	0.749415042374362	1
chr2:217801751;T|C;Family=11571	1.22456833496627	0.182851278152237	0.721335723303904	1
chr2:218234999;G|A;Family=12716	1.32810185575122	0.257522271369579	0.774612976687764	1
chr2:219163441;A|G;Family=12367	0.84785286623073	0.177091806805481	0.716958229977648	1
chr2:219180733;A|T;Family=12469	0.699645079284609	0.376232624216541	0.842235997232932	1
chr2:219216033;G|A;Family=14124	0.240537838906824	0.815132619101385	0.968610847466953	1
chr2:219506756;CAAG|C;Family=13197	2.25797647810235	0.051918226513715	0.479004341101411	1
chr2:221420166;A|G;Family=14653	0.614361753360828	0.371224859069507	0.841443013890882	1
chr2:224473722;C|T;Family=14303	0.309247708188513	0.714857161474682	0.949350993466557	1
chr2:224807721;G|A;Family=13843	-0.797779672583415	0.00293728933998451	0.108946731883062	1
chr2:226732343;G|A;Family=12636	-1.6407091050056	0.0563601049463876	0.498624262897071	1
chr2:226995818;G|A;Family=11264	1.04824041379482	0.370348549664321	0.841210297161793	1
chr2:227981684;G|T;Family=11981	-0.89822054870605	0.439772237079363	0.876768606361833	1
chr2:230907364;C|T;Family=14147	0.439048649652381	0.48811792010125	0.898430577750271	1
chr2:231372229;C|T;Family=12444	0.106911705934007	0.926835729476219	0.994450336299019	1
chr2:232238540;C|A;Family=11625	-0.604743041781596	0.449845310434358	0.879034063888941	1
chr2:232260352;C|T;Family=13041	0.559211854933156	0.585010358042318	0.927306478133066	1
chr2:232263310;C|T;Family=11012	-1.35879404006055	0.202399759639811	0.74196557967373	1
chr2:232336039;G|A;Family=13722	-0.0777393972274747	0.934901528611783	0.994450336299019	1
chr2:232531616;G|A;Family=11729	-0.660296478329436	0.137845828319748	0.671312840305193	1
chr2:232858311;A|G;Family=12289	0.760975498371796	0.136905596073725	0.671312840305193	1
chr2:233519539;T|C;Family=11597	-0.668226445619226	0.233565247592848	0.750044584209939	1
chr2:234494895;A|C;Family=14620	-0.487145463016566	0.347903506813671	0.827525017275195	1
chr2:235055422;G|A;Family=12638	0.00276480579936399	0.998125493139842	0.999213961507497	1
chr2:236120386;G|A;Family=11000	1.44623937448323	0.23351360667528	0.750044584209939	1
chr2:236124576;C|T;Family=13611	-0.687256438867922	0.360004234399945	0.834555270654418	1
chr2:237088619;A|G;Family=14632	0.501426382626984	0.349291742347229	0.827700558132501	1
chr2:238099394;T|C;Family=12724	4.53415881974398	0.000183948131798268	0.0137848477543519	0.675457539963241
chr2:238152501;TG|T;Family=11540	0.829431833800533	0.427842555805835	0.870220990956183	1
chr2:239050745;C|T;Family=13272	-1.56664005395708	0.0828914171883612	0.560816231732374	1
chr2:240482185;C|G;Family=11946	0.363258175546019	0.472815167582548	0.892197369958257	1
chr2:240520532;G|A;Family=13398	-0.389665521788027	0.726237865434074	0.951889294499884	1
chr2:241183251;C|T;Family=14202	-0.320949526508853	0.401591087172439	0.85194450506384	1
chr2:241353409;A|C;Family=13564	-0.533088360723973	0.503091628174873	0.906898605134087	1
chr2:241445606;C|T;Family=13385	0.65848846353782	0.124078508050727	0.642209231052363	1
chr2:241749408;G|A;Family=14576	0.351098730913937	0.611318663495249	0.92950812933936	1
chr2:241749817;C|T;Family=14146	0.108312195777473	0.904442683446248	0.993609084556958	1
chr2:241755178;C|T;Family=13136	-0.381936723989438	0.733257182600862	0.951889294499884	1
chr2:24175802;G|T;Family=13930	0.862229823048733	0.523206175818521	0.911757599787938	1
chr2:241850685;G|A;Family=13309	0.297577304403935	0.702122268841216	0.945469909197862	1
chr2:24789958;C|T;Family=11800	-0.52941426666488	0.632032962127054	0.941582911078405	1
chr2:25145559;G|A;Family=14386	-1.22420669351437	0.322288468054572	0.818991871762206	1
chr2:25156660;C|T;Family=11353	0.536748490558049	0.423149639588279	0.868719830376249	1
chr2:25157831;T|C;Family=13513	-0.259735484599703	0.344477944099329	0.827348182979837	1
chr2:25230242;G|A;Family=11715	-0.19971976939678	0.785674353744618	0.963316914580686	1
chr2:25230513;GA|G;Family=14027	-0.205589733031811	0.810150090523635	0.967437766635053	1
chr2:25234307;G|A;Family=14336	-0.20970370293234	0.788676774863238	0.964082144314357	1
chr2:26730402;C|T;Family=14100	-0.0292184773607053	0.916600669823423	0.994450336299019	1
chr2:26732705;C|G;Family=11246	0.376848586196568	0.740500661666039	0.954919483272623	1
chr2:26947441;G|A;Family=11056	-0.245589745128831	0.816249220059817	0.968610847466953	1
chr2:27136929;G|A;Family=14192	0.224906621023174	0.819725885902274	0.969214356177691	1
chr2:27243927;C|T;Family=11931	-0.247505339218395	0.602202751840336	0.927312924067881	1
chr2:279906;C|T;Family=13932	-0.717403601686307	0.510731782923101	0.911276533961918	1
chr2:28415715;T|C;Family=13946	0.161736676503696	0.836328513051819	0.975229691942293	1
chr2:28416444;CCTCT|C;Family=13843	0.292095313196532	0.698438042447443	0.945469909197862	1
chr2:28643133;C|T;Family=12281	-0.0429903554905319	0.954868741431381	0.99454911051999	1
chr2:30159423;C|T;Family=14652	-0.109647191432003	0.744386417783523	0.955820254951813	1
chr2:31267680;A|C;Family=12850	1.00418163277848	0.0836082197869667	0.561260298094592	1
chr2:32089567;C|G;Family=14480	-0.902913376709968	0.166097076207395	0.70919588817855	1
chr2:32220466;C|G;Family=13805	-0.358884470398669	0.685400214962475	0.945469909197862	1
chr2:32307549;T|C;Family=11869	-0.811442851420179	0.163085517955252	0.705384425262945	1
chr2:32312264;G|A;Family=11981	-0.0137800024359321	0.986710636228331	0.998517835991355	1
chr2:3550465;G|A;Family=12964	-0.528930963267976	0.675755860222484	0.945469909197862	1
chr2:3644481;TA|T;Family=14522	0.18237390016035	0.806322605382913	0.966639440733287	1
chr2:36549682;A|G;Family=13954	-0.0604553611861704	0.957774118683018	0.994892945913449	1
chr2:36759377;G|T;Family=22105	-2.06790069223229	0.0612110103021561	0.512652217529188	1
chr2:37251942;A|C;Family=13905	0.370750858598421	0.750376811469938	0.956459981112518	1
chr2:38734005;C|T;Family=11773	0.459998748749778	0.587713545107347	0.927306478133066	1
chr2:38974699;T|C;Family=14680	0.25566516230099	0.779711190851539	0.962128318063079	1
chr2:40104941;G|T;Family=11869	-0.447764491752054	0.692055088726138	0.945469909197862	1
chr2:40110232;G|A;Family=13393	1.43383023263749	0.144011020214309	0.681437958446688	1
chr2:40110784;A|G;Family=13629	-0.0943467210190664	0.902697962351563	0.992724443772069	1
chr2:43565070;T|C;Family=12346	0.517029211139364	0.442317697664578	0.876768606361833	1
chr2:46186250;C|G;Family=13556	-0.0310028601350764	0.918007787268973	0.994450336299019	1
chr2:47074316;G|A;Family=22364	-0.440411372994608	0.638895733432691	0.941942739149472	1
chr2:47074774;C|T;Family=12302	-0.0494325419496578	0.96052858804908	0.995458477833526	1
chr2:47799713;G|A;Family=13890	0.105588733009916	0.682818318805054	0.945469909197862	1
chr2:48375630;A|G;Family=14007	-0.0426119500026812	0.950885647482934	0.994490996964741	1
chr2:48377199;A|C;Family=14531	0.206441597415653	0.672721997088526	0.944975964713957	1
chr2:48595331;A|G;Family=11456	0.466736977115516	0.552215073590937	0.918315545916195	1
chr2:50207689;G|C;Family=11679	0.391371762566937	0.658726343491695	0.944172813369795	1
chr2:50918317;A|G;Family=12014	-0.00618468144906609	0.992447551342001	0.998517835991355	1
chr2:53887396;G|A;Family=14339	0.145207070281974	0.905469678568904	0.993609084556958	1
chr2:54065901;T|C;Family=11469	1.12107034923459	0.323112343678841	0.819491897259177	1
chr2:54660185;T|G;Family=14502	0.707427497337878	0.0278241248095325	0.377964154651389	1
chr2:5696599;G|A;Family=14153	-2.37401709665434	0.0472647690736674	0.457489198836458	1
chr2:5698500;A|G;Family=14479	0.236377804134097	0.656179244690448	0.944172813369795	1
chr2:60899234;C|T;Family=13589	0.278231608973973	0.822264971089399	0.969214356177691	1
chr2:61018400;CAGG|C;Family=11018	0.311514756566311	0.697859847550226	0.945469909197862	1
chr2:61482516;G|C;Family=14455	-0.78346386115347	0.149274519340728	0.683866227083353	1
chr2:65083821;A|G;Family=11543	-0.292501068251915	0.751846417948263	0.956942823814912	1
chr2:65084839;G|A;Family=11505	-0.0714124644902645	0.928486160813081	0.994450336299019	1
chr2:65310885;T|G;Family=11013	-0.137049201281944	0.774280687313091	0.960984229126855	1
chr2:67401400;A|G;Family=13895	1.48937983811116	0.0403051706020914	0.424086520874864	1
chr2:67402535;A|G;Family=11485	-0.0768767683084528	0.91296503139461	0.994450336299019	1
chr2:68567380;G|A;Family=11459	-0.531733252625759	0.0345556336986051	0.410505815747768	1
chr2:69325719;A|G;Family=14301	1.52014005391539	0.148621414166542	0.683866227083353	1
chr2:69461843;C|T;Family=14195	-0.710596926623385	0.352427233430815	0.828105945205645	1
chr2:69941432;G|C;Family=11429	-0.627333232113517	0.515770555524522	0.911757599787938	1
chr2:69942862;T|C;Family=11429	-0.45155271788507	0.56831450750457	0.925022549448927	1
chr2:70150021;TGCA|T;Family=14618	-0.479480171136218	0.582868179005585	0.927306478133066	1
chr2:70277199;C|G;Family=13991	-1.34675183494278	0.208628204473053	0.74196557967373	1
chr2:70660965;G|T;Family=11018	-0.382101935057591	0.627373780830557	0.937995327039823	1
chr2:70986440;AG|A;Family=13001	0.694320233280674	0.441298926579053	0.876768606361833	1
chr2:72131287;G|A;Family=11063	0.0183717036245095	0.97463113015696	0.998191842279818	1
chr2:72934343;T|C;Family=12019	-0.837641051002474	0.282615522245737	0.791839078405854	1
chr2:72944993;G|A;Family=13787	0.0978813725751528	0.942007274922903	0.994450336299019	1
chr2:73226979;G|A;Family=11954	-1.00337526702678	0.0347054324743158	0.410505815747768	1
chr2:74216301;T|G;Family=11121	-0.0654146563663948	0.952032954304146	0.994490996964741	1
chr2:74394294;G|A;Family=11986	-0.387445479978175	0.727200573235632	0.951889294499884	1
chr2:74395549;T|C;Family=12621	1.43598231890784	0.145956181666635	0.681871627328097	1
chr2:74494487;C|T;Family=13358	-0.0885215463823173	0.938760783661799	0.994450336299019	1
chr2:74519915;T|C;Family=11346	2.57561311170484	0.00100968313336201	0.0523342559809783	1
chr2:74891539;T|C;Family=12628	-0.586011131736617	0.423183566363035	0.868719830376249	1
chr2:85544374;C|A;Family=12316	1.24441425957116	0.182751495117431	0.721335723303904	1
chr2:85606685;G|A;Family=14228	0.764185984593735	0.266020301143191	0.777273250633651	1
chr2:85658908;TAC|T;Family=14424	-0.783623991004298	0.32634671566665	0.819658421180037	1
chr2:86111157;G|C;Family=12613	-0.184805257952773	0.406840086694596	0.857844515573926	1
chr2:8853370;C|T;Family=12867	-0.882846821520041	0.343091642124292	0.827204537019303	1
chr2:8854433;C|T;Family=11265	0.243065236419396	0.697551653387456	0.945469909197862	1
chr2:9481403;C|T;Family=12687	0.288250359712166	0.598855162804361	0.927306478133066	1
chr2:9489450;A|G;Family=11651	0.258990162820543	0.748785321564017	0.956459981112518	1
chr2:95384419;C|T;Family=12687	0.220766503162832	0.690904239735434	0.945469909197862	1
chr2:96114264;C|T;Family=12701	0.885832249088063	0.177343100419321	0.717184873061396	1
chr2:96329291;C|T;Family=12749	-0.929560178089132	0.109772771777502	0.614178487684874	1
chr2:96702316;C|T;Family=12619	2.39909384804271	0.00858598204024812	0.203404684205104	1
chr2:96832748;G|T;Family=12778	0.0180514303241479	0.979509244985751	0.998517835991355	1
chr2:98588361;C|T;Family=13836	-0.13325116608266	0.643603458606604	0.941942739149472	1
chr20:10057886;C|CTTGT;Family=13221	-0.247680696267433	0.734366391481906	0.951889294499884	1
chr20:10306498;G|A;Family=12953	-0.259005785812016	0.390732850568095	0.850238811135568	1
chr20:10306532;A|G;Family=13042	-0.441372258516507	0.561952118095111	0.922435483971948	1
chr20:1167310;A|G;Family=13358	0.740895923285984	0.459136056220736	0.882319234493495	1
chr20:13167426;G|A;Family=14040	-0.318637487044646	0.758688517578858	0.959003179535135	1
chr20:13300465;C|CA;Family=14500	-0.893461684770746	0.20259442287054	0.74196557967373	1
chr20:1563946;A|G;Family=12759	-2.58326538627534	0.00518595066362634	0.151133419339968	1
chr20:16051769;A|G;Family=13560	1.81141363648531	0.00978324287290518	0.21511417861861	1
chr20:17609122;T|G;Family=14130	0.115085124662315	0.877021536308913	0.985832735233263	1
chr20:17609764;A|G;Family=14526	0.842295980349295	0.345875716017059	0.827397804048626	1
chr20:17967954;C|A;Family=13815	0.399706383970854	0.59220285823674	0.927306478133066	1
chr20:18443421;G|A;Family=11114	0.503789840661417	0.512929409013515	0.911757599787938	1
chr20:19722220;G|A;Family=13770	-2.32045010194447	0.0338808077851783	0.406778940418053	1
chr20:1979101;A|G;Family=13931	-0.142447913538377	0.836007547145167	0.975229691942293	1
chr20:20390331;G|A;Family=11676	-1.5976488423477	0.224772277200839	0.749415042374362	1
chr20:22563339;C|A;Family=13513	0.96790975679861	0.295256548716617	0.80320362518346	1
chr20:23046871;C|T;Family=13580	0.333954307788819	0.405923659169809	0.856937156092151	1
chr20:23081038;A|G;Family=14416	3.54322716596315	0.00068786315727846	0.0380640982189671	1
chr20:23081535;C|G;Family=11096	0.236654855125951	0.809081753786007	0.967437766635053	1
chr20:23603144;C|T;Family=12394	-1.03014611269515	0.237504041246147	0.755077783078659	1
chr20:25006517;C|T;Family=14652	0.180701635859957	0.790713136710402	0.964104241095156	1
chr20:25297973;G|A;Family=12858	-1.74596320493089	0.185401308790751	0.726567348857671	1
chr20:25774788;AC|A;Family=14168	0.0391963018389555	0.975519950098538	0.998259149472231	1
chr20:31937413;A|G;Family=12006	2.30920019426872	0.0545950974005738	0.494995549765202	1
chr20:31945717;G|A;Family=14019	0.145914010599228	0.89317182597591	0.990847555552967	1
chr20:31999641;G|A;Family=11495	0.953181640380373	0.402085085007773	0.85194450506384	1
chr20:32000279;T|C;Family=12358	0.612625417382698	0.451852776980342	0.879243767911242	1
chr20:32031392;G|GC;Family=12568	-0.973067780898872	0.391082067540298	0.850238811135568	1
chr20:33647201;G|A;Family=13053	0.0633572123602203	0.945833407406288	0.994450336299019	1
chr20:33658734;C|T;Family=12782	0.0486630752509319	0.947102196992068	0.994450336299019	1
chr20:354689;C|T;Family=14472	-1.52644797662284	0.0321121884417567	0.399189704280324	1
chr20:36231225;G|A;Family=14303	0.553439246637229	0.232765114393704	0.750044584209939	1
chr20:3646918;G|A;Family=13905	0.294170191871058	0.791807427599589	0.964207443341597	1
chr20:3648438;A|G;Family=14291	-0.127572250751572	0.889681947702625	0.990004974466563	1
chr20:36782751;C|T;Family=14219	-0.668487158447043	0.304449840842409	0.805381573484831	1
chr20:36784635;C|T;Family=13970	-0.647975368302372	0.345404347632922	0.827348182979837	1
chr20:36905503;T|A;Family=14192	-0.259320569370466	0.557372365523871	0.920067829368026	1
chr20:38210994;C|T;Family=13383	-1.0726609158423	0.0190082977709855	0.312242084681623	1
chr20:3825394;G|A;Family=11067	-0.959594094742749	0.0233038564921453	0.353269681236808	1
chr20:3866241;T|C;Family=13750	0.126291115243227	0.865370653116149	0.98114395146469	1
chr20:3874352;T|C;Family=14578	-1.53891941631495	0.205371726236718	0.74196557967373	1
chr20:41175517;G|A;Family=13023	0.250186305635902	0.766963294836686	0.960854186791555	1
chr20:41402484;C|T;Family=13941	-0.0015402137574362	0.996254423120349	0.998517835991355	1
chr20:43716304;TC|T;Family=14282	-0.180139856559231	0.813571661032726	0.968610847466953	1
chr20:44490900;A|AC;Family=13486	-1.13427911019411	0.211342557658814	0.74399324395962	1
chr20:44904975;G|A;Family=11869	2.48023579889182	0.0545092966595395	0.494995549765202	1
chr20:45092483;T|C;Family=12759	2.02504798983379	0.0877983207235375	0.576418286869124	1
chr20:45373619;C|A;Family=12201	-0.0430264495926799	0.959530607670684	0.995458477833526	1
chr20:45648601;G|A;Family=14610	0.781191114529776	0.583923768843954	0.927306478133066	1
chr20:47188268;GAC|G;Family=13703	0.0528143845450739	0.958956641352936	0.995458477833526	1
chr20:4784171;T|C;Family=14394	1.05913446689504	0.202824599200001	0.74196557967373	1
chr20:49892051;T|C;Family=13324	-0.111053726496879	0.896567170804735	0.991250445562078	1
chr20:50961374;A|G;Family=14219	-0.167082047734727	0.764394343777824	0.960854186791555	1
chr20:51390478;G|A;Family=12617	0.275711451074555	0.61754135866434	0.935020341013119	1
chr20:51598823;T|C;Family=14311	-1.11922733383772	0.245925485001618	0.762701335241505	1
chr20:51600915;G|A;Family=14455	1.16410433673041	0.0594676178706917	0.509360951860701	1
chr20:5195022;A|C;Family=14547	-0.950521864835406	0.22226035493487	0.749415042374362	1
chr20:53944804;G|T;Family=11526	0.388076647292385	0.744581936125449	0.955820254951813	1
chr20:57169515;G|C;Family=12100	0.178191726399369	0.575755449028077	0.927306478133066	1
chr20:58364108;T|C;Family=12708	-0.228795695469223	0.599014019126837	0.927306478133066	1
chr20:58444831;C|G;Family=12394	1.04789765428132	0.213351003782538	0.74399324395962	1
chr20:58449461;A|G;Family=14231	0.0464563508647778	0.947080673079218	0.994450336299019	1
chr20:58856372;G|A;Family=12735	0.637712136390172	0.108393775584315	0.609528244939669	1
chr20:58903684;G|A;Family=14373	2.00627890352297	0.0157622073880262	0.283627239119432	1
chr20:58909186;C|G;Family=11132	1.13464510360627	0.334059884803449	0.820107899861428	1
chr20:59028971;C|T;Family=11181	0.00576102300294105	0.995770351102562	0.998517835991355	1
chr20:59325214;C|T;Family=14063	0.947934135943243	0.27370973140814	0.784613137845149	1
chr20:59947941;CAT|C;Family=11018	1.46567614441344	0.199480063712922	0.74196557967373	1
chr20:61975114;T|C;Family=13718	0.543599153932078	0.255638438236276	0.772596168891856	1
chr20:62286187;G|T;Family=14481	-1.41733733043285	0.0718829700845782	0.542976642051296	1
chr20:62668294;C|T;Family=11189	0.248055985181178	0.763253635666426	0.960804713804291	1
chr20:62671759;G|A;Family=12719	0.0288968512047306	0.956223687050483	0.99454911051999	1
chr20:62877971;A|G;Family=13026	-0.302814714041805	0.633876077392652	0.941582911078405	1
chr20:62878254;G|A;Family=13738	-0.212014038547837	0.862944046740207	0.98114395146469	1
chr20:62968800;G|C;Family=13496	0.808889509072699	0.327607651247464	0.819658421180037	1
chr20:63743053;G|A;Family=12578	-0.929062253855582	0.349521254292522	0.827700558132501	1
chr20:63746676;G|A;Family=12738	0.882021527226927	0.276731733146615	0.786703019840393	1
chr20:64240571;G|A;Family=12623	1.05876747531089	0.0261407850896299	0.366370087210385	1
chr20:64275397;A|T;Family=14209	-0.00366225806924743	0.996690922028504	0.998517835991355	1
chr20:7978072;A|G;Family=12360	-0.704526287786262	0.192778554653021	0.735543675109232	1
chr20:9480988;G|A;Family=11835	-0.362833947952874	0.424285794584304	0.868922162695796	1
chr21:17565664;C|T;Family=12680	0.607266386238219	0.0595645054097543	0.509360951860701	1
chr21:21539712;C|T;Family=13039	0.783789607801913	0.238271528535695	0.755402202581065	1
chr21:28929048;T|C;Family=12497	0.681976159009162	0.228051856803133	0.750044584209939	1
chr21:30592947;A|T;Family=13524	0.276059313997992	0.73218294069229	0.951889294499884	1
chr21:32044396;G|T;Family=11246	0.34448089925396	0.764401094391863	0.960854186791555	1
chr21:33517446;T|C;Family=12197	-0.132158280356018	0.646270004365378	0.941942739149472	1
chr21:34102835;G|T;Family=14531	-0.56756587747745	0.617792638308914	0.935020341013119	1
chr21:34717175;G|A;Family=12480	-0.699913670955484	0.246905110986486	0.763028641464394	1
chr21:34788264;A|G;Family=14223	0.6701344739014	0.553374492888339	0.918501250926808	1
chr21:36375813;G|C;Family=13129	-0.678369216611685	0.358100481981262	0.834192728827137	1
chr21:37516066;C|T;Family=14550	0.601847233862376	0.257993374316214	0.774612976687764	1
chr21:37608596;G|A;Family=13903	0.902328291405799	0.420968453678374	0.868719830376249	1
chr21:38301666;C|A;Family=13938	0.19600020005791	0.600071140285028	0.927306478133066	1
chr21:39175161;G|A;Family=12295	-0.570164361834102	0.576759342233536	0.927306478133066	1
chr21:39196527;GT|G;Family=14292	-0.575766728361395	0.707756760551141	0.946857137385887	1
chr21:41408906;A|G;Family=14317	1.63050559193159	0.00909762004771416	0.210147659794572	1
chr21:41465356;G|A;Family=14040	0.328432158985772	0.690631342930881	0.945469909197862	1
chr21:41801553;T|C;Family=14348	-0.315060845437298	0.750619415056209	0.956459981112518	1
chr21:41885311;C|A;Family=12483	0.667669093212972	0.535009543185771	0.913208766660489	1
chr21:42775306;G|A;Family=14216	-0.282744493106861	0.448541580034036	0.877487843305796	1
chr21:43693482;C|T;Family=13543	0.536553600256863	0.247757995006155	0.76342885136022	1
chr21:44079633;C|A;Family=12308	-0.758719150281056	0.513805425163401	0.911757599787938	1
chr21:44087918;C|T;Family=22364	0.972979306517356	0.232858390077863	0.750044584209939	1
chr21:44145706;G|A;Family=13942	-1.16784500972639	0.251435330645672	0.766835991803081	1
chr21:44228232;C|T;Family=11299	-2.12081939954364	0.00310035431808506	0.111482864349213	1
chr21:44319382;A|G;Family=22252	0.249628446215954	0.738896910272072	0.954574236517586	1
chr21:44459443;T|C;Family=14203	0.809138853929473	0.222979292669581	0.749415042374362	1
chr21:45223082;C|G;Family=13752	1.18588942904257	0.214426463931762	0.745520530250467	1
chr21:45264278;G|A;Family=13620	-0.591769962275965	0.474566533738362	0.892197369958257	1
chr21:45942406;GC|G;Family=12793	0.0495331393706019	0.944022502055979	0.994450336299019	1
chr21:46129683;G|A;Family=14375	-0.317068260075492	0.597993240464992	0.927306478133066	1
chr22:17114976;A|G;Family=12478	-1.04835653491042	0.226748773845614	0.749415042374362	1
chr22:17115083;A|G;Family=12437	0.0497927068723826	0.929212379039357	0.994450336299019	1
chr22:17115310;GA|G;Family=14026	-0.0503640128303855	0.922167999100518	0.994450336299019	1
chr22:17555822;G|A;Family=11169	0.287089566426076	0.771889729835426	0.960984229126855	1
chr22:17788481;G|C;Family=14587	0.0501436643856307	0.959395636298419	0.995458477833526	1
chr22:17788756;T|TG;Family=13394	0.682527722617602	0.488762179664076	0.898548086514677	1
chr22:17789787;C|T;Family=13195	0.620632803863719	0.519773435014791	0.911757599787938	1
chr22:17790452;C|T;Family=11305	-0.214254433646111	0.775997541724596	0.960984229126855	1
chr22:18095494;G|A;Family=12902	-0.15290127220649	0.860790967745987	0.980404600981162	1
chr22:19783767;C|T;Family=13239	0.806609324177056	0.26601055954542	0.777273250633651	1
chr22:19894032;T|A;Family=13942	0.591516098229583	0.224562591064537	0.749415042374362	1
chr22:20111199;C|T;Family=12942	0.912404837170899	0.138146165054336	0.671319593410364	1
chr22:20987529;G|GT;Family=12907	1.11190968342999	0.14900787453636	0.683866227083353	1
chr22:20995791;G|T;Family=13016	0.730722497402088	0.450528896579245	0.879034063888941	1
chr22:20996054;G|A;Family=14192	-1.52252188329114	0.141817022883533	0.677950429224548	1
chr22:21447279;C|T;Family=12329	0.246437664293996	0.713856886329686	0.949350993466557	1
chr22:21756331;C|T;Family=12014	0.95682914317671	0.300487926259667	0.805381573484831	1
chr22:21757478;G|A;Family=14523	0.298206159255833	0.785249995760155	0.963316914580686	1
chr22:21763712;T|C;Family=12314	0.711477706389029	0.532911653109504	0.913208766660489	1
chr22:21920263;G|A;Family=13099	0.474183411562759	0.450360386145564	0.879034063888941	1
chr22:21958603;A|G;Family=12323	-0.494041280648681	0.60746911024083	0.927805399836264	1
chr22:22484816;G|C;Family=14307	-0.782076256611087	0.417606946628472	0.8658880851252	1
chr22:23164296;G|A;Family=12964	-1.0572843282522	0.374265774937156	0.842235997232932	1
chr22:23743320;A|G;Family=12197	0.221273217796093	0.856415989287886	0.979370760717881	1
chr22:24586266;T|C;Family=14185	-0.595635894620689	0.648602499897379	0.941942739149472	1
chr22:24588307;G|A;Family=13551	-0.419885584891584	0.59828453368459	0.927306478133066	1
chr22:25351735;T|G;Family=14290	-0.645330687447625	0.589488843390801	0.927306478133066	1
chr22:25722315;G|C;Family=14539	-0.266680520072948	0.788018084602791	0.964082144314357	1
chr22:28757200;G|A;Family=12683	-0.0128372272176653	0.991795686918996	0.998517835991355	1
chr22:29259151;T|C;Family=13050	-1.80616657369686	0.0349615598561663	0.410505815747768	1
chr22:29730488;C|G;Family=13089	-0.592564944943094	0.543262987818049	0.913855600356234	1
chr22:30334131;G|A;Family=14560	-0.665909925352337	0.417852311231442	0.8658880851252	1
chr22:30423991;T|C;Family=11489	0.232931330266383	0.728790903906419	0.951889294499884	1
chr22:30461448;C|G;Family=11989	0.842439024773779	0.415014889929054	0.864107602412024	1
chr22:31683328;G|A;Family=12382	-0.318325938434509	0.770811343761155	0.960984229126855	1
chr22:31906668;C|T;Family=12360	1.08926965409573	0.298299848786765	0.80422690509912	1
chr22:32861747;G|A;Family=12796	-0.144326763658175	0.719337113423798	0.951635014512506	1
chr22:33273439;T|C;Family=12457	0.350230255070242	0.731624257046211	0.951889294499884	1
chr22:35294562;C|G;Family=12697	0.622603779964901	0.549518494337574	0.917945899106288	1
chr22:35740448;C|T;Family=11415	1.03278461621954	0.0478420077214596	0.457489198836458	1
chr22:36282343;G|A;Family=12976	0.31001770034612	0.637054677248333	0.941942739149472	1
chr22:36467645;C|G;Family=14380	-2.82955648489213	0.0189334891222864	0.312242084681623	1
chr22:37180478;C|T;Family=13007	-0.541013408130762	0.400332905504344	0.851660455533044	1
chr22:37180625;C|T;Family=11029	-0.287047640500925	0.680981548254366	0.945469909197862	1
chr22:37697628;G|A;Family=11368	1.04415473008138	0.232062638399408	0.750044584209939	1
chr22:37813556;C|T;Family=13576	0.322087945725635	0.745561593848748	0.955857324880861	1
chr22:37968182;C|CTCTTA;Family=13071	-0.241795767104653	0.566490765012072	0.924102216403522	1
chr22:38221428;C|T;Family=11502	0.901909232279358	0.211612861866577	0.74399324395962	1
chr22:38485351;A|G;Family=14649	0.0612823768944841	0.938920697197739	0.994450336299019	1
chr22:38519103;C|G;Family=14185	-1.30663785907858	0.219360776406838	0.749415042374362	1
chr22:38733162;C|T;Family=14467	0.135251824271805	0.852434473172267	0.97926323081958	1
chr22:38863175;C|G;Family=12631	-1.38977405650677	0.0724844566721585	0.545381933784909	1
chr22:39018581;T|C;Family=12407	-0.20336546786254	0.588533134620796	0.927306478133066	1
chr22:39020064;G|A;Family=12671	0.294738872814615	0.731959318332316	0.951889294499884	1
chr22:39490288;T|A;Family=14249	-0.085731701591906	0.834675083473945	0.975166824015616	1
chr22:40036181;C|T;Family=11835	-0.60333009267851	0.41544387612164	0.864107602412024	1
chr22:40329704;C|T;Family=11312	-0.365345668676482	0.653720749646933	0.943207305580958	1
chr22:40331447;G|C;Family=13034	-1.04724895076125	0.0977198767584972	0.59577019485893	1
chr22:40332081;T|G;Family=14046	1.20907903415998	0.323668457524592	0.819658421180037	1
chr22:40361509;A|T;Family=13203	0.38014988196995	0.516539520430055	0.911757599787938	1
chr22:40364303;C|T;Family=12738	0.241579374943668	0.82803843483172	0.972667029015379	1
chr22:40835633;G|C;Family=14515	-0.322873537963734	0.780709413314753	0.962445398268433	1
chr22:41358553;C|G;Family=13807	0.106000310495546	0.825597832232677	0.971293031435214	1
chr22:41898660;A|G;Family=11415	0.677551081515081	0.471303774996437	0.892197369958257	1
chr22:41898705;C|G;Family=12120	-0.298671720878115	0.78116036735263	0.962445398268433	1
chr22:41903002;G|A;Family=14644	-0.218103304948305	0.802204178368774	0.965036179884676	1
chr22:42031433;G|A;Family=11159	0.155698201403243	0.825642160648107	0.971293031435214	1
chr22:42383755;CT|C;Family=11219	-0.168295031721919	0.831352436686014	0.973756346893475	1
chr22:42510354;G|A;Family=14458	-1.26505558743161	0.151039082288834	0.683866227083353	1
chr22:43068521;G|A;Family=12976	0.79334814274221	0.417843033166184	0.8658880851252	1
chr22:43199409;A|G;Family=13146	-0.321009254758897	0.303158813119511	0.805381573484831	1
chr22:43238370;G|A;Family=11057	1.25989090724689	0.22171480210772	0.749415042374362	1
chr22:44244437;G|A;Family=11235	0.436373151375416	0.653132987527346	0.943075696825272	1
chr22:44247500;C|G;Family=14356	0.526740963525831	0.522602103074315	0.911757599787938	1
chr22:44881542;TG|T;Family=14096	0.862002019260568	0.230177009857089	0.750044584209939	1
chr22:44882646;C|CCATG;Family=11304	-0.0768331810364063	0.859826994908705	0.97967019138905	1
chr22:45190914;TAGAG|T;Family=11942	0.567926668257974	0.508029314008549	0.909548337903164	1
chr22:46293891;C|G;Family=14470	0.985589901719252	0.367753974160213	0.839796388753919	1
chr22:46361866;G|T;Family=13599	-0.149982395536356	0.85794291989757	0.97967019138905	1
chr22:47173887;C|T;Family=11424	1.07139191144148	0.319124280452375	0.816507055200222	1
chr22:49773989;G|A;Family=11645	-0.319735518294039	0.532463699421985	0.913208766660489	1
chr22:49774277;G|A;Family=11301	-0.0621006762752106	0.944095683287326	0.994450336299019	1
chr22:49888231;T|C;Family=14629	0.779718422183904	0.434980384124796	0.874768966591993	1
chr22:49901548;TTG|T;Family=14486	-1.1489583612199	0.343897325071875	0.827348182979837	1
chr22:50178310;C|T;Family=12201	1.3652522919828	0.18365300843817	0.722801550894919	1
chr22:50275338;G|A;Family=13364	-0.500890249210246	0.693477070163695	0.945469909197862	1
chr22:50445576;G|C;Family=14316	-0.214705142319202	0.662130402195082	0.944172813369795	1
chr3:100181264;A|C;Family=13221	1.47294784746634	0.089715715316028	0.578287426017872	1
chr3:100357788;C|T;Family=13037	1.00963951758273	0.287069186301488	0.795313252045926	1
chr3:10099443;C|T;Family=11407	0.392080413948778	0.443683449370772	0.876768606361833	1
chr3:101671350;T|C;Family=12676	0.941684031348004	0.00628632612164698	0.169730805284468	1
chr3:10325764;C|T;Family=13543	-0.156639190887197	0.740634719052405	0.954919483272623	1
chr3:10325905;T|C;Family=13925	0.648010704177845	0.39905360646714	0.851660455533044	1
chr3:105576696;C|T;Family=12335	-0.150077070506726	0.911840865172141	0.994450336299019	1
chr3:105655851;C|T;Family=14051	0.341590667968505	0.610133128714923	0.92950812933936	1
chr3:107811324;A|C;Family=11038	0.135489111808277	0.80310033335441	0.965371232743783	1
chr3:108043546;C|CA;Family=14670	-3.17575974807861	0.00657863852114878	0.173789644961571	1
chr3:108191577;G|A;Family=12299	-0.848917622093232	0.349860822875036	0.827700558132501	1
chr3:111606844;G|T;Family=12859	-0.0456281389862346	0.870109080979515	0.9836947491862	1
chr3:111975878;TTGTC|T;Family=12775	0.673065888730032	0.507526998690433	0.909322732681435	1
chr3:112117415;G|A;Family=13267	-0.257985589462219	0.722884195796738	0.951635014512506	1
chr3:113291328;C|T;Family=11214	-0.529576059993631	0.553296548639462	0.918501250926808	1
chr3:113719696;AT|A;Family=13533	-0.324875506374106	0.69579811345453	0.945469909197862	1
chr3:113809668;A|G;Family=14645	-0.404655321072431	0.197973936250571	0.741660481722425	1
chr3:113933626;G|A;Family=13614	-1.14176163334156	0.222202370797888	0.749415042374362	1
chr3:113961731;A|T;Family=13466	-1.3997736469972	0.263142687628216	0.776380993958328	1
chr3:114005793;G|C;Family=14320	0.45681414880881	0.683058789798754	0.945469909197862	1
chr3:11809017;G|A;Family=13625	0.155843970061716	0.85311847307438	0.97926323081958	1
chr3:119211871;T|C;Family=13619	-0.588996049670563	0.202481205548857	0.74196557967373	1
chr3:119447066;T|C;Family=11888	0.0725492810808505	0.854736526945712	0.979267946988329	1
chr3:119486870;C|T;Family=13835	0.666219249290159	0.530143465090024	0.913208766660489	1
chr3:120167266;C|T;Family=11721	0.330711181816237	0.690655870437098	0.945469909197862	1
chr3:121158446;A|T;Family=13128	-0.17507056974262	0.480323082660243	0.893845066892595	1
chr3:121626977;T|C;Family=13071	-0.945668634052212	0.276495138398106	0.786703019840393	1
chr3:121854701;A|G;Family=14313	-0.30242517787243	0.688139918795911	0.945469909197862	1
chr3:122120916;C|T;Family=12681	-0.413523890350316	0.682456090157719	0.945469909197862	1
chr3:122574927;A|T;Family=14652	-0.641279197797006	0.330414805794436	0.819658421180037	1
chr3:123274084;T|G;Family=12692	0.608189862010961	0.367421659956123	0.839796388753919	1
chr3:123944909;A|G;Family=11094	0.464352626190171	0.596763971358288	0.927306478133066	1
chr3:124746887;C|T;Family=13787	1.20162424213113	0.290276634342549	0.79889773593665	1
chr3:125226421;C|T;Family=14534	-0.440456793008873	0.518437655224834	0.911757599787938	1
chr3:125231841;G|T;Family=14687	0.0395998015957947	0.9723930279116	0.997076071251296	1
chr3:12584278;G|A;Family=11108	-0.0838817261759271	0.934484910272606	0.994450336299019	1
chr3:126103832;T|G;Family=13802	-0.346280181141496	0.771744435151308	0.960984229126855	1
chr3:126135218;G|C;Family=11263	0.389093107412213	0.69527547578912	0.945469909197862	1
chr3:127035373;G|C;Family=11474	-0.0678959206379202	0.939252739943467	0.994450336299019	1
chr3:127615888;C|A;Family=14118	0.789750756653901	0.437053194405059	0.876768606361833	1
chr3:127676379;T|G;Family=14320	-0.554959546767056	0.252794205664405	0.767157291900576	1
chr3:127986875;C|T;Family=12056	0.461472525842951	0.595063268906897	0.927306478133066	1
chr3:128480896;G|C;Family=11504	1.11732563640961	0.304224766371084	0.805381573484831	1
chr3:129040491;G|T;Family=12011	-1.36422674064557	0.17058620703905	0.715377164631145	1
chr3:131165459;C|T;Family=14136	-0.898631558199989	0.44294460223637	0.876768606361833	1
chr3:1321790;A|G;Family=12964	2.11503856684242	0.0125148814308594	0.249753503337586	1
chr3:1329859;G|A;Family=12385	-0.629524377191251	0.416735450190081	0.86503819847257	1
chr3:133826778;G|A;Family=11413	-0.938990518785645	0.37869486325212	0.842235997232932	1
chr3:133827116;G|T;Family=12724	-0.814902022870291	0.181818841369159	0.720778275725543	1
chr3:133934381;C|A;Family=14482	0.870168885193793	0.244515937178897	0.760900441797381	1
chr3:134478503;C|G;Family=22052	-0.235407546711703	0.74619609923612	0.955857324880861	1
chr3:136145938;T|C;Family=14243	0.157872089336602	0.641133000765051	0.941942739149472	1
chr3:136149821;A|G;Family=12779	0.0905633551143151	0.913491883571936	0.994450336299019	1
chr3:136327689;A|G;Family=14211	0.582721703036873	0.533597171427458	0.913208766660489	1
chr3:136338071;A|G;Family=11236	1.52978762412216	0.138700861850884	0.671319593410364	1
chr3:136338441;T|TTGA;Family=13006	0.71839328557616	0.574865298183663	0.927306478133066	1
chr3:136980530;C|G;Family=13129	0.407415304306728	0.55156673097413	0.918315545916195	1
chr3:136989446;C|G;Family=11356	0.996119081306772	0.288149670840492	0.796751198287868	1
chr3:137010732;C|G;Family=13940	0.767626806805854	0.17219693470468	0.715389688455078	1
chr3:138167118;T|C;Family=13798	0.520838630082893	0.474676803018351	0.892197369958257	1
chr3:13818784;A|AT;Family=11453	-0.321150058046556	0.712966160505143	0.949350993466557	1
chr3:138324244;G|A;Family=12759	0.596568526628809	0.337187244131488	0.82212312956806	1
chr3:138405114;G|A;Family=12324	0.481344033559357	0.423975374881852	0.868922162695796	1
chr3:139561332;T|C;Family=13555	1.95863095659523	0.0702844819733861	0.541261089449023	1
chr3:140571367;A|G;Family=14452	-0.322117662049195	0.602905004326579	0.927312924067881	1
chr3:14130863;C|T;Family=13412	-1.10646124234765	0.135145882795584	0.667908050639819	1
chr3:141817086;G|A;Family=11069	-1.23482985317198	0.0894291577396589	0.578287426017872	1
chr3:141946431;CT|C;Family=13375	-0.498046251819028	0.495231037780935	0.901133979549848	1
chr3:141946441;A|C;Family=13375	-0.0584237561194255	0.94177182504496	0.994450336299019	1
chr3:14198632;G|C;Family=12782	0.923261660988711	0.114192513872022	0.618458570705111	1
chr3:142961716;T|G;Family=12303	-0.120624395908924	0.889565105962761	0.990004974466563	1
chr3:143057916;C|T;Family=11580	-0.197786349667256	0.822459676974316	0.969214356177691	1
chr3:143059102;A|AT;Family=11142	-1.10379615561669	0.135604704681238	0.669274832781596	1
chr3:14490580;A|C;Family=11121	0.386046321260152	0.564553952748881	0.923005489990456	1
chr3:148742791;T|G;Family=13028	-1.65553568692743	0.0470077168470611	0.457489198836458	1
chr3:149965507;CTT|C;Family=11455	0.14555011621231	0.903937881420656	0.993609084556958	1
chr3:150464875;AG|A;Family=13023	-0.488037467993698	0.35721622415302	0.83417339114675	1
chr3:150543729;T|G;Family=12975	1.21536858045088	0.128090685422156	0.65235644503489	1
chr3:151435545;T|C;Family=12313	-0.076270021504365	0.942890803397606	0.994450336299019	1
chr3:153168786;A|G;Family=11919	-0.107492163227204	0.861663409940513	0.980742004523611	1
chr3:154272947;A|T;Family=14536	-0.290843589963876	0.8005849743437	0.965036179884676	1
chr3:155833498;G|A;Family=12929	-1.23176296093213	0.156777722027281	0.691932446255018	1
chr3:155940583;C|T;Family=14200	-0.642340076398031	0.251728669617308	0.767093506086933	1
chr3:155941178;G|A;Family=11046	0.972387950418832	0.174952242054448	0.716958229977648	1
chr3:155942209;C|T;Family=11544	-0.367272706491886	0.539177073359578	0.913855600356234	1
chr3:156537898;T|C;Family=14258	-2.32000676685505	0.0336797354078922	0.406778940418053	1
chr3:156538430;A|C;Family=14076	1.44288777801671	0.0810037135081838	0.559594821307933	1
chr3:156925112;G|C;Family=11718	-0.340726539665905	0.541590294681407	0.913855600356234	1
chr3:157148062;G|C;Family=12324	0.194592691362504	0.839543551897165	0.97586857522233	1
chr3:157152211;A|G;Family=12512	-0.151558255598243	0.602007472354122	0.927312924067881	1
chr3:160417783;G|A;Family=13082	1.69860579885003	0.028883314721644	0.378784041635274	1
chr3:160436833;T|A;Family=14215	0.479241236225748	0.542963420369041	0.913855600356234	1
chr3:161071100;G|C;Family=11462	-0.220056655588195	0.534890441315979	0.913208766660489	1
chr3:161252221;T|C;Family=11227	-0.352017547563661	0.213334514297907	0.74399324395962	1
chr3:169779365;C|A;Family=11195	0.302378079763414	0.749129459152349	0.956459981112518	1
chr3:169926859;G|C;Family=13254	-0.516324943166953	0.660684759064979	0.944172813369795	1
chr3:170396591;G|A;Family=12396	-0.302314598488865	0.700127807369531	0.945469909197862	1
chr3:171859042;T|A;Family=14011	-1.36188462736548	0.315101015369609	0.815854396750864	1
chr3:171859268;G|C;Family=14011	-0.949231841965629	0.483994046616766	0.895779304020546	1
chr3:175808323;G|A;Family=12430	-0.186462538705254	0.849379751783718	0.9788483786814	1
chr3:175808777;T|C;Family=11349	0.356108007787962	0.440016678507089	0.876768606361833	1
chr3:175808943;A|G;Family=14360	0.653365956641648	0.222499675165501	0.749415042374362	1
chr3:177024818;A|G;Family=11897	0.433998663251508	0.17684768207437	0.716958229977648	1
chr3:179397074;A|T;Family=13523	-0.652364888523977	0.513571262809345	0.911757599787938	1
chr3:179399799;A|G;Family=13706	0.750653106496957	0.260981054907621	0.776380993958328	1
chr3:179626617;G|A;Family=14671	-1.30841091138877	0.150860923982405	0.683866227083353	1
chr3:179797486;A|G;Family=14155	0.447056474551123	0.457216955501854	0.881883284437375	1
chr3:180610162;A|C;Family=14557	-0.499143940959945	0.663556270378143	0.944172813369795	1
chr3:182944935;C|T;Family=14247	0.489575984834228	0.622642700995417	0.935840807343535	1
chr3:183272134;G|A;Family=14425	0.752988633300408	0.348652854712133	0.827700558132501	1
chr3:183681295;A|G;Family=11172	-0.0682385963672404	0.932324249918556	0.994450336299019	1
chr3:183949843;G|A;Family=11159	1.02170346360673	0.219582844415391	0.749415042374362	1
chr3:183963531;G|A;Family=11793	0.920603421545053	0.374411049666829	0.842235997232932	1
chr3:184292359;C|G;Family=12304	0.125214340808445	0.58210571510089	0.927306478133066	1
chr3:184322831;G|C;Family=11265	-0.395992824000987	0.62846600919812	0.939245903856531	1
chr3:184322841;C|T;Family=12523	0.337671875510368	0.704187447191783	0.945498149302863	1
chr3:184325022;A|C;Family=12285	-0.257490156230651	0.820444789622776	0.969214356177691	1
chr3:184353323;C|T;Family=11205	0.508614576368026	0.677876432469008	0.945469909197862	1
chr3:184371956;G|A;Family=12375	-0.693224016363124	0.448532483541377	0.877487843305796	1
chr3:185079873;C|G;Family=12794	-0.550393810450062	0.605353768251186	0.92755546278534	1
chr3:185081076;G|GT;Family=12210	-1.75483291372507	0.0611791729935062	0.512652217529188	1
chr3:185484490;A|G;Family=12921	1.44025897277838	0.156388533388866	0.691045360534194	1
chr3:185491643;A|G;Family=12573	-1.1901302792877	0.218739824332538	0.749415042374362	1
chr3:185631246;G|A;Family=11263	0.447693749378906	0.677300888082036	0.945469909197862	1
chr3:186551141;G|A;Family=11380	-0.179352307559195	0.774547821399986	0.960984229126855	1
chr3:186855227;T|A;Family=13383	-0.483589962621577	0.397251536547824	0.851660455533044	1
chr3:186856850;A|T;Family=11046	-0.758328530285461	0.440912546663911	0.876768606361833	1
chr3:187077425;G|C;Family=12326	0.117050221402547	0.856242886301909	0.979370760717881	1
chr3:188746522;A|G;Family=11749	0.0932833142680302	0.938151306138761	0.994450336299019	1
chr3:188877000;T|C;Family=12055	-1.1886353558575	0.15788214642452	0.694669457652458	1
chr3:190308176;A|G;Family=11101	-0.958338167924043	0.43749146456849	0.876768606361833	1
chr3:190429125;TC|T;Family=14527	1.75961846286516	0.092235433577795	0.583945710513212	1
chr3:190648856;A|AT;Family=14551	-0.517133923394914	0.601804948878013	0.927312924067881	1
chr3:191397225;A|G;Family=12653	-0.765234492322633	0.445300638705976	0.87712214093298	1
chr3:193274903;G|A;Family=11651	-0.211368761737165	0.811692975017384	0.968020982222746	1
chr3:195741032;C|T;Family=14112	0.522273148653818	0.645008662699125	0.941942739149472	1
chr3:195765065;A|G;Family=11984	-0.0379045234763256	0.945983012894028	0.994450336299019	1
chr3:195863418;C|T;Family=14007	-2.13963661348616	0.0202326727742996	0.323019019248818	1
chr3:196353313;G|A;Family=14186	1.78321549911035	0.0287491506147011	0.378659551081536	1
chr3:197787323;C|T;Family=13210	0.148277281596345	0.897686163490385	0.991250445562078	1
chr3:197882964;G|T;Family=12661	1.00578172976731	0.318382066939763	0.816507055200222	1
chr3:19984533;C|CA;Family=11017	-0.0300972853112574	0.978293295737548	0.998517835991355	1
chr3:21419460;T|C;Family=13018	1.4523076293944	0.161917328898982	0.704218055768186	1
chr3:21564628;G|A;Family=14224	0.66004739915105	0.492824598658022	0.900433475287425	1
chr3:24118529;A|G;Family=12779	1.03908003451877	0.29920478558622	0.805381573484831	1
chr3:24144679;T|C;Family=11027	0.0327610908608134	0.973514584090376	0.997417843967595	1
chr3:28322041;T|C;Family=13165	-0.477235228977297	0.192269180113435	0.734664338581199	1
chr3:3057637;A|G;Family=13879	0.217809725750584	0.665368372766531	0.944172813369795	1
chr3:3069823;G|A;Family=13601	0.452467514020769	0.643130444473906	0.941942739149472	1
chr3:35690133;GACA|G;Family=11944	0.525077086500485	0.324593612551642	0.819658421180037	1
chr3:36987921;A|G;Family=11023	0.318483292167435	0.798356655531069	0.965036179884676	1
chr3:37819231;G|C;Family=12255	-0.299145625160663	0.796814749631704	0.965036179884676	1
chr3:37981612;T|C;Family=13636	1.79712559236118	0.013203397279774	0.256894731028832	1
chr3:38141218;G|A;Family=11062	0.649832327383776	0.522042421998026	0.911757599787938	1
chr3:38230542;C|T;Family=14463	-0.197590239108109	0.736346244656291	0.953407408454831	1
chr3:38253849;C|T;Family=14603	-0.493864032804499	0.496443523343366	0.902892827001901	1
chr3:38254090;C|T;Family=14603	-0.48280206706194	0.432231829422006	0.873984183721149	1
chr3:38413212;G|A;Family=11347	1.19359975142668	0.100063506173353	0.598318433096028	1
chr3:39525249;G|A;Family=12303	-0.0668785430428979	0.92740811374388	0.994450336299019	1
chr3:40258343;TCAG|T;Family=12493	1.98038104098226	0.0828202176525001	0.560816231732374	1
chr3:40464578;G|A;Family=13346	0.0581029755464261	0.891336511961807	0.990613702156101	1
chr3:42203612;G|A;Family=12585	1.04201486912763	0.209132455055095	0.74196557967373	1
chr3:42536507;G|A;Family=13724	0.0457176611126842	0.955482003299798	0.99454911051999	1
chr3:42536824;C|T;Family=11324	0.370176516486589	0.685569482797546	0.945469909197862	1
chr3:42647134;A|C;Family=14617	-0.62701698682209	0.475652810422146	0.892492129880219	1
chr3:43349876;T|G;Family=12518	-0.608872504287271	0.345687288849886	0.827397804048626	1
chr3:43350246;A|G;Family=12778	-0.137105630489588	0.616790765486974	0.934732022644725	1
chr3:4362061;T|C;Family=12154	0.493555949061219	0.546144837700409	0.915891967343381	1
chr3:43717811;G|T;Family=12320	1.28784661538712	0.0580479227643278	0.503905372081825	1
chr3:44439695;A|C;Family=13856	1.27102792354766	0.264721080116354	0.777215269367954	1
chr3:45547599;G|A;Family=11184	0.274964216476641	0.714745885027249	0.949350993466557	1
chr3:45679692;C|T;Family=13835	-1.11459810680342	0.171441150565198	0.715377164631145	1
chr3:45680381;C|T;Family=12006	0.0593825605131485	0.924476133720592	0.994450336299019	1
chr3:45756935;G|C;Family=13684	0.410660145839037	0.669577713992031	0.944197145076321	1
chr3:45901659;G|T;Family=14058	0.060919366974888	0.947327689644327	0.994450336299019	1
chr3:45919816;A|T;Family=14292	-1.55589578548811	0.096751400690541	0.594224352550345	1
chr3:46710394;T|C;Family=11472	0.837141371632987	0.474769515495216	0.892197369958257	1
chr3:47846504;G|A;Family=11356	-0.147378766299475	0.785376837559098	0.963316914580686	1
chr3:47852360;C|T;Family=13169	0.703474307575473	0.248707199908551	0.763811939865664	1
chr3:48270786;C|A;Family=14351	-0.0275465081367136	0.972988008791769	0.997156563852463	1
chr3:48294675;G|A;Family=13600	0.30871256995451	0.693363590139587	0.945469909197862	1
chr3:48404401;G|T;Family=13973	0.341958430738281	0.662234071794364	0.944172813369795	1
chr3:48415712;C|A;Family=12689	-0.411173966752908	0.75428017001087	0.957285062236887	1
chr3:48561884;G|A;Family=12108	0.0674060542632829	0.937655701351402	0.994450336299019	1
chr3:48637346;C|T;Family=13895	0.253979982761356	0.814052094780178	0.968610847466953	1
chr3:49683365;T|C;Family=12440	-0.296103617022912	0.448120622110017	0.877487843305796	1
chr3:49713972;A|G;Family=13307	0.344097954737853	0.681666400377076	0.945469909197862	1
chr3:49721483;G|T;Family=12412	0.531151415163908	0.3771933909549	0.842235997232932	1
chr3:49724909;A|T;Family=11245	-0.338688181795654	0.722999010401242	0.951635014512506	1
chr3:49724965;G|A;Family=13831	-0.811846514299498	0.00304010376991772	0.110862976337393	1
chr3:50101065;G|A;Family=13900	-1.56268049039002	0.0496378946812898	0.463792237327471	1
chr3:50287240;G|T;Family=13486	0.713605751006387	0.287661359885179	0.796000386961853	1
chr3:50325514;C|T;Family=22280	-0.600506535596039	0.594205105135432	0.927306478133066	1
chr3:50326397;C|T;Family=13833	-0.0479698960004352	0.940071525113766	0.994450336299019	1
chr3:50584208;G|A;Family=12548	-0.368920263426503	0.657032829243526	0.944172813369795	1
chr3:50607476;C|T;Family=12162	-0.596326457667287	0.579669800695158	0.927306478133066	1
chr3:51382348;G|A;Family=22308	-0.20219255628866	0.777047437562353	0.961036776938013	1
chr3:51397631;T|TA;Family=11108	-2.84886878397041	0.00767437882648945	0.187103417421329	1
chr3:51981177;A|G;Family=13988	0.355775217961336	0.786236599400413	0.963316914580686	1
chr3:52710657;G|C;Family=14404	-0.178517485626643	0.785408190086709	0.963316914580686	1
chr3:52840077;G|T;Family=11736	0.700861581830084	0.533696672423018	0.913208766660489	1
chr3:53091713;TC|T;Family=12524	-0.224053400931731	0.626226962651776	0.936932915828866	1
chr3:53815743;G|A;Family=11196	0.439480908845754	0.394296896266764	0.851660455533044	1
chr3:56570051;G|C;Family=14314	0.911353882988318	0.252559732457537	0.767157291900576	1
chr3:57091151;T|C;Family=11888	0.285037564153619	0.350869351579492	0.827700558132501	1
chr3:57095219;G|C;Family=13584	0.580972132875833	0.399110197588196	0.851660455533044	1
chr3:57627731;CAT|C;Family=11718	0.324065392033155	0.559714102967386	0.921089939777212	1
chr3:57897178;G|A;Family=12238	-0.0433420256117879	0.95550382897655	0.99454911051999	1
chr3:58323856;C|T;Family=11045	-0.670947951816769	0.37062456685775	0.841210297161793	1
chr3:59749398;CT|C;Family=12899	-1.22485165860877	0.134171646614375	0.665781468064843	1
chr3:62294279;TA|T;Family=14236	-0.263822227689109	0.83088974754485	0.973524937136148	1
chr3:69029837;T|C;Family=14245	-0.263663859991761	0.780965154677691	0.962445398268433	1
chr3:69108646;A|G;Family=14446	0.0396884476440204	0.963771566108421	0.995490630309458	1
chr3:70955673;T|C;Family=14259	2.50385752339496	0.00054991346026086	0.0332621332844316	1
chr3:71675490;C|A;Family=11753	-0.152644942440558	0.493559032765732	0.900433475287425	1
chr3:71684633;G|A;Family=11000	-0.357905270284607	0.690609718006608	0.945469909197862	1
chr3:73067881;TAACTC|T;Family=13965	0.87408855647364	0.27256029992644	0.784358480666055	1
chr3:8890175;C|T;Family=13026	-0.360209610718288	0.448531705883268	0.877487843305796	1
chr3:8981576;G|A;Family=12907	-1.18890468536883	0.103953745190054	0.602079104633879	1
chr3:9047394;C|T;Family=12657	0.429474833165423	0.493359298968239	0.900433475287425	1
chr3:9384861;T|C;Family=11325	-0.818748655595972	0.385667286624868	0.84498278102033	1
chr3:9447908;G|A;Family=13576	2.31949547437569	0.039165896460749	0.420459639763188	1
chr3:9476186;G|A;Family=13306	-0.874674937608352	0.328344610804468	0.819658421180037	1
chr3:9499170;C|G;Family=11229	-0.345814612316403	0.132975515247685	0.663432190203122	1
chr3:9499781;G|T;Family=11229	-1.30712054470641	0.0430023670824128	0.439845938514262	1
chr3:98134403;G|T;Family=11396	-1.38286332901219	0.116308387924606	0.623659721241548	1
chr3:98154572;T|C;Family=13167	-0.307403546531134	0.663477867979997	0.944172813369795	1
chr3:98797515;T|C;Family=13160	0.669535573616322	0.407543204145426	0.858216660216131	1
chr3:9962571;C|A;Family=12271	-0.642533282999935	0.416424129124004	0.864880883565238	1
chr3:9963806;T|C;Family=14017	-0.412353459359896	0.434089515566942	0.874543950355053	1
chr4:102723006;G|C;Family=14542	-0.147577323608879	0.621308858950557	0.935840807343535	1
chr4:10442850;T|C;Family=12055	-0.683982843688062	0.438208023124333	0.876768606361833	1
chr4:104469009;G|A;Family=12162	1.2950894572755	0.157965413164434	0.694669457652458	1
chr4:105275518;C|T;Family=11348	-0.952552554214277	0.422819226136014	0.868719830376249	1
chr4:106247280;G|C;Family=14493	-0.517506878589288	0.641146301961678	0.941942739149472	1
chr4:107912006;A|C;Family=14147	-0.240854162247655	0.482324310754759	0.89494435022308	1
chr4:108005229;A|G;Family=12748	0.0463861545261951	0.96763567483787	0.995500056197723	1
chr4:109688545;T|TAAAC;Family=12838	-1.33572544513147	0.168568628252967	0.713937719659626	1
chr4:109713597;T|C;Family=14006	-0.0379323139085721	0.970766640234747	0.996270291487421	1
chr4:109844314;A|G;Family=12456	0.949798269302887	0.394342571363298	0.851660455533044	1
chr4:110046164;G|A;Family=14414	-1.13115975480547	0.24047508765544	0.755402202581065	1
chr4:110047183;T|A;Family=14414	0.607938090223366	0.582941932399096	0.927306478133066	1
chr4:110049519;T|C;Family=14424	1.69274299933832	0.000692232514024758	0.0380640982189671	1
chr4:112187019;C|T;Family=12689	0.599617215883467	0.551385142374012	0.918315545916195	1
chr4:112190766;C|G;Family=11383	1.41171090732402	0.093746795055988	0.586343383871005	1
chr4:112539345;G|GA;Family=13870	-0.392288925361305	0.698596171264701	0.945469909197862	1
chr4:113901005;G|C;Family=14175	0.595161938302242	0.324134904714747	0.819658421180037	1
chr4:113901299;T|G;Family=14175	0.275783070867492	0.81820721575226	0.969214356177691	1
chr4:11394410;A|C;Family=13066	0.404680446095653	0.682297461751159	0.945469909197862	1
chr4:118714922;G|A;Family=14127	-1.02017323373788	0.060808188264454	0.512652217529188	1
chr4:118797718;C|T;Family=12150	0.0282645058053132	0.915615299505509	0.994450336299019	1
chr4:118817391;G|T;Family=12638	-1.52093153985921	0.111449667705599	0.61449519194641	1
chr4:119294495;T|C;Family=13277	0.320566099714228	0.291737508836696	0.799446775975853	1
chr4:120693224;C|T;Family=14233	-0.620781053713037	0.0338629088488829	0.406778940418053	1
chr4:120837941;C|T;Family=12613	0.505752539486491	0.0525164810144485	0.482101295712637	1
chr4:122922243;T|G;Family=11775	-1.44784303191261	0.113366644394123	0.615802245880502	1
chr4:127835018;C|T;Family=11415	0.879539722921432	0.254984386950939	0.771254257729692	1
chr4:128017501;C|T;Family=14395	-2.03098367161154	0.00069452466793867	0.0380640982189671	1
chr4:128862284;C|T;Family=13660	0.291285059160242	0.644877022827234	0.941942739149472	1
chr4:128874168;A|AT;Family=12507	0.126173887069485	0.881461155362609	0.986719394156308	1
chr4:129039751;C|T;Family=14514	-0.62636045131509	0.00410610737820695	0.128868600792957	1
chr4:133193466;C|A;Family=12637	0.129947762887184	0.845187485698164	0.978330974570202	1
chr4:133194330;A|G;Family=13504	-0.0858037638986459	0.94181700181014	0.994450336299019	1
chr4:134197149;C|T;Family=14288	0.744796789799676	0.477778637231277	0.893496135409152	1
chr4:13568956;G|A;Family=11245	-0.440194226241549	0.34886512125156	0.827700558132501	1
chr4:13614601;C|T;Family=22364	-1.3395655794075	0.12002009065934	0.631751817476925	1
chr4:138164683;C|T;Family=13732	-0.17927962758427	0.831988586344226	0.974009557208743	1
chr4:1387646;AT|A;Family=13916	0.550636252555338	0.282953487261136	0.791839078405854	1
chr4:1389494;C|T;Family=12782	0.896707472724647	0.373883466964067	0.842235997232932	1
chr4:139045662;G|A;Family=13415	0.76325590033206	0.382332522519558	0.842965285880744	1
chr4:1391008;T|G;Family=14198	0.0892238587353138	0.668755893740114	0.944172813369795	1
chr4:139388551;G|A;Family=14016	-0.928999635763985	0.304705462493491	0.805381573484831	1
chr4:139476470;C|T;Family=13620	-0.321028860715623	0.771278029700235	0.960984229126855	1
chr4:139533260;C|T;Family=14081	-0.695008690987323	0.572639245539597	0.926562276276546	1
chr4:139599880;C|A;Family=11266	0.201492451599104	0.815544052086178	0.968610847466953	1
chr4:139600680;G|A;Family=11422	-0.918226636638239	0.176523589588465	0.716958229977648	1
chr4:140859934;C|T;Family=12130	0.294631159960567	0.733827865529092	0.951889294499884	1
chr4:140865880;T|C;Family=13523	-0.775415027905826	0.226847744965603	0.749415042374362	1
chr4:140866639;T|TA;Family=13683	-1.79656133314736	0.0646244533046954	0.527630990763609	1
chr4:141234067;A|G;Family=11172	0.212836643008171	0.352480165850785	0.828105945205645	1
chr4:142314758;C|T;Family=12424	-1.68305749484265	0.204521804391717	0.74196557967373	1
chr4:144109810;C|T;Family=11573	1.12449492706046	0.0893964790686689	0.578287426017872	1
chr4:145123027;G|A;Family=13548	0.699489706783466	0.400410304777051	0.851660455533044	1
chr4:146514083;G|A;Family=13296	2.32055028402357	0.0318909798357052	0.399189704280324	1
chr4:146641146;CAAGT|C;Family=12340	-0.376973073000111	0.693628525060799	0.945469909197862	1
chr4:15069288;GCTGA|G;Family=12738	-0.0382456677842	0.974892363978899	0.998191842279818	1
chr4:151120728;T|C;Family=14314	0.744796665775291	0.160255672979764	0.70300634392763	1
chr4:152628346;T|C;Family=11798	-0.209486562832825	0.855770869185861	0.979370760717881	1
chr4:153336200;G|A;Family=11198	0.283625111826182	0.710808331867478	0.948985033661361	1
chr4:15444954;A|T;Family=11307	-0.754619457750188	0.290391856387692	0.79889773593665	1
chr4:154535187;CACA|C;Family=14351	-1.61870342249615	0.144988432746999	0.681437958446688	1
chr4:155713102;T|A;Family=14523	1.11268891403944	0.263407922894739	0.776380993958328	1
chr4:155919994;C|T;Family=12396	1.42916919276958	0.241514756489698	0.755402202581065	1
chr4:158905380;T|G;Family=14047	0.19128789589766	0.672454377240375	0.944975964713957	1
chr4:158905911;A|C;Family=11979	0.0468269347793069	0.934425715604542	0.994450336299019	1
chr4:16161394;C|T;Family=11018	0.703622474501927	0.2466900324652	0.763028641464394	1
chr4:1641396;C|T;Family=14112	0.247360100892684	0.845325046854153	0.978330974570202	1
chr4:165079061;A|G;Family=14208	-0.748555848028079	0.34789397159846	0.827525017275195	1
chr4:166074932;C|T;Family=13092	-0.189658732227397	0.872325238852859	0.985290149820885	1
chr4:166734175;A|T;Family=11447	-1.09021197815754	0.111906212704762	0.61449519194641	1
chr4:167000419;G|C;Family=14373	0.405676980131134	0.5450912148246	0.915385318628562	1
chr4:1692863;TAAC|T;Family=14411	1.219737929363	0.335664544156932	0.820107899861428	1
chr4:1717219;G|A;Family=14292	0.127508889709219	0.910269065025878	0.994450336299019	1
chr4:173331978;A|C;Family=11280	0.253055493510331	0.814735646877418	0.968610847466953	1
chr4:174637083;T|A;Family=13898	0.386045995885823	0.690938275529477	0.945469909197862	1
chr4:17629337;A|G;Family=13131	-1.07290923363207	0.344471648781834	0.827348182979837	1
chr4:176328690;T|C;Family=14137	-0.0450674394624719	0.953663766088333	0.99454911051999	1
chr4:17802844;T|C;Family=11107	0.378179861122676	0.658815825425093	0.944172813369795	1
chr4:17817327;T|C;Family=11086	-0.574270965973558	0.580575627855097	0.927306478133066	1
chr4:1805617;G|A;Family=11966	-1.15912661193309	0.329168834756013	0.819658421180037	1
chr4:183253800;G|C;Family=14285	-4.02658183683779	5.3632377953196e-05	0.00547050255122599	0.196938091844136
chr4:184089729;G|A;Family=14560	-0.461701373939094	0.589358207550923	0.927306478133066	1
chr4:185366907;T|TA;Family=11412	-1.80448815218081	0.031566467194828	0.399189704280324	1
chr4:186274383;A|G;Family=13742	0.321794228683519	0.773619794509257	0.960984229126855	1
chr4:1942178;A|T;Family=11057	-0.0300600684973552	0.980425033946481	0.998517835991355	1
chr4:1942314;T|C;Family=12346	0.774737233091813	0.00403801649882995	0.128868600792957	1
chr4:1947391;C|T;Family=11537	0.145097321475689	0.813985786727754	0.968610847466953	1
chr4:2065821;G|A;Family=13928	0.902812066547635	0.301165941499941	0.805381573484831	1
chr4:23883160;G|T;Family=13692	0.711926170331941	0.367161679436421	0.839796388753919	1
chr4:2512438;AAAG|A;Family=13927	-0.0153899320849731	0.986013181532334	0.998517835991355	1
chr4:25677688;C|T;Family=13409	-0.845977124411779	0.443996175711261	0.876768606361833	1
chr4:25678077;A|G;Family=11256	1.38936742722206	0.131649415106849	0.660405262667146	1
chr4:26432168;G|T;Family=13336	-0.510068343348679	0.477774404232089	0.893496135409152	1
chr4:2833952;G|A;Family=12343	-0.389875337763239	0.640272054497753	0.941942739149472	1
chr4:2838715;A|G;Family=13152	0.188697198212376	0.844580479405163	0.978327924408756	1
chr4:2938451;T|C;Family=14379	-1.01197743348295	0.441726989170701	0.876768606361833	1
chr4:2965551;A|C;Family=14022	0.610428218321416	0.553007015151996	0.918501250926808	1
chr4:2966118;A|G;Family=12719	-0.224005357901672	0.36445926082231	0.837851309102946	1
chr4:31144075;G|A;Family=11933	1.89979584399261	0.066141713924743	0.527788695830335	1
chr4:3255979;G|A;Family=12802	0.200909296359408	0.852156734383609	0.97926323081958	1
chr4:3256094;C|G;Family=11346	-1.14912291546132	0.364144796599659	0.837806825259366	1
chr4:3493275;C|T;Family=12749	0.515861485421992	0.686102490856009	0.945469909197862	1
chr4:3493768;G|C;Family=14485	0.100319662330982	0.68897171607977	0.945469909197862	1
chr4:38690744;C|T;Family=11067	-0.831569744548773	0.480430958393974	0.893845066892595	1
chr4:39547814;A|G;Family=14460	0.687555166187552	0.13653038539732	0.671137316169959	1
chr4:39898284;A|G;Family=12108	1.35164213607475	0.136178346766363	0.67066818352242	1
chr4:42412029;T|C;Family=13822	-0.262143456915848	0.631170275088808	0.941582911078405	1
chr4:4321136;C|T;Family=11946	0.635037568635267	0.49221678234171	0.900433475287425	1
chr4:44699882;C|T;Family=13543	1.01543308278482	0.233489615121765	0.750044584209939	1
chr4:44706524;T|C;Family=12778	0.512540671146207	0.452073048424952	0.879243767911242	1
chr4:51994125;T|G;Family=14044	-0.757695530401683	0.540889420730242	0.913855600356234	1
chr4:52022904;T|C;Family=13694	-1.20373763600807	0.443877953751378	0.876768606361833	1
chr4:52592741;A|C;Family=11491	0.00252988345288308	0.997158198415114	0.998517835991355	1
chr4:52596840;C|T;Family=14670	0.00807737108386675	0.987062719070889	0.998517835991355	1
chr4:54296702;G|A;Family=11096	0.900727263243303	0.35248627242822	0.828105945205645	1
chr4:54740149;T|G;Family=14541	-0.0475989435019903	0.739067144449754	0.954574236517586	1
chr4:56393831;T|C;Family=14535	0.882586035679895	0.478032477185471	0.893496135409152	1
chr4:5897783;G|T;Family=11498	0.48702502259612	0.516277674780984	0.911757599787938	1
chr4:6322500;G|A;Family=13341	-0.965233845674159	0.295576525867094	0.80320362518346	1
chr4:6323061;C|G;Family=13737	-1.56373139464419	0.147006950160997	0.682633974185169	1
chr4:67606634;T|C;Family=12662	-0.463420812973733	0.692462933473487	0.945469909197862	1
chr4:67821539;G|C;Family=22016	0.2614186597959	0.783006855041634	0.963216472935639	1
chr4:68311189;G|C;Family=14134	-0.557561292062516	0.465882160597528	0.888899465131253	1
chr4:68497139;A|G;Family=11101	0.379496423398078	0.704904330637045	0.945498149302863	1
chr4:6881297;A|T;Family=13005	1.28114219802489	0.205613767141208	0.74196557967373	1
chr4:69480687;G|T;Family=12113	1.02901784773489	0.167678678638097	0.711810529432476	1
chr4:70158581;C|T;Family=11075	0.199695125657341	0.767618855940817	0.960984229126855	1
chr4:7032861;G|A;Family=11489	-0.447711938484782	0.648450537959594	0.941942739149472	1
chr4:70815920;A|G;Family=11263	0.719755088278347	0.19322920464636	0.735543675109232	1
chr4:70817047;AG|A;Family=13265	-0.0330469151929304	0.952721216421027	0.99454911051999	1
chr4:70817164;CAAGTTT|C;Family=12175	2.79542542856147	0.000596706445696583	0.0353404204612557	1
chr4:71568932;C|T;Family=11916	-0.592060581371871	0.521813760008279	0.911757599787938	1
chr4:7431400;G|A;Family=14681	-0.318587554252816	0.578618078595866	0.927306478133066	1
chr4:76159602;G|A;Family=11381	0.96576594078186	0.257943517540555	0.774612976687764	1
chr4:76159718;C|CA;Family=14329	-0.200734105667283	0.795768234639412	0.965036179884676	1
chr4:76179611;A|G;Family=13195	0.819347625060628	0.476465802144437	0.893099757771502	1
chr4:76263795;A|G;Family=11497	-0.0907144033757013	0.805201598411868	0.966639440733287	1
chr4:767899;C|T;Family=13879	2.18313721487848	0.0172006954158644	0.300766445557401	1
chr4:7741984;G|A;Family=11258	-0.3488062951479	0.645489182694569	0.941942739149472	1
chr4:7742481;T|C;Family=13628	0.0495615220100833	0.939097226964163	0.994450336299019	1
chr4:77717094;A|C;Family=12972	0.0663042381396601	0.951133545262372	0.994490996964741	1
chr4:77718086;T|G;Family=14346	0.0725389252370906	0.935700920538724	0.994450336299019	1
chr4:78071689;C|T;Family=11325	0.562998095137291	0.547005394854577	0.916451192211736	1
chr4:78446141;A|G;Family=11933	-0.456581433123565	0.411042732633845	0.86248509384656	1
chr4:78912468;T|C;Family=11673	-0.496998798590614	0.625698503387656	0.936932915828866	1
chr4:78919845;C|T;Family=11450	1.54053696284293	0.15063235147086	0.683866227083353	1
chr4:78920280;CGTT|C;Family=13034	0.636656249413246	0.499987739153161	0.904434323173208	1
chr4:78926636;G|A;Family=13748	-0.036234032937055	0.937897731526309	0.994450336299019	1
chr4:7966592;A|G;Family=11407	0.61714917416775	0.583929670834071	0.927306478133066	1
chr4:79903699;G|A;Family=13578	1.27296197490385	0.273717164918201	0.784613137845149	1
chr4:8007268;G|A;Family=11031	0.007557743913303	0.988172110964896	0.998517835991355	1
chr4:80870473;A|G;Family=13997	0.84417302408683	0.0868781435859575	0.572740652150154	1
chr4:81054276;T|A;Family=14419	-2.52652509605633	0.0040819564450317	0.128868600792957	1
chr4:82355303;C|T;Family=11041	-3.57157322949653	3.08235353936672e-07	7.4394987895476e-05	0.00113184021965546
chr4:82423553;G|C;Family=12673	-0.0653858599495436	0.702458276881776	0.945469909197862	1
chr4:82918607;C|A;Family=11568	-0.0866420236171867	0.920832620826375	0.994450336299019	1
chr4:82927114;A|G;Family=12320	-0.972564157480823	0.30444481475288	0.805381573484831	1
chr4:82931083;C|T;Family=13916	0.0841451869241205	0.951927005262472	0.994490996964741	1
chr4:83459557;C|T;Family=14608	-0.458753481067579	0.644726568148792	0.941942739149472	1
chr4:83462178;C|T;Family=13054	-1.93480273738232	0.0612893037841268	0.512652217529188	1
chr4:84649853;GAAA|G;Family=12867	1.87505237318751	0.0490237661203149	0.459222625494378	1
chr4:849961;G|A;Family=11798	0.705030531369792	0.578774907166701	0.927306478133066	1
chr4:8606838;G|A;Family=12529	-0.215501469806112	0.689462585679246	0.945469909197862	1
chr4:8618435;C|T;Family=12656	0.49370060958236	0.399314481215062	0.851660455533044	1
chr4:87812148;T|C;Family=11310	-0.440769865819241	0.540054071700465	0.913855600356234	1
chr4:88707192;T|G;Family=13568	0.876153368761409	0.268404815305956	0.777273250633651	1
chr4:95156901;A|G;Family=11368	-2.89137946316199	3.24161167300549e-07	7.4394987895476e-05	0.00119031980632762
chr4:95167823;A|G;Family=13344	0.508706384978283	0.651329125440674	0.941942739149472	1
chr4:95169196;T|C;Family=13654	2.1820855886893	0.0360573685137344	0.412469337016924	1
chr4:98471525;A|G;Family=13089	1.27214729900897	0.166602851131372	0.710529232699649	1
chr4:98874417;GCAC|G;Family=12860	-0.825295435006901	0.38892223275486	0.848715068786487	1
chr5:103277917;C|A;Family=11490	-0.15611356087439	0.57558800211727	0.927306478133066	1
chr5:1038589;G|A;Family=14036	-1.53984683077457	0.127144157166055	0.650881390235383	1
chr5:10651985;A|G;Family=12572	1.32788308189522	0.250947582477128	0.766835991803081	1
chr5:10655067;C|T;Family=11954	-0.0457007146142761	0.93189758924431	0.994450336299019	1
chr5:107878371;G|A;Family=12645	-0.143829864615042	0.746954896614027	0.956352294409592	1
chr5:107880810;T|C;Family=12071	-2.02446138181738	0.0458671755384595	0.452032475980114	1
chr5:109194136;G|C;Family=14596	-0.854348787484018	0.427917183186784	0.870220990956183	1
chr5:109195086;A|G;Family=13894	-1.51465230818007	0.179344304250717	0.720778275725543	1
chr5:109196078;A|G;Family=12969	0.436792865092101	0.722606152929243	0.951635014512506	1
chr5:11017999;C|T;Family=12467	-0.341466083888432	0.187733093652418	0.729688306060486	1
chr5:111473367;G|A;Family=11933	-0.175944676424193	0.762718911367163	0.960649585891211	1
chr5:112164264;A|G;Family=12758	0.474895460459079	0.635735613471338	0.941942739149472	1
chr5:113018686;G|C;Family=13160	-0.684262481773417	0.14460752358131	0.681437958446688	1
chr5:113532927;C|T;Family=11788	0.25792074114044	0.58087657133819	0.927306478133066	1
chr5:115126066;G|C;Family=14291	-0.404413820524573	0.205584449784802	0.74196557967373	1
chr5:115206875;G|A;Family=12206	0.00782375070925692	0.990792278824631	0.998517835991355	1
chr5:115522383;T|C;Family=11957	2.11379455783072	0.0225974808344242	0.344306844912886	1
chr5:115805085;TC|T;Family=14481	-0.59497979223837	0.478883220217766	0.893496135409152	1
chr5:123193715;A|G;Family=13843	1.02113183399596	0.310837397164881	0.809514309709848	1
chr5:124637274;C|A;Family=13876	-0.700951786608262	0.380800224589048	0.842235997232932	1
chr5:126543387;C|T;Family=14129	1.39885420168343	0.0373229903430846	0.419882520707689	1
chr5:127051416;G|A;Family=11524	0.221462636128831	0.754750741050306	0.957285062236887	1
chr5:131200111;T|G;Family=13486	1.05067891891986	0.286410256398946	0.794334185420642	1
chr5:132483133;G|A;Family=13575	0.311150418604752	0.45925752329477	0.882319234493495	1
chr5:132861482;T|C;Family=14463	-0.0628424862084337	0.821768010900046	0.969214356177691	1
chr5:134579061;G|T;Family=22231	-0.385528994018383	0.29277629804852	0.799906671453991	1
chr5:134602714;C|T;Family=13064	0.487095690343493	0.56324134424974	0.922601710401907	1
chr5:134603713;C|G;Family=12175	0.631105251002855	0.00755938193549459	0.187103417421329	1
chr5:134606769;C|T;Family=11300	1.65610812923238	0.146221942866868	0.68224520229624	1
chr5:134751145;T|C;Family=14206	-1.02432481644891	0.312414892358604	0.811306566294763	1
chr5:134751653;A|C;Family=12705	0.397534352106599	0.598074837302325	0.927306478133066	1
chr5:134900029;ACT|A;Family=14032	0.360947989299036	0.205871482538708	0.74196557967373	1
chr5:135446401;G|A;Family=13053	-0.273451613315307	0.372611678846775	0.842235997232932	1
chr5:135826564;C|T;Family=13620	0.692613898804212	0.314455967268258	0.815453610034634	1
chr5:135872456;C|T;Family=12162	0.975173676703226	0.32498714185426	0.819658421180037	1
chr5:135947137;G|A;Family=14686	-0.253837990860541	0.650142233224651	0.941942739149472	1
chr5:136247596;C|T;Family=14339	0.0214611055719102	0.982895051248897	0.998517835991355	1
chr5:136977317;C|T;Family=11388	-0.210487300700819	0.849423066848452	0.9788483786814	1
chr5:136978143;T|C;Family=12997	1.49287109912463	0.138323986467918	0.671319593410364	1
chr5:137620150;C|T;Family=13812	1.06957534114731	0.351643828445275	0.827715473109646	1
chr5:138160986;G|T;Family=12837	0.335885453890186	0.790672073644574	0.964104241095156	1
chr5:138468105;A|G;Family=11721	0.578757259054853	0.65176490416648	0.941942739149472	1
chr5:138506911;AG|A;Family=14015	0.606689758200816	0.0979099285964836	0.59577019485893	1
chr5:139412675;C|A;Family=11254	-0.138722422128605	0.863139142680486	0.98114395146469	1
chr5:139448778;C|T;Family=11696	0.485344921414265	0.552439825961022	0.918315545916195	1
chr5:139473349;C|T;Family=13750	0.227137133571533	0.72331517579096	0.951635014512506	1
chr5:139844466;A|G;Family=13985	-0.470799628980009	0.667516044713634	0.944172813369795	1
chr5:140116673;C|T;Family=12118	0.0285079845114559	0.975085549634452	0.998191842279818	1
chr5:140566826;G|A;Family=12456	-0.340737308453487	0.742525873303557	0.955010510252421	1
chr5:140668697;C|T;Family=13589	1.4442548520962	0.174426994206629	0.716958229977648	1
chr5:141011417;G|A;Family=12494	0.231027443703726	0.830108216225519	0.973524937136148	1
chr5:141098268;T|G;Family=14118	2.12790225240108	0.00440999179662733	0.132733523583734	1
chr5:141124503;C|T;Family=13577	0.621864007682193	0.425618264893394	0.869892985430097	1
chr5:141218712;C|T;Family=13612	-1.33125860165835	0.105155286741767	0.605219769460449	1
chr5:141511592;C|T;Family=12261	-0.212239703449363	0.835554816420921	0.975229691942293	1
chr5:141574181;C|T;Family=11265	-2.59182623778149	0.00122358396253438	0.058350653382159	1
chr5:141944620;C|T;Family=13064	-0.304102432137332	0.607003207263936	0.92755546278534	1
chr5:144485013;G|A;Family=11918	-0.530410681586318	0.61862012604275	0.93531442269342	1
chr5:146063236;G|A;Family=12628	-1.77842341031286	0.0700612018214811	0.541261089449023	1
chr5:146510584;G|A;Family=14540	0.615933260178361	0.599393167680743	0.927306478133066	1
chr5:14708976;T|TCTGC;Family=11700	-1.61858997117869	0.0392749609038054	0.420459639763188	1
chr5:149042833;G|A;Family=12497	1.67582482391608	0.0663166899379938	0.527788695830335	1
chr5:149369334;G|A;Family=13586	-0.69623833795414	0.39101973600325	0.850238811135568	1
chr5:149632765;G|A;Family=12908	1.33338926739143	0.0809370254426043	0.559594821307933	1
chr5:149852282;CCT|C;Family=12053	0.597646048169044	0.517091702547314	0.911757599787938	1
chr5:150114767;G|A;Family=14044	0.661761842503395	0.49196278234089	0.900433475287425	1
chr5:150132781;C|T;Family=14058	0.874105312615558	0.341829431235683	0.826058711914868	1
chr5:150296819;C|G;Family=12802	-0.235684976310627	0.75348965520815	0.957285062236887	1
chr5:150405353;G|T;Family=12790	-0.623300053907872	0.383590421340111	0.842965285880744	1
chr5:150651253;G|A;Family=12972	-0.130058885188906	0.897182917958761	0.991250445562078	1
chr5:150653430;C|A;Family=11118	-0.298825723475985	0.601148475216817	0.927312924067881	1
chr5:150715573;G|A;Family=11250	-0.187447175272349	0.745237851287321	0.955820254951813	1
chr5:151181061;G|A;Family=12681	-4.71203817135442	9.50647683205947e-05	0.00872694573183059	0.349077829273224
chr5:151315542;G|A;Family=13503	0.203380716044248	0.456362875903645	0.881883284437375	1
chr5:151794181;A|G;Family=14642	-1.38355529232051	0.208758496421618	0.74196557967373	1
chr5:153991515;CA|C;Family=11676	-1.51462475574408	0.129157977419857	0.653261836206219	1
chr5:153992232;T|C;Family=11519	0.48365988981629	0.576462457511092	0.927306478133066	1
chr5:154417976;C|T;Family=14214	2.30696953235382	0.0371090719990489	0.419275422709254	1
chr5:154968991;A|T;Family=11634	0.285355026163837	0.5263635264875	0.912907455232427	1
chr5:157086815;CCCA|C;Family=14307	0.160708096234632	0.895921862843855	0.991250445562078	1
chr5:157502848;G|A;Family=14455	-1.48927192883299	0.232329805751134	0.750044584209939	1
chr5:157759964;G|A;Family=11055	0.728690459947943	0.546078140560287	0.915891967343381	1
chr5:158698174;C|T;Family=14456	-1.16382823704473	0.240529227514338	0.755402202581065	1
chr5:160259707;C|A;Family=14681	1.33213632311212	0.261459483642278	0.776380993958328	1
chr5:161289036;T|A;Family=11931	-0.70713904656993	0.475803248456339	0.892492129880219	1
chr5:161897364;A|G;Family=14046	0.944118000975064	0.177054335094618	0.716958229977648	1
chr5:162153429;T|A;Family=14317	-0.194694484907195	0.389999801556359	0.849898677338249	1
chr5:162159552;G|A;Family=11827	-2.12991874976635	0.0176709788115252	0.301141713519081	1
chr5:169598511;C|T;Family=11336	-1.26214973326661	0.21125683509913	0.74399324395962	1
chr5:170047567;T|TA;Family=12916	-0.362652830940933	0.602157839194086	0.927312924067881	1
chr5:171028985;T|G;Family=14333	-0.850642472596759	0.0090995310205166	0.210147659794572	1
chr5:172044771;G|A;Family=14563	-1.09027096654787	0.179713195534114	0.720778275725543	1
chr5:172044784;C|T;Family=11298	-0.278582252288444	0.74197070951135	0.955010510252421	1
chr5:172334322;C|G;Family=13151	0.443536821750333	0.565484307814593	0.923691449419566	1
chr5:172690788;T|A;Family=11159	-0.00421367902217544	0.995489147467074	0.998517835991355	1
chr5:172950895;A|C;Family=11895	0.879844369118483	0.306765584646619	0.805753381131891	1
chr5:173958259;G|A;Family=13290	-0.137972147006563	0.617978342825112	0.935020341013119	1
chr5:175709168;A|G;Family=11079	-0.350458749279008	0.715334032348686	0.949640841209101	1
chr5:175883914;C|T;Family=11707	0.418590211851504	0.57956714440788	0.927306478133066	1
chr5:176378052;G|A;Family=13582	-1.02559445387442	0.424901068180376	0.869212658695454	1
chr5:176508338;GT|G;Family=13975	-0.35625541533488	0.66809920637209	0.944172813369795	1
chr5:176508958;G|A;Family=11671	1.63613722948961	0.112789075391623	0.614645607383283	1
chr5:177307387;G|C;Family=12817	-2.77347989058474	0.00719248460773422	0.182180015331211	1
chr5:177490390;G|A;Family=14124	0.544370768267537	0.610044646962009	0.92950812933936	1
chr5:177524227;G|A;Family=11781	-0.341321045499258	0.61473063097573	0.933150424531989	1
chr5:178123185;G|A;Family=12858	-0.976077458153262	0.214588493639386	0.745520530250467	1
chr5:178123307;G|A;Family=12563	0.936230457300218	0.0997101932669083	0.598318433096028	1
chr5:178619898;T|C;Family=12618	0.782038640594186	0.41558116172648	0.864107602412024	1
chr5:178620162;A|G;Family=14288	0.862772830781	0.357567788035126	0.83417339114675	1
chr5:178979903;C|G;Family=12739	0.42130669518305	0.123091789178673	0.639479752080892	1
chr5:179917699;TA|T;Family=12795	-0.235255537192749	0.67153590745468	0.944975964713957	1
chr5:180241066;T|C;Family=11563	0.637829007907732	0.0844888755974971	0.563111873227569	1
chr5:180791412;T|C;Family=14263	0.671207990981536	0.24563155369363	0.762433698362644	1
chr5:180950161;G|A;Family=14696	-2.65949782153136	0.0284729596832568	0.377964154651389	1
chr5:188554;TGAC|T;Family=13874	0.27516894166694	0.170608760346519	0.715377164631145	1
chr5:24492863;GA|G;Family=12329	0.365959141171316	0.72267028596925	0.951635014512506	1
chr5:2754211;C|T;Family=12498	0.697809915193408	0.318665325603542	0.816507055200222	1
chr5:31328224;T|C;Family=13914	0.763526539395182	0.161930460609065	0.704218055768186	1
chr5:32787669;G|A;Family=12888	1.60688958991175	0.0854065830535526	0.56711206685831	1
chr5:33947127;G|A;Family=13885	-1.10976364552413	0.0592474995532733	0.509360951860701	1
chr5:35060331;G|A;Family=14513	0.772235952242824	0.221350549015536	0.749415042374362	1
chr5:35876241;G|A;Family=14310	-0.558587262686021	0.617999555457201	0.935020341013119	1
chr5:36100376;T|C;Family=12415	-0.518604527973358	0.667475176909246	0.944172813369795	1
chr5:36103518;G|GT;Family=11348	0.301570543142024	0.675388949041174	0.945469909197862	1
chr5:36194589;A|G;Family=12858	1.02026715801529	0.174649488741974	0.716958229977648	1
chr5:38947440;A|T;Family=14188	-0.0689122900307155	0.930607208575198	0.994450336299019	1
chr5:40760134;C|T;Family=14336	-1.34145256953156	0.0439292318506365	0.44194010782339	1
chr5:40981661;C|T;Family=13148	-1.45788909023864	0.149253461937692	0.683866227083353	1
chr5:41310859;C|T;Family=11055	1.57378785216589	0.0863934059166137	0.57159745319965	1
chr5:42721448;G|C;Family=11931	-0.0537186344161142	0.942573631580587	0.994450336299019	1
chr5:43380844;A|G;Family=11348	-1.7391712327771	0.0178695953548846	0.301141713519081	1
chr5:43444768;T|C;Family=12605	-0.227182356990936	0.543286158926378	0.913855600356234	1
chr5:52952473;A|G;Family=12415	0.627229214342239	0.540917520134645	0.913855600356234	1
chr5:52954074;C|A;Family=14285	-0.0805236878883357	0.910861800118786	0.994450336299019	1
chr5:53045071;C|T;Family=12430	0.271513482595973	0.700770214060515	0.945469909197862	1
chr5:5319376;CAG|C;Family=14124	1.38887852403231	0.187386281886303	0.729688306060486	1
chr5:53486850;G|A;Family=11325	0.111655376858687	0.756077918808033	0.957285062236887	1
chr5:53573684;G|A;Family=12313	-0.41401038443465	0.638422833982553	0.941942739149472	1
chr5:55350930;A|G;Family=22349	0.674952931738809	0.00527668139398955	0.152566725029367	1
chr5:55936960;T|C;Family=14472	0.214859809436943	0.531356514761607	0.913208766660489	1
chr5:56894370;G|GA;Family=13298	-0.201281392061214	0.666030702879179	0.944172813369795	1
chr5:56895756;A|G;Family=12233	-1.09091802203445	0.360735501274312	0.834669666464571	1
chr5:58454338;G|A;Family=11654	0.0333498512403134	0.972637932250039	0.997076071251296	1
chr5:58970567;A|G;Family=13645	0.398370465231519	0.633733417710445	0.941582911078405	1
chr5:58973604;T|TATC;Family=14653	0.583922956523654	0.224252882072653	0.749415042374362	1
chr5:64721648;A|C;Family=13736	0.21216845981877	0.66352238682038	0.944172813369795	1
chr5:6491759;G|A;Family=11694	0.400040951912332	0.333437286100731	0.820107899861428	1
chr5:6493758;C|T;Family=14303	-1.24846665697903	0.0928259399716876	0.585207034413117	1
chr5:6494271;A|G;Family=13042	-1.32261968611106	0.144895514485147	0.681437958446688	1
chr5:65297209;C|T;Family=12792	0.226983116628963	0.822136978855548	0.969214356177691	1
chr5:65591350;T|A;Family=11834	0.709080388862991	0.45043081563929	0.879034063888941	1
chr5:66180575;CTCT|C;Family=12237	0.542435997175287	0.30099442568678	0.805381573484831	1
chr5:662515;C|T;Family=14264	1.64215090252791	0.17569923445065	0.716958229977648	1
chr5:663304;C|T;Family=13287	0.457710191410141	0.693898350444589	0.945469909197862	1
chr5:72205719;G|A;Family=12834	-0.407792961366875	0.563591532844406	0.922651854036851	1
chr5:72366272;T|G;Family=13547	-0.2552846954212	0.761432920449128	0.960649585891211	1
chr5:74779164;CAAGAAT|C;Family=11060	2.55555502932004	2.88387480854484e-05	0.00320896615059899	0.105895882969767
chr5:76327253;G|C;Family=11350	-7.58189974364096	3.96822198245843e-13	2.42855185326456e-10	1.45713111195873e-09
chr5:76617391;G|A;Family=14336	0.197317296814399	0.772927841083162	0.960984229126855	1
chr5:76834865;T|C;Family=13823	-0.235761356848904	0.606595205234971	0.92755546278534	1
chr5:78485842;C|T;Family=12582	0.69039500690843	0.415039069709959	0.864107602412024	1
chr5:79373237;A|C;Family=12055	2.11786397950719	0.0242848945960847	0.356893769407175	1
chr5:80113607;C|T;Family=14534	0.131787700664403	0.852553656334654	0.97926323081958	1
chr5:80113608;A|G;Family=14534	0.0948167459402983	0.844307966872979	0.978327924408756	1
chr5:80142876;A|C;Family=11245	-0.819224937511894	0.112695158401915	0.614645607383283	1
chr5:82273768;G|T;Family=14424	1.20440611013387	0.109274347622663	0.612603670947204	1
chr5:9041297;G|GT;Family=11455	0.247735564758556	0.818648671541325	0.969214356177691	1
chr5:90848652;A|G;Family=12832	-0.727618411218589	0.38878190790982	0.848715068786487	1
chr5:91369300;A|G;Family=11590	0.996921659273159	0.161480216417003	0.704218055768186	1
chr5:94705821;CATT|C;Family=12396	0.939463677847152	0.296530581875637	0.80341906726551	1
chr5:96774034;T|G;Family=14328	-1.14005076070928	0.290961543951251	0.79889773593665	1
chr5:98855389;T|C;Family=12952	0.507004365016973	0.328296498377366	0.819658421180037	1
chr5:98858989;C|CA;Family=14559	0.0912037839820071	0.717871521830724	0.951633295365493	1
chr6:100655708;CT|C;Family=13234	0.372771338759599	0.531354827486863	0.913208766660489	1
chr6:101745058;T|C;Family=11572	0.371391869001996	0.506832034445751	0.909083581913087	1
chr6:104728706;C|T;Family=14506	-0.217803348642137	0.696447991988744	0.945469909197862	1
chr6:104729279;G|A;Family=11115	-0.123147547684981	0.84538240259021	0.978330974570202	1
chr6:105079279;G|C;Family=11413	0.714080273539088	0.362741419410096	0.837446417625381	1
chr6:105081775;A|G;Family=12007	1.64539686166993	0.070067055942948	0.541261089449023	1
chr6:106185755;T|C;Family=13333	-0.842180146097661	0.263786138934798	0.7767623914744	1
chr6:110612870;A|G;Family=11004	1.53339762025084	0.1202480587175	0.631751817476925	1
chr6:113935667;C|G;Family=14185	-0.228321898313668	0.64868955615377	0.941942739149472	1
chr6:115936149;G|A;Family=14571	0.312447513315936	0.40513327771256	0.855954773164857	1
chr6:115939250;C|T;Family=14292	-0.526177545704555	0.40934675858881	0.860847436473998	1
chr6:115940637;AAAAC|A;Family=14568	0.491420012216942	0.106889406592263	0.6080518481451	1
chr6:116119997;A|G;Family=13165	-0.524657267821196	0.52675653606456	0.912907455232427	1
chr6:116439914;C|T;Family=12626	-0.784582813172874	0.230851462258697	0.750044584209939	1
chr6:116523303;G|A;Family=12285	-0.808164662036022	0.133938849409965	0.665781468064843	1
chr6:118908858;T|C;Family=13579	0.989602846651446	0.254674274338204	0.770951306982592	1
chr6:121449531;T|C;Family=12795	0.58882012025516	0.59997593791198	0.927306478133066	1
chr6:122445018;T|C;Family=14189	-0.502632411952442	0.570547784294613	0.926194281136083	1
chr6:122781941;G|A;Family=11031	0.914277208319047	0.309332498542964	0.808433979373531	1
chr6:123218361;T|C;Family=12853	0.000376115938035465	0.999296336189633	0.999568549846999	1
chr6:125931978;C|T;Family=13776	-0.95020581994951	0.29668743333661	0.80341906726551	1
chr6:128005227;C|T;Family=13629	-2.05394285615055	0.00733336530752247	0.183184472171582	1
chr6:130882353;T|C;Family=11189	-0.0962731157416727	0.92520575075619	0.994450336299019	1
chr6:132682546;G|A;Family=13951	1.32337529094425	0.248987715691503	0.763811939865664	1
chr6:13360189;A|G;Family=13028	0.152817519275994	0.789186643992295	0.964104241095156	1
chr6:13363690;G|A;Family=12821	0.387010986214459	0.692699798727958	0.945469909197862	1
chr6:133988725;C|CT;Family=14482	-0.584925138941815	0.593731304051291	0.927306478133066	1
chr6:133989378;A|G;Family=14554	-0.981150705696625	0.299469601757812	0.805381573484831	1
chr6:135283717;TCTTA|T;Family=13335	0.288929814226363	0.823896699889208	0.970596304778046	1
chr6:13613509;T|C;Family=13317	0.110525328303143	0.924980576149532	0.994450336299019	1
chr6:13786805;CAAAA|C;Family=14453	1.19307149768893	0.00835773053820295	0.199283029456372	1
chr6:138337102;C|T;Family=14416	-0.041740515531137	0.975695012923703	0.998259149472231	1
chr6:138382950;A|G;Family=13880	-0.440733127299677	0.729886543857307	0.951889294499884	1
chr6:139178259;G|T;Family=12011	0.665835594318695	0.355796584189571	0.833217510933741	1
chr6:139179044;A|G;Family=13992	0.0798286432426929	0.924875901053096	0.994450336299019	1
chr6:145793967;T|G;Family=11471	0.59159136942336	0.152572490393623	0.68406127561097	1
chr6:145799581;G|A;Family=13518	-0.118291429556424	0.769861877499645	0.960984229126855	1
chr6:145935370;A|T;Family=12689	0.281709964563172	0.776086964371118	0.960984229126855	1
chr6:147386774;C|T;Family=14271	0.0956578000198242	0.908415906150365	0.994450336299019	1
chr6:147569681;A|G;Family=12738	0.228458569247514	0.712449337115946	0.949243093573931	1
chr6:149594921;T|TA;Family=13773	0.725928180224961	0.460318345958622	0.882319234493495	1
chr6:149683103;T|G;Family=14692	2.01472985055306	0.0706328831374797	0.541261089449023	1
chr6:149802392;CTCTT|C;Family=11355	0.452057877591017	0.602415452557761	0.927312924067881	1
chr6:149918854;G|T;Family=13982	0.315138939562265	0.734318099576721	0.951889294499884	1
chr6:149918900;C|A;Family=12891	0.672865781384	0.165743145259193	0.70919588817855	1
chr6:150401114;T|A;Family=14256	-1.00333073155062	0.280111102077484	0.788174687224921	1
chr6:150842843;A|G;Family=14595	0.0157299829964482	0.980703254726517	0.998517835991355	1
chr6:151423542;T|C;Family=12749	0.378832332299709	0.162246316770121	0.704218055768186	1
chr6:151436379;G|A;Family=13493	3.17079949586452	0.00207972194547913	0.0897367985757041	1
chr6:151619649;G|A;Family=14168	-1.51009918712804	0.110864372283085	0.61449519194641	1
chr6:151619677;C|T;Family=14315	0.183988564946759	0.81607411348925	0.968610847466953	1
chr6:152435311;A|T;Family=12931	-0.405065734464913	0.696032124542624	0.945469909197862	1
chr6:153007752;C|T;Family=13529	-1.04152051917819	0.33201018514334	0.819658421180037	1
chr6:154402214;C|T;Family=13940	-0.0226331791227776	0.938782194494656	0.994450336299019	1
chr6:15523068;G|A;Family=11918	-1.98874334318658	0.0880639049383384	0.576418286869124	1
chr6:156936541;G|C;Family=12522	-1.25865086261928	0.101327494509307	0.599124874033591	1
chr6:157673793;C|T;Family=14241	-0.258335979189665	0.511687034378679	0.911757599787938	1
chr6:158111188;G|A;Family=11615	0.748371592214153	0.396526559872082	0.851660455533044	1
chr6:158117740;A|T;Family=12723	0.573274286406778	0.460613772897258	0.882319234493495	1
chr6:158506980;G|A;Family=14040	0.446933257937944	0.643157412966285	0.941942739149472	1
chr6:158977496;G|C;Family=11360	-0.028436994284837	0.968981552851473	0.995500056197723	1
chr6:159908666;C|T;Family=13166	-0.542451164113808	0.524688961734427	0.911757599787938	1
chr6:160108261;G|A;Family=13057	-2.04870520954529	0.00388767109283279	0.125775503794297	1
chr6:160109275;G|A;Family=14005	-0.239951072442865	0.786520649500094	0.963343503990775	1
chr6:160216821;A|G;Family=11432	-1.43303882796142	0.148314546501768	0.683866227083353	1
chr6:160711605;C|G;Family=13863	-0.688910103015695	0.43729323434634	0.876768606361833	1
chr6:161154268;T|C;Family=12552	0.365588869676587	0.788435768431769	0.964082144314357	1
chr6:161349561;A|AT;Family=12030	1.45299864487163	0.0831016288284872	0.560816231732374	1
chr6:16300875;A|G;Family=11798	-0.234902395090101	0.86544805522716	0.98114395146469	1
chr6:163573752;A|G;Family=13012	-1.34458663860012	0.17197117466387	0.715389688455078	1
chr6:163576481;A|G;Family=12101	0.894481522321224	0.266687238627609	0.777273250633651	1
chr6:167040897;A|T;Family=11024	1.33927678116564	0.18983255760671	0.732538065502298	1
chr6:167042285;T|C;Family=11184	1.12571321323728	0.184158826760491	0.723664985823439	1
chr6:167050007;A|G;Family=11800	0.555554179713831	0.076232564419069	0.552694023960231	1
chr6:167357627;G|C;Family=14524	-2.2087750704602	0.0185920822470617	0.310318754596411	1
chr6:168055897;A|G;Family=14418	0.0708888879533269	0.938926537206029	0.994450336299019	1
chr6:168307277;C|T;Family=12255	-0.306927739560041	0.24483963386054	0.760903695230715	1
chr6:169217039;A|G;Family=12908	-0.255955656288167	0.783921192269911	0.963316914580686	1
chr6:170581376;A|T;Family=13581	0.172571436770709	0.878522306118726	0.985884863841123	1
chr6:18225949;G|C;Family=12643	-0.144252144025816	0.899330260322398	0.992109535470562	1
chr6:18468711;C|T;Family=12575	-0.40124710360518	0.460888357068439	0.882319234493495	1
chr6:25986227;T|C;Family=14633	-2.37650815636947	0.0199502061164877	0.31990024829582	1
chr6:26253077;C|T;Family=12894	0.0267101919447502	0.922589533654203	0.994450336299019	1
chr6:26270346;A|C;Family=11524	0.903523715746468	0.171173402708534	0.715377164631145	1
chr6:26270657;G|A;Family=13277	-0.341180238566841	0.236405822964131	0.753555420949753	1
chr6:26285173;C|G;Family=22140	-0.926035858993299	0.268236755304059	0.777273250633651	1
chr6:27810585;T|C;Family=11018	0.817415952288236	0.101188081176739	0.599124874033591	1
chr6:27854874;A|G;Family=11868	0.49968329432754	0.0590137955479978	0.509360951860701	1
chr6:28367141;C|T;Family=14307	-0.407584481579648	0.666330652420247	0.944172813369795	1
chr6:28534462;G|C;Family=14026	0.844469134203643	0.470010633307212	0.891086653910142	1
chr6:2889864;C|T;Family=13703	-0.559111951875995	0.648181500382997	0.941942739149472	1
chr6:29310806;C|T;Family=12686	1.25335622081942	0.039098765581787	0.420459639763188	1
chr6:29463903;T|G;Family=12832	-0.0897171361964013	0.911599066668926	0.994450336299019	1
chr6:30676626;G|C;Family=14577	-0.349629300975536	0.550993558809583	0.918315545916195	1
chr6:30724523;G|T;Family=14076	-0.657806547089996	0.208800542971263	0.74196557967373	1
chr6:30893309;C|T;Family=14181	-0.872189191622804	0.3792983290371	0.842235997232932	1
chr6:30899025;C|T;Family=13073	0.941287104437513	0.478669379603322	0.893496135409152	1
chr6:31510632;G|A;Family=11341	-0.904298543678782	0.0252764879874702	0.362010007736198	1
chr6:31557662;C|CTG;Family=11808	0.566855156932303	0.541490999805229	0.913855600356234	1
chr6:31558799;G|A;Family=14662	0.152115014933069	0.78440786949469	0.963316914580686	1
chr6:31661476;G|A;Family=14603	0.795188847509589	0.278589975929085	0.786828643595645	1
chr6:31673158;C|T;Family=11905	1.39225928329669	0.244931418236031	0.760903695230715	1
chr6:31689640;C|T;Family=11575	0.156152651854524	0.731622489393624	0.951889294499884	1
chr6:31859316;A|C;Family=14186	1.17298794801238	0.111733773539825	0.61449519194641	1
chr6:31935940;C|G;Family=11721	-1.17093863258192	0.239114307357769	0.755402202581065	1
chr6:31945211;T|A;Family=11818	-0.212311547985048	0.683233356129089	0.945469909197862	1
chr6:31964099;C|T;Family=12532	-1.01697917572286	0.0650883109421025	0.527630990763609	1
chr6:32069105;C|T;Family=12788	-1.60934106534101	0.093231512835423	0.585207034413117	1
chr6:3267148;C|T;Family=11328	-1.47891555653068	0.0979970581957499	0.59577019485893	1
chr6:33440873;CTT|C;Family=13073	1.40081677878695	0.0826011237665652	0.560816231732374	1
chr6:34019696;C|T;Family=14554	-0.414446403415029	0.20894135928719	0.74196557967373	1
chr6:34036305;G|A;Family=13531	-0.115717147145243	0.834554419699149	0.975166824015616	1
chr6:34281276;T|C;Family=11216	-0.746203149143809	0.393661393748669	0.851660455533044	1
chr6:34287657;A|G;Family=13741	-0.0295807314694203	0.961638996091833	0.995458477833526	1
chr6:34537880;C|T;Family=14359	-0.949032904297484	0.394270535124693	0.851660455533044	1
chr6:349000;C|T;Family=12100	0.103595480719252	0.914997033764386	0.994450336299019	1
chr6:35090681;GTTA|G;Family=11496	-0.102370908636557	0.701584460032058	0.945469909197862	1
chr6:35291567;C|T;Family=13195	1.27200276403476	0.154252981311629	0.685734803119009	1
chr6:35575305;G|A;Family=11453	-0.80341983568014	0.423986962504104	0.868922162695796	1
chr6:35795046;A|C;Family=12624	-0.999757990749448	0.206107257246189	0.74196557967373	1
chr6:36138971;C|T;Family=13153	-1.19619133838701	0.223952460280106	0.749415042374362	1
chr6:36142734;C|T;Family=14433	-0.161103861872871	0.846817739884928	0.9788483786814	1
chr6:36490070;G|A;Family=14594	-0.371788522861032	0.236409543827373	0.753555420949753	1
chr6:36741419;G|A;Family=12613	0.0961932095523252	0.896344724335822	0.991250445562078	1
chr6:36925904;C|T;Family=11201	-1.69161110334056	0.0790041721856937	0.559594821307933	1
chr6:37392924;G|GA;Family=13581	-2.15058012067275	0.0903126274451682	0.578287426017872	1
chr6:37630704;C|T;Family=12467	-1.45429703179618	0.14793893437429	0.683866227083353	1
chr6:38152744;G|C;Family=14632	0.543383552280524	0.586031224099908	0.927306478133066	1
chr6:38170191;A|G;Family=14384	-0.573856205514261	0.586729438119136	0.927306478133066	1
chr6:38170360;T|A;Family=13531	0.63511863758042	0.260530512110232	0.776380993958328	1
chr6:38173519;G|A;Family=12361	1.65694074570087	0.0984365584793272	0.59646706722127	1
chr6:39861263;G|T;Family=11280	0.437139198928828	0.698040430255836	0.945469909197862	1
chr6:411271;C|T;Family=12316	0.406724377517741	0.0117829674313636	0.237731079164654	1
chr6:4116006;T|A;Family=13293	-1.46734584514794	0.264786574613102	0.777215269367954	1
chr6:41908977;G|A;Family=14130	1.06951706232885	0.233674020788717	0.750044584209939	1
chr6:43007441;CT|C;Family=14550	1.9944425559996	0.0329520613327426	0.40333323071277	1
chr6:43132030;G|A;Family=13808	0.0643960192577161	0.945073228603587	0.994450336299019	1
chr6:43141734;G|A;Family=11726	1.2210201838999	0.15240582860434	0.68406127561097	1
chr6:43450471;G|A;Family=14486	-1.11085287267262	0.106920372540295	0.6080518481451	1
chr6:44003235;C|G;Family=14525	0.832107677790762	0.440039822796727	0.876768606361833	1
chr6:44155232;T|TG;Family=14303	-0.184427127367846	0.770616843752087	0.960984229126855	1
chr6:44447702;G|A;Family=14188	2.16516925756568	0.00959646432095075	0.2147475046204	1
chr6:46160238;A|AT;Family=14640	-1.00439516257341	0.316938907518747	0.81623039371706	1
chr6:47019974;C|A;Family=14131	0.605321233245092	0.521518736292847	0.911757599787938	1
chr6:49728384;A|G;Family=13589	-0.826398962891229	0.513257241324526	0.911757599787938	1
chr6:5104495;G|A;Family=12170	1.35132634555507	0.312816593093311	0.811775639461936	1
chr6:52189690;C|T;Family=11897	-0.375316750111818	0.454821540153088	0.881141012046277	1
chr6:52190217;T|C;Family=12001	0.121299640490897	0.897848306628396	0.991250445562078	1
chr6:52452690;A|G;Family=14163	0.64024405118876	0.554265498467188	0.919110702969354	1
chr6:52497823;C|T;Family=11788	-0.296046127543197	0.621921973796261	0.935840807343535	1
chr6:52502624;A|G;Family=13496	0.204226939987471	0.808372646377319	0.967437766635053	1
chr6:52750221;G|A;Family=11845	-0.257461045026619	0.791952518823054	0.964207443341597	1
chr6:53268293;CTTTT|C;Family=14401	0.239439806923792	0.569059600384185	0.925414903724858	1
chr6:55499251;C|A;Family=13300	0.394461768877229	0.486898557501975	0.898360625374558	1
chr6:57026903;A|T;Family=14618	-0.47897683869442	0.532971865987662	0.913208766660489	1
chr6:57105244;G|T;Family=12585	-0.268879706865293	0.603893851581183	0.927312924067881	1
chr6:57168724;G|A;Family=14682	-0.761390588969598	0.328075169062005	0.819658421180037	1
chr6:57184477;C|T;Family=13692	0.187970708583045	0.785854048431728	0.963316914580686	1
chr6:57185120;G|A;Family=13349	-1.06170472273738	0.222117493233451	0.749415042374362	1
chr6:57188047;G|A;Family=12180	0.105782024777429	0.643357840879467	0.941942739149472	1
chr6:63277102;T|C;Family=14214	-0.0663668940927363	0.93230801605098	0.994450336299019	1
chr6:63277177;G|A;Family=12956	0.484571850488106	0.572793128308213	0.926562276276546	1
chr6:63703543;CCG|C;Family=14133	0.34475309914627	0.804125165461023	0.965897156549845	1
chr6:63703547;C|A;Family=14133	0.0798556259871855	0.954005984761088	0.99454911051999	1
chr6:63713212;C|T;Family=13931	0.459680046222689	0.598766762631901	0.927306478133066	1
chr6:63713346;C|T;Family=14110	-1.22081800651694	0.16712589429107	0.711108092510785	1
chr6:69699046;T|C;Family=14152	0.0665068490968733	0.825950296713844	0.971293031435214	1
chr6:7417611;C|G;Family=11190	0.056115232337855	0.936835510015089	0.994450336299019	1
chr6:75085289;T|C;Family=12211	0.52654500200093	0.669240210660703	0.944172813369795	1
chr6:75717110;G|T;Family=14452	0.0470027739286219	0.914071939464461	0.994450336299019	1
chr6:75915105;G|C;Family=14613	-0.44882678418495	0.518692700860338	0.911757599787938	1
chr6:7882227;C|T;Family=11940	-2.08263523435036	0.0450097167026218	0.449486377040723	1
chr6:79488659;T|C;Family=14643	-0.0170412893945793	0.980622533376187	0.998517835991355	1
chr6:79700984;C|T;Family=14467	0.16773734769368	0.857763045964408	0.97967019138905	1
chr6:83553760;AC|A;Family=14233	1.60611704723255	0.0646975372280139	0.527630990763609	1
chr6:83656787;CA|C;Family=12661	1.03528447432784	0.184973001582202	0.725663313899408	1
chr6:83665562;G|T;Family=11543	0.287290564836881	0.847679324212088	0.9788483786814	1
chr6:84732935;T|C;Family=13424	0.156305986351582	0.782589496964446	0.963025681251155	1
chr6:87169739;C|G;Family=14492	-0.864967609416344	0.270758325841381	0.781336333494298	1
chr6:88141988;A|G;Family=12396	-0.422845770194025	0.55647797564736	0.919565168703497	1
chr6:88142066;A|C;Family=12541	-1.61469649553216	0.0413654580444639	0.430207826350702	1
chr6:88612681;T|C;Family=13925	1.46042376731683	0.156122347739942	0.690835003008187	1
chr6:89634132;A|T;Family=12708	1.11144313713816	0.176507282911042	0.716958229977648	1
chr6:96795444;T|C;Family=11031	0.464733679153612	0.649494422926732	0.941942739149472	1
chr6:98837882;C|T;Family=14413	1.09782081827379	0.270871773567059	0.781336333494298	1
chr6:98873421;T|C;Family=14344	2.53848477711203	0.000504474155528679	0.0313971033745984	1
chr6:99280481;C|T;Family=14658	-1.04626993877317	0.0156126419580468	0.283627239119432	1
chr6:99433895;T|A;Family=14526	-1.11982021391392	0.142290670102065	0.677950429224548	1
chr7:100034499;A|G;Family=11800	-1.55398616923624	0.224920665924081	0.749415042374362	1
chr7:100037293;C|T;Family=12360	0.329939568066979	0.573268378277731	0.92692271467892	1
chr7:100070882;A|T;Family=11456	1.75114927211488	0.0705883021181022	0.541261089449023	1
chr7:100201111;G|T;Family=14227	-0.0681227503554736	0.950649341075431	0.994490996964741	1
chr7:100367651;T|C;Family=13082	1.27668541528071	0.0976812167317783	0.59577019485893	1
chr7:100565841;C|T;Family=13497	-0.575916656946194	0.216146733972287	0.748059196179299	1
chr7:100566755;G|A;Family=11348	0.878438038573499	0.0107434126339452	0.228257537007308	1
chr7:100627396;G|C;Family=11634	0.76586468558147	0.583049042234679	0.927306478133066	1
chr7:100681069;C|T;Family=14129	-0.150066879406558	0.883364263032803	0.986719394156308	1
chr7:100865327;T|C;Family=14370	-0.854673007959176	0.195499698706628	0.737497602441517	1
chr7:100893782;C|T;Family=14533	1.10136748956843	0.157601155986683	0.694669457652458	1
chr7:101557594;G|A;Family=12860	-0.300490928509763	0.704285892376244	0.945498149302863	1
chr7:102256679;G|T;Family=12585	-0.698531833222545	0.219236786298709	0.749415042374362	1
chr7:102457125;G|C;Family=13447	-0.428796918086665	0.197289997622061	0.739988632551797	1
chr7:103336877;T|A;Family=12975	0.833556617289027	0.151472596514686	0.68406127561097	1
chr7:103374495;G|C;Family=11336	-0.90966839752037	0.318888665648566	0.816507055200222	1
chr7:105107653;TC|T;Family=12952	2.36375764908743	0.0297577458013332	0.387101181996828	1
chr7:105116390;C|A;Family=14261	-2.52099400078594	0.0025148613663745	0.0952017622404862	1
chr7:105116659;A|G;Family=13631	0.953005695375339	0.0115337506492436	0.237731079164654	1
chr7:107196482;C|T;Family=11984	0.302745253295424	0.666841984800619	0.944172813369795	1
chr7:107620052;T|G;Family=14412	1.19353293346714	0.339227736971587	0.824791693317834	1
chr7:107621378;G|C;Family=13215	0.753846702102463	0.429710712537029	0.870220990956183	1
chr7:107623206;C|T;Family=12056	0.387028631687554	0.773935179117324	0.960984229126855	1
chr7:107765695;G|T;Family=12086	0.502491075395333	0.413671245140904	0.864050518860865	1
chr7:11028794;G|C;Family=12852	-0.128812407067719	0.528422022886069	0.913208766660489	1
chr7:112287394;G|A;Family=13838	0.961552271780033	0.19091146491477	0.732538065502298	1
chr7:112287729;G|C;Family=14041	0.0979827995730386	0.911879356854548	0.994450336299019	1
chr7:112491008;G|A;Family=14564	0.360272168071403	0.595175028951119	0.927306478133066	1
chr7:112764605;A|C;Family=12758	-0.293623636782109	0.705261282935878	0.945498149302863	1
chr7:11374483;C|G;Family=12405	0.391402213837645	0.234703826321313	0.751614639408731	1
chr7:114693111;A|C;Family=14115	-0.67656031087325	0.590905910899527	0.927306478133066	1
chr7:117363392;C|G;Family=13211	-0.37021638422336	0.335280961275307	0.820107899861428	1
chr7:120749567;T|C;Family=12686	-0.708907734122445	0.22563243578932	0.749415042374362	1
chr7:12235662;G|C;Family=12180	-0.765396717831405	0.287196452127695	0.795313252045926	1
chr7:12236724;T|G;Family=14007	-0.684227273336294	0.267296208019186	0.777273250633651	1
chr7:12237057;T|A;Family=11931	0.143649894832823	0.891979485762386	0.990728575837714	1
chr7:12237561;A|G;Family=14202	1.91754079909384	0.00602063186757884	0.165486005866509	1
chr7:12331049;T|C;Family=14042	1.37791129590214	0.195972343451524	0.737497602441517	1
chr7:12344427;G|A;Family=11651	0.289446932009243	0.308885252631326	0.808429542168375	1
chr7:123538093;G|A;Family=13165	-1.04973642530536	0.365076823138539	0.837851309102946	1
chr7:123638660;T|C;Family=13053	-2.18430425230416	0.0331016808595305	0.40381851201394	1
chr7:124031121;C|T;Family=13694	-1.15765950709471	0.10492818449394	0.604985352883073	1
chr7:128257537;C|T;Family=14245	0.670581361499223	0.359512739459646	0.834326316172269	1
chr7:128299202;C|T;Family=11187	-0.334265554695277	0.686143541701103	0.945469909197862	1
chr7:128302575;G|A;Family=11252	-1.35874791053815	0.111217323203879	0.61449519194641	1
chr7:128307112;GCAAA|G;Family=11194	0.438131758222366	0.119022017083025	0.629753381453698	1
chr7:129487405;G|C;Family=11731	-1.54962548543546	0.0275162968796027	0.375612796066546	1
chr7:131493457;G|A;Family=14685	0.531269267041784	0.595765751023999	0.927306478133066	1
chr7:131495943;A|G;Family=14517	0.414221655071568	0.708719462815927	0.94705140475933	1
chr7:134291115;G|C;Family=12219	-0.504743125684651	0.616118285013357	0.934484238979367	1
chr7:134442682;G|A;Family=14444	-0.0602634098825611	0.915366294169813	0.994450336299019	1
chr7:134969307;C|T;Family=14233	0.152889618207073	0.902075604519996	0.992634587892546	1
chr7:135676391;TAATA|T;Family=11568	1.98030452475428	3.73297758405709e-07	8.06323158156332e-05	0.00137074936886576
chr7:137388263;C|A;Family=14351	0.29440391842514	0.756807880085426	0.957285062236887	1
chr7:137390098;T|C;Family=Hou-etal:rs3735025	-0.274978820535559	0.697631169776292	0.945469909197862	1
chr7:138588097;A|T;Family=11954	-0.551406410196513	0.0719356121651015	0.542976642051296	1
chr7:139565026;G|A;Family=11156	-1.43926533591316	0.121068190571425	0.633172666575701	1
chr7:139565092;G|T;Family=11156	0.218822493199952	0.669075261021317	0.944172813369795	1
chr7:139571713;G|C;Family=12867	0.124555562932339	0.889149941436026	0.990004974466563	1
chr7:140024674;A|C;Family=13006	0.64331131690468	0.454968234978143	0.881141012046277	1
chr7:140090201;T|C;Family=12303	1.26830208394409	0.0570321869326716	0.498624262897071	1
chr7:140297460;G|A;Family=13349	2.08739091910281	0.0246344110369848	0.358958560824636	1
chr7:141473065;G|C;Family=12875	0.54324356967867	0.055250555039457	0.498476752100457	1
chr7:14148804;T|G;Family=11055	1.2608088724527	0.207020846866783	0.74196557967373	1
chr7:141593741;G|GC;Family=14174	-1.38588710780691	0.107237987205174	0.6080518481451	1
chr7:141621769;G|A;Family=13843	1.23296810980359	0.18570528605027	0.726982740273552	1
chr7:141929166;T|G;Family=11152	2.76244524884944	0.0114413641444028	0.237731079164654	1
chr7:142867025;C|T;Family=12681	0.0893482994926111	0.917175363057917	0.994450336299019	1
chr7:144453610;C|T;Family=13063	0.349512234027159	0.731040811002077	0.951889294499884	1
chr7:148800933;A|G;Family=11106	-0.369699548251455	0.633386899192293	0.941582911078405	1
chr7:150627483;G|C;Family=13035	-0.23367792690029	0.829869952363909	0.973524937136148	1
chr7:151013039;C|T;Family=13092	0.00102158817057592	0.999161008240846	0.999568549846999	1
chr7:151987279;C|T;Family=13556	-1.29100818290343	0.000247777641860184	0.0178399902139332	0.909839500910594
chr7:152103925;A|G;Family=13066	0.624711799632627	0.2644780907768	0.777215269367954	1
chr7:152230230;G|A;Family=11241	0.185481189892247	0.846261833646086	0.9788483786814	1
chr7:155802541;CATG|C;Family=14042	-1.04220998240378	0.0969839834081532	0.594532866568846	1
chr7:156682823;G|A;Family=11435	0.567639616608476	0.606461247808472	0.92755546278534	1
chr7:157005028;C|T;Family=11062	-0.793742638250284	0.2299210544448	0.750044584209939	1
chr7:157414907;G|A;Family=12661	-0.30726098259996	0.660818744067698	0.944172813369795	1
chr7:159028719;C|T;Family=14554	0.351707710281768	0.697959827991639	0.945469909197862	1
chr7:16088825;A|C;Family=11382	0.0190477946669891	0.986129637855013	0.998517835991355	1
chr7:17794399;T|C;Family=12540	-0.482755621704427	0.569687556254541	0.925616241843662	1
chr7:17882719;G|A;Family=13514	-0.273040826284178	0.447873050964926	0.877487843305796	1
chr7:18998693;C|G;Family=12302	0.141394114569692	0.589240960319004	0.927306478133066	1
chr7:19000716;C|A;Family=12302	0.45720172836472	0.207350416630515	0.74196557967373	1
chr7:19695939;C|G;Family=12055	-0.077802549965893	0.929910872777682	0.994450336299019	1
chr7:19721031;C|T;Family=13314	-0.524287192753412	0.42986835553135	0.870220990956183	1
chr7:20134737;T|C;Family=11729	-0.659067667298703	0.524894432512681	0.911757599787938	1
chr7:20139350;T|C;Family=11905	0.706395208816261	0.47883421150951	0.893496135409152	1
chr7:20413493;G|A;Family=11181	-0.437477016107852	0.574623698921497	0.927306478133066	1
chr7:20659230;C|A;Family=11679	1.71354906019259	0.0730564450127036	0.54636103072637	1
chr7:22119418;T|A;Family=11931	0.695032056713034	0.386788767044117	0.846319981926462	1
chr7:22192927;G|C;Family=14637	2.16502058577663	0.00537618390439615	0.154229275757364	1
chr7:2252218;G|A;Family=11569	-0.208756835653332	0.87621673243221	0.985832735233263	1
chr7:22937168;G|C;Family=13322	1.37351161620951	0.0599512099151574	0.51076761672496	1
chr7:22937598;CAA|C;Family=14695	0.736966788052851	0.471605251925853	0.892197369958257	1
chr7:22939304;G|C;Family=13417	2.10117476272308	0.0117767378967121	0.237731079164654	1
chr7:23174064;G|A;Family=11986	1.26120813539151	0.189100056139437	0.731691681922038	1
chr7:2442801;C|T;Family=14539	-0.105765859439284	0.891623810579262	0.99063317169351	1
chr7:24688192;G|T;Family=13592	-0.512870147546992	0.700389584286221	0.945469909197862	1
chr7:24798063;T|C;Family=14669	0.107893023333041	0.746307993037426	0.955857324880861	1
chr7:26373688;C|T;Family=14004	-0.450818021990016	0.669303331481911	0.944172813369795	1
chr7:2662074;C|T;Family=11277	-0.547494649375324	0.316830626134052	0.81623039371706	1
chr7:26668101;G|A;Family=11499	-0.105644130043875	0.929349234129653	0.994450336299019	1
chr7:2713256;C|A;Family=12113	-1.29696430250037	0.0125912043709514	0.249918391622344	1
chr7:2713592;C|T;Family=13764	-0.369530964400055	0.641434976167848	0.941942739149472	1
chr7:2713712;A|G;Family=11561	0.742317589966837	0.00561429294744684	0.15858218233096	1
chr7:27195268;T|C;Family=14482	-0.37036195932277	0.749594731392852	0.956459981112518	1
chr7:27247414;C|T;Family=14169	-0.431023253310512	0.579662686613038	0.927306478133066	1
chr7:28823143;C|G;Family=13555	0.262347354194206	0.437611416760215	0.876768606361833	1
chr7:29916016;G|T;Family=12173	-0.105259549336178	0.863420497464378	0.98114395146469	1
chr7:30010714;A|G;Family=12938	-0.87043322640679	0.100025509563139	0.598318433096028	1
chr7:30081082;G|A;Family=14265	0.0477008194261495	0.954793738477924	0.99454911051999	1
chr7:30161165;A|C;Family=12426	-1.01620200699492	0.38368046642689	0.842965285880744	1
chr7:30162556;C|G;Family=14186	0.440420828329616	0.147403364339859	0.683415598302983	1
chr7:30923911;C|G;Family=13506	-0.11089407325235	0.882475147823121	0.986719394156308	1
chr7:31652930;A|AT;Family=11274	-0.293645129008842	0.811635879898586	0.968020982222746	1
chr7:31751585;T|C;Family=13718	-0.0678162269983733	0.913962063698123	0.994450336299019	1
chr7:32485421;T|C;Family=14600	1.13913231167725	0.103480112595696	0.601852394440639	1
chr7:32587182;T|G;Family=12515	-0.93785829889626	0.367191971217769	0.839796388753919	1
chr7:36453260;A|G;Family=14525	-0.398078164498301	0.36775215653445	0.839796388753919	1
chr7:37741364;G|A;Family=14186	-0.643275252177948	0.467271216134785	0.88914975116245	1
chr7:41687963;C|A;Family=13823	-2.87698703868535	0.00145136779033519	0.0649929576354977	1
chr7:41963579;T|C;Family=13631	0.120142122980078	0.854992657419549	0.979267946988329	1
chr7:41963952;G|C;Family=11117	0.167781097881281	0.795516960427944	0.965036179884676	1
chr7:42917159;T|C;Family=13018	1.75294070765246	0.0938915876133309	0.586343383871005	1
chr7:42921313;G|A;Family=12197	-0.512537922942074	0.599433625170627	0.927306478133066	1
chr7:43631800;C|T;Family=13512	0.217592109888784	0.795800406130516	0.965036179884676	1
chr7:44060113;G|A;Family=13028	1.56465649260366	0.078275196045859	0.559594821307933	1
chr7:44379847;G|A;Family=14297	-2.54905288720339	0.0118714598400629	0.238207653184214	1
chr7:44384444;G|A;Family=13881	-0.895178461307452	0.327744716319015	0.819658421180037	1
chr7:44708801;C|G;Family=14147	1.09025777688114	0.312256912492126	0.811306566294763	1
chr7:44767810;G|A;Family=13649	0.016424240897021	0.989042146507941	0.998517835991355	1
chr7:44835049;G|A;Family=13628	-0.638138840895537	0.290642710914678	0.79889773593665	1
chr7:44962744;G|T;Family=14350	-0.529699654484008	0.584897125029559	0.927306478133066	1
chr7:4769211;C|T;Family=13709	-2.230534866007	0.0107539634810088	0.228257537007308	1
chr7:50669862;G|A;Family=12676	-2.08927888420778	0.0612473017557137	0.512652217529188	1
chr7:51064958;C|G;Family=14541	0.404698144048043	0.701972287144341	0.945469909197862	1
chr7:54550490;G|T;Family=12817	0.420732143835539	0.265062495020397	0.777273250633651	1
chr7:6164890;C|T;Family=14328	0.643964645297734	0.380636048643964	0.842235997232932	1
chr7:6330019;A|T;Family=13498	0.15136178152845	0.838144102296168	0.975797445666305	1
chr7:64520411;T|C;Family=13570	0.0125240606343501	0.981176182850827	0.998517835991355	1
chr7:64972029;T|TTAAA;Family=11722	-1.27120311861675	0.000552557225040938	0.0332621332844316	1
chr7:65954605;G|A;Family=11404	-0.116387003630399	0.902025199215258	0.992634587892546	1
chr7:70292499;A|C;Family=14508	1.0071953944682	0.261426532443715	0.776380993958328	1
chr7:7247184;AG|A;Family=13064	-1.35602207578025	0.266087029721567	0.777273250633651	1
chr7:72946318;AG|A;Family=13941	-0.326674217392048	0.728773953826761	0.951889294499884	1
chr7:73340787;G|T;Family=13560	1.29443798602469	0.0564128174056838	0.498624262897071	1
chr7:73441259;G|A;Family=13066	1.16217637324071	0.247326419558805	0.76317866606717	1
chr7:74404154;G|A;Family=11411	-0.715503604772795	0.188156027267646	0.729688306060486	1
chr7:75537252;G|A;Family=14361	-0.813575370760014	0.41001789822808	0.861319063096973	1
chr7:7607184;A|G;Family=11282	0.682038544206679	0.467684010399119	0.88914975116245	1
chr7:76268794;G|C;Family=14551	-0.00691542733376399	0.985186741547784	0.998517835991355	1
chr7:7868502;A|G;Family=13383	0.350062875279887	0.593250423853331	0.927306478133066	1
chr7:80674022;A|C;Family=13517	-0.182632985956687	0.895704194329971	0.991250445562078	1
chr7:8086554;C|A;Family=14214	-0.919507493801548	0.3734160214979	0.842235997232932	1
chr7:8094168;G|A;Family=13741	0.377350028089653	0.682473569600758	0.945469909197862	1
chr7:8127875;T|C;Family=13072	0.276766404566473	0.291651394708086	0.799446775975853	1
chr7:83366086;G|T;Family=12575	-0.54490789917683	0.455505662428919	0.881467387384665	1
chr7:83958398;C|A;Family=14025	0.0646830966127785	0.950319613981856	0.994490996964741	1
chr7:83960121;C|T;Family=13160	-0.831539925169449	0.513526192266763	0.911757599787938	1
chr7:84996009;C|T;Family=14158	0.087865572399367	0.881237298326665	0.986719394156308	1
chr7:85050554;G|A;Family=14303	0.709498971714938	0.493619985227012	0.900433475287425	1
chr7:87830053;A|C;Family=13129	-1.68831194247415	0.0418694350408052	0.431866756937744	1
chr7:88199020;A|G;Family=12669	0.811530724430034	0.0310724185433555	0.397553731328228	1
chr7:88278420;A|G;Family=13287	1.28302232146728	0.150598886072455	0.683866227083353	1
chr7:896411;G|A;Family=14027	0.229369591748643	0.700800201276485	0.945469909197862	1
chr7:90233483;G|A;Family=13206	0.453237630573448	0.633768839163785	0.941582911078405	1
chr7:90899326;T|TG;Family=14046	-0.0152788319635349	0.985976152122465	0.998517835991355	1
chr7:91271032;C|T;Family=11977	1.23028779082005	0.358049121891906	0.834192728827137	1
chr7:92108825;A|T;Family=13807	-1.01960744600394	0.283578790980956	0.791839078405854	1
chr7:92577109;G|C;Family=11056	0.507253314993428	0.534907918381897	0.913208766660489	1
chr7:92615043;T|C;Family=13772	-1.78103724052147	0.0460754684578649	0.452377326677219	1
chr7:93100516;G|A;Family=11977	-1.95187173555915	0.100575324604421	0.598561737354028	1
chr7:95585430;A|G;Family=11979	-1.17288326960089	0.281855972567138	0.791839078405854	1
chr7:98292716;C|T;Family=13502	0.114446819605799	0.663798776020865	0.944172813369795	1
chr7:98293310;T|C;Family=11432	1.75392339057703	0.028426625295444	0.377964154651389	1
chr7:99030080;C|T;Family=11266	-0.773546234942802	0.329441470455175	0.819658421180037	1
chr7:99391002;T|G;Family=11135	-1.01946516197451	0.0450465650193317	0.449486377040723	1
chr7:99411780;C|G;Family=14506	0.0124682024158783	0.983097830697224	0.998517835991355	1
chr7:99480615;A|G;Family=12517	-0.680508610505876	0.272045223714516	0.783490244297805	1
chr7:99672808;C|G;Family=12707	-0.168352583038422	0.721561190362617	0.951635014512506	1
chr8:100141022;G|C;Family=12180	1.55717474378494	0.0537721852946395	0.48995400596009	1
chr8:100918132;C|T;Family=13962	0.319491818635546	0.662490122012918	0.944172813369795	1
chr8:101669616;T|G;Family=11897	-0.070103463722533	0.897691216406073	0.991250445562078	1
chr8:103068849;CT|C;Family=12418	0.87604121807902	0.0481253391269098	0.457814106927494	1
chr8:103068853;T|C;Family=12418	-0.541906861266094	0.145306623492309	0.681437958446688	1
chr8:103398998;G|C;Family=11117	-1.3770995871884	0.120337815807967	0.631751817476925	1
chr8:106707384;T|C;Family=14629	-1.75091549671888	0.240004621329496	0.755402202581065	1
chr8:107900711;G|A;Family=13977	-0.731901620732017	0.398839965177742	0.851660455533044	1
chr8:109243244;G|A;Family=13306	-1.36092652170769	0.208113120745701	0.74196557967373	1
chr8:11315026;C|A;Family=12534	1.21703233205662	0.102286679148831	0.600526283286868	1
chr8:11325724;T|C;Family=12620	0.408640044948239	0.7119712034721	0.949243093573931	1
chr8:116643060;C|T;Family=13787	-2.07095510650675	0.0233923243843096	0.353269681236808	1
chr8:116658921;C|T;Family=14492	0.791714386241296	0.45699128927652	0.881883284437375	1
chr8:117819709;G|A;Family=14364	-0.386603812713614	0.697028490302633	0.945469909197862	1
chr8:118194453;C|T;Family=14240	-2.01945407546468	0.0455644362860163	0.452032475980114	1
chr8:11844416;A|G;Family=12550	0.358866661977259	0.734396070620417	0.951889294499884	1
chr8:119834135;A|G;Family=11685	0.610031554597726	0.564598189754697	0.923005489990456	1
chr8:123100926;T|A;Family=13581	-0.448939841160585	0.591530828323468	0.927306478133066	1
chr8:126552907;T|C;Family=11542	-0.680019058684456	0.552414555836741	0.918315545916195	1
chr8:130053371;A|C;Family=13602	0.040629710431294	0.967967245180855	0.995500056197723	1
chr8:13007100;A|T;Family=12796	-0.821859329397163	0.339395492539011	0.824791693317834	1
chr8:132127162;C|T;Family=13520	0.589701761854922	0.50966331134856	0.911041351988275	1
chr8:132128104;G|A;Family=12056	0.504811107975889	0.519237457150386	0.911757599787938	1
chr8:132846315;G|T;Family=12720	-0.200873405716079	0.821943980392868	0.969214356177691	1
chr8:133459207;G|A;Family=12656	-0.298508904644424	0.741179523745176	0.954972399255215	1
chr8:140521925;G|A;Family=12001	1.60529113023028	0.176794923759143	0.716958229977648	1
chr8:140527463;G|C;Family=14699	0.101152985515182	0.932774491802759	0.994450336299019	1
chr8:140529731;G|A;Family=14154	-1.71168174026353	0.175759541244588	0.716958229977648	1
chr8:140532572;T|C;Family=12412	-0.204095287346381	0.822087041183009	0.969214356177691	1
chr8:141195681;A|G;Family=12738	-0.625645796449467	0.562787291450405	0.922601710401907	1
chr8:141448037;C|T;Family=12622	1.01291042831999	0.261945537329934	0.776380993958328	1
chr8:142544658;G|T;Family=11625	-0.843346333194513	0.539761933301827	0.913855600356234	1
chr8:143297985;T|C;Family=11356	0.259152695229448	0.52681124663331	0.912907455232427	1
chr8:143318080;T|C;Family=14100	-1.37920031883699	0.300307886562311	0.805381573484831	1
chr8:143324603;G|A;Family=14111	0.452983847307239	0.626408036045715	0.936932915828866	1
chr8:143653484;TC|T;Family=11327	0.96444346602498	0.401939458395986	0.85194450506384	1
chr8:143694347;C|T;Family=11277	0.215475427898716	0.859842137201829	0.97967019138905	1
chr8:144115745;G|A;Family=11568	-1.37763417766789	0.261458187598667	0.776380993958328	1
chr8:144502068;T|C;Family=12802	0.107212854449449	0.917598924705417	0.994450336299019	1
chr8:144527295;G|C;Family=11078	2.03982969627887	0.0733538457302923	0.547470165694376	1
chr8:17247873;C|G;Family=13277	-0.377421600782952	0.730729317033526	0.951889294499884	1
chr8:17297014;G|C;Family=14549	-1.05361919468787	0.212245319589655	0.74399324395962	1
chr8:17566779;G|A;Family=13230	-1.51642236027828	0.0431586945795232	0.440218684711137	1
chr8:1782214;G|A;Family=12770	-0.152530265026128	0.751490310852044	0.956821227964184	1
chr8:18071404;T|A;Family=13252	-0.641215480892698	0.589797948222665	0.927306478133066	1
chr8:18529285;A|G;Family=14691	-0.623634563410452	0.447559413231501	0.877487843305796	1
chr8:18531048;A|G;Family=14448	0.732575144455805	0.290963058236094	0.79889773593665	1
chr8:1860162;C|T;Family=22017	-0.575244191092517	0.453714967449188	0.880571543590602	1
chr8:1958160;T|C;Family=13626	-0.376367763090944	0.653372704990058	0.943075696825272	1
chr8:2004228;T|C;Family=14557	0.0268991199063489	0.92675551835697	0.994450336299019	1
chr8:2005051;A|G;Family=11424	0.128259718696979	0.802357150650304	0.965036179884676	1
chr8:2006315;T|A;Family=11546	1.48526524559467	0.112986324886633	0.614645607383283	1
chr8:21691253;C|A;Family=11610	0.0173524355135271	0.97657399773965	0.998517835991355	1
chr8:21909212;G|A;Family=12469	0.621200176895843	0.473437319412253	0.892197369958257	1
chr8:21909628;G|A;Family=13982	0.15682487256254	0.905747175314455	0.993609084556958	1
chr8:22048473;C|T;Family=12373	-1.44150091525523	0.266649071274276	0.777273250633651	1
chr8:22209648;G|A;Family=11989	0.0674577090082194	0.934887715350996	0.994450336299019	1
chr8:22250658;C|G;Family=11818	0.159226925641579	0.515699857646521	0.911757599787938	1
chr8:22620003;GT|G;Family=14507	0.0138246342698121	0.961842777601675	0.995458477833526	1
chr8:22620016;C|T;Family=12113	-0.252041657694958	0.606294674930849	0.92755546278534	1
chr8:22621222;C|T;Family=11818	0.4544140808802	0.447704762307026	0.877487843305796	1
chr8:23020670;C|T;Family=14354	2.16397643555214	0.0627384616619481	0.519490735827144	1
chr8:23136670;T|C;Family=12775	-0.757199236372434	0.492955592542533	0.900433475287425	1
chr8:23566433;G|A;Family=11031	-0.808418310853729	0.334124729870652	0.820107899861428	1
chr8:24357347;C|T;Family=12605	-0.329307711410046	0.739417265292105	0.954690646326515	1
chr8:246847;T|C;Family=11552	-1.44820630990911	0.0484194209016704	0.458981522811008	1
chr8:25412256;ATTAT|A;Family=13585	0.89431689026119	0.0793985980121014	0.559594821307933	1
chr8:26410533;C|G;Family=11458	-1.17267139376231	0.175393858632804	0.716958229977648	1
chr8:26505153;A|G;Family=11017	0.611468394482573	0.507655665031847	0.909322732681435	1
chr8:27236813;G|A;Family=11444	0.83134839882354	0.472824548119277	0.892197369958257	1
chr8:27735798;CCAA|C;Family=11156	-0.39338693135542	0.428235668308485	0.870220990956183	1
chr8:28812448;G|T;Family=11843	1.30272111402955	0.0974890975352378	0.59577019485893	1
chr8:29051336;GTAT|G;Family=13584	0.425712304140104	0.673926568118873	0.94519760906175	1
chr8:29067835;T|C;Family=13808	-0.238211516787046	0.800433758212757	0.965036179884676	1
chr8:30831849;A|G;Family=14163	-2.01911331389894	0.115034568234369	0.622050631139785	1
chr8:33548607;G|T;Family=14283	-1.30470307153758	0.0559325795358212	0.498505903047416	1
chr8:37745694;C|T;Family=14270	1.27729944273517	0.262568215231111	0.776380993958328	1
chr8:37845026;G|A;Family=13072	-0.884711926405588	0.267252822928771	0.777273250633651	1
chr8:37859423;G|A;Family=14619	0.0872864484099979	0.911233279154486	0.994450336299019	1
chr8:38274890;T|C;Family=11310	-0.463177295830735	0.178403890643889	0.719429094374272	1
chr8:38424684;C|T;Family=12703	-0.239102977401414	0.779514712849049	0.962128318063079	1
chr8:38989521;T|C;Family=14234	0.254732468035617	0.692818738377557	0.945469909197862	1
chr8:38991018;T|C;Family=13233	-0.0352711194690915	0.965418101805268	0.995500056197723	1
chr8:39637652;G|A;Family=13838	-1.05955769569944	0.20153540930246	0.74196557967373	1
chr8:39645438;G|C;Family=12892	-0.0775696480622123	0.921195988884541	0.994450336299019	1
chr8:40154289;G|A;Family=12974	-0.441422511626561	0.336432329071419	0.821395952360538	1
chr8:40531284;A|C;Family=14660	-0.165210187634278	0.827999329928394	0.972667029015379	1
chr8:42272348;G|C;Family=13772	2.59916889932636	1.64846221107362e-14	1.51328830976559e-11	6.05315323906235e-11
chr8:42554909;T|C;Family=12113	1.03396548478689	0.385672968679214	0.84498278102033	1
chr8:472182;A|T;Family=14491	0.0184498695325609	0.978708808857636	0.998517835991355	1
chr8:491999;C|T;Family=14474	0.47448105890137	0.196148790154599	0.737497602441517	1
chr8:492350;T|C;Family=12796	-0.790692059239874	0.0800950150460258	0.559594821307933	1
chr8:53228434;CAG|C;Family=11172	0.248964792478816	0.66126961552109	0.944172813369795	1
chr8:55527291;G|A;Family=13069	0.152159964917085	0.79417118269514	0.964988942043863	1
chr8:55538529;T|C;Family=12984	-2.14462838277417	0.0177858552980587	0.301141713519081	1
chr8:56164546;A|C;Family=12314	1.0679276942783	0.138761321186946	0.671319593410364	1
chr8:56217465;TAGAAGC|T;Family=11948	1.56364110956667	0.0844974515654658	0.563111873227569	1
chr8:56964164;G|C;Family=13870	-1.8649527142044	0.0158206307415954	0.283627239119432	1
chr8:58448913;C|T;Family=11018	0.359860574464772	0.443590320231124	0.876768606361833	1
chr8:61606588;A|G;Family=13853	1.14173511704145	0.102396124708669	0.600526283286868	1
chr8:61659074;C|G;Family=22315	-0.0674817499002672	0.919049769156336	0.994450336299019	1
chr8:61665222;C|T;Family=14053	-0.672093461999154	0.451664687008422	0.879243767911242	1
chr8:63186531;G|C;Family=12674	-0.631442474447542	0.457760976482755	0.882319234493495	1
chr8:63187741;G|A;Family=12860	-0.0501877879510503	0.861205869823798	0.980573008990073	1
chr8:65602541;C|T;Family=13335	1.65286132628338	0.03502131846396	0.410505815747768	1
chr8:65718492;G|A;Family=12597	-0.695588271586918	0.0507106396141313	0.471993070368841	1
chr8:66514029;T|G;Family=14254	-0.631561973205059	0.321517584205364	0.818367963791311	1
chr8:66632325;T|C;Family=11922	-0.355534177738689	0.774390144799718	0.960984229126855	1
chr8:68233907;C|T;Family=12919	0.20741273432616	0.856383831047254	0.979370760717881	1
chr8:68234749;G|A;Family=14669	-0.486587345186213	0.345141091757507	0.827348182979837	1
chr8:6924777;A|G;Family=12532	-0.575853778748124	0.621053599596019	0.935840807343535	1
chr8:69672964;C|T;Family=11195	-0.17839169488197	0.876496242664909	0.985832735233263	1
chr8:73420884;C|G;Family=13882	-2.03582482905581	0.00638964457900539	0.170735724473282	1
chr8:73653867;C|T;Family=11018	-0.152289550703219	0.792478529321003	0.964259317456167	1
chr8:73668999;C|T;Family=11679	0.200141528297105	0.555650491061397	0.91927167916113	1
chr8:74234772;CAAG|C;Family=12206	-0.0916934536906287	0.931421353894737	0.994450336299019	1
chr8:74365934;T|G;Family=14110	0.309848205327519	0.435002214868459	0.874768966591993	1
chr8:76865498;C|CG;Family=13613	1.23362059180291	0.00111532438399309	0.0546062818403016	1
chr8:76865499;C|T;Family=13613	-0.996930772830034	0.00120905902151186	0.058350653382159	1
chr8:76866525;C|T;Family=12638	0.320971618344927	0.374625556337018	0.842235997232932	1
chr8:76981153;T|C;Family=14692	0.836042242302909	0.310077321472273	0.808667559975986	1
chr8:76982966;A|G;Family=13748	0.255461679174013	0.801699267769685	0.965036179884676	1
chr8:78717932;G|A;Family=12541	-0.999778783785121	0.335681419796222	0.820107899861428	1
chr8:78738606;G|C;Family=12643	-0.809514930693751	0.30612438464373	0.805753381131891	1
chr8:78740044;A|T;Family=22024	-0.423515606714567	0.345193084390127	0.827348182979837	1
chr8:80526198;G|C;Family=14253	-0.901441300101827	0.457272814152713	0.881883284437375	1
chr8:80971856;T|A;Family=11073	0.359451683473663	0.725270576833134	0.951820428209889	1
chr8:81480433;T|C;Family=13763	0.969196007388768	0.214050599961369	0.745520530250467	1
chr8:81701852;G|C;Family=13947	1.98305630174759	0.038201209736553	0.419882520707689	1
chr8:85124850;G|A;Family=14385	0.468344790648717	0.696475174879339	0.945469909197862	1
chr8:88038481;C|A;Family=11838	-0.0112942817607348	0.990690203891523	0.998517835991355	1
chr8:89926047;G|T;Family=14285	-2.2768518768074	0.0253367570773973	0.362010007736198	1
chr8:90956239;CTGTT|C;Family=12483	-0.127863158455999	0.852775279460902	0.97926323081958	1
chr8:90957147;A|G;Family=11537	-0.265057728365902	0.767065363454706	0.960854186791555	1
chr8:90993992;A|G;Family=14522	-0.581294261915594	0.260251235010892	0.776380993958328	1
chr8:9139918;A|C;Family=13948	-0.244207084507994	0.74886992795259	0.956459981112518	1
chr8:91955087;C|G;Family=14152	1.28491923542737	0.12894528322317	0.653261836206219	1
chr8:91956796;T|A;Family=12032	-0.837543794938789	0.38456188743379	0.843555107919282	1
chr8:93702337;TATG|T;Family=14271	0.904370744373878	0.343813488701459	0.827348182979837	1
chr8:94127863;G|A;Family=22308	-0.183559528539012	0.854781600033607	0.979267946988329	1
chr8:94790581;A|G;Family=13375	0.314577490108367	0.294702054556533	0.802778890453702	1
chr8:94790790;AAT|A;Family=12499	0.735370618716776	0.383107096974235	0.842965285880744	1
chr8:95047123;T|A;Family=14095	-0.106916148656414	0.880286082711092	0.986694290511333	1
chr8:96610564;T|C;Family=11030	-1.03001684009776	0.283802905281368	0.791839078405854	1
chr8:97275271;G|A;Family=13082	0.943699271768393	0.34723772946023	0.827525017275195	1
chr8:9780855;T|A;Family=13412	0.20344122356679	0.840823620934281	0.976131626958799	1
chr8:98432386;T|G;Family=14371	0.0995751862097169	0.673475517335628	0.944975964713957	1
chr8:99511216;G|A;Family=12922	0.937544208920268	0.474482156664126	0.892197369958257	1
chr9:101362333;G|A;Family=12111	1.73286462876949	0.0830507476441253	0.560816231732374	1
chr9:105637531;T|C;Family=12377	0.069045528087344	0.874515404181509	0.985832735233263	1
chr9:107012058;A|G;Family=11063	-1.13185998233323	0.069079892506908	0.538559161964684	1
chr9:107331575;TC|T;Family=13575	1.08096682865679	0.357472680475602	0.83417339114675	1
chr9:108868801;AG|A;Family=14371	0.215795281845472	0.78869900912863	0.964082144314357	1
chr9:109073266;A|G;Family=14440	0.291978461965756	0.706154389334267	0.946349969939938	1
chr9:109172479;C|T;Family=11000	-0.331732370776729	0.497712491002437	0.903857698793743	1
chr9:109174247;C|G;Family=13592	-0.221330964439746	0.802266343263275	0.965036179884676	1
chr9:110169350;T|G;Family=14314	-0.665021416543001	1.85579101606905e-05	0.00219821439064695	0.0681446461100555
chr9:111361377;A|G;Family=13929	-0.824084349296866	0.316253640130751	0.816081072775908	1
chr9:111544251;T|G;Family=13096	0.517122562089204	0.511935263257388	0.911757599787938	1
chr9:111578926;C|T;Family=11526	-1.66637367983516	0.0434691363060469	0.440935548386199	1
chr9:112223846;A|G;Family=14081	-1.13066362264189	0.331822706722497	0.819658421180037	1
chr9:112661862;T|TA;Family=12221	1.37028187486034	0.100572707529764	0.598561737354028	1
chr9:113291674;A|G;Family=12899	0.0688984210826787	0.940718454119092	0.994450336299019	1
chr9:113315864;C|T;Family=11455	0.0542234940782723	0.949644768619988	0.994490996964741	1
chr9:113408274;A|G;Family=11775	-0.566327000762385	0.589983443027852	0.927306478133066	1
chr9:113408563;G|C;Family=14240	-1.44138752220486	0.153175734025775	0.684790353316655	1
chr9:120602066;A|G;Family=13946	-0.655205974203626	0.510679604214957	0.911276533961918	1
chr9:121783329;C|T;Family=14202	0.363111008582061	0.700088249046245	0.945469909197862	1
chr9:122240838;G|A;Family=14116	0.796011663909082	0.399039087469929	0.851660455533044	1
chr9:122324182;T|G;Family=13660	-0.872357013251016	0.421432495784508	0.868719830376249	1
chr9:123089820;C|A;Family=12637	-0.169905647754846	0.84134185724464	0.976424557459645	1
chr9:123123170;G|A;Family=13259	0.836272088009694	0.383014685374341	0.842965285880744	1
chr9:124482337;C|G;Family=13133	0.53274704870617	0.604686594455934	0.92755546278534	1
chr9:124517762;A|G;Family=14042	-0.723224540668892	0.329979903681787	0.819658421180037	1
chr9:124812407;C|T;Family=11376	-0.304544792011907	0.544421150553664	0.914926528527713	1
chr9:124814304;G|C;Family=12066	0.339246164552851	0.67990262201844	0.945469909197862	1
chr9:124945512;G|A;Family=12494	0.551217749877786	0.6260088133197	0.936932915828866	1
chr9:124947542;G|A;Family=11671	1.22965554503062	0.262340060657244	0.776380993958328	1
chr9:125341338;A|G;Family=11922	-1.40908425878284	0.0867036165315992	0.572618129323799	1
chr9:125437495;T|C;Family=13001	0.952162604570256	0.241387364432986	0.755402202581065	1
chr9:125438213;G|A;Family=14291	-1.05787314501146	0.107253262392287	0.6080518481451	1
chr9:126503518;G|A;Family=14246	-0.995908518260981	0.293747639793577	0.801963816596294	1
chr9:126696795;G|A;Family=14415	-0.506132884381184	0.170742644671696	0.715377164631145	1
chr9:126882867;TG|T;Family=13581	-2.3046513489211	0.0557796865582589	0.498505903047416	1
chr9:126990082;C|T;Family=11462	-1.65779557185256	0.0258661059168577	0.365309003564236	1
chr9:127872724;G|A;Family=13601	0.734439549950228	0.226823897881769	0.749415042374362	1
chr9:128163787;G|A;Family=12457	0.99898181910161	0.397834879594507	0.851660455533044	1
chr9:128635951;G|A;Family=11009	0.36868922550528	0.766609437677136	0.960854186791555	1
chr9:128809363;G|A;Family=14641	0.907205796581894	0.276486989680303	0.786703019840393	1
chr9:129176594;G|A;Family=13649	1.17933642393968	0.206720009101197	0.74196557967373	1
chr9:129810352;G|T;Family=13912	-0.488335537397144	0.494320986636397	0.90081720244608	1
chr9:129827484;T|C;Family=14085	-1.18683254771245	0.0596473881536224	0.509360951860701	1
chr9:130234947;G|A;Family=14563	-0.187715847572098	0.799354787971715	0.965036179884676	1
chr9:131123084;TG|T;Family=11009	-1.11744037195992	0.0806698496934523	0.559594821307933	1
chr9:131523662;G|A;Family=13332	0.506705796377705	0.531490147171344	0.913208766660489	1
chr9:132262526;G|A;Family=14005	-0.757145731186761	0.244349013081114	0.760900441797381	1
chr9:132638219;A|G;Family=14550	0.122753001331808	0.810733355768789	0.967583089969815	1
chr9:133161106;T|C;Family=11004	0.212804322690749	0.79138801567549	0.964159520093033	1
chr9:133329726;C|T;Family=14410	-0.513398099508982	0.540722544875957	0.913855600356234	1
chr9:133361896;C|T;Family=14053	0.0504072533989488	0.919624854493751	0.994450336299019	1
chr9:133363549;C|G;Family=11038	0.849848839080334	0.309305334973955	0.808433979373531	1
chr9:133430005;G|A;Family=12062	-2.25912709912634	0.0812858416112144	0.559594821307933	1
chr9:133449924;G|A;Family=14554	0.913641835147762	0.412808917832928	0.86372327423505	1
chr9:133763665;C|T;Family=13772	-0.146460628021791	0.60929946132572	0.929131072254171	1
chr9:135566816;A|G;Family=14065	-0.382754906057077	0.591575988669363	0.927306478133066	1
chr9:135694297;CT|C;Family=13390	0.00408996703352738	0.99477664999406	0.998517835991355	1
chr9:136196867;T|A;Family=11857	0.60260806098307	0.247904459936677	0.76342885136022	1
chr9:136367682;G|A;Family=13443	3.77783658917205	0.00390479505243734	0.125775503794297	1
chr9:136840556;G|A;Family=13094	0.576488790001374	0.64183211008228	0.941942739149472	1
chr9:137007274;A|G;Family=12944	-1.80808892871311	0.0604916256323827	0.512652217529188	1
chr9:137010114;C|T;Family=14317	-1.06497254648797	0.399645140180389	0.851660455533044	1
chr9:137011936;C|T;Family=12225	1.29945695223022	0.104949801140119	0.604985352883073	1
chr9:137013102;G|A;Family=14275	-1.39392709633575	0.151621303961439	0.68406127561097	1
chr9:137078580;C|T;Family=14361	0.897483133555626	0.210618990415063	0.743647050773183	1
chr9:137087244;G|C;Family=13043	0.423573086760305	0.716448526313785	0.950433160630137	1
chr9:137161981;C|A;Family=14008	-1.09160015675988	0.272947142683483	0.784613137845149	1
chr9:137164953;C|T;Family=13780	-0.0230183100625645	0.984208370727936	0.998517835991355	1
chr9:137273442;GT|G;Family=13636	1.06633165572776	0.356571021521741	0.833967382820275	1
chr9:137301028;T|C;Family=14119	-0.156701004181274	0.410317940054626	0.861456532807654	1
chr9:137522810;C|T;Family=13251	0.573333179321149	0.574779724442682	0.927306478133066	1
chr9:14085340;GAA|G;Family=14147	0.0261503095130075	0.960228302578262	0.995458477833526	1
chr9:14611924;C|T;Family=12247	-1.04642693863718	0.422929500177482	0.868719830376249	1
chr9:14616772;T|C;Family=14687	-0.0843672921318476	0.939844591424693	0.994450336299019	1
chr9:16416120;C|T;Family=12682	-0.394746997654104	0.674444268627782	0.945251661985196	1
chr9:17300732;C|T;Family=13684	-0.152283595538217	0.9084504169535	0.994450336299019	1
chr9:18909049;G|T;Family=11964	0.996643271091547	0.0893775813392942	0.578287426017872	1
chr9:19054207;T|TA;Family=11499	-0.250938355226635	0.754739224405977	0.957285062236887	1
chr9:20865950;T|G;Family=11235	-0.616987122401068	0.489715641246315	0.898548086514677	1
chr9:21409905;C|T;Family=14149	-0.909643673161182	0.0467991243059142	0.45703825651946	1
chr9:21480945;T|G;Family=12233	0.00623971103773078	0.99287901238118	0.998517835991355	1
chr9:21862263;GA|G;Family=22252	-0.128745341410606	0.911167743573368	0.994450336299019	1
chr9:22003750;T|TG;Family=14696	-0.936309286380994	0.331877445889741	0.819658421180037	1
chr9:27327950;A|G;Family=11964	-1.27989748131165	0.117587763603229	0.625771402827621	1
chr9:27948743;A|G;Family=11300	-0.211754305241436	0.837863738751396	0.975797445666305	1
chr9:3218573;C|G;Family=11571	-0.493450040596034	0.0321531888997189	0.399189704280324	1
chr9:3221259;A|G;Family=13311	-0.388291117317189	0.585995680687942	0.927306478133066	1
chr9:33104557;G|A;Family=13136	-0.130781173132059	0.810135498388833	0.967437766635053	1
chr9:33112948;C|T;Family=11928	0.515519979910283	0.640529645303037	0.941942739149472	1
chr9:33281041;G|A;Family=13509	-0.198998451828107	0.505065324691167	0.90751614472346	1
chr9:34400074;G|T;Family=13890	-0.126180315134814	0.888485580829301	0.990004974466563	1
chr9:34723228;G|C;Family=13203	0.148139789279697	0.895644715640152	0.991250445562078	1
chr9:34978932;A|G;Family=11792	0.179925865757633	0.814048159791227	0.968610847466953	1
chr9:36337040;A|C;Family=14084	-0.298480762468471	0.641362694365188	0.941942739149472	1
chr9:36835610;G|A;Family=12185	1.25173495950796	0.160626994159935	0.70300634392763	1
chr9:36838268;C|T;Family=13932	-0.618691300501477	0.486338431252464	0.898360625374558	1
chr9:36838887;C|T;Family=13812	-0.959244925154155	0.048915537698871	0.459222625494378	1
chr9:37436817;C|T;Family=11627	-2.40706610572834	0.0242208653117945	0.356893769407175	1
chr9:37503112;TGAA|T;Family=13267	1.91558816294058	0.0269198678520584	0.371548293179989	1
chr9:37515815;G|C;Family=14635	-0.408170627498908	0.63146548682312	0.941582911078405	1
chr9:4605416;T|A;Family=13415	-0.646674075315106	0.440136194130414	0.876768606361833	1
chr9:4707719;C|T;Family=11092	0.347965458488758	0.622774297283536	0.935840807343535	1
chr9:5234229;C|T;Family=14175	1.30492283199783	0.289948638322673	0.79889773593665	1
chr9:5235143;T|C;Family=13383	1.44764726667318	0.0225782157910058	0.344306844912886	1
chr9:5786983;C|A;Family=12498	-0.21021174907393	0.442480655505374	0.876768606361833	1
chr9:5909470;C|A;Family=11164	-0.354820611598643	0.64869767696459	0.941942739149472	1
chr9:6011694;C|A;Family=11615	1.04901914631001	0.218371807934713	0.749415042374362	1
chr9:6014079;C|T;Family=12396	-1.99931777927502	0.0408127682375023	0.428184242766024	1
chr9:69431314;C|T;Family=12382	0.968133537763047	0.271982510126203	0.783490244297805	1
chr9:70532688;A|G;Family=13732	0.43820154240175	0.389804338556077	0.849898677338249	1
chr9:70534620;CTGTCTA|C;Family=13252	2.50478638708813	0.0242983230805539	0.356893769407175	1
chr9:72353171;T|C;Family=12624	0.182690516611239	0.776018321459469	0.960984229126855	1
chr9:74691212;A|G;Family=14268	1.22903999763451	0.0390737675546393	0.420459639763188	1
chr9:77317670;A|T;Family=13623	0.807492665862394	0.350763598531234	0.827700558132501	1
chr9:77419858;G|A;Family=22231	-0.798209338092158	0.0257546753783552	0.365309003564236	1
chr9:77719646;C|T;Family=14446	0.239932983311186	0.816037708525762	0.968610847466953	1
chr9:78329763;T|C;Family=11685	-0.423637421432208	0.682418992380276	0.945469909197862	1
chr9:79722581;C|T;Family=11199	-0.76155780354438	0.0650917317036805	0.527630990763609	1
chr9:8315243;G|A;Family=12923	-1.00067415610345	0.335019034402194	0.820107899861428	1
chr9:8316672;C|CCTGA;Family=12536	-0.329769321518309	0.733407769096242	0.951889294499884	1
chr9:83247078;C|T;Family=13298	-0.907516620844128	0.0556256381480902	0.498505903047416	1
chr9:84876701;T|C;Family=14125	0.227151481523427	0.719990042695669	0.951635014512506	1
chr9:86022196;G|A;Family=14394	-1.40426514320436	0.0682869321087187	0.536937076452281	1
chr9:87650018;G|A;Family=13884	-0.45924772889582	0.629525308867121	0.940446271017115	1
chr9:88992903;G|A;Family=12940	-1.19697571776474	0.153447989363408	0.684790353316655	1
chr9:89002362;G|A;Family=14179	-0.241025457635639	0.785615244293479	0.963316914580686	1
chr9:89007807;T|C;Family=14011	-0.547471387813438	0.65709933807361	0.944172813369795	1
chr9:89377705;G|A;Family=14613	1.60134211845278	0.037651004105682	0.419882520707689	1
chr9:93034580;G|A;Family=12479	-0.0607956628826805	0.962442838479534	0.995490630309458	1
chr9:93952040;GATC|G;Family=14109	0.831640289878607	0.306998581352842	0.80578898550939	1
chr9:94295032;C|T;Family=12493	-0.373590370582137	0.540209934990417	0.913855600356234	1
chr9:95099215;G|A;Family=13300	0.559293976783881	0.510082212538764	0.911041351988275	1
chr9:95467382;A|T;Family=13578	0.152035380658989	0.554419991034074	0.919110702969354	1
chr9:95467387;G|A;Family=13991	0.228850189566104	0.460895455274808	0.882319234493495	1
chr9:96320998;C|T;Family=12497	-1.3674898365182	0.127269291445808	0.650881390235383	1
chr9:96756012;G|C;Family=14095	-0.936657490358377	0.34880782174209	0.827700558132501	1
chr9:96758618;A|G;Family=13159	-0.765963233575206	0.518950292217103	0.911757599787938	1
chr9:97673220;A|G;Family=13070	-0.508204684739222	0.0263806434387502	0.367431655878813	1
chr9:97855594;C|G;Family=12619	-0.115506665133654	0.905150880251575	0.993609084556958	1
chr9:98849178;C|T;Family=11445	-1.03954239689554	0.384490261709895	0.843555107919282	1
CLIP2_wgs	-1.02625264107661	0.057348468629358	0.499013215182471	1
CLSTN2_wgs	2.63242296250489	0.00238314396582766	0.0921176607013021	1
CMTR1_wgs	0.309301695480205	0.690809251821487	0.945469909197862	1
CNGB1_wgs	-1.00508850060134	0.224395748681689	0.749415042374362	1
CNKSR3_wgs	-0.393372639720749	0.190826027310318	0.732538065502298	1
CNNM2_wgs	0.247495307769689	0.376681007319974	0.842235997232932	1
CNTF_wgs	0.848264048677677	0.107879340681342	0.609327831620619	1
CNTLN_wgs	0.330962581757147	0.807374494028419	0.967437766635053	1
COCH_ssc	-1.15165351043329	0.0246236699868559	0.358958560824636	1
COG6_wgs	-1.36033818851836	0.072012425021509	0.542976642051296	1
CPD_wgs	-1.66893579439366	7.63061706388835e-06	0.00100070092352136	0.028019625858598
CPEB4_wgs	0.250285132988755	0.379924947046254	0.842235997232932	1
CRTC1_wgs	0.748601974794128	0.000131499860728458	0.0109742611044295	0.482867488594897
CSK_wgs	-0.0713930825060058	0.830785566151135	0.973524937136148	1
CTD-2132N18.3_wgs	-0.521826853056144	0.643810521048035	0.941942739149472	1
CUL3_wgs	-1.44189713159797	0.0948136065345196	0.586747787489526	1
CUX1_wgs	-1.05611710816475	0.061059518728719	0.512652217529188	1
DACT2_wgs	0.17618953884056	0.481245015590049	0.893845066892595	1
DCAF4_wgs	0.0228285625389574	0.985945627439538	0.998517835991355	1
DCTN5_ssc	-0.30337637281906	0.534112638993654	0.913208766660489	1
DHRS7B_wgs	1.62711510526844	0.0392490449026707	0.420459639763188	1
DIDO1.1_wgs	-2.37587740751498	0.0397784803109969	0.423381390440524	1
DIDO1_wgs	0.502743992133307	0.362847835087686	0.837446417625381	1
DNAJC10.1_wgs	-2.64351046394475	0.000109221763457944	0.00978200769311144	0.401062315417569
DNAJC8_wgs	0.527988339536862	0.638435389429911	0.941942739149472	1
DPY19L3_wgs	-0.501183001825634	0.317645215855577	0.81623039371706	1
DSE_wgs	-0.7114658382363	0.222371631976151	0.749415042374362	1
DSTYK_wgs	-3.30232977145307	0.00232743573286996	0.0921176607013021	1
DTX3L_wgs	3.87015649531655	2.12485609241723e-07	6.00190120873543e-05	0.000780247157135605
ECE2_wgs	0.929958354833351	0.000232496314131679	0.0170745293098305	0.853726465491524
EIF4E3_wgs	0.921570029654239	0.000261338550897445	0.0184545222864504	0.959635158895419
ELOVL6.1_wgs	0.841543996779926	0.317644970663792	0.81623039371706	1
ELOVL6_wgs	0.898476788718731	0.396306448036466	0.851660455533044	1
EMILIN2_wgs	1.06376782545698	0.134701337293973	0.667507841489163	1
ENPP5_wgs	-1.87203221399612	0.08037294950008	0.559594821307933	1
EPB41L1_wgs	0.695113081788919	0.174181937239031	0.716958229977648	1
EPB41L5_wgs	-1.12303944189707	0.131034515284125	0.660025706616333	1
EPM2AIP1_wgs	-0.629810322809055	0.611195173913148	0.92950812933936	1
EPX_wgs	0.0975926276871078	0.925902607790904	0.994450336299019	1
ERICH1_wgs	0.195891750965525	0.851892691282617	0.97926323081958	1
ETF1_wgs	-1.1230312365003	0.0041900231309734	0.129292142327179	1
F2RL1_wgs	5.57705612411786	4.94358787970237e-13	2.59326495632387e-10	1.81528546942671e-09
F2RL3_wgs	-0.244807781050369	0.707735895379077	0.946857137385887	1
FAM101B_wgs	1.86507173503993	0.0352353633261715	0.410743663916513	1
FAM127A_ssc	0.316705879247007	0.171860198935855	0.715389688455078	1
FAM57A_wgs	-0.334487322174582	0.39486477660763	0.851660455533044	1
FAM83F_wgs	-2.09247687544227	0.00947939659271185	0.2147475046204	1
FANCC_wgs	-0.0382105033152938	0.966219936308106	0.995500056197723	1
FANCM_wgs	0.46006077303087	0.479855451970892	0.893845066892595	1
FARP2_wgs	0.8278705600653	0.0635064001549937	0.521690159662499	1
FAXC_wgs	-0.802274181317087	0.0547670250360797	0.49533132003075	1
FBRSL1_wgs	-0.322636143005764	0.711693557999919	0.949243093573931	1
FBXO31_wgs	0.0809997190167587	0.866080971575061	0.981558434451736	1
FBXO44_wgs	-0.22616888963042	0.731829638872407	0.951889294499884	1
FGD4_wgs	0.979930002472693	0.00588679437976976	0.163759916382686	1
FIGN_wgs	0.0838735622814005	0.801496362534047	0.965036179884676	1
FKTN_wgs	-0.631119914440614	0.171188514417619	0.715377164631145	1
FLI1_wgs	-0.241834112259537	0.499503147363823	0.904434323173208	1
FLJ14816_wgs	0.445928914615105	0.673049431790849	0.944975964713957	1
FOSL2_wgs	0.577849865960676	0.473732296562649	0.892197369958257	1
FRAS1.1_wgs	0.192486119335623	0.75054134862167	0.956459981112518	1
FRAS1_wgs	0.689053747488981	0.425707433229271	0.869892985430097	1
FRK.1_wgs	0.43563746419863	0.26827818916523	0.777273250633651	1
FST_wgs	0.145362732660484	0.706537054563861	0.946517352921743	1
FTO_wgs	0.809692538201814	0.263445184769084	0.776380993958328	1
FXYD3_wgs	-0.382654484317671	0.335030608947424	0.820107899861428	1
GALNT11_wgs	-1.34377064663442	0.00951493254628735	0.2147475046204	1
GDPD4_ssc	-1.65618903968996	0.10254084412333	0.600526283286868	1
GET4_wgs	-1.46728386660997	0.0832366139145272	0.560816231732374	1
GFOD1_wgs	-0.617682764337184	0.285788409949718	0.793208648023706	1
GJA1_wgs	0.390531510205157	0.762184040003616	0.960649585891211	1
GJA3_wgs	-0.799245563773331	0.107194298367175	0.6080518481451	1
GLCCI1_wgs	0.28044336052463	0.766462417552023	0.960854186791555	1
GLYAT_wgs	1.71048108287611	0.0213210168433699	0.331740567156162	1
GMPS_wgs	-0.392773294297865	0.464469337391587	0.886911808061314	1
GNB1L_wgs	0.4329521492655	0.559878198688109	0.921089939777212	1
GNB4_wgs	-0.957884421198695	0.137507261493269	0.671312840305193	1
GPR132_wgs	-0.515056050713456	0.0763115114781692	0.552694023960231	1
GRAMD2_ssc	0.898559582787042	0.00348634149730899	0.11744812823962	1
GRIK2_wgs	-0.815533858503911	0.144512498058994	0.681437958446688	1
GRK4_wgs	0.507487179598939	0.614105229117246	0.932586601041575	1
GRM6_wgs	0.642888140462342	0.0287707011851167	0.378659551081536	1
GSG1L_wgs	-0.0816726698271296	0.86513897184035	0.98114395146469	1
GSKIP_wgs	-1.92207358970497	0.0458967120645869	0.452032475980114	1
GSPT1_wgs	0.297348289623723	0.590624591631399	0.927306478133066	1
GSTA2_wgs	-1.01346165109449	0.306113374016927	0.805753381131891	1
GTF2H1_wgs	-0.274166233402102	0.819641134227154	0.969214356177691	1
GTPBP2_wgs	-0.815533607686629	0.463558599324232	0.88563328653412	1
GTPBP6_ssc	0.959663539292247	0.202354370924599	0.74196557967373	1
GUCY1A2_wgs	0.484483906592982	0.620856241124251	0.935840807343535	1
GXYLT1.1_wgs	-1.53070502166071	0.0751211540543275	0.551342519417427	1
GXYLT1_wgs	1.02205073178745	0.317444015745918	0.81623039371706	1
GYPA_wgs	3.53844606059594	3.26734718322105e-06	0.0005216390807299	0.0119976988567877
HAP1_wgs	1.22122963208973	0.00373150442007593	0.122340037772489	1
HDGFRP3_wgs	-1.83288430301045	0.0688241204829585	0.537706745560476	1
HECA_wgs	0.514398235746152	0.429896753157548	0.870220990956183	1
HELLS_wgs	-1.74887999096854	0.10713954169603	0.6080518481451	1
HERC3_wgs	1.29737214649851	0.0952489747590907	0.587822244227531	1
HHAT_wgs	0.647399224179046	0.558588287104388	0.920994436291918	1
HIST1H2BN_wgs	0.854619706539416	0.00207285112504083	0.0897367985757041	1
HK2_wgs	-0.0287899617071955	0.968443265826504	0.995500056197723	1
HLF_wgs	0.135641512077259	0.902022266947113	0.992634587892546	1
HOXC11_wgs	0.554493476085641	0.240283806787532	0.755402202581065	1
HS3ST1_wgs	1.75713563235026	0.0931132721678683	0.585207034413117	1
HSF2BP_wgs	-2.34482240235156	0.0192214464334376	0.312305979219393	1
ICMT_wgs	-0.981096840788289	0.295482393475758	0.80320362518346	1
ICOSLG_wgs	-0.81561299131778	0.213252002851019	0.74399324395962	1
IDE_wgs	-0.29626164286702	0.660660123366233	0.944172813369795	1
IFNLR1_wgs	0.576587470368237	0.202988707829539	0.74196557967373	1
IGF1_wgs	-0.127793136227744	0.633012844802131	0.941582911078405	1
IGF1R_wgs	-3.51350220067589	2.5683870313686e-05	0.00294722411849547	0.094311171791855
IGFBP4_wgs	-0.0760661487524756	0.921666476587728	0.994450336299019	1
IKBKAP_wgs	0.506186556414977	0.434175822847838	0.874543950355053	1
IKBKB_wgs	2.58890384187242	2.23351113617109e-14	1.64029057840405e-11	8.20145289202025e-11
IKZF4_wgs	-0.951090245106112	0.234557661112341	0.751614639408731	1
IL10_wgs	0.839760838457056	0.54971760134388	0.917945899106288	1
IL17A_wgs	-1.05474217214846	0.294639392274295	0.802778890453702	1
IL17RA_wgs	0.259706370140924	0.690719923609003	0.945469909197862	1
IL20RB_wgs	-0.34743829876981	0.564783253942204	0.923005489990456	1
INHBA_wgs	-2.39878319968487	0.00769406754646533	0.187103417421329	1
INO80C_wgs	1.73430159522075	0.104569339588487	0.604690732234527	1
INPP4A_wgs	-0.345931219007982	0.226310544963962	0.749415042374362	1
INPP5F_wgs	0.410767161579436	0.656277117802083	0.944172813369795	1
INSL4_wgs	-0.212765990891708	0.775794008298238	0.960984229126855	1
IP6K1_wgs	0.0846937127337286	0.746273503874332	0.955857324880861	1
IPO5_wgs	3.08523645213181	5.57567874474972e-05	0.00553348441911378	0.20473892350721
IRGQ_wgs	-0.599334999005558	0.074499334941363	0.549320397398966	1
IRS1_wgs	-1.27691757136365	0.153481062303815	0.684790353316655	1
ITGA9_wgs	-0.269465587649599	0.807828767185301	0.967437766635053	1
ITGB6_wgs	-0.467956159067449	0.668719656268968	0.944172813369795	1
ITGB8_wgs	1.37295941674776	0.0954982379356445	0.588371694126991	1
KBTBD11_wgs	0.89586038129451	0.00304933567812546	0.110862976337393	1
KCNC4_ssc	-1.24652204209197	0.247070004003585	0.763028641464394	1
KCNJ12_wgs	0.314579364387769	0.330739271443299	0.819658421180037	1
KCNK3_wgs	0.206584444017635	0.444481804466633	0.876768606361833	1
KCNMA1.1_wgs	0.177733895107991	0.581791002402477	0.927306478133066	1
KCNMA1_wgs	-0.726685649042145	0.500501105948568	0.904434323173208	1
KCNS1_wgs	1.66248402858296	0.178681735857662	0.719429094374272	1
KCTD20_wgs	-0.730723764702639	0.0259745010058519	0.365434358978881	1
KDSR_wgs	2.04684506831806	0.00238509206295625	0.0921176607013021	1
KIAA0226_ssc	0.169108571657524	0.859064518490362	0.97967019138905	1
KIAA0247_wgs	-0.36869521997953	0.268036804147646	0.777273250633651	1
KIAA0319L_wgs	0.0244503921714847	0.979682744561996	0.998517835991355	1
KIAA0930_wgs	-0.246075790007567	0.762868788795962	0.960649585891211	1
KIAA1377_wgs	-0.885541550274877	0.304642872412274	0.805381573484831	1
KIAA1456_wgs	-1.46158349498016	0.094399008355035	0.586747787489526	1
KIAA1751.1_ssc	0.263106503695926	0.106372316207403	0.6080518481451	1
KIAA1751.2_ssc	-0.169415156030257	0.298016954698436	0.80422690509912	1
KIAA1751.3_ssc	-0.738131913146412	3.90912746983253e-05	0.00422185766741913	0.143543160692251
KIAA1751_ssc	0.168724224342795	0.285545655722006	0.793208648023706	1
KIAA1755_wgs	-0.75514983923459	0.098963748905092	0.597688957203122	1
KIT_wgs	-0.152623031970502	0.269710437540672	0.780438712883646	1
KLHL3_wgs	0.101445541913784	0.926308666231712	0.994450336299019	1
KNCN_ssc	-0.81749907366205	0.240510222563575	0.755402202581065	1
KNDC1_wgs	-0.249328375207507	0.623066011223575	0.935840807343535	1
LAMB3_wgs	-0.925280756790113	0.480568397487408	0.893845066892595	1
LAPTM5_wgs	2.25354561618157	0.0903967817359091	0.578287426017872	1
LASP1_wgs	0.337439208164673	0.377391519228399	0.842235997232932	1
LENG8.1_wgs	-0.143251398246956	0.611241420924928	0.92950812933936	1
LENG8_wgs	0.37515298292044	0.148564185749341	0.683866227083353	1
LGSN_wgs	0.41000051986806	0.443577111430225	0.876768606361833	1
LHFPL2_wgs	1.747183849644	0.0447458879767877	0.448925958062198	1
LHX3_wgs	0.644734917257324	0.193500868778736	0.735543675109232	1
LILRA6_wgs	0.677910519796003	0.500413287378319	0.904434323173208	1
LIN7C_wgs	-1.95346886379786	0.0899190788501231	0.578287426017872	1
LMBRD2_wgs	-1.41956733985109	0.0529035444555362	0.484443429528002	1
LMX1B_wgs	-0.603006158726308	0.110057038370547	0.614178487684874	1
LONP2_wgs	0.0444940341328344	0.878758485662308	0.985884863841123	1
LPGAT1_wgs	-0.492527871133904	0.576143213425183	0.927306478133066	1
LRP2BP_wgs	0.919644113862892	0.295732925176481	0.80320362518346	1
LRRC15_wgs	0.132016563424157	0.467722382495343	0.88914975116245	1
LSMEM2_wgs	1.00358224034922	0.240281204878709	0.755402202581065	1
LTN1_wgs	0.963292190144315	0.180048162964962	0.720778275725543	1
LYRM2_wgs	1.91197796503783	0.0281766462561785	0.377964154651389	1
LYRM7_wgs	-0.593009373770175	0.548305522605588	0.916451192211736	1
MAK_ssc	1.35604720984817	0.112811655938688	0.614645607383283	1
MAP1B_wgs	0.264479624598468	0.800836914682424	0.965036179884676	1
MAP2K3_wgs	-0.0264054810822992	0.961131989813453	0.995458477833526	1
MAP4_wgs	0.560578370951669	0.34007329988302	0.825380907294955	1
MAPKAP1.1_wgs	-0.231646686230394	0.723075130990015	0.951635014512506	1
MAPKAP1_wgs	-4.97357916237441	2.72556362425473e-07	7.14876402018811e-05	0.00100082696282634
MARVELD2_wgs	-0.662000972824995	0.572229915361122	0.926498219915827	1
MAST3_wgs	4.58607686628714	9.1294199317937e-16	1.67616149947732e-12	3.35232299895465e-12
MAVS_wgs	-0.49431038864137	0.524728042955104	0.911757599787938	1
MCF2L_wgs	0.919603100534865	0.395084546616086	0.851660455533044	1
MED13_wgs	-0.249140582820225	0.57221624178676	0.926498219915827	1
MEGF9_wgs	0.0278174195994281	0.978076456879204	0.998517835991355	1
MFN2_wgs	-0.480977363104317	0.337401839939833	0.82212312956806	1
MGAT1_wgs	0.210643144922342	0.680820257224847	0.945469909197862	1
MGAT3_wgs	0.198157328626318	0.676712796522648	0.945469909197862	1
MICB_wgs	-0.528446346766126	0.202042707637397	0.74196557967373	1
MINK1_ssc	1.59737062537213	0.152224345758365	0.68406127561097	1
MKX_wgs	2.68090488467653	0.00546670775694796	0.155610471965216	1
MLXIP_wgs	-0.316926207136359	0.44459235976191	0.876768606361833	1
MPV17L_wgs	-1.03252743838859	0.158915119401341	0.698009950289146	1
MRPL54_ssc	0.437842538577473	0.477337899401864	0.893496135409152	1
MSL2_wgs	0.292986601831135	0.719869953502565	0.951635014512506	1
MTMR6_wgs	0.804968030984092	0.214719294165536	0.745520530250467	1
MTR_wgs	2.24287932250572	0.165307077580242	0.70919588817855	1
MUC2_ssc	0.484976768975945	0.481096087771829	0.893845066892595	1
MUC2_wgs	0.51501428139943	0.433191703688544	0.874388547630448	1
MYO9B_wgs	0.0394989084928762	0.940371989844436	0.994450336299019	1
MYRF_wgs	0.512516693509286	0.308823406928815	0.808429542168375	1
MYT1_wgs	0.275920994582261	0.542427344055473	0.913855600356234	1
NFAM1_wgs	-0.95539354519201	0.209772126750039	0.743076340759554	1
NHLRC2_wgs	-0.248390001149303	0.717664296453542	0.951633295365493	1
NINJ2_wgs	-0.152112623372236	0.896848077241685	0.991250445562078	1
NIPA1_wgs	-1.67453988711567	0.00978260625101042	0.21511417861861	1
NME9_wgs	0.754227502179037	0.231270371531739	0.750044584209939	1
NR2F2_wgs	-1.29306065008079	0.0457052384606954	0.452032475980114	1
NRXN1_wgs	0.379446169031055	0.581556418674991	0.927306478133066	1
NT5DC3_wgs	-0.169264156637677	0.867971044396896	0.982487569366647	1
NTN1_wgs	0.00404512817599451	0.990619504944178	0.998517835991355	1
NUDT14_ssc	0.432063658408786	0.517909929932349	0.911757599787938	1
NUDT3_wgs	-0.222701413768717	0.713541156025493	0.949350993466557	1
NUPL1_wgs	1.60036073526679	0.0132991680732069	0.257023921920082	1
NXN_wgs	0.240399561187663	0.382759015471569	0.842965285880744	1
OLFML2A_wgs	0.0865847182427925	0.849307403621891	0.9788483786814	1
OR2H1_wgs	-1.12271059845678	0.150457241271829	0.683866227083353	1
OSCAR.1_wgs	0.318310653702158	0.235772851041451	0.753250145676993	1
OSCAR_wgs	0.322229137199417	0.261596753137733	0.776380993958328	1
OTUB2_wgs	-1.14872493777719	0.210139430939361	0.743354781869269	1
OXR1_wgs	-1.44581238321693	0.320218653543939	0.817693251608723	1
P2RX3_ssc	0.529964352444926	0.190069686521095	0.732538065502298	1
P2RX7_wgs	-0.198064276769454	0.806080087689145	0.966639440733287	1
PABPN1L_wgs	0.636041517798532	0.298167930437092	0.80422690509912	1
PAEP_wgs	0.93735723125096	0.406064992265888	0.856937156092151	1
PALM2-AKAP2_wgs	0.304218648859766	0.0320012098961495	0.399189704280324	1
PAQR9_wgs	-0.566503535482328	0.504600511575737	0.90751614472346	1
PARK7_wgs	-0.433967141407772	0.400181300863851	0.851660455533044	1
PARVB_wgs	1.58132132226793	6.93610946770305e-06	0.000943310887607614	0.0254693939654056
PAX5.1_wgs	-0.013061900274813	0.979425967500565	0.998517835991355	1
PAX5_wgs	-0.101581919755455	0.779110978595253	0.962128318063079	1
PCBP3_wgs	0.176080458411157	0.837124327809734	0.97553809321401	1
PCDH10_wgs	-0.574700883241808	0.380205022480749	0.842235997232932	1
PCDH17_wgs	0.847116822852593	0.0264166549978231	0.367431655878813	1
PCDH7_wgs	-0.530215707734074	0.556697540857264	0.919565168703497	1
PCDHA6_ssc	0.482920234155825	0.647477898792534	0.941942739149472	1
PCMT1_ssc	1.33751885354769	0.100006275090616	0.598318433096028	1
PDCD1_wgs	0.132057850587681	0.865037952746338	0.98114395146469	1
PDE7A_wgs	0.689080068584493	0.0412240431610106	0.430207826350702	1
PDE9A_ssc	0.149039094547154	0.681343712545614	0.945469909197862	1
PEX2.1_wgs	0.184777419651828	0.809725724278749	0.967437766635053	1
PEX2_wgs	-0.339086605326119	0.725599147658159	0.951889294499884	1
PGR.1_wgs	2.2945742884999	1.26009482466192e-07	3.85589016346548e-05	0.000462706819615858
PGR_wgs	0.515747495910391	0.456743491020072	0.881883284437375	1
PHF12_wgs	-0.705627114062337	0.3697615983817	0.841210297161793	1
PHF17_wgs	0.101653592923165	0.873352807608353	0.985832735233263	1
PHF21B_wgs	0.254672568424436	0.701497212546059	0.945469909197862	1
PIRT_wgs	-0.231094781704551	0.4599092651453	0.882319234493495	1
PKD1L2_wgs	-0.0439300879705111	0.93255941847904	0.994450336299019	1
PKP2_wgs	2.50333338248125	0.000156651599722767	0.0122388228549362	0.575224674182
PLA2R1_wgs	1.2588027807746	0.0730511476084005	0.54636103072637	1
PLEKHA5_wgs	2.08905456606982	4.56602140823742e-08	1.52422096464071e-05	0.000167664306110478
PLEKHG3_wgs	-1.31039480380647	0.173455153955012	0.716958229977648	1
PLEKHG4B_wgs	-0.0495140968563527	0.801660291886378	0.965036179884676	1
PLIN4_wgs	-1.12331250730734	0.105419750528454	0.605792369233934	1
PLK5_wgs	-0.399310845834686	0.201996131294586	0.74196557967373	1
POLR3D_ssc	0.836612715262505	0.00134590895792256	0.0617772211686455	1
POLR3D_wgs	0.688174754711983	0.00613395211125033	0.166843497426009	1
PPA2.1_ssc	1.13784702698386	0.326041301746834	0.819658421180037	1
PPA2_ssc	1.37319508482833	0.22987808742381	0.750044584209939	1
PPARGC1A_wgs	-0.506142474507299	0.517924779230697	0.911757599787938	1
PPHLN1_wgs	-1.23206707091546	0.0898399651390478	0.578287426017872	1
PPP1R3B_wgs	-0.972781917451896	0.150462973127866	0.683866227083353	1
PPP2R2B_wgs	0.0922620566980888	0.93862807272009	0.994450336299019	1
PRDM5_wgs	1.92706866418198	4.0418046574587e-09	1.64905630024315e-06	1.48415067021883e-05
PRKAR1A.1_wgs	-0.643407256185293	0.19103970012587	0.732538065502298	1
PRKAR1A_wgs	1.48645634922718	0.0678019275050604	0.534267548923996	1
PRSS23_wgs	0.405514220227776	0.103353731444385	0.601852394440639	1
PSAPL1_wgs	-1.02297058620126	0.0759400598720403	0.552694023960231	1
PTGDR2_wgs	0.0562445059508566	0.864432735665434	0.98114395146469	1
PTPLAD1.1_wgs	0.41001477718562	0.487835263343374	0.898360625374558	1
PTPLAD1_wgs	-0.275452050545171	0.551993723767801	0.918315545916195	1
PTPN21_wgs	0.69482504104489	0.0214118345218717	0.331747917149	1
QSOX1_wgs	0.645245405105276	0.489547916867613	0.898548086514677	1
RAB6B_wgs	-0.589935207416301	0.297536616349097	0.803939996492926	1
RABGAP1L_wgs	-0.991625848595235	0.487832328917818	0.898360625374558	1
RAD18_wgs	1.3974314610797	0.00802467753738023	0.193859315245133	1
RAET1G_wgs	-0.316548630279178	0.396806321693054	0.851660455533044	1
RANBP10.1_wgs	-1.2620013831015	0.130578784855319	0.65953961208904	1
RANBP10_wgs	0.700835460263095	0.399277653074336	0.851660455533044	1
RANBP6_wgs	-0.738328019981691	0.380686281495962	0.842235997232932	1
RAP1A_wgs	-1.28775187396083	0.0298337784599952	0.387101181996828	1
RBFOX2_wgs	3.09812720182912	0.000313348433400726	0.0213076934712494	1
RBM28.1_wgs	0.772592885886277	0.247013855046773	0.763028641464394	1
RBM28_wgs	0.384314034973847	0.734136988504211	0.951889294499884	1
RBM4_wgs	0.455498636879127	0.487665949823815	0.898360625374558	1
RFX7_wgs	-0.241384630268716	0.466022758785253	0.888899465131253	1
RIMS3_wgs	1.74773291555847	0.0740047858463532	0.548574184714986	1
RNF130_wgs	-0.0661336578280107	0.907345290482951	0.994261983483556	1
RNF150_wgs	0.193510455068354	0.723735970863126	0.951820428209889	1
RNF219_wgs	0.173788923678826	0.49732801178187	0.903823903313757	1
RNF44_wgs	-0.111456436369669	0.890756643759884	0.99036710178943	1
RUNX1T1_wgs	0.787703129801862	0.366530176976578	0.839612482756079	1
RYR3_wgs	-0.236974260159581	0.848458452765519	0.9788483786814	1
SAMD5_wgs	0.868405293549003	0.190589616766928	0.732538065502298	1
SAR1B_wgs	0.150505231185202	0.489299655349174	0.898548086514677	1
SBF1_wgs	0.115446355428243	0.801587293771193	0.965036179884676	1
SCAI_wgs	-1.80350822620453	0.0735634261028245	0.547920690972762	1
SCARB2.1_wgs	-1.84777225400764	0.0141120202181083	0.269892386671322	1
SCARB2_wgs	1.22266257202631	0.0761230447786997	0.552694023960231	1
SCN1A_wgs	1.16157387764859	0.000359809956307425	0.0240222210829248	1
SCN9A_wgs	-1.78883619739081	0.0802519182661571	0.559594821307933	1
SCUBE1_wgs	0.108441755717312	0.742450642377706	0.955010510252421	1
SERAC1_wgs	1.18255393986488	0.190170082382649	0.732538065502298	1
SF3B3_wgs	0.921000368665906	2.69825220097374e-06	0.000450362821907981	0.00990798208197559
SFXN2_wgs	0.829865466145997	0.16989779450477	0.715377164631145	1
SH2B3_wgs	0.00264142275425231	0.995116368516134	0.998517835991355	1
SH3PXD2A_wgs	1.00997679239174	0.0017798635113414	0.0787428772728386	1
SH3RF3_wgs	0.568166456399089	0.608255427023275	0.928310028274923	1
SHISA6_wgs	-0.782252905952286	0.277625084117581	0.786703019840393	1
SHISA9_wgs	0.0105416768263253	0.986130932353445	0.998517835991355	1
SIRPB1_wgs	-0.040274749474939	0.965153890506775	0.995500056197723	1
SLC26A3_wgs	2.26599143934426	0.000897742769002417	0.0477755282286503	1
SLC2A13_wgs	-0.409461234881516	0.696893885576652	0.945469909197862	1
SLC34A2_wgs	-1.16103907250158	0.208763075263964	0.74196557967373	1
SLC36A2_wgs	0.104908952541456	0.70512090364202	0.945498149302863	1
SLC39A9_ssc	0.171662573143409	0.441420993265924	0.876768606361833	1
SLC4A4_wgs	0.402320755678469	0.656117475916744	0.944172813369795	1
SLC6A1_asc	0.483448490529903	0.53577729552887	0.913208766660489	1
SLCO2A1_wgs	-0.210821802281345	0.778267888573092	0.962128318063079	1
SMAD9_wgs	-1.20397936790537	0.0994742799999533	0.598318433096028	1
SMIM14_wgs	0.199513052800833	0.775813890110585	0.960984229126855	1
SMYD5_wgs	-0.307179900054466	0.427748731395115	0.870220990956183	1
SNX13_wgs	1.83814244429822	1.12512302698604e-05	0.00142463853623888	0.0413145175509274
SNX29.1_wgs	-0.563615306753925	0.210333774063772	0.743354781869269	1
SNX29.2_wgs	-0.0333636238022502	0.952990585372406	0.99454911051999	1
SNX29_wgs	0.447887269128947	0.303675334146829	0.805381573484831	1
SORCS2_wgs	0.234483121998283	0.74119589811475	0.954972399255215	1
SORD_ssc	-0.0224660152786779	0.930320081412157	0.994450336299019	1
SOX21_wgs	-0.663774697101559	0.205020607041998	0.74196557967373	1
SP7_wgs	0.527345795560899	0.595969096357021	0.927306478133066	1
SPATS2_wgs	0.0236262383313415	0.977841831321499	0.998517835991355	1
SPOCK1_wgs	0.89109193027323	0.399624734778298	0.851660455533044	1
SPRED3_wgs	0.473348414031958	0.655131126837035	0.944172813369795	1
SPRR3_wgs	-1.31634282245102	0.0807362015133195	0.559594821307933	1
SPRR4_wgs	1.18351478664401	0.273093218980407	0.784613137845149	1
SRRM4_wgs	0.0751370296575666	0.779469751738798	0.962128318063079	1
STAU2_wgs	-1.81350382464543	0.003646996735272	0.121743381926534	1
STON1_ssc	0.656907596535129	0.325043738870883	0.819658421180037	1
STON1_wgs	0.472489694370104	0.519564526599342	0.911757599787938	1
SURF4_wgs	-0.347241196994261	0.466388085107543	0.888899465131253	1
SYNGR3_wgs	0.827732124148631	0.00964025034851983	0.2147475046204	1
SYNJ1_wgs	1.97538010362222	0.163279550062803	0.705384425262945	1
SYT3_wgs	-0.415485968413602	0.329627430477709	0.819658421180037	1
TACR2_wgs	0.0405067746132416	0.938213104599323	0.994450336299019	1
TDRP_wgs	0.0287249404901297	0.945289574276736	0.994450336299019	1
TEKT1_wgs	0.147683551283085	0.558484620989512	0.920994436291918	1
TFEC_wgs	2.59092092121799	0.00937334014670347	0.2147475046204	1
THRB_wgs	1.17917260965679	0.174683331755564	0.716958229977648	1
TIMP3_wgs	0.670515950533447	0.100208561098599	0.598318433096028	1
TIRAP_ssc	0.88608793672039	0.45121443585023	0.879243767911242	1
TLK1.1_wgs	2.78323940197063	0.00258898635023991	0.0970077334498055	1
TLK1_wgs	-6.12925373400675	1.59700449213673e-06	0.000293210024756303	0.00586420049512607
TLL2_wgs	-0.511818745612136	0.44422368372584	0.876768606361833	1
TMEM106B_wgs	0.728154096595903	0.208990776678524	0.74196557967373	1
TMEM178B_wgs	-0.298636841457387	0.531314400052934	0.913208766660489	1
TMEM196_wgs	0.974422963348811	0.16606620102015	0.70919588817855	1
TMEM55A_wgs	-0.298629098434918	0.542985360914695	0.913855600356234	1
TMEM63B_wgs	-0.434236711757737	0.503689226023797	0.907463055253356	1
TMEM86A_wgs	1.10066913609364	0.234777230773915	0.751614639408731	1
TMEM95_wgs	-1.85521890969904	0.0069506323075494	0.179737477699446	1
TMEM98_wgs	-1.23104356090939	0.252572162119491	0.767157291900576	1
TMTC2_wgs	-0.257922363102721	0.547738655704296	0.916451192211736	1
TNRC6B_wgs	-0.355727200493905	0.540882658259731	0.913855600356234	1
TOLLIP_wgs	-0.644641934329858	0.0171653319342459	0.300766445557401	1
TPGS1_wgs	0.378359470872617	0.327385700503461	0.819658421180037	1
TPGS2_wgs	0.313997346726677	0.63927134115014	0.941942739149472	1
TRAF3_wgs	0.561379462640312	0.116329575439075	0.623659721241548	1
TRAK1_wgs	-0.527727172109953	0.545192726536129	0.915385318628562	1
TRAM2_wgs	0.363926275235134	0.580064139266084	0.927306478133066	1
TRIM2_wgs	-0.272451415862221	0.718331558084739	0.951635014512506	1
TRIM24_wgs	0.115770851710857	0.728522088009695	0.951889294499884	1
TRIM36_wgs	2.57565285309934	4.28077978488923e-10	1.96487792126415e-07	1.57190233701132e-06
TRPM3_wgs	-0.0316023553185027	0.946509571790252	0.994450336299019	1
TSPAN14_wgs	-0.632342806816948	0.117094863209376	0.625147502984884	1
TTC39C_wgs	0.80544145668483	0.379138396480578	0.842235997232932	1
TTL_wgs	0.524379901503115	0.0907553437701393	0.578684216473596	1
U2SURP_wgs	-2.2040412795587	0.00603897733826586	0.165486005866509	1
UBAP2L_wgs	1.82155714056179	0.198576048260789	0.74196557967373	1
UBE2I.1_wgs	-0.430375222362458	0.120431991349087	0.631751817476925	1
UBE2QL1_wgs	-1.84479295935845	0.0208456058552564	0.328519590989276	1
UBE2V2_wgs	0.492978814353975	0.446808996248605	0.877487843305796	1
UQCRB_wgs	0.0290768483457318	0.96172112879019	0.995458477833526	1
USP15.1_wgs	2.87267894524105	3.66834486780429e-17	1.34701623545774e-13	1.34701623545774e-13
USP15_wgs	0.334606762342537	0.227355217103769	0.749415042374362	1
USP40_wgs	-0.5072517043673	0.422870088369074	0.868719830376249	1
USP46_wgs	1.58210968716153	0.00370627074658028	0.122340037772489	1
UTP6_wgs	-0.89189360708886	0.301327532760525	0.805381573484831	1
VAV2_wgs	-0.396898505074993	0.180815451280562	0.720778275725543	1
VKORC1L1_wgs	1.31020667651465	0.176805133430953	0.716958229977648	1
VNN1_wgs	3.12124569156887	0.00708997246681947	0.182058593693434	1
WDFY2_wgs	-0.0700562383668439	0.878069512135245	0.985832735233263	1
WDR52_wgs	-1.41413224716441	0.0901112128916682	0.578287426017872	1
WSCD1_wgs	0.797358008766576	0.162666888666925	0.705209935283291	1
XKR7_wgs	0.570502361066521	0.487688837285481	0.898360625374558	1
XPO4_wgs	-1.89131937912614	0.017734021912732	0.301141713519081	1
YIPF4_wgs	0.63068328786618	0.183084121492167	0.721335723303904	1
YPEL5_wgs	-0.492054265017	0.156116059028883	0.690835003008187	1
ZBTB39_wgs	-0.056544337352277	0.830794086508128	0.973524937136148	1
ZC3H7B_wgs	0.609786640297369	0.202783504369665	0.74196557967373	1
ZKSCAN1_wgs	-1.15895364141678	0.0563015527530033	0.498624262897071	1
ZNF169_wgs	4.40439865905671	4.19315924457313e-08	1.52422096464071e-05	0.000153972807460725
ZNF208_wgs	-0.24189226626529	0.518733999809086	0.911757599787938	1
ZNF234_wgs	0.973806109152778	0.019562293889746	0.316367362819929	1
ZNF280D_wgs	0.32973573910061	0.32943565817689	0.819658421180037	1
ZNF414_wgs	-2.74482382382229	0.0359547181213729	0.412469337016924	1
ZNF544_wgs	-0.170752023337614	0.781331626426525	0.962445398268433	1
ZNF592_wgs	-0.417622569403863	0.003361310672996	0.114284562881864	1
ZNF626_wgs	-0.662660455994433	0.338878294181789	0.824626306319104	1
ZNF629_wgs	-0.364998331882659	0.619247203286513	0.935509778339973	1
ZNF691_wgs	0.788587331127288	0.536186846655778	0.913208766660489	1
ZNF771_wgs	-0.474218711795715	0.553552088317273	0.918501250926808	1
ZNF781_wgs	-2.21012046773001	0.0842155188020644	0.563111873227569	1
BAZ2A_wgs	-1.66029105333639	0.254559572876095	0.770951306982592	1
chr11:103908523;A|G;Family=11172	0.151401908026869	0.897841569894432	0.991250445562078	1
chr11:48132413;C|A;Family=14153	-1.55934551280865	0.03958873732881	0.422586754277297	1
chr12:39950119;T|C;Family=14692	-0.321448449848828	0.766874796284828	0.960854186791555	1
chr15:92901780;T|A;Family=12687	1.06132636741988	0.350295450830853	0.827700558132501	1
chr2:130765137;A|T;Family=11810	0.450804894635149	0.636310861029886	0.941942739149472	1
chr2:3207891;C|G;Family=11252	-1.57884035701451	0.130938685021011	0.660025706616333	1
chr2:40098122;C|T;Family=12360	0.732701780336934	0.555555944022765	0.91927167916113	1
chr20:41402974;T|G;Family=14346	0.758127555550556	0.593884848632391	0.927306478133066	1
chr21:43529357;T|G;Family=12445	0.0910353570517566	0.919136788811739	0.994450336299019	1
chr3:121694586;C|A;Family=14637	-0.86842255382901	0.570217379344203	0.926067322844721	1
chr3:33869532;T|A;Family=12274	1.31603905058585	0.232357210842355	0.750044584209939	1
chr4:68227184;G|A;Family=13592	1.37535454098419	0.176496079514767	0.716958229977648	1
chr5:103549489;T|C;Family=13651	1.76589182146985	0.0477493010315716	0.457489198836458	1
chr5:74779462;ATATC|A;Family=11075	0.64961567759426	0.445488233344229	0.87712214093298	1
chr7:115937292;T|C;Family=13863	-1.09513524958058	0.201247519601029	0.74196557967373	1
L1TD1_wgs	-0.210927854004167	0.873983925188993	0.985832735233263	1
TSSC1_wgs	-0.355068218565105	0.744884072608514	0.955820254951813	1
chr11:4596536;C|T;Family=13054	-0.901768496079703	0.412263047065621	0.86372327423505	1
HNRNPUL1_wgs	-0.764676546560453	0.586108643876245	0.927306478133066	1
MYCBP2_wgs	1.80595228329854	0.182104822073175	0.720778275725543	1
